2026-06-25 11:13:50,994 INFO AVS_ZohoIntegration.Program - AVS SFTPSync Version [1.0.0.0]
2026-06-25 11:13:51,002 INFO AVS_ZohoIntegration.Program - Leyendo archivo de configuracion.
2026-06-25 11:13:51,125 INFO AVS_ZohoIntegration.Program - Archivo de configuracion leido correctamente.
2026-06-25 11:13:51,125 DEBUG AVS_ZohoIntegration.Program - **************************************************************************
2026-06-25 11:13:51,126 DEBUG AVS_ZohoIntegration.Program - Ejecutando sincronizacion para: SBODemoMX
2026-06-25 11:13:58,156 DEBUG AVS_ZohoIntegration.Program - Validando licencia...
2026-06-25 11:13:58,157 INFO AVS_ZohoIntegration.Program - Licencia valida.
2026-06-25 11:13:58,158 INFO AVS_ZohoIntegration.Program - Comando recibido: SENDACCOUNTS
2026-06-25 11:13:58,158 INFO AVS_ZohoIntegration.Program - Iniciando proceso de envío de información de cuentas de mayor...
2026-06-25 11:14:12,704 INFO AVS_ZohoIntegration.Program - *** Obteniendo información de cabecera: Cuentas de Mayor (OACT) ***
2026-06-25 11:14:14,123 INFO AVS_ZohoIntegration.Program - Se han obtenido 274 resultados pendientes de procesar.
2026-06-25 11:14:14,124 INFO AVS_ZohoIntegration.Program - * Procesando resultado: 1 *
2026-06-25 11:14:14,125 INFO AVS_ZohoIntegration.Program - AcctCode: 100000000000000
2026-06-25 11:14:14,125 INFO AVS_ZohoIntegration.Program - AcctName: Activos
2026-06-25 11:14:14,126 INFO AVS_ZohoIntegration.Program - * Procesando resultado: 2 *
2026-06-25 11:14:14,126 INFO AVS_ZohoIntegration.Program - AcctCode: 11000000
2026-06-25 11:14:14,126 INFO AVS_ZohoIntegration.Program - AcctName: Activos Circulantes
2026-06-25 11:14:14,127 INFO AVS_ZohoIntegration.Program - * Procesando resultado: 3 *
2026-06-25 11:14:14,127 INFO AVS_ZohoIntegration.Program - AcctCode: 11100000
2026-06-25 11:14:14,128 INFO AVS_ZohoIntegration.Program - AcctName: Caja y Bancos
2026-06-25 11:14:14,128 INFO AVS_ZohoIntegration.Program - * Procesando resultado: 4 *
2026-06-25 11:14:14,128 INFO AVS_ZohoIntegration.Program - AcctCode: 11101000
2026-06-25 11:14:14,129 INFO AVS_ZohoIntegration.Program - AcctName: Caja
2026-06-25 11:14:14,129 INFO AVS_ZohoIntegration.Program - * Procesando resultado: 5 *
2026-06-25 11:14:14,130 INFO AVS_ZohoIntegration.Program - AcctCode: 11101100
2026-06-25 11:14:14,130 INFO AVS_ZohoIntegration.Program - AcctName: Caja Dolares
2026-06-25 11:14:14,130 INFO AVS_ZohoIntegration.Program - * Procesando resultado: 6 *
2026-06-25 11:14:14,131 INFO AVS_ZohoIntegration.Program - AcctCode: 11101200
2026-06-25 11:14:14,131 INFO AVS_ZohoIntegration.Program - AcctName: Caja Euros
2026-06-25 11:14:14,131 INFO AVS_ZohoIntegration.Program - * Procesando resultado: 7 *
2026-06-25 11:14:14,132 INFO AVS_ZohoIntegration.Program - AcctCode: 11102000
2026-06-25 11:14:14,133 INFO AVS_ZohoIntegration.Program - AcctName: Cuenta de Banco 1 - Cheques
2026-06-25 11:14:14,133 INFO AVS_ZohoIntegration.Program - * Procesando resultado: 8 *
2026-06-25 11:14:14,134 INFO AVS_ZohoIntegration.Program - AcctCode: 11103000
2026-06-25 11:14:14,134 INFO AVS_ZohoIntegration.Program - AcctName: Cuenta de Banco 2 - Nomina
2026-06-25 11:14:14,134 INFO AVS_ZohoIntegration.Program - * Procesando resultado: 9 *
2026-06-25 11:14:14,136 INFO AVS_ZohoIntegration.Program - AcctCode: 11104000
2026-06-25 11:14:14,136 INFO AVS_ZohoIntegration.Program - AcctName: Cuenta de Banco 3 - Ahorros
2026-06-25 11:14:14,136 INFO AVS_ZohoIntegration.Program - * Procesando resultado: 10 *
2026-06-25 11:14:14,136 INFO AVS_ZohoIntegration.Program - AcctCode: 11105000
2026-06-25 11:14:14,137 INFO AVS_ZohoIntegration.Program - AcctName: Cuenta de Banco 4 - Transferencias
2026-06-25 11:14:14,138 INFO AVS_ZohoIntegration.Program - * Procesando resultado: 11 *
2026-06-25 11:14:14,138 INFO AVS_ZohoIntegration.Program - AcctCode: 11106000
2026-06-25 11:14:14,138 INFO AVS_ZohoIntegration.Program - AcctName: Caja de Cheques
2026-06-25 11:14:14,139 INFO AVS_ZohoIntegration.Program - * Procesando resultado: 12 *
2026-06-25 11:14:14,139 INFO AVS_ZohoIntegration.Program - AcctCode: 11107000
2026-06-25 11:14:14,140 INFO AVS_ZohoIntegration.Program - AcctName: Caja de Vouchers de Tarjetas de Crédito
2026-06-25 11:14:14,141 INFO AVS_ZohoIntegration.Program - * Procesando resultado: 13 *
2026-06-25 11:14:14,141 INFO AVS_ZohoIntegration.Program - AcctCode: 11108000
2026-06-25 11:14:14,141 INFO AVS_ZohoIntegration.Program - AcctName: Inversiones a Corto Plazo
2026-06-25 11:14:14,141 INFO AVS_ZohoIntegration.Program - * Procesando resultado: 14 *
2026-06-25 11:14:14,141 INFO AVS_ZohoIntegration.Program - AcctCode: 11109000
2026-06-25 11:14:14,143 INFO AVS_ZohoIntegration.Program - AcctName: Caja de moneda extranjera
2026-06-25 11:14:14,143 INFO AVS_ZohoIntegration.Program - * Procesando resultado: 15 *
2026-06-25 11:14:14,143 INFO AVS_ZohoIntegration.Program - AcctCode: 11200000
2026-06-25 11:14:14,144 INFO AVS_ZohoIntegration.Program - AcctName: Cuentas por Cobrar
2026-06-25 11:14:14,144 INFO AVS_ZohoIntegration.Program - * Procesando resultado: 16 *
2026-06-25 11:14:14,144 INFO AVS_ZohoIntegration.Program - AcctCode: 11210000
2026-06-25 11:14:14,145 INFO AVS_ZohoIntegration.Program - AcctName: Cuentas por Cobrar - Nacionales
2026-06-25 11:14:14,145 INFO AVS_ZohoIntegration.Program - * Procesando resultado: 17 *
2026-06-25 11:14:14,146 INFO AVS_ZohoIntegration.Program - AcctCode: 11220000
2026-06-25 11:14:14,146 INFO AVS_ZohoIntegration.Program - AcctName: Cuentas por Cobrar - Extranjeras
2026-06-25 11:14:14,147 INFO AVS_ZohoIntegration.Program - * Procesando resultado: 18 *
2026-06-25 11:14:14,147 INFO AVS_ZohoIntegration.Program - AcctCode: 11230000
2026-06-25 11:14:14,147 INFO AVS_ZohoIntegration.Program - AcctName: Reserva Cuentas Incobrables
2026-06-25 11:14:14,149 INFO AVS_ZohoIntegration.Program - * Procesando resultado: 19 *
2026-06-25 11:14:14,149 INFO AVS_ZohoIntegration.Program - AcctCode: 11240000
2026-06-25 11:14:14,149 INFO AVS_ZohoIntegration.Program - AcctName: Intereses Cobrados
2026-06-25 11:14:14,150 INFO AVS_ZohoIntegration.Program - * Procesando resultado: 20 *
2026-06-25 11:14:14,150 INFO AVS_ZohoIntegration.Program - AcctCode: 11250000
2026-06-25 11:14:14,151 INFO AVS_ZohoIntegration.Program - AcctName: Cuentas por Cobrar - Otros
2026-06-25 11:14:14,151 INFO AVS_ZohoIntegration.Program - * Procesando resultado: 21 *
2026-06-25 11:14:14,151 INFO AVS_ZohoIntegration.Program - AcctCode: 11260000
2026-06-25 11:14:14,152 INFO AVS_ZohoIntegration.Program - AcctName: Anticipo Gastos de Viaje
2026-06-25 11:14:14,152 INFO AVS_ZohoIntegration.Program - * Procesando resultado: 22 *
2026-06-25 11:14:14,152 INFO AVS_ZohoIntegration.Program - AcctCode: 11300000
2026-06-25 11:14:14,153 INFO AVS_ZohoIntegration.Program - AcctName: Inventario
2026-06-25 11:14:14,153 INFO AVS_ZohoIntegration.Program - * Procesando resultado: 23 *
2026-06-25 11:14:14,153 INFO AVS_ZohoIntegration.Program - AcctCode: 11310000
2026-06-25 11:14:14,153 INFO AVS_ZohoIntegration.Program - AcctName: Inventario - Materia Prima
2026-06-25 11:14:14,154 INFO AVS_ZohoIntegration.Program - * Procesando resultado: 24 *
2026-06-25 11:14:14,154 INFO AVS_ZohoIntegration.Program - AcctCode: 11320000
2026-06-25 11:14:14,154 INFO AVS_ZohoIntegration.Program - AcctName: Inventario - Producción en Proceso
2026-06-25 11:14:14,156 INFO AVS_ZohoIntegration.Program - * Procesando resultado: 25 *
2026-06-25 11:14:14,156 INFO AVS_ZohoIntegration.Program - AcctCode: 11330000
2026-06-25 11:14:14,157 INFO AVS_ZohoIntegration.Program - AcctName: Inventario - Productos Semi Terminados
2026-06-25 11:14:14,157 INFO AVS_ZohoIntegration.Program - * Procesando resultado: 26 *
2026-06-25 11:14:14,157 INFO AVS_ZohoIntegration.Program - AcctCode: 11340000
2026-06-25 11:14:14,158 INFO AVS_ZohoIntegration.Program - AcctName: Inventario - Productos Terminados
2026-06-25 11:14:14,159 INFO AVS_ZohoIntegration.Program - * Procesando resultado: 27 *
2026-06-25 11:14:14,159 INFO AVS_ZohoIntegration.Program - AcctCode: 11350000
2026-06-25 11:14:14,160 INFO AVS_ZohoIntegration.Program - AcctName: Inventario
2026-06-25 11:14:14,160 INFO AVS_ZohoIntegration.Program - * Procesando resultado: 28 *
2026-06-25 11:14:14,161 INFO AVS_ZohoIntegration.Program - AcctCode: 11360000
2026-06-25 11:14:14,161 INFO AVS_ZohoIntegration.Program - AcctName: Actualizacion de Inventario P.T.
2026-06-25 11:14:14,161 INFO AVS_ZohoIntegration.Program - * Procesando resultado: 29 *
2026-06-25 11:14:14,162 INFO AVS_ZohoIntegration.Program - AcctCode: 11370000
2026-06-25 11:14:14,162 INFO AVS_ZohoIntegration.Program - AcctName: Mermas
2026-06-25 11:14:14,162 INFO AVS_ZohoIntegration.Program - * Procesando resultado: 30 *
2026-06-25 11:14:14,162 INFO AVS_ZohoIntegration.Program - AcctCode: 11400000
2026-06-25 11:14:14,164 INFO AVS_ZohoIntegration.Program - AcctName: Otros Activos Corrientes
2026-06-25 11:14:14,164 INFO AVS_ZohoIntegration.Program - * Procesando resultado: 31 *
2026-06-25 11:14:14,165 INFO AVS_ZohoIntegration.Program - AcctCode: 11410000
2026-06-25 11:14:14,165 INFO AVS_ZohoIntegration.Program - AcctName: Anticipos
2026-06-25 11:14:14,165 INFO AVS_ZohoIntegration.Program - * Procesando resultado: 32 *
2026-06-25 11:14:14,166 INFO AVS_ZohoIntegration.Program - AcctCode: 11420000
2026-06-25 11:14:14,166 INFO AVS_ZohoIntegration.Program - AcctName: IVA por Cobrar
2026-06-25 11:14:14,167 INFO AVS_ZohoIntegration.Program - * Procesando resultado: 33 *
2026-06-25 11:14:14,167 INFO AVS_ZohoIntegration.Program - AcctCode: 11430000
2026-06-25 11:14:14,167 INFO AVS_ZohoIntegration.Program - AcctName: IVA Diferido por Cobrar
2026-06-25 11:14:14,168 INFO AVS_ZohoIntegration.Program - * Procesando resultado: 34 *
2026-06-25 11:14:14,168 INFO AVS_ZohoIntegration.Program - AcctCode: 11440000
2026-06-25 11:14:14,169 INFO AVS_ZohoIntegration.Program - AcctName: Prestamos - A Corto Plazo
2026-06-25 11:14:14,170 INFO AVS_ZohoIntegration.Program - * Procesando resultado: 35 *
2026-06-25 11:14:14,170 INFO AVS_ZohoIntegration.Program - AcctCode: 11450000
2026-06-25 11:14:14,171 INFO AVS_ZohoIntegration.Program - AcctName: Gastos por Pagar - A Corto Plazo
2026-06-25 11:14:14,171 INFO AVS_ZohoIntegration.Program - * Procesando resultado: 36 *
2026-06-25 11:14:14,171 INFO AVS_ZohoIntegration.Program - AcctCode: 11460000
2026-06-25 11:14:14,172 INFO AVS_ZohoIntegration.Program - AcctName: IVA no Deducible
2026-06-25 11:14:14,172 INFO AVS_ZohoIntegration.Program - * Procesando resultado: 37 *
2026-06-25 11:14:14,173 INFO AVS_ZohoIntegration.Program - AcctCode: 11470000
2026-06-25 11:14:14,173 INFO AVS_ZohoIntegration.Program - AcctName: IEPS
2026-06-25 11:14:14,173 INFO AVS_ZohoIntegration.Program - * Procesando resultado: 38 *
2026-06-25 11:14:14,174 INFO AVS_ZohoIntegration.Program - AcctCode: 11480000
2026-06-25 11:14:14,175 INFO AVS_ZohoIntegration.Program - AcctName: IEPS Diferido
2026-06-25 11:14:14,175 INFO AVS_ZohoIntegration.Program - * Procesando resultado: 39 *
2026-06-25 11:14:14,176 INFO AVS_ZohoIntegration.Program - AcctCode: 16000000
2026-06-25 11:14:14,176 INFO AVS_ZohoIntegration.Program - AcctName: Activos Fijos
2026-06-25 11:14:14,177 INFO AVS_ZohoIntegration.Program - * Procesando resultado: 40 *
2026-06-25 11:14:14,177 INFO AVS_ZohoIntegration.Program - AcctCode: 16100000
2026-06-25 11:14:14,178 INFO AVS_ZohoIntegration.Program - AcctName: Activos Fijos
2026-06-25 11:14:14,178 INFO AVS_ZohoIntegration.Program - * Procesando resultado: 41 *
2026-06-25 11:14:14,178 INFO AVS_ZohoIntegration.Program - AcctCode: 16110000
2026-06-25 11:14:14,179 INFO AVS_ZohoIntegration.Program - AcctName: Terrenos
2026-06-25 11:14:14,180 INFO AVS_ZohoIntegration.Program - * Procesando resultado: 42 *
2026-06-25 11:14:14,180 INFO AVS_ZohoIntegration.Program - AcctCode: 16120000
2026-06-25 11:14:14,180 INFO AVS_ZohoIntegration.Program - AcctName: Edificios
2026-06-25 11:14:14,181 INFO AVS_ZohoIntegration.Program - * Procesando resultado: 43 *
2026-06-25 11:14:14,181 INFO AVS_ZohoIntegration.Program - AcctCode: 16130000
2026-06-25 11:14:14,182 INFO AVS_ZohoIntegration.Program - AcctName: Maquinaria y Equipo
2026-06-25 11:14:14,182 INFO AVS_ZohoIntegration.Program - * Procesando resultado: 44 *
2026-06-25 11:14:14,183 INFO AVS_ZohoIntegration.Program - AcctCode: 16140000
2026-06-25 11:14:14,183 INFO AVS_ZohoIntegration.Program - AcctName: Mejoras por Leasing
2026-06-25 11:14:14,184 INFO AVS_ZohoIntegration.Program - * Procesando resultado: 45 *
2026-06-25 11:14:14,184 INFO AVS_ZohoIntegration.Program - AcctCode: 16150000
2026-06-25 11:14:14,185 INFO AVS_ZohoIntegration.Program - AcctName: Equipo de Transporte
2026-06-25 11:14:14,185 INFO AVS_ZohoIntegration.Program - * Procesando resultado: 46 *
2026-06-25 11:14:14,185 INFO AVS_ZohoIntegration.Program - AcctCode: 16160000
2026-06-25 11:14:14,186 INFO AVS_ZohoIntegration.Program - AcctName: Equipo de Oficina
2026-06-25 11:14:14,186 INFO AVS_ZohoIntegration.Program - * Procesando resultado: 47 *
2026-06-25 11:14:14,187 INFO AVS_ZohoIntegration.Program - AcctCode: 16170000
2026-06-25 11:14:14,188 INFO AVS_ZohoIntegration.Program - AcctName: Mobiliario
2026-06-25 11:14:14,188 INFO AVS_ZohoIntegration.Program - * Procesando resultado: 48 *
2026-06-25 11:14:14,189 INFO AVS_ZohoIntegration.Program - AcctCode: 16180000
2026-06-25 11:14:14,189 INFO AVS_ZohoIntegration.Program - AcctName: Equipo de Computo
2026-06-25 11:14:14,190 INFO AVS_ZohoIntegration.Program - * Procesando resultado: 49 *
2026-06-25 11:14:14,190 INFO AVS_ZohoIntegration.Program - AcctCode: 16185000
2026-06-25 11:14:14,191 INFO AVS_ZohoIntegration.Program - AcctName: Programas de Computo
2026-06-25 11:14:14,191 INFO AVS_ZohoIntegration.Program - * Procesando resultado: 50 *
2026-06-25 11:14:14,192 INFO AVS_ZohoIntegration.Program - AcctCode: 16190000
2026-06-25 11:14:14,192 INFO AVS_ZohoIntegration.Program - AcctName: Activos en Construcción
2026-06-25 11:14:14,193 INFO AVS_ZohoIntegration.Program - * Procesando resultado: 51 *
2026-06-25 11:14:14,194 INFO AVS_ZohoIntegration.Program - AcctCode: 16500000
2026-06-25 11:14:14,194 INFO AVS_ZohoIntegration.Program - AcctName: Depreciación Acumulada
2026-06-25 11:14:14,195 INFO AVS_ZohoIntegration.Program - * Procesando resultado: 52 *
2026-06-25 11:14:14,195 INFO AVS_ZohoIntegration.Program - AcctCode: 16510000
2026-06-25 11:14:14,196 INFO AVS_ZohoIntegration.Program - AcctName: Depreciación Acumulada - Mejoras a propiedades
2026-06-25 11:14:14,196 INFO AVS_ZohoIntegration.Program - * Procesando resultado: 53 *
2026-06-25 11:14:14,197 INFO AVS_ZohoIntegration.Program - AcctCode: 16520000
2026-06-25 11:14:14,198 INFO AVS_ZohoIntegration.Program - AcctName: Dep. Acum. - Edificios
2026-06-25 11:14:14,198 INFO AVS_ZohoIntegration.Program - * Procesando resultado: 54 *
2026-06-25 11:14:14,199 INFO AVS_ZohoIntegration.Program - AcctCode: 16530000
2026-06-25 11:14:14,199 INFO AVS_ZohoIntegration.Program - AcctName: Dep. Acum. - Maquinaria y Equipo
2026-06-25 11:14:14,200 INFO AVS_ZohoIntegration.Program - * Procesando resultado: 55 *
2026-06-25 11:14:14,200 INFO AVS_ZohoIntegration.Program - AcctCode: 16540000
2026-06-25 11:14:14,201 INFO AVS_ZohoIntegration.Program - AcctName: Dep. Acum. - Mejoras por Leasing
2026-06-25 11:14:14,201 INFO AVS_ZohoIntegration.Program - * Procesando resultado: 56 *
2026-06-25 11:14:14,202 INFO AVS_ZohoIntegration.Program - AcctCode: 16550000
2026-06-25 11:14:14,202 INFO AVS_ZohoIntegration.Program - AcctName: Dep. Acum. - Equipo de Transporte
2026-06-25 11:14:14,202 INFO AVS_ZohoIntegration.Program - * Procesando resultado: 57 *
2026-06-25 11:14:14,203 INFO AVS_ZohoIntegration.Program - AcctCode: 16560000
2026-06-25 11:14:14,203 INFO AVS_ZohoIntegration.Program - AcctName: Dep. Acum. - Equipo de Oficina
2026-06-25 11:14:14,204 INFO AVS_ZohoIntegration.Program - * Procesando resultado: 58 *
2026-06-25 11:14:14,204 INFO AVS_ZohoIntegration.Program - AcctCode: 16570000
2026-06-25 11:14:14,205 INFO AVS_ZohoIntegration.Program - AcctName: Dep. Acum. - Mobiliario
2026-06-25 11:14:14,205 INFO AVS_ZohoIntegration.Program - * Procesando resultado: 59 *
2026-06-25 11:14:14,206 INFO AVS_ZohoIntegration.Program - AcctCode: 16580000
2026-06-25 11:14:14,206 INFO AVS_ZohoIntegration.Program - AcctName: Dep. Acum. - Equipo de Computo
2026-06-25 11:14:14,207 INFO AVS_ZohoIntegration.Program - * Procesando resultado: 60 *
2026-06-25 11:14:14,207 INFO AVS_ZohoIntegration.Program - AcctCode: 16585000
2026-06-25 11:14:14,208 INFO AVS_ZohoIntegration.Program - AcctName: Amortización Acum. - Programas de Computo
2026-06-25 11:14:14,208 INFO AVS_ZohoIntegration.Program - * Procesando resultado: 61 *
2026-06-25 11:14:14,208 INFO AVS_ZohoIntegration.Program - AcctCode: 18000000
2026-06-25 11:14:14,209 INFO AVS_ZohoIntegration.Program - AcctName: Inversiones
2026-06-25 11:14:14,209 INFO AVS_ZohoIntegration.Program - * Procesando resultado: 62 *
2026-06-25 11:14:14,210 INFO AVS_ZohoIntegration.Program - AcctCode: 18100000
2026-06-25 11:14:14,210 INFO AVS_ZohoIntegration.Program - AcctName: Inversiones
2026-06-25 11:14:14,211 INFO AVS_ZohoIntegration.Program - * Procesando resultado: 63 *
2026-06-25 11:14:14,212 INFO AVS_ZohoIntegration.Program - AcctCode: 18101000
2026-06-25 11:14:14,212 INFO AVS_ZohoIntegration.Program - AcctName: Otras Inversiones Comerciales
2026-06-25 11:14:14,213 INFO AVS_ZohoIntegration.Program - * Procesando resultado: 64 *
2026-06-25 11:14:14,213 INFO AVS_ZohoIntegration.Program - AcctCode: 18102000
2026-06-25 11:14:14,214 INFO AVS_ZohoIntegration.Program - AcctName: Inversiones en empresas relacionadas
2026-06-25 11:14:14,214 INFO AVS_ZohoIntegration.Program - * Procesando resultado: 65 *
2026-06-25 11:14:14,215 INFO AVS_ZohoIntegration.Program - AcctCode: 18103000
2026-06-25 11:14:14,216 INFO AVS_ZohoIntegration.Program - AcctName: Inversiones en otras sociedades
2026-06-25 11:14:14,216 INFO AVS_ZohoIntegration.Program - * Procesando resultado: 66 *
2026-06-25 11:14:14,217 INFO AVS_ZohoIntegration.Program - AcctCode: 18104000
2026-06-25 11:14:14,217 INFO AVS_ZohoIntegration.Program - AcctName: Menor valor de inversiones
2026-06-25 11:14:14,218 INFO AVS_ZohoIntegration.Program - * Procesando resultado: 67 *
2026-06-25 11:14:14,218 INFO AVS_ZohoIntegration.Program - AcctCode: 18105000
2026-06-25 11:14:14,219 INFO AVS_ZohoIntegration.Program - AcctName: Mayor valor de inversiones
2026-06-25 11:14:14,219 INFO AVS_ZohoIntegration.Program - * Procesando resultado: 68 *
2026-06-25 11:14:14,220 INFO AVS_ZohoIntegration.Program - AcctCode: 19000000
2026-06-25 11:14:14,220 INFO AVS_ZohoIntegration.Program - AcctName: Activo Diferido
2026-06-25 11:14:14,220 INFO AVS_ZohoIntegration.Program - * Procesando resultado: 69 *
2026-06-25 11:14:14,221 INFO AVS_ZohoIntegration.Program - AcctCode: 19100000
2026-06-25 11:14:14,221 INFO AVS_ZohoIntegration.Program - AcctName: Activo Diferido
2026-06-25 11:14:14,222 INFO AVS_ZohoIntegration.Program - * Procesando resultado: 70 *
2026-06-25 11:14:14,222 INFO AVS_ZohoIntegration.Program - AcctCode: 19101000
2026-06-25 11:14:14,223 INFO AVS_ZohoIntegration.Program - AcctName: Gastos de Instalación
2026-06-25 11:14:14,223 INFO AVS_ZohoIntegration.Program - * Procesando resultado: 71 *
2026-06-25 11:14:14,224 INFO AVS_ZohoIntegration.Program - AcctCode: 19102000
2026-06-25 11:14:14,224 INFO AVS_ZohoIntegration.Program - AcctName: Amortización de Gastos de Instalación
2026-06-25 11:14:14,225 INFO AVS_ZohoIntegration.Program - * Procesando resultado: 72 *
2026-06-25 11:14:14,225 INFO AVS_ZohoIntegration.Program - AcctCode: 19103000
2026-06-25 11:14:14,226 INFO AVS_ZohoIntegration.Program - AcctName: Programas de Computo
2026-06-25 11:14:14,226 INFO AVS_ZohoIntegration.Program - * Procesando resultado: 73 *
2026-06-25 11:14:14,227 INFO AVS_ZohoIntegration.Program - AcctCode: 19104000
2026-06-25 11:14:14,227 INFO AVS_ZohoIntegration.Program - AcctName: Amortización de Programas de Computo
2026-06-25 11:14:14,228 INFO AVS_ZohoIntegration.Program - * Procesando resultado: 74 *
2026-06-25 11:14:14,228 INFO AVS_ZohoIntegration.Program - AcctCode: 19105000
2026-06-25 11:14:14,229 INFO AVS_ZohoIntegration.Program - AcctName: Patentes y Marcas
2026-06-25 11:14:14,229 INFO AVS_ZohoIntegration.Program - * Procesando resultado: 75 *
2026-06-25 11:14:14,230 INFO AVS_ZohoIntegration.Program - AcctCode: 19106000
2026-06-25 11:14:14,230 INFO AVS_ZohoIntegration.Program - AcctName: Amortización de Patentes y Marcas
2026-06-25 11:14:14,232 INFO AVS_ZohoIntegration.Program - * Procesando resultado: 76 *
2026-06-25 11:14:14,232 INFO AVS_ZohoIntegration.Program - AcctCode: 19107000
2026-06-25 11:14:14,233 INFO AVS_ZohoIntegration.Program - AcctName: Impuestos Diferidos a largo plazo
2026-06-25 11:14:14,233 INFO AVS_ZohoIntegration.Program - * Procesando resultado: 77 *
2026-06-25 11:14:14,234 INFO AVS_ZohoIntegration.Program - AcctCode: 200000000000000
2026-06-25 11:14:14,234 INFO AVS_ZohoIntegration.Program - AcctName: Pasivos
2026-06-25 11:14:14,235 INFO AVS_ZohoIntegration.Program - * Procesando resultado: 78 *
2026-06-25 11:14:14,235 INFO AVS_ZohoIntegration.Program - AcctCode: 21000000
2026-06-25 11:14:14,236 INFO AVS_ZohoIntegration.Program - AcctName: Pasivo Circulante
2026-06-25 11:14:14,236 INFO AVS_ZohoIntegration.Program - * Procesando resultado: 79 *
2026-06-25 11:14:14,237 INFO AVS_ZohoIntegration.Program - AcctCode: 21100000
2026-06-25 11:14:14,237 INFO AVS_ZohoIntegration.Program - AcctName: Cuentas por Pagar
2026-06-25 11:14:14,238 INFO AVS_ZohoIntegration.Program - * Procesando resultado: 80 *
2026-06-25 11:14:14,238 INFO AVS_ZohoIntegration.Program - AcctCode: 21101000
2026-06-25 11:14:14,238 INFO AVS_ZohoIntegration.Program - AcctName: Cuentas por Pagar - Proveedores Nacionales
2026-06-25 11:14:14,240 INFO AVS_ZohoIntegration.Program - * Procesando resultado: 81 *
2026-06-25 11:14:14,240 INFO AVS_ZohoIntegration.Program - AcctCode: 21102000
2026-06-25 11:14:14,241 INFO AVS_ZohoIntegration.Program - AcctName: Cuentas por Pagar - Proveedores Extranjeros
2026-06-25 11:14:14,241 INFO AVS_ZohoIntegration.Program - * Procesando resultado: 82 *
2026-06-25 11:14:14,242 INFO AVS_ZohoIntegration.Program - AcctCode: 21103000
2026-06-25 11:14:14,243 INFO AVS_ZohoIntegration.Program - AcctName: Compensación de Compras
2026-06-25 11:14:14,243 INFO AVS_ZohoIntegration.Program - * Procesando resultado: 83 *
2026-06-25 11:14:14,244 INFO AVS_ZohoIntegration.Program - AcctCode: 21104000
2026-06-25 11:14:14,244 INFO AVS_ZohoIntegration.Program - AcctName: Documentos por pagar
2026-06-25 11:14:14,245 INFO AVS_ZohoIntegration.Program - * Procesando resultado: 84 *
2026-06-25 11:14:14,245 INFO AVS_ZohoIntegration.Program - AcctCode: 21105000
2026-06-25 11:14:14,246 INFO AVS_ZohoIntegration.Program - AcctName: Acreedores varios
2026-06-25 11:14:14,246 INFO AVS_ZohoIntegration.Program - * Procesando resultado: 85 *
2026-06-25 11:14:14,247 INFO AVS_ZohoIntegration.Program - AcctCode: 21105100
2026-06-25 11:14:14,247 INFO AVS_ZohoIntegration.Program - AcctName: Documentos y cuentas por pagar empresas relacionadas
2026-06-25 11:14:14,248 INFO AVS_ZohoIntegration.Program - * Procesando resultado: 86 *
2026-06-25 11:14:14,248 INFO AVS_ZohoIntegration.Program - AcctCode: 21106000
2026-06-25 11:14:14,249 INFO AVS_ZohoIntegration.Program - AcctName: Obligaciones con bancos e instituciones financieras a corto plazo
2026-06-25 11:14:14,250 INFO AVS_ZohoIntegration.Program - * Procesando resultado: 87 *
2026-06-25 11:14:14,250 INFO AVS_ZohoIntegration.Program - AcctCode: 21107000
2026-06-25 11:14:14,250 INFO AVS_ZohoIntegration.Program - AcctName: Obligaciones con bancos e instituciones financieras largo plazo - porción corto plazo
2026-06-25 11:14:14,251 INFO AVS_ZohoIntegration.Program - * Procesando resultado: 88 *
2026-06-25 11:14:14,251 INFO AVS_ZohoIntegration.Program - AcctCode: 21108000
2026-06-25 11:14:14,252 INFO AVS_ZohoIntegration.Program - AcctName: Obligaciones con el público (pagarés)
2026-06-25 11:14:14,252 INFO AVS_ZohoIntegration.Program - * Procesando resultado: 89 *
2026-06-25 11:14:14,253 INFO AVS_ZohoIntegration.Program - AcctCode: 21109000
2026-06-25 11:14:14,253 INFO AVS_ZohoIntegration.Program - AcctName: Obligaciones con el público - porción corto plazo (bonos)
2026-06-25 11:14:14,254 INFO AVS_ZohoIntegration.Program - * Procesando resultado: 90 *
2026-06-25 11:14:14,254 INFO AVS_ZohoIntegration.Program - AcctCode: 21111000
2026-06-25 11:14:14,255 INFO AVS_ZohoIntegration.Program - AcctName: Obligaciones largo plazo con vencimiento dentro de un año
2026-06-25 11:14:14,255 INFO AVS_ZohoIntegration.Program - * Procesando resultado: 91 *
2026-06-25 11:14:14,256 INFO AVS_ZohoIntegration.Program - AcctCode: 21112000
2026-06-25 11:14:14,257 INFO AVS_ZohoIntegration.Program - AcctName: Dividendos por pagar
2026-06-25 11:14:14,257 INFO AVS_ZohoIntegration.Program - * Procesando resultado: 92 *
2026-06-25 11:14:14,258 INFO AVS_ZohoIntegration.Program - AcctCode: 21113000
2026-06-25 11:14:14,258 INFO AVS_ZohoIntegration.Program - AcctName: Anticipos pagados para stocks
2026-06-25 11:14:14,259 INFO AVS_ZohoIntegration.Program - * Procesando resultado: 93 *
2026-06-25 11:14:14,260 INFO AVS_ZohoIntegration.Program - AcctCode: 21114000
2026-06-25 11:14:14,260 INFO AVS_ZohoIntegration.Program - AcctName: Mercaderias Recibidas sin Facturar
2026-06-25 11:14:14,261 INFO AVS_ZohoIntegration.Program - * Procesando resultado: 94 *
2026-06-25 11:14:14,262 INFO AVS_ZohoIntegration.Program - AcctCode: 21115000
2026-06-25 11:14:14,262 INFO AVS_ZohoIntegration.Program - AcctName: Cargo por manejo de tarjeta de crédito
2026-06-25 11:14:14,263 INFO AVS_ZohoIntegration.Program - * Procesando resultado: 95 *
2026-06-25 11:14:14,263 INFO AVS_ZohoIntegration.Program - AcctCode: 21200000
2026-06-25 11:14:14,264 INFO AVS_ZohoIntegration.Program - AcctName: Pasivos de Nomina
2026-06-25 11:14:14,264 INFO AVS_ZohoIntegration.Program - * Procesando resultado: 96 *
2026-06-25 11:14:14,265 INFO AVS_ZohoIntegration.Program - AcctCode: 21210000
2026-06-25 11:14:14,265 INFO AVS_ZohoIntegration.Program - AcctName: Sueldos por Pagar
2026-06-25 11:14:14,266 INFO AVS_ZohoIntegration.Program - * Procesando resultado: 97 *
2026-06-25 11:14:14,266 INFO AVS_ZohoIntegration.Program - AcctCode: 21211000
2026-06-25 11:14:14,267 INFO AVS_ZohoIntegration.Program - AcctName: Impuestos sobre Nomina Federales
2026-06-25 11:14:14,268 INFO AVS_ZohoIntegration.Program - * Procesando resultado: 98 *
2026-06-25 11:14:14,268 INFO AVS_ZohoIntegration.Program - AcctCode: 21212000
2026-06-25 11:14:14,269 INFO AVS_ZohoIntegration.Program - AcctName: Impuestos sobre Nomina Estatales
2026-06-25 11:14:14,269 INFO AVS_ZohoIntegration.Program - * Procesando resultado: 99 *
2026-06-25 11:14:14,270 INFO AVS_ZohoIntegration.Program - AcctCode: 21213000
2026-06-25 11:14:14,270 INFO AVS_ZohoIntegration.Program - AcctName: Gastos de Nomina - Seguro Social
2026-06-25 11:14:14,270 INFO AVS_ZohoIntegration.Program - * Procesando resultado: 100 *
2026-06-25 11:14:14,271 INFO AVS_ZohoIntegration.Program - AcctCode: 21214000
2026-06-25 11:14:14,271 INFO AVS_ZohoIntegration.Program - AcctName: Gastos de Nomina - Gastos Médicos
2026-06-25 11:14:14,272 INFO AVS_ZohoIntegration.Program - * Procesando resultado: 101 *
2026-06-25 11:14:14,272 INFO AVS_ZohoIntegration.Program - AcctCode: 21215000
2026-06-25 11:14:14,273 INFO AVS_ZohoIntegration.Program - AcctName: Gastos de Nomina - Vales de Despensa
2026-06-25 11:14:14,273 INFO AVS_ZohoIntegration.Program - * Procesando resultado: 102 *
2026-06-25 11:14:14,275 INFO AVS_ZohoIntegration.Program - AcctCode: 21216000
2026-06-25 11:14:14,275 INFO AVS_ZohoIntegration.Program - AcctName: Gastos de Nomina - Apoyo de transporte
2026-06-25 11:14:14,275 INFO AVS_ZohoIntegration.Program - * Procesando resultado: 103 *
2026-06-25 11:14:14,276 INFO AVS_ZohoIntegration.Program - AcctCode: 21217000
2026-06-25 11:14:14,276 INFO AVS_ZohoIntegration.Program - AcctName: Gastos de Nomina - Otros
2026-06-25 11:14:14,277 INFO AVS_ZohoIntegration.Program - * Procesando resultado: 104 *
2026-06-25 11:14:14,277 INFO AVS_ZohoIntegration.Program - AcctCode: 21218000
2026-06-25 11:14:14,278 INFO AVS_ZohoIntegration.Program - AcctName: Anticipos a Empleados
2026-06-25 11:14:14,278 INFO AVS_ZohoIntegration.Program - * Procesando resultado: 105 *
2026-06-25 11:14:14,279 INFO AVS_ZohoIntegration.Program - AcctCode: 21218500
2026-06-25 11:14:14,279 INFO AVS_ZohoIntegration.Program - AcctName: Embargos por pagar
2026-06-25 11:14:14,280 INFO AVS_ZohoIntegration.Program - * Procesando resultado: 106 *
2026-06-25 11:14:14,280 INFO AVS_ZohoIntegration.Program - AcctCode: 21219000
2026-06-25 11:14:14,281 INFO AVS_ZohoIntegration.Program - AcctName: Gastos de Nomina - Vacaciones
2026-06-25 11:14:14,281 INFO AVS_ZohoIntegration.Program - * Procesando resultado: 107 *
2026-06-25 11:14:14,282 INFO AVS_ZohoIntegration.Program - AcctCode: 21300000
2026-06-25 11:14:14,282 INFO AVS_ZohoIntegration.Program - AcctName: Pasivos de Impuesto de Ventas
2026-06-25 11:14:14,283 INFO AVS_ZohoIntegration.Program - * Procesando resultado: 108 *
2026-06-25 11:14:14,283 INFO AVS_ZohoIntegration.Program - AcctCode: 21310000
2026-06-25 11:14:14,284 INFO AVS_ZohoIntegration.Program - AcctName: IVA por Pagar
2026-06-25 11:14:14,284 INFO AVS_ZohoIntegration.Program - * Procesando resultado: 109 *
2026-06-25 11:14:14,285 INFO AVS_ZohoIntegration.Program - AcctCode: 21320000
2026-06-25 11:14:14,285 INFO AVS_ZohoIntegration.Program - AcctName: Impuesto a la Renta
2026-06-25 11:14:14,286 INFO AVS_ZohoIntegration.Program - * Procesando resultado: 110 *
2026-06-25 11:14:14,286 INFO AVS_ZohoIntegration.Program - AcctCode: 21330000
2026-06-25 11:14:14,287 INFO AVS_ZohoIntegration.Program - AcctName: Provisiones
2026-06-25 11:14:14,287 INFO AVS_ZohoIntegration.Program - * Procesando resultado: 111 *
2026-06-25 11:14:14,287 INFO AVS_ZohoIntegration.Program - AcctCode: 21340000
2026-06-25 11:14:14,289 INFO AVS_ZohoIntegration.Program - AcctName: Retenciones de ISR
2026-06-25 11:14:14,289 INFO AVS_ZohoIntegration.Program - * Procesando resultado: 112 *
2026-06-25 11:14:14,290 INFO AVS_ZohoIntegration.Program - AcctCode: 21350000
2026-06-25 11:14:14,290 INFO AVS_ZohoIntegration.Program - AcctName: Retenciones de IVA
2026-06-25 11:14:14,291 INFO AVS_ZohoIntegration.Program - * Procesando resultado: 113 *
2026-06-25 11:14:14,291 INFO AVS_ZohoIntegration.Program - AcctCode: 21360000
2026-06-25 11:14:14,292 INFO AVS_ZohoIntegration.Program - AcctName: IEPS por Pagar
2026-06-25 11:14:14,292 INFO AVS_ZohoIntegration.Program - * Procesando resultado: 114 *
2026-06-25 11:14:14,293 INFO AVS_ZohoIntegration.Program - AcctCode: 21400000
2026-06-25 11:14:14,294 INFO AVS_ZohoIntegration.Program - AcctName: Otros Pasivos a Corto Plazo
2026-06-25 11:14:14,295 INFO AVS_ZohoIntegration.Program - * Procesando resultado: 115 *
2026-06-25 11:14:14,295 INFO AVS_ZohoIntegration.Program - AcctCode: 21410000
2026-06-25 11:14:14,296 INFO AVS_ZohoIntegration.Program - AcctName: IVA por Pagar Diferido
2026-06-25 11:14:14,296 INFO AVS_ZohoIntegration.Program - * Procesando resultado: 116 *
2026-06-25 11:14:14,297 INFO AVS_ZohoIntegration.Program - AcctCode: 21420000
2026-06-25 11:14:14,297 INFO AVS_ZohoIntegration.Program - AcctName: Cuenta Puente de Compras
2026-06-25 11:14:14,298 INFO AVS_ZohoIntegration.Program - * Procesando resultado: 117 *
2026-06-25 11:14:14,298 INFO AVS_ZohoIntegration.Program - AcctCode: 21430000
2026-06-25 11:14:14,299 INFO AVS_ZohoIntegration.Program - AcctName: Ingresos Diferido - Corto Plazo
2026-06-25 11:14:14,299 INFO AVS_ZohoIntegration.Program - * Procesando resultado: 118 *
2026-06-25 11:14:14,300 INFO AVS_ZohoIntegration.Program - AcctCode: 21440000
2026-06-25 11:14:14,300 INFO AVS_ZohoIntegration.Program - AcctName: Notas por Pagar - Corto Plazo
2026-06-25 11:14:14,301 INFO AVS_ZohoIntegration.Program - * Procesando resultado: 119 *
2026-06-25 11:14:14,301 INFO AVS_ZohoIntegration.Program - AcctCode: 21450000
2026-06-25 11:14:14,302 INFO AVS_ZohoIntegration.Program - AcctName: Gastos por Pagar
2026-06-25 11:14:14,302 INFO AVS_ZohoIntegration.Program - * Procesando resultado: 120 *
2026-06-25 11:14:14,303 INFO AVS_ZohoIntegration.Program - AcctCode: 21460000
2026-06-25 11:14:14,303 INFO AVS_ZohoIntegration.Program - AcctName: Otros Gastos
2026-06-25 11:14:14,304 INFO AVS_ZohoIntegration.Program - * Procesando resultado: 121 *
2026-06-25 11:14:14,304 INFO AVS_ZohoIntegration.Program - AcctCode: 21470000
2026-06-25 11:14:14,305 INFO AVS_ZohoIntegration.Program - AcctName: Ingresos percibidos por adelantado
2026-06-25 11:14:14,305 INFO AVS_ZohoIntegration.Program - * Procesando resultado: 122 *
2026-06-25 11:14:14,306 INFO AVS_ZohoIntegration.Program - AcctCode: 21480000
2026-06-25 11:14:14,306 INFO AVS_ZohoIntegration.Program - AcctName: IEPS Diferido por Pagar
2026-06-25 11:14:14,307 INFO AVS_ZohoIntegration.Program - * Procesando resultado: 123 *
2026-06-25 11:14:14,307 INFO AVS_ZohoIntegration.Program - AcctCode: 21490000
2026-06-25 11:14:14,308 INFO AVS_ZohoIntegration.Program - AcctName: IVA No Deducible
2026-06-25 11:14:14,308 INFO AVS_ZohoIntegration.Program - * Procesando resultado: 124 *
2026-06-25 11:14:14,309 INFO AVS_ZohoIntegration.Program - AcctCode: 25000000
2026-06-25 11:14:14,309 INFO AVS_ZohoIntegration.Program - AcctName: Pasivos a Largo Plazo
2026-06-25 11:14:14,310 INFO AVS_ZohoIntegration.Program - * Procesando resultado: 125 *
2026-06-25 11:14:14,310 INFO AVS_ZohoIntegration.Program - AcctCode: 25100000
2026-06-25 11:14:14,311 INFO AVS_ZohoIntegration.Program - AcctName: Otros Pasivos a Largo Plazo
2026-06-25 11:14:14,311 INFO AVS_ZohoIntegration.Program - * Procesando resultado: 126 *
2026-06-25 11:14:14,312 INFO AVS_ZohoIntegration.Program - AcctCode: 25110000
2026-06-25 11:14:14,313 INFO AVS_ZohoIntegration.Program - AcctName: Ingresos Deferidos - Largo Plazo
2026-06-25 11:14:14,313 INFO AVS_ZohoIntegration.Program - * Procesando resultado: 127 *
2026-06-25 11:14:14,314 INFO AVS_ZohoIntegration.Program - AcctCode: 25120000
2026-06-25 11:14:14,314 INFO AVS_ZohoIntegration.Program - AcctName: Notas por Pagar - Largo Plazo
2026-06-25 11:14:14,315 INFO AVS_ZohoIntegration.Program - * Procesando resultado: 128 *
2026-06-25 11:14:14,316 INFO AVS_ZohoIntegration.Program - AcctCode: 25130000
2026-06-25 11:14:14,316 INFO AVS_ZohoIntegration.Program - AcctName: Otros Gastos - Largo Plazo
2026-06-25 11:14:14,317 INFO AVS_ZohoIntegration.Program - * Procesando resultado: 129 *
2026-06-25 11:14:14,317 INFO AVS_ZohoIntegration.Program - AcctCode: 25140000
2026-06-25 11:14:14,318 INFO AVS_ZohoIntegration.Program - AcctName: Obligaciones con bancos e instituciones financieras
2026-06-25 11:14:14,319 INFO AVS_ZohoIntegration.Program - * Procesando resultado: 130 *
2026-06-25 11:14:14,319 INFO AVS_ZohoIntegration.Program - AcctCode: 25150000
2026-06-25 11:14:14,320 INFO AVS_ZohoIntegration.Program - AcctName: Obligaciones con el público largo plazo (bonos)
2026-06-25 11:14:14,320 INFO AVS_ZohoIntegration.Program - * Procesando resultado: 131 *
2026-06-25 11:14:14,321 INFO AVS_ZohoIntegration.Program - AcctCode: 25160000
2026-06-25 11:14:14,321 INFO AVS_ZohoIntegration.Program - AcctName: Documentos y cuentas por pagar empresas relacionadas largo plazo
2026-06-25 11:14:14,322 INFO AVS_ZohoIntegration.Program - * Procesando resultado: 132 *
2026-06-25 11:14:14,322 INFO AVS_ZohoIntegration.Program - AcctCode: 25170000
2026-06-25 11:14:14,323 INFO AVS_ZohoIntegration.Program - AcctName: Provisiones largo plazo
2026-06-25 11:14:14,323 INFO AVS_ZohoIntegration.Program - * Procesando resultado: 133 *
2026-06-25 11:14:14,324 INFO AVS_ZohoIntegration.Program - AcctCode: 300000000000000
2026-06-25 11:14:14,325 INFO AVS_ZohoIntegration.Program - AcctName: Capital Contable
2026-06-25 11:14:14,325 INFO AVS_ZohoIntegration.Program - * Procesando resultado: 134 *
2026-06-25 11:14:14,326 INFO AVS_ZohoIntegration.Program - AcctCode: 31000000
2026-06-25 11:14:14,326 INFO AVS_ZohoIntegration.Program - AcctName: Capital Contable
2026-06-25 11:14:14,327 INFO AVS_ZohoIntegration.Program - * Procesando resultado: 135 *
2026-06-25 11:14:14,327 INFO AVS_ZohoIntegration.Program - AcctCode: 31100000
2026-06-25 11:14:14,328 INFO AVS_ZohoIntegration.Program - AcctName: Capital Social
2026-06-25 11:14:14,328 INFO AVS_ZohoIntegration.Program - * Procesando resultado: 136 *
2026-06-25 11:14:14,329 INFO AVS_ZohoIntegration.Program - AcctCode: 31110000
2026-06-25 11:14:14,329 INFO AVS_ZohoIntegration.Program - AcctName: Capital Social
2026-06-25 11:14:14,330 INFO AVS_ZohoIntegration.Program - * Procesando resultado: 137 *
2026-06-25 11:14:14,330 INFO AVS_ZohoIntegration.Program - AcctCode: 31120000
2026-06-25 11:14:14,331 INFO AVS_ZohoIntegration.Program - AcctName: Revaluacion de Capital Social
2026-06-25 11:14:14,331 INFO AVS_ZohoIntegration.Program - * Procesando resultado: 138 *
2026-06-25 11:14:14,332 INFO AVS_ZohoIntegration.Program - AcctCode: 31200000
2026-06-25 11:14:14,332 INFO AVS_ZohoIntegration.Program - AcctName: Acciones
2026-06-25 11:14:14,333 INFO AVS_ZohoIntegration.Program - * Procesando resultado: 139 *
2026-06-25 11:14:14,333 INFO AVS_ZohoIntegration.Program - AcctCode: 31210000
2026-06-25 11:14:14,334 INFO AVS_ZohoIntegration.Program - AcctName: Capital Fijo
2026-06-25 11:14:14,334 INFO AVS_ZohoIntegration.Program - * Procesando resultado: 140 *
2026-06-25 11:14:14,335 INFO AVS_ZohoIntegration.Program - AcctCode: 31220000
2026-06-25 11:14:14,335 INFO AVS_ZohoIntegration.Program - AcctName: Reservas revalorización capital
2026-06-25 11:14:14,336 INFO AVS_ZohoIntegration.Program - * Procesando resultado: 141 *
2026-06-25 11:14:14,336 INFO AVS_ZohoIntegration.Program - AcctCode: 31230000
2026-06-25 11:14:14,337 INFO AVS_ZohoIntegration.Program - AcctName: Sobreprecio en venta de acciones propias
2026-06-25 11:14:14,337 INFO AVS_ZohoIntegration.Program - * Procesando resultado: 142 *
2026-06-25 11:14:14,338 INFO AVS_ZohoIntegration.Program - AcctCode: 31240000
2026-06-25 11:14:14,339 INFO AVS_ZohoIntegration.Program - AcctName: Otras reservas
2026-06-25 11:14:14,339 INFO AVS_ZohoIntegration.Program - * Procesando resultado: 143 *
2026-06-25 11:14:14,340 INFO AVS_ZohoIntegration.Program - AcctCode: 31300000
2026-06-25 11:14:14,340 INFO AVS_ZohoIntegration.Program - AcctName: Dividendos
2026-06-25 11:14:14,341 INFO AVS_ZohoIntegration.Program - * Procesando resultado: 144 *
2026-06-25 11:14:14,341 INFO AVS_ZohoIntegration.Program - AcctCode: 31310000
2026-06-25 11:14:14,342 INFO AVS_ZohoIntegration.Program - AcctName: Capital Variable
2026-06-25 11:14:14,342 INFO AVS_ZohoIntegration.Program - * Procesando resultado: 145 *
2026-06-25 11:14:14,342 INFO AVS_ZohoIntegration.Program - AcctCode: 31320000
2026-06-25 11:14:14,343 INFO AVS_ZohoIntegration.Program - AcctName: Reserva futuros dividendos
2026-06-25 11:14:14,343 INFO AVS_ZohoIntegration.Program - * Procesando resultado: 146 *
2026-06-25 11:14:14,344 INFO AVS_ZohoIntegration.Program - AcctCode: 31400000
2026-06-25 11:14:14,344 INFO AVS_ZohoIntegration.Program - AcctName: Utilidades
2026-06-25 11:14:14,344 INFO AVS_ZohoIntegration.Program - * Procesando resultado: 147 *
2026-06-25 11:14:14,344 INFO AVS_ZohoIntegration.Program - AcctCode: 31410000
2026-06-25 11:14:14,345 INFO AVS_ZohoIntegration.Program - AcctName: Utilidad de Ejercicios Anteriores
2026-06-25 11:14:14,345 INFO AVS_ZohoIntegration.Program - * Procesando resultado: 148 *
2026-06-25 11:14:14,346 INFO AVS_ZohoIntegration.Program - AcctCode: 31420000
2026-06-25 11:14:14,346 INFO AVS_ZohoIntegration.Program - AcctName: Utilidad del Ejercicio
2026-06-25 11:14:14,347 INFO AVS_ZohoIntegration.Program - * Procesando resultado: 149 *
2026-06-25 11:14:14,347 INFO AVS_ZohoIntegration.Program - AcctCode: 31420001
2026-06-25 11:14:14,348 INFO AVS_ZohoIntegration.Program - AcctName: Arrastre de Saldo
2026-06-25 11:14:14,348 INFO AVS_ZohoIntegration.Program - * Procesando resultado: 150 *
2026-06-25 11:14:14,348 INFO AVS_ZohoIntegration.Program - AcctCode: 31420002
2026-06-25 11:14:14,349 INFO AVS_ZohoIntegration.Program - AcctName: Cierre del periodo
2026-06-25 11:14:14,349 INFO AVS_ZohoIntegration.Program - * Procesando resultado: 151 *
2026-06-25 11:14:14,350 INFO AVS_ZohoIntegration.Program - AcctCode: 31430000
2026-06-25 11:14:14,350 INFO AVS_ZohoIntegration.Program - AcctName: Déficit acumulado período de desarrollo
2026-06-25 11:14:14,351 INFO AVS_ZohoIntegration.Program - * Procesando resultado: 152 *
2026-06-25 11:14:14,351 INFO AVS_ZohoIntegration.Program - AcctCode: 31500000
2026-06-25 11:14:14,352 INFO AVS_ZohoIntegration.Program - AcctName: Saldos Iniciales
2026-06-25 11:14:14,352 INFO AVS_ZohoIntegration.Program - * Procesando resultado: 153 *
2026-06-25 11:14:14,352 INFO AVS_ZohoIntegration.Program - AcctCode: 31510000
2026-06-25 11:14:14,353 INFO AVS_ZohoIntegration.Program - AcctName: Saldos Iniciales Socios de Negocios
2026-06-25 11:14:14,354 INFO AVS_ZohoIntegration.Program - * Procesando resultado: 154 *
2026-06-25 11:14:14,354 INFO AVS_ZohoIntegration.Program - AcctCode: 31520000
2026-06-25 11:14:14,355 INFO AVS_ZohoIntegration.Program - AcctName: Saldos Iniciales Inventarios
2026-06-25 11:14:14,355 INFO AVS_ZohoIntegration.Program - * Procesando resultado: 155 *
2026-06-25 11:14:14,356 INFO AVS_ZohoIntegration.Program - AcctCode: 31530000
2026-06-25 11:14:14,356 INFO AVS_ZohoIntegration.Program - AcctName: Saldos Iniciales Cuentas de Mayor
2026-06-25 11:14:14,357 INFO AVS_ZohoIntegration.Program - * Procesando resultado: 156 *
2026-06-25 11:14:14,357 INFO AVS_ZohoIntegration.Program - AcctCode: 400000000000000
2026-06-25 11:14:14,357 INFO AVS_ZohoIntegration.Program - AcctName: Ingresos
2026-06-25 11:14:14,358 INFO AVS_ZohoIntegration.Program - * Procesando resultado: 157 *
2026-06-25 11:14:14,358 INFO AVS_ZohoIntegration.Program - AcctCode: 41000000
2026-06-25 11:14:14,359 INFO AVS_ZohoIntegration.Program - AcctName: Ingresos
2026-06-25 11:14:14,359 INFO AVS_ZohoIntegration.Program - * Procesando resultado: 158 *
2026-06-25 11:14:14,360 INFO AVS_ZohoIntegration.Program - AcctCode: 41100000
2026-06-25 11:14:14,360 INFO AVS_ZohoIntegration.Program - AcctName: Ingresos sobre Ventas
2026-06-25 11:14:14,361 INFO AVS_ZohoIntegration.Program - * Procesando resultado: 159 *
2026-06-25 11:14:14,361 INFO AVS_ZohoIntegration.Program - AcctCode: 41110000
2026-06-25 11:14:14,362 INFO AVS_ZohoIntegration.Program - AcctName: Ingreso de Ventas - Nacionales
2026-06-25 11:14:14,362 INFO AVS_ZohoIntegration.Program - * Procesando resultado: 160 *
2026-06-25 11:14:14,362 INFO AVS_ZohoIntegration.Program - AcctCode: 41120000
2026-06-25 11:14:14,362 INFO AVS_ZohoIntegration.Program - AcctName: Ingreso de Ventas - Extranjero
2026-06-25 11:14:14,364 INFO AVS_ZohoIntegration.Program - * Procesando resultado: 161 *
2026-06-25 11:14:14,364 INFO AVS_ZohoIntegration.Program - AcctCode: 41130000
2026-06-25 11:14:14,365 INFO AVS_ZohoIntegration.Program - AcctName: Ingreso de Ventas - Servicios
2026-06-25 11:14:14,365 INFO AVS_ZohoIntegration.Program - * Procesando resultado: 162 *
2026-06-25 11:14:14,366 INFO AVS_ZohoIntegration.Program - AcctCode: 41140000
2026-06-25 11:14:14,366 INFO AVS_ZohoIntegration.Program - AcctName: Ingreso de Ventas - Fletes
2026-06-25 11:14:14,367 INFO AVS_ZohoIntegration.Program - * Procesando resultado: 163 *
2026-06-25 11:14:14,367 INFO AVS_ZohoIntegration.Program - AcctCode: 41150000
2026-06-25 11:14:14,368 INFO AVS_ZohoIntegration.Program - AcctName: Devoluciones Sobre Ventas
2026-06-25 11:14:14,368 INFO AVS_ZohoIntegration.Program - * Procesando resultado: 164 *
2026-06-25 11:14:14,369 INFO AVS_ZohoIntegration.Program - AcctCode: 41160000
2026-06-25 11:14:14,369 INFO AVS_ZohoIntegration.Program - AcctName: Descuentos Sobre Ventas
2026-06-25 11:14:14,370 INFO AVS_ZohoIntegration.Program - * Procesando resultado: 165 *
2026-06-25 11:14:14,370 INFO AVS_ZohoIntegration.Program - AcctCode: 41200000
2026-06-25 11:14:14,371 INFO AVS_ZohoIntegration.Program - AcctName: Otros Ingresos
2026-06-25 11:14:14,371 INFO AVS_ZohoIntegration.Program - * Procesando resultado: 166 *
2026-06-25 11:14:14,372 INFO AVS_ZohoIntegration.Program - AcctCode: 41210000
2026-06-25 11:14:14,372 INFO AVS_ZohoIntegration.Program - AcctName: Otros Ingresos
2026-06-25 11:14:14,373 INFO AVS_ZohoIntegration.Program - * Procesando resultado: 167 *
2026-06-25 11:14:14,373 INFO AVS_ZohoIntegration.Program - AcctCode: 500000000000000
2026-06-25 11:14:14,373 INFO AVS_ZohoIntegration.Program - AcctName: Costo de Ventas
2026-06-25 11:14:14,375 INFO AVS_ZohoIntegration.Program - * Procesando resultado: 168 *
2026-06-25 11:14:14,375 INFO AVS_ZohoIntegration.Program - AcctCode: 51000000
2026-06-25 11:14:14,376 INFO AVS_ZohoIntegration.Program - AcctName: Costos de Ventas
2026-06-25 11:14:14,376 INFO AVS_ZohoIntegration.Program - * Procesando resultado: 169 *
2026-06-25 11:14:14,377 INFO AVS_ZohoIntegration.Program - AcctCode: 51100000
2026-06-25 11:14:14,377 INFO AVS_ZohoIntegration.Program - AcctName: Costo de Ventas
2026-06-25 11:14:14,378 INFO AVS_ZohoIntegration.Program - * Procesando resultado: 170 *
2026-06-25 11:14:14,378 INFO AVS_ZohoIntegration.Program - AcctCode: 51110000
2026-06-25 11:14:14,379 INFO AVS_ZohoIntegration.Program - AcctName: Costo de  Ventas Nacional
2026-06-25 11:14:14,379 INFO AVS_ZohoIntegration.Program - * Procesando resultado: 171 *
2026-06-25 11:14:14,380 INFO AVS_ZohoIntegration.Program - AcctCode: 51120000
2026-06-25 11:14:14,380 INFO AVS_ZohoIntegration.Program - AcctName: Costo de  Ventas Extranjero
2026-06-25 11:14:14,381 INFO AVS_ZohoIntegration.Program - * Procesando resultado: 172 *
2026-06-25 11:14:14,381 INFO AVS_ZohoIntegration.Program - AcctCode: 51130000
2026-06-25 11:14:14,381 INFO AVS_ZohoIntegration.Program - AcctName: Costo de  Ventas Servicios
2026-06-25 11:14:14,382 INFO AVS_ZohoIntegration.Program - * Procesando resultado: 173 *
2026-06-25 11:14:14,382 INFO AVS_ZohoIntegration.Program - AcctCode: 51140000
2026-06-25 11:14:14,383 INFO AVS_ZohoIntegration.Program - AcctName: Costo de  Ventas Fletes
2026-06-25 11:14:14,383 INFO AVS_ZohoIntegration.Program - * Procesando resultado: 174 *
2026-06-25 11:14:14,384 INFO AVS_ZohoIntegration.Program - AcctCode: 51150000
2026-06-25 11:14:14,384 INFO AVS_ZohoIntegration.Program - AcctName: Costo de  Ventas Descuentos
2026-06-25 11:14:14,385 INFO AVS_ZohoIntegration.Program - * Procesando resultado: 175 *
2026-06-25 11:14:14,385 INFO AVS_ZohoIntegration.Program - AcctCode: 51160000
2026-06-25 11:14:14,386 INFO AVS_ZohoIntegration.Program - AcctName: Actualizacion de Costo de Ventas
2026-06-25 11:14:14,386 INFO AVS_ZohoIntegration.Program - * Procesando resultado: 176 *
2026-06-25 11:14:14,387 INFO AVS_ZohoIntegration.Program - AcctCode: 51170000
2026-06-25 11:14:14,387 INFO AVS_ZohoIntegration.Program - AcctName: Costo de Venta por Inv. Negativo
2026-06-25 11:14:14,388 INFO AVS_ZohoIntegration.Program - * Procesando resultado: 177 *
2026-06-25 11:14:14,388 INFO AVS_ZohoIntegration.Program - AcctCode: 51180000
2026-06-25 11:14:14,389 INFO AVS_ZohoIntegration.Program - AcctName: Costo de Recurso
2026-06-25 11:14:14,389 INFO AVS_ZohoIntegration.Program - * Procesando resultado: 178 *
2026-06-25 11:14:14,390 INFO AVS_ZohoIntegration.Program - AcctCode: 51190000
2026-06-25 11:14:14,390 INFO AVS_ZohoIntegration.Program - AcctName: Costos Generales de Recursos
2026-06-25 11:14:14,391 INFO AVS_ZohoIntegration.Program - * Procesando resultado: 179 *
2026-06-25 11:14:14,391 INFO AVS_ZohoIntegration.Program - AcctCode: 52000000
2026-06-25 11:14:14,392 INFO AVS_ZohoIntegration.Program - AcctName: Diferencias por Variaciones en costo de ventas
2026-06-25 11:14:14,392 INFO AVS_ZohoIntegration.Program - * Procesando resultado: 180 *
2026-06-25 11:14:14,394 INFO AVS_ZohoIntegration.Program - AcctCode: 52100000
2026-06-25 11:14:14,394 INFO AVS_ZohoIntegration.Program - AcctName: Diferencias por Variaciones
2026-06-25 11:14:14,395 INFO AVS_ZohoIntegration.Program - * Procesando resultado: 181 *
2026-06-25 11:14:14,395 INFO AVS_ZohoIntegration.Program - AcctCode: 52110000
2026-06-25 11:14:14,396 INFO AVS_ZohoIntegration.Program - AcctName: Variaciones de Inventario
2026-06-25 11:14:14,396 INFO AVS_ZohoIntegration.Program - * Procesando resultado: 182 *
2026-06-25 11:14:14,396 INFO AVS_ZohoIntegration.Program - AcctCode: 52120000
2026-06-25 11:14:14,397 INFO AVS_ZohoIntegration.Program - AcctName: Diferencias de Precio
2026-06-25 11:14:14,397 INFO AVS_ZohoIntegration.Program - * Procesando resultado: 183 *
2026-06-25 11:14:14,398 INFO AVS_ZohoIntegration.Program - AcctCode: 52130000
2026-06-25 11:14:14,398 INFO AVS_ZohoIntegration.Program - AcctName: Diferencias por Revaloración de Material
2026-06-25 11:14:14,399 INFO AVS_ZohoIntegration.Program - * Procesando resultado: 184 *
2026-06-25 11:14:14,399 INFO AVS_ZohoIntegration.Program - AcctCode: 600000000000000
2026-06-25 11:14:14,400 INFO AVS_ZohoIntegration.Program - AcctName: Gastos
2026-06-25 11:14:14,400 INFO AVS_ZohoIntegration.Program - * Procesando resultado: 185 *
2026-06-25 11:14:14,401 INFO AVS_ZohoIntegration.Program - AcctCode: 61000000
2026-06-25 11:14:14,401 INFO AVS_ZohoIntegration.Program - AcctName: Gastos
2026-06-25 11:14:14,402 INFO AVS_ZohoIntegration.Program - * Procesando resultado: 186 *
2026-06-25 11:14:14,402 INFO AVS_ZohoIntegration.Program - AcctCode: 61100000
2026-06-25 11:14:14,402 INFO AVS_ZohoIntegration.Program - AcctName: Gastos de Viaje - Gastos de Viaje
2026-06-25 11:14:14,403 INFO AVS_ZohoIntegration.Program - * Procesando resultado: 187 *
2026-06-25 11:14:14,403 INFO AVS_ZohoIntegration.Program - AcctCode: 61101000
2026-06-25 11:14:14,403 INFO AVS_ZohoIntegration.Program - AcctName: Gastos de Viaje - Hotel
2026-06-25 11:14:14,405 INFO AVS_ZohoIntegration.Program - * Procesando resultado: 188 *
2026-06-25 11:14:14,405 INFO AVS_ZohoIntegration.Program - AcctCode: 61102000
2026-06-25 11:14:14,406 INFO AVS_ZohoIntegration.Program - AcctName: Gastos de Viaje - Alimentos
2026-06-25 11:14:14,406 INFO AVS_ZohoIntegration.Program - * Procesando resultado: 189 *
2026-06-25 11:14:14,407 INFO AVS_ZohoIntegration.Program - AcctCode: 61103000
2026-06-25 11:14:14,407 INFO AVS_ZohoIntegration.Program - AcctName: Gastos de Viaje - Entretenimiento
2026-06-25 11:14:14,407 INFO AVS_ZohoIntegration.Program - * Procesando resultado: 190 *
2026-06-25 11:14:14,408 INFO AVS_ZohoIntegration.Program - AcctCode: 61104000
2026-06-25 11:14:14,408 INFO AVS_ZohoIntegration.Program - AcctName: Gastos de Viaje - Pasajes
2026-06-25 11:14:14,408 INFO AVS_ZohoIntegration.Program - * Procesando resultado: 191 *
2026-06-25 11:14:14,409 INFO AVS_ZohoIntegration.Program - AcctCode: 61105000
2026-06-25 11:14:14,410 INFO AVS_ZohoIntegration.Program - AcctName: Gastos de Viaje - Otros Gastos
2026-06-25 11:14:14,410 INFO AVS_ZohoIntegration.Program - * Procesando resultado: 192 *
2026-06-25 11:14:14,410 INFO AVS_ZohoIntegration.Program - AcctCode: 61200000
2026-06-25 11:14:14,411 INFO AVS_ZohoIntegration.Program - AcctName: Gastos de Nomina - Gastos de Nomina
2026-06-25 11:14:14,412 INFO AVS_ZohoIntegration.Program - * Procesando resultado: 193 *
2026-06-25 11:14:14,412 INFO AVS_ZohoIntegration.Program - AcctCode: 61201000
2026-06-25 11:14:14,412 INFO AVS_ZohoIntegration.Program - AcctName: Gastos de Nomina - Salarios
2026-06-25 11:14:14,413 INFO AVS_ZohoIntegration.Program - * Procesando resultado: 194 *
2026-06-25 11:14:14,414 INFO AVS_ZohoIntegration.Program - AcctCode: 61202000
2026-06-25 11:14:14,414 INFO AVS_ZohoIntegration.Program - AcctName: Gastos de Nomina - Costo Directo de Labor
2026-06-25 11:14:14,415 INFO AVS_ZohoIntegration.Program - * Procesando resultado: 195 *
2026-06-25 11:14:14,415 INFO AVS_ZohoIntegration.Program - AcctCode: 61203000
2026-06-25 11:14:14,416 INFO AVS_ZohoIntegration.Program - AcctName: Gastos de Nomina - Impuestos
2026-06-25 11:14:14,416 INFO AVS_ZohoIntegration.Program - * Procesando resultado: 196 *
2026-06-25 11:14:14,417 INFO AVS_ZohoIntegration.Program - AcctCode: 61204000
2026-06-25 11:14:14,418 INFO AVS_ZohoIntegration.Program - AcctName: Gastos de Nomina - Vacaciones
2026-06-25 11:14:14,418 INFO AVS_ZohoIntegration.Program - * Procesando resultado: 197 *
2026-06-25 11:14:14,419 INFO AVS_ZohoIntegration.Program - AcctCode: 61205000
2026-06-25 11:14:14,420 INFO AVS_ZohoIntegration.Program - AcctName: Gastos de Nomina - Otras Ausencias
2026-06-25 11:14:14,420 INFO AVS_ZohoIntegration.Program - * Procesando resultado: 198 *
2026-06-25 11:14:14,421 INFO AVS_ZohoIntegration.Program - AcctCode: 61206000
2026-06-25 11:14:14,421 INFO AVS_ZohoIntegration.Program - AcctName: Gastos de Nomina - Pensión/Ahorros
2026-06-25 11:14:14,422 INFO AVS_ZohoIntegration.Program - * Procesando resultado: 199 *
2026-06-25 11:14:14,422 INFO AVS_ZohoIntegration.Program - AcctCode: 61207000
2026-06-25 11:14:14,423 INFO AVS_ZohoIntegration.Program - AcctName: Gastos de Nomina - Seguridad Social
2026-06-25 11:14:14,423 INFO AVS_ZohoIntegration.Program - * Procesando resultado: 200 *
2026-06-25 11:14:14,424 INFO AVS_ZohoIntegration.Program - AcctCode: 61300000
2026-06-25 11:14:14,425 INFO AVS_ZohoIntegration.Program - AcctName: Cuentas Incobrables - Cuentas Incobrables
2026-06-25 11:14:14,425 INFO AVS_ZohoIntegration.Program - * Procesando resultado: 201 *
2026-06-25 11:14:14,426 INFO AVS_ZohoIntegration.Program - AcctCode: 61310000
2026-06-25 11:14:14,426 INFO AVS_ZohoIntegration.Program - AcctName: Cuentas Incobrables
2026-06-25 11:14:14,427 INFO AVS_ZohoIntegration.Program - * Procesando resultado: 202 *
2026-06-25 11:14:14,428 INFO AVS_ZohoIntegration.Program - AcctCode: 61400000
2026-06-25 11:14:14,428 INFO AVS_ZohoIntegration.Program - AcctName: Gastos Administrativos -
2026-06-25 11:14:14,429 INFO AVS_ZohoIntegration.Program - * Procesando resultado: 203 *
2026-06-25 11:14:14,429 INFO AVS_ZohoIntegration.Program - AcctCode: 61410000
2026-06-25 11:14:14,430 INFO AVS_ZohoIntegration.Program - AcctName: Oficinas y Alquiler de Edificios
2026-06-25 11:14:14,430 INFO AVS_ZohoIntegration.Program - * Procesando resultado: 204 *
2026-06-25 11:14:14,431 INFO AVS_ZohoIntegration.Program - AcctCode: 61420000
2026-06-25 11:14:14,432 INFO AVS_ZohoIntegration.Program - AcctName: Combustibles
2026-06-25 11:14:14,432 INFO AVS_ZohoIntegration.Program - * Procesando resultado: 205 *
2026-06-25 11:14:14,433 INFO AVS_ZohoIntegration.Program - AcctCode: 61430000
2026-06-25 11:14:14,433 INFO AVS_ZohoIntegration.Program - AcctName: Electricidad
2026-06-25 11:14:14,434 INFO AVS_ZohoIntegration.Program - * Procesando resultado: 206 *
2026-06-25 11:14:14,434 INFO AVS_ZohoIntegration.Program - AcctCode: 61440000
2026-06-25 11:14:14,435 INFO AVS_ZohoIntegration.Program - AcctName: Gas
2026-06-25 11:14:14,435 INFO AVS_ZohoIntegration.Program - * Procesando resultado: 207 *
2026-06-25 11:14:14,435 INFO AVS_ZohoIntegration.Program - AcctCode: 61450000
2026-06-25 11:14:14,436 INFO AVS_ZohoIntegration.Program - AcctName: Agua
2026-06-25 11:14:14,436 INFO AVS_ZohoIntegration.Program - * Procesando resultado: 208 *
2026-06-25 11:14:14,436 INFO AVS_ZohoIntegration.Program - AcctCode: 61460000
2026-06-25 11:14:14,437 INFO AVS_ZohoIntegration.Program - AcctName: Teléfono
2026-06-25 11:14:14,437 INFO AVS_ZohoIntegration.Program - * Procesando resultado: 209 *
2026-06-25 11:14:14,438 INFO AVS_ZohoIntegration.Program - AcctCode: 61470000
2026-06-25 11:14:14,439 INFO AVS_ZohoIntegration.Program - AcctName: Seguro
2026-06-25 11:14:14,439 INFO AVS_ZohoIntegration.Program - * Procesando resultado: 210 *
2026-06-25 11:14:14,439 INFO AVS_ZohoIntegration.Program - AcctCode: 61480000
2026-06-25 11:14:14,440 INFO AVS_ZohoIntegration.Program - AcctName: Mantenimiento
2026-06-25 11:14:14,440 INFO AVS_ZohoIntegration.Program - * Procesando resultado: 211 *
2026-06-25 11:14:14,441 INFO AVS_ZohoIntegration.Program - AcctCode: 61490000
2026-06-25 11:14:14,442 INFO AVS_ZohoIntegration.Program - AcctName: Otros Gastos Administrativos
2026-06-25 11:14:14,442 INFO AVS_ZohoIntegration.Program - * Procesando resultado: 212 *
2026-06-25 11:14:14,443 INFO AVS_ZohoIntegration.Program - AcctCode: 61500000
2026-06-25 11:14:14,443 INFO AVS_ZohoIntegration.Program - AcctName: Gastos de Depreciación y Amortización
2026-06-25 11:14:14,444 INFO AVS_ZohoIntegration.Program - * Procesando resultado: 213 *
2026-06-25 11:14:14,444 INFO AVS_ZohoIntegration.Program - AcctCode: 61510000
2026-06-25 11:14:14,445 INFO AVS_ZohoIntegration.Program - AcctName: Gastos de Depreciación
2026-06-25 11:14:14,445 INFO AVS_ZohoIntegration.Program - * Procesando resultado: 214 *
2026-06-25 11:14:14,446 INFO AVS_ZohoIntegration.Program - AcctCode: 61520000
2026-06-25 11:14:14,446 INFO AVS_ZohoIntegration.Program - AcctName: Depreciación - Edificios
2026-06-25 11:14:14,447 INFO AVS_ZohoIntegration.Program - * Procesando resultado: 215 *
2026-06-25 11:14:14,448 INFO AVS_ZohoIntegration.Program - AcctCode: 61530000
2026-06-25 11:14:14,448 INFO AVS_ZohoIntegration.Program - AcctName: Depreciación - Maquinaria y Equipo
2026-06-25 11:14:14,448 INFO AVS_ZohoIntegration.Program - * Procesando resultado: 216 *
2026-06-25 11:14:14,449 INFO AVS_ZohoIntegration.Program - AcctCode: 61540000
2026-06-25 11:14:14,449 INFO AVS_ZohoIntegration.Program - AcctName: Depreciación - Equipo de Transporte
2026-06-25 11:14:14,450 INFO AVS_ZohoIntegration.Program - * Procesando resultado: 217 *
2026-06-25 11:14:14,450 INFO AVS_ZohoIntegration.Program - AcctCode: 61550000
2026-06-25 11:14:14,451 INFO AVS_ZohoIntegration.Program - AcctName: Depreciación - Equipo de Oficina
2026-06-25 11:14:14,451 INFO AVS_ZohoIntegration.Program - * Procesando resultado: 218 *
2026-06-25 11:14:14,452 INFO AVS_ZohoIntegration.Program - AcctCode: 61560000
2026-06-25 11:14:14,452 INFO AVS_ZohoIntegration.Program - AcctName: Depreciación - Mobiliarios
2026-06-25 11:14:14,452 INFO AVS_ZohoIntegration.Program - * Procesando resultado: 219 *
2026-06-25 11:14:14,453 INFO AVS_ZohoIntegration.Program - AcctCode: 61570000
2026-06-25 11:14:14,454 INFO AVS_ZohoIntegration.Program - AcctName: Depreciación - Equipo de Computo
2026-06-25 11:14:14,454 INFO AVS_ZohoIntegration.Program - * Procesando resultado: 220 *
2026-06-25 11:14:14,455 INFO AVS_ZohoIntegration.Program - AcctCode: 61580000
2026-06-25 11:14:14,455 INFO AVS_ZohoIntegration.Program - AcctName: Amortización - Programas de Computo
2026-06-25 11:14:14,456 INFO AVS_ZohoIntegration.Program - * Procesando resultado: 221 *
2026-06-25 11:14:14,456 INFO AVS_ZohoIntegration.Program - AcctCode: 61590000
2026-06-25 11:14:14,457 INFO AVS_ZohoIntegration.Program - AcctName: Amortización - Patentes y Marcas
2026-06-25 11:14:14,457 INFO AVS_ZohoIntegration.Program - * Procesando resultado: 222 *
2026-06-25 11:14:14,458 INFO AVS_ZohoIntegration.Program - AcctCode: 61595000
2026-06-25 11:14:14,458 INFO AVS_ZohoIntegration.Program - AcctName: Amortización - Gastos de Instalación
2026-06-25 11:14:14,459 INFO AVS_ZohoIntegration.Program - * Procesando resultado: 223 *
2026-06-25 11:14:14,459 INFO AVS_ZohoIntegration.Program - AcctCode: 61600000
2026-06-25 11:14:14,460 INFO AVS_ZohoIntegration.Program - AcctName: Otros Gastos de Oficina
2026-06-25 11:14:14,460 INFO AVS_ZohoIntegration.Program - * Procesando resultado: 224 *
2026-06-25 11:14:14,461 INFO AVS_ZohoIntegration.Program - AcctCode: 61610000
2026-06-25 11:14:14,462 INFO AVS_ZohoIntegration.Program - AcctName: Paquetería y Correo
2026-06-25 11:14:14,462 INFO AVS_ZohoIntegration.Program - * Procesando resultado: 225 *
2026-06-25 11:14:14,463 INFO AVS_ZohoIntegration.Program - AcctCode: 61620000
2026-06-25 11:14:14,464 INFO AVS_ZohoIntegration.Program - AcctName: Publicidad y Promoción
2026-06-25 11:14:14,464 INFO AVS_ZohoIntegration.Program - * Procesando resultado: 226 *
2026-06-25 11:14:14,465 INFO AVS_ZohoIntegration.Program - AcctCode: 61630000
2026-06-25 11:14:14,465 INFO AVS_ZohoIntegration.Program - AcctName: Papelería y Artículos de Oficina
2026-06-25 11:14:14,466 INFO AVS_ZohoIntegration.Program - * Procesando resultado: 227 *
2026-06-25 11:14:14,466 INFO AVS_ZohoIntegration.Program - AcctCode: 61640000
2026-06-25 11:14:14,467 INFO AVS_ZohoIntegration.Program - AcctName: Consumibles de Computo
2026-06-25 11:14:14,467 INFO AVS_ZohoIntegration.Program - * Procesando resultado: 228 *
2026-06-25 11:14:14,468 INFO AVS_ZohoIntegration.Program - AcctCode: 61650000
2026-06-25 11:14:14,468 INFO AVS_ZohoIntegration.Program - AcctName: Fletes
2026-06-25 11:14:14,469 INFO AVS_ZohoIntegration.Program - * Procesando resultado: 229 *
2026-06-25 11:14:14,469 INFO AVS_ZohoIntegration.Program - AcctCode: 61660000
2026-06-25 11:14:14,470 INFO AVS_ZohoIntegration.Program - AcctName: Otros Gastos
2026-06-25 11:14:14,471 INFO AVS_ZohoIntegration.Program - * Procesando resultado: 230 *
2026-06-25 11:14:14,471 INFO AVS_ZohoIntegration.Program - AcctCode: 61700000
2026-06-25 11:14:14,472 INFO AVS_ZohoIntegration.Program - AcctName: Honorarios Legales y Profesional
2026-06-25 11:14:14,472 INFO AVS_ZohoIntegration.Program - * Procesando resultado: 231 *
2026-06-25 11:14:14,473 INFO AVS_ZohoIntegration.Program - AcctCode: 61710000
2026-06-25 11:14:14,473 INFO AVS_ZohoIntegration.Program - AcctName: Honorarios Profesionales
2026-06-25 11:14:14,473 INFO AVS_ZohoIntegration.Program - * Procesando resultado: 232 *
2026-06-25 11:14:14,475 INFO AVS_ZohoIntegration.Program - AcctCode: 61720000
2026-06-25 11:14:14,476 INFO AVS_ZohoIntegration.Program - AcctName: Honorarios de Contabilidad
2026-06-25 11:14:14,476 INFO AVS_ZohoIntegration.Program - * Procesando resultado: 233 *
2026-06-25 11:14:14,476 INFO AVS_ZohoIntegration.Program - AcctCode: 61730000
2026-06-25 11:14:14,477 INFO AVS_ZohoIntegration.Program - AcctName: Honorarios de Auditoria
2026-06-25 11:14:14,477 INFO AVS_ZohoIntegration.Program - * Procesando resultado: 234 *
2026-06-25 11:14:14,478 INFO AVS_ZohoIntegration.Program - AcctCode: 61740000
2026-06-25 11:14:14,478 INFO AVS_ZohoIntegration.Program - AcctName: Honorarios de Consultoria
2026-06-25 11:14:14,479 INFO AVS_ZohoIntegration.Program - * Procesando resultado: 235 *
2026-06-25 11:14:14,480 INFO AVS_ZohoIntegration.Program - AcctCode: 61750000
2026-06-25 11:14:14,480 INFO AVS_ZohoIntegration.Program - AcctName: Otros Honorarios Profesionales
2026-06-25 11:14:14,481 INFO AVS_ZohoIntegration.Program - * Procesando resultado: 236 *
2026-06-25 11:14:14,481 INFO AVS_ZohoIntegration.Program - AcctCode: 61800000
2026-06-25 11:14:14,482 INFO AVS_ZohoIntegration.Program - AcctName: Otros Gastos
2026-06-25 11:14:14,482 INFO AVS_ZohoIntegration.Program - * Procesando resultado: 237 *
2026-06-25 11:14:14,482 INFO AVS_ZohoIntegration.Program - AcctCode: 61810000
2026-06-25 11:14:14,483 INFO AVS_ZohoIntegration.Program - AcctName: Perdida por Revaluacion de Inventario
2026-06-25 11:14:14,483 INFO AVS_ZohoIntegration.Program - * Procesando resultado: 238 *
2026-06-25 11:14:14,484 INFO AVS_ZohoIntegration.Program - AcctCode: 61820000
2026-06-25 11:14:14,484 INFO AVS_ZohoIntegration.Program - AcctName: Ingreso por Revaluacion de Inventario
2026-06-25 11:14:14,485 INFO AVS_ZohoIntegration.Program - * Procesando resultado: 239 *
2026-06-25 11:14:14,485 INFO AVS_ZohoIntegration.Program - AcctCode: 61830000
2026-06-25 11:14:14,485 INFO AVS_ZohoIntegration.Program - AcctName: Exceso/Faltante Pago de Ventas
2026-06-25 11:14:14,486 INFO AVS_ZohoIntegration.Program - * Procesando resultado: 240 *
2026-06-25 11:14:14,486 INFO AVS_ZohoIntegration.Program - AcctCode: 700000000000000
2026-06-25 11:14:14,487 INFO AVS_ZohoIntegration.Program - AcctName: Financieros
2026-06-25 11:14:14,487 INFO AVS_ZohoIntegration.Program - * Procesando resultado: 241 *
2026-06-25 11:14:14,488 INFO AVS_ZohoIntegration.Program - AcctCode: 800000000000000
2026-06-25 11:14:14,488 INFO AVS_ZohoIntegration.Program - AcctName: Otros Ingresos y Egresos
2026-06-25 11:14:14,488 INFO AVS_ZohoIntegration.Program - * Procesando resultado: 242 *
2026-06-25 11:14:14,489 INFO AVS_ZohoIntegration.Program - AcctCode: 81000000
2026-06-25 11:14:14,489 INFO AVS_ZohoIntegration.Program - AcctName: Ingresos/Gastos Financieros
2026-06-25 11:14:14,490 INFO AVS_ZohoIntegration.Program - * Procesando resultado: 243 *
2026-06-25 11:14:14,490 INFO AVS_ZohoIntegration.Program - AcctCode: 81100000
2026-06-25 11:14:14,491 INFO AVS_ZohoIntegration.Program - AcctName: Descuentos e Intereses - Descuentos Intereses y Otros
2026-06-25 11:14:14,491 INFO AVS_ZohoIntegration.Program - * Procesando resultado: 244 *
2026-06-25 11:14:14,492 INFO AVS_ZohoIntegration.Program - AcctCode: 81110000
2026-06-25 11:14:14,493 INFO AVS_ZohoIntegration.Program - AcctName: Descuentos Otorgados
2026-06-25 11:14:14,493 INFO AVS_ZohoIntegration.Program - * Procesando resultado: 245 *
2026-06-25 11:14:14,494 INFO AVS_ZohoIntegration.Program - AcctCode: 81120000
2026-06-25 11:14:14,494 INFO AVS_ZohoIntegration.Program - AcctName: Descuentos Permitidos
2026-06-25 11:14:14,495 INFO AVS_ZohoIntegration.Program - * Procesando resultado: 246 *
2026-06-25 11:14:14,495 INFO AVS_ZohoIntegration.Program - AcctCode: 81130000
2026-06-25 11:14:14,496 INFO AVS_ZohoIntegration.Program - AcctName: Intereses Pagados
2026-06-25 11:14:14,497 INFO AVS_ZohoIntegration.Program - * Procesando resultado: 247 *
2026-06-25 11:14:14,497 INFO AVS_ZohoIntegration.Program - AcctCode: 81140000
2026-06-25 11:14:14,498 INFO AVS_ZohoIntegration.Program - AcctName: Intereses Cobrados
2026-06-25 11:14:14,498 INFO AVS_ZohoIntegration.Program - * Procesando resultado: 248 *
2026-06-25 11:14:14,499 INFO AVS_ZohoIntegration.Program - AcctCode: 81150000
2026-06-25 11:14:14,499 INFO AVS_ZohoIntegration.Program - AcctName: Comisiones Bancarias
2026-06-25 11:14:14,505 INFO AVS_ZohoIntegration.Program - * Procesando resultado: 249 *
2026-06-25 11:14:14,506 INFO AVS_ZohoIntegration.Program - AcctCode: 81160000
2026-06-25 11:14:14,507 INFO AVS_ZohoIntegration.Program - AcctName: Redondeos
2026-06-25 11:14:14,507 INFO AVS_ZohoIntegration.Program - * Procesando resultado: 250 *
2026-06-25 11:14:14,508 INFO AVS_ZohoIntegration.Program - AcctCode: 81170000
2026-06-25 11:14:14,509 INFO AVS_ZohoIntegration.Program - AcctName: Diferencias de Reconciliación
2026-06-25 11:14:14,509 INFO AVS_ZohoIntegration.Program - * Procesando resultado: 251 *
2026-06-25 11:14:14,510 INFO AVS_ZohoIntegration.Program - AcctCode: 82000000
2026-06-25 11:14:14,511 INFO AVS_ZohoIntegration.Program - AcctName: Diferencia Cambiaria
2026-06-25 11:14:14,511 INFO AVS_ZohoIntegration.Program - * Procesando resultado: 252 *
2026-06-25 11:14:14,512 INFO AVS_ZohoIntegration.Program - AcctCode: 82100000
2026-06-25 11:14:14,512 INFO AVS_ZohoIntegration.Program - AcctName: Diferencia Cambiaria
2026-06-25 11:14:14,513 INFO AVS_ZohoIntegration.Program - * Procesando resultado: 253 *
2026-06-25 11:14:14,514 INFO AVS_ZohoIntegration.Program - AcctCode: 82110000
2026-06-25 11:14:14,514 INFO AVS_ZohoIntegration.Program - AcctName: Ganancia/Perdida por Tipo Cambio en Inventario
2026-06-25 11:14:14,515 INFO AVS_ZohoIntegration.Program - * Procesando resultado: 254 *
2026-06-25 11:14:14,517 INFO AVS_ZohoIntegration.Program - AcctCode: 82120000
2026-06-25 11:14:14,517 INFO AVS_ZohoIntegration.Program - AcctName: Perdida por Tipo de Cambio
2026-06-25 11:14:14,518 INFO AVS_ZohoIntegration.Program - * Procesando resultado: 255 *
2026-06-25 11:14:14,518 INFO AVS_ZohoIntegration.Program - AcctCode: 82130000
2026-06-25 11:14:14,519 INFO AVS_ZohoIntegration.Program - AcctName: Ganancia por Tipo de Cambio
2026-06-25 11:14:14,519 INFO AVS_ZohoIntegration.Program - * Procesando resultado: 256 *
2026-06-25 11:14:14,520 INFO AVS_ZohoIntegration.Program - AcctCode: 82140000
2026-06-25 11:14:14,520 INFO AVS_ZohoIntegration.Program - AcctName: Ganancia por Tipo de Cambio no Realizada
2026-06-25 11:14:14,521 INFO AVS_ZohoIntegration.Program - * Procesando resultado: 257 *
2026-06-25 11:14:14,521 INFO AVS_ZohoIntegration.Program - AcctCode: 82150000
2026-06-25 11:14:14,522 INFO AVS_ZohoIntegration.Program - AcctName: Perdida por Tipo de Cambio no Realizada
2026-06-25 11:14:14,523 INFO AVS_ZohoIntegration.Program - * Procesando resultado: 258 *
2026-06-25 11:14:14,523 INFO AVS_ZohoIntegration.Program - AcctCode: 83000000
2026-06-25 11:14:14,524 INFO AVS_ZohoIntegration.Program - AcctName: Misceláneos
2026-06-25 11:14:14,524 INFO AVS_ZohoIntegration.Program - * Procesando resultado: 259 *
2026-06-25 11:14:14,525 INFO AVS_ZohoIntegration.Program - AcctCode: 83100000
2026-06-25 11:14:14,525 INFO AVS_ZohoIntegration.Program - AcctName: Misceláneos
2026-06-25 11:14:14,526 INFO AVS_ZohoIntegration.Program - * Procesando resultado: 260 *
2026-06-25 11:14:14,527 INFO AVS_ZohoIntegration.Program - AcctCode: 83110000
2026-06-25 11:14:14,527 INFO AVS_ZohoIntegration.Program - AcctName: Diferencias por Redondeo en Cobranzas
2026-06-25 11:14:14,528 INFO AVS_ZohoIntegration.Program - * Procesando resultado: 261 *
2026-06-25 11:14:14,528 INFO AVS_ZohoIntegration.Program - AcctCode: 83120000
2026-06-25 11:14:14,529 INFO AVS_ZohoIntegration.Program - AcctName: Diferencias por Redondeo en Pagos
2026-06-25 11:14:14,530 INFO AVS_ZohoIntegration.Program - * Procesando resultado: 262 *
2026-06-25 11:14:14,530 INFO AVS_ZohoIntegration.Program - AcctCode: 83130000
2026-06-25 11:14:14,531 INFO AVS_ZohoIntegration.Program - AcctName: Gastos Misceláneos
2026-06-25 11:14:14,531 INFO AVS_ZohoIntegration.Program - * Procesando resultado: 263 *
2026-06-25 11:14:14,532 INFO AVS_ZohoIntegration.Program - AcctCode: 83140000
2026-06-25 11:14:14,532 INFO AVS_ZohoIntegration.Program - AcctName: Ingresos Misceláneos
2026-06-25 11:14:14,533 INFO AVS_ZohoIntegration.Program - * Procesando resultado: 264 *
2026-06-25 11:14:14,533 INFO AVS_ZohoIntegration.Program - AcctCode: 83150000
2026-06-25 11:14:14,534 INFO AVS_ZohoIntegration.Program - AcctName: REPOMO
2026-06-25 11:14:14,534 INFO AVS_ZohoIntegration.Program - * Procesando resultado: 265 *
2026-06-25 11:14:14,535 INFO AVS_ZohoIntegration.Program - AcctCode: 900000000000000
2026-06-25 11:14:14,535 INFO AVS_ZohoIntegration.Program - AcctName: #9
2026-06-25 11:14:14,536 INFO AVS_ZohoIntegration.Program - * Procesando resultado: 266 *
2026-06-25 11:14:14,537 INFO AVS_ZohoIntegration.Program - AcctCode: 91000000
2026-06-25 11:14:14,537 INFO AVS_ZohoIntegration.Program - AcctName: Otros Ingresos y Gastos
2026-06-25 11:14:14,538 INFO AVS_ZohoIntegration.Program - * Procesando resultado: 267 *
2026-06-25 11:14:14,538 INFO AVS_ZohoIntegration.Program - AcctCode: 91100000
2026-06-25 11:14:14,539 INFO AVS_ZohoIntegration.Program - AcctName: Bajas - Resultado por Baja de Activos Fijos
2026-06-25 11:14:14,539 INFO AVS_ZohoIntegration.Program - * Procesando resultado: 268 *
2026-06-25 11:14:14,540 INFO AVS_ZohoIntegration.Program - AcctCode: 91110000
2026-06-25 11:14:14,540 INFO AVS_ZohoIntegration.Program - AcctName: Ganancia / Perdida por Baja de Activos Fijo
2026-06-25 11:14:14,541 INFO AVS_ZohoIntegration.Program - * Procesando resultado: 269 *
2026-06-25 11:14:14,541 INFO AVS_ZohoIntegration.Program - AcctCode: 91200000
2026-06-25 11:14:14,542 INFO AVS_ZohoIntegration.Program - AcctName: Extraordinarios - Ingresos y Gastos Extraordinarios
2026-06-25 11:14:14,542 INFO AVS_ZohoIntegration.Program - * Procesando resultado: 270 *
2026-06-25 11:14:14,542 INFO AVS_ZohoIntegration.Program - AcctCode: 91210000
2026-06-25 11:14:14,543 INFO AVS_ZohoIntegration.Program - AcctName: Ingresos / Gastos Extraordinarios
2026-06-25 11:14:14,543 INFO AVS_ZohoIntegration.Program - * Procesando resultado: 271 *
2026-06-25 11:14:14,544 INFO AVS_ZohoIntegration.Program - AcctCode: 91300000
2026-06-25 11:14:14,544 INFO AVS_ZohoIntegration.Program - AcctName: Ganancia / Perdida po Reexpresión a la Inflación
2026-06-25 11:14:14,545 INFO AVS_ZohoIntegration.Program - * Procesando resultado: 272 *
2026-06-25 11:14:14,546 INFO AVS_ZohoIntegration.Program - AcctCode: 91310000
2026-06-25 11:14:14,546 INFO AVS_ZohoIntegration.Program - AcctName: Ganancia / Perdida por Reexpresión
2026-06-25 11:14:14,547 INFO AVS_ZohoIntegration.Program - * Procesando resultado: 273 *
2026-06-25 11:14:14,547 INFO AVS_ZohoIntegration.Program - AcctCode: 91320000
2026-06-25 11:14:14,548 INFO AVS_ZohoIntegration.Program - AcctName: Corrección por Reexpresión
2026-06-25 11:14:14,548 INFO AVS_ZohoIntegration.Program - * Procesando resultado: 274 *
2026-06-25 11:14:14,549 INFO AVS_ZohoIntegration.Program - AcctCode: A00000000000000
2026-06-25 11:14:14,550 INFO AVS_ZohoIntegration.Program - AcctName: #10
2026-06-25 11:14:42,115 INFO AVS_ZohoIntegration.Program - Se han obtenido 274 resultados pendientes de procesar.
2026-06-25 11:14:53,149 INFO AVS_ZohoIntegration.Program - * Procesando resultado: 1 *
2026-06-25 11:15:15,866 INFO AVS_ZohoIntegration.Program - AcctCode: 100000000000000
2026-06-25 11:15:20,530 INFO AVS_ZohoIntegration.Program - AcctName: Activos
2026-06-25 11:15:26,667 INFO AVS_ZohoIntegration.Program - * Procesando resultado: 2 *
2026-06-25 11:15:26,668 INFO AVS_ZohoIntegration.Program - AcctCode: 11000000
2026-06-25 11:15:26,669 INFO AVS_ZohoIntegration.Program - AcctName: Activos Circulantes
2026-06-25 11:15:26,669 INFO AVS_ZohoIntegration.Program - * Procesando resultado: 3 *
2026-06-25 11:15:26,669 INFO AVS_ZohoIntegration.Program - AcctCode: 11100000
2026-06-25 11:15:26,670 INFO AVS_ZohoIntegration.Program - AcctName: Caja y Bancos
2026-06-25 11:15:26,671 INFO AVS_ZohoIntegration.Program - * Procesando resultado: 4 *
2026-06-25 11:15:26,671 INFO AVS_ZohoIntegration.Program - AcctCode: 11101000
2026-06-25 11:15:26,672 INFO AVS_ZohoIntegration.Program - AcctName: Caja
2026-06-25 11:15:26,672 INFO AVS_ZohoIntegration.Program - * Procesando resultado: 5 *
2026-06-25 11:15:26,673 INFO AVS_ZohoIntegration.Program - AcctCode: 11101100
2026-06-25 11:15:26,673 INFO AVS_ZohoIntegration.Program - AcctName: Caja Dolares
2026-06-25 11:15:26,674 INFO AVS_ZohoIntegration.Program - * Procesando resultado: 6 *
2026-06-25 11:15:26,674 INFO AVS_ZohoIntegration.Program - AcctCode: 11101200
2026-06-25 11:15:26,675 INFO AVS_ZohoIntegration.Program - AcctName: Caja Euros
2026-06-25 11:15:26,675 INFO AVS_ZohoIntegration.Program - * Procesando resultado: 7 *
2026-06-25 11:15:26,676 INFO AVS_ZohoIntegration.Program - AcctCode: 11102000
2026-06-25 11:15:26,676 INFO AVS_ZohoIntegration.Program - AcctName: Cuenta de Banco 1 - Cheques
2026-06-25 11:15:26,676 INFO AVS_ZohoIntegration.Program - * Procesando resultado: 8 *
2026-06-25 11:15:26,677 INFO AVS_ZohoIntegration.Program - AcctCode: 11103000
2026-06-25 11:15:26,677 INFO AVS_ZohoIntegration.Program - AcctName: Cuenta de Banco 2 - Nomina
2026-06-25 11:15:26,677 INFO AVS_ZohoIntegration.Program - * Procesando resultado: 9 *
2026-06-25 11:15:26,678 INFO AVS_ZohoIntegration.Program - AcctCode: 11104000
2026-06-25 11:15:26,678 INFO AVS_ZohoIntegration.Program - AcctName: Cuenta de Banco 3 - Ahorros
2026-06-25 11:15:26,679 INFO AVS_ZohoIntegration.Program - * Procesando resultado: 10 *
2026-06-25 11:15:26,679 INFO AVS_ZohoIntegration.Program - AcctCode: 11105000
2026-06-25 11:15:26,680 INFO AVS_ZohoIntegration.Program - AcctName: Cuenta de Banco 4 - Transferencias
2026-06-25 11:15:26,680 INFO AVS_ZohoIntegration.Program - * Procesando resultado: 11 *
2026-06-25 11:15:26,681 INFO AVS_ZohoIntegration.Program - AcctCode: 11106000
2026-06-25 11:15:26,681 INFO AVS_ZohoIntegration.Program - AcctName: Caja de Cheques
2026-06-25 11:15:26,681 INFO AVS_ZohoIntegration.Program - * Procesando resultado: 12 *
2026-06-25 11:15:26,682 INFO AVS_ZohoIntegration.Program - AcctCode: 11107000
2026-06-25 11:15:26,682 INFO AVS_ZohoIntegration.Program - AcctName: Caja de Vouchers de Tarjetas de Crédito
2026-06-25 11:15:26,682 INFO AVS_ZohoIntegration.Program - * Procesando resultado: 13 *
2026-06-25 11:15:26,683 INFO AVS_ZohoIntegration.Program - AcctCode: 11108000
2026-06-25 11:15:26,683 INFO AVS_ZohoIntegration.Program - AcctName: Inversiones a Corto Plazo
2026-06-25 11:15:26,684 INFO AVS_ZohoIntegration.Program - * Procesando resultado: 14 *
2026-06-25 11:15:26,684 INFO AVS_ZohoIntegration.Program - AcctCode: 11109000
2026-06-25 11:15:26,684 INFO AVS_ZohoIntegration.Program - AcctName: Caja de moneda extranjera
2026-06-25 11:15:26,686 INFO AVS_ZohoIntegration.Program - * Procesando resultado: 15 *
2026-06-25 11:15:26,686 INFO AVS_ZohoIntegration.Program - AcctCode: 11200000
2026-06-25 11:15:26,686 INFO AVS_ZohoIntegration.Program - AcctName: Cuentas por Cobrar
2026-06-25 11:15:26,687 INFO AVS_ZohoIntegration.Program - * Procesando resultado: 16 *
2026-06-25 11:15:26,687 INFO AVS_ZohoIntegration.Program - AcctCode: 11210000
2026-06-25 11:15:26,687 INFO AVS_ZohoIntegration.Program - AcctName: Cuentas por Cobrar - Nacionales
2026-06-25 11:15:26,687 INFO AVS_ZohoIntegration.Program - * Procesando resultado: 17 *
2026-06-25 11:15:26,688 INFO AVS_ZohoIntegration.Program - AcctCode: 11220000
2026-06-25 11:15:26,688 INFO AVS_ZohoIntegration.Program - AcctName: Cuentas por Cobrar - Extranjeras
2026-06-25 11:15:26,688 INFO AVS_ZohoIntegration.Program - * Procesando resultado: 18 *
2026-06-25 11:15:26,688 INFO AVS_ZohoIntegration.Program - AcctCode: 11230000
2026-06-25 11:15:26,689 INFO AVS_ZohoIntegration.Program - AcctName: Reserva Cuentas Incobrables
2026-06-25 11:15:26,689 INFO AVS_ZohoIntegration.Program - * Procesando resultado: 19 *
2026-06-25 11:15:26,689 INFO AVS_ZohoIntegration.Program - AcctCode: 11240000
2026-06-25 11:15:26,691 INFO AVS_ZohoIntegration.Program - AcctName: Intereses Cobrados
2026-06-25 11:15:26,691 INFO AVS_ZohoIntegration.Program - * Procesando resultado: 20 *
2026-06-25 11:15:26,692 INFO AVS_ZohoIntegration.Program - AcctCode: 11250000
2026-06-25 11:15:26,692 INFO AVS_ZohoIntegration.Program - AcctName: Cuentas por Cobrar - Otros
2026-06-25 11:15:26,692 INFO AVS_ZohoIntegration.Program - * Procesando resultado: 21 *
2026-06-25 11:15:26,693 INFO AVS_ZohoIntegration.Program - AcctCode: 11260000
2026-06-25 11:15:26,693 INFO AVS_ZohoIntegration.Program - AcctName: Anticipo Gastos de Viaje
2026-06-25 11:15:26,693 INFO AVS_ZohoIntegration.Program - * Procesando resultado: 22 *
2026-06-25 11:15:26,693 INFO AVS_ZohoIntegration.Program - AcctCode: 11300000
2026-06-25 11:15:26,693 INFO AVS_ZohoIntegration.Program - AcctName: Inventario
2026-06-25 11:15:26,694 INFO AVS_ZohoIntegration.Program - * Procesando resultado: 23 *
2026-06-25 11:15:26,694 INFO AVS_ZohoIntegration.Program - AcctCode: 11310000
2026-06-25 11:15:26,695 INFO AVS_ZohoIntegration.Program - AcctName: Inventario - Materia Prima
2026-06-25 11:15:26,695 INFO AVS_ZohoIntegration.Program - * Procesando resultado: 24 *
2026-06-25 11:15:26,695 INFO AVS_ZohoIntegration.Program - AcctCode: 11320000
2026-06-25 11:15:26,696 INFO AVS_ZohoIntegration.Program - AcctName: Inventario - Producción en Proceso
2026-06-25 11:15:26,696 INFO AVS_ZohoIntegration.Program - * Procesando resultado: 25 *
2026-06-25 11:15:26,696 INFO AVS_ZohoIntegration.Program - AcctCode: 11330000
2026-06-25 11:15:26,697 INFO AVS_ZohoIntegration.Program - AcctName: Inventario - Productos Semi Terminados
2026-06-25 11:15:26,697 INFO AVS_ZohoIntegration.Program - * Procesando resultado: 26 *
2026-06-25 11:15:26,697 INFO AVS_ZohoIntegration.Program - AcctCode: 11340000
2026-06-25 11:15:26,698 INFO AVS_ZohoIntegration.Program - AcctName: Inventario - Productos Terminados
2026-06-25 11:15:26,698 INFO AVS_ZohoIntegration.Program - * Procesando resultado: 27 *
2026-06-25 11:15:26,698 INFO AVS_ZohoIntegration.Program - AcctCode: 11350000
2026-06-25 11:15:26,699 INFO AVS_ZohoIntegration.Program - AcctName: Inventario
2026-06-25 11:15:26,699 INFO AVS_ZohoIntegration.Program - * Procesando resultado: 28 *
2026-06-25 11:15:26,700 INFO AVS_ZohoIntegration.Program - AcctCode: 11360000
2026-06-25 11:15:26,700 INFO AVS_ZohoIntegration.Program - AcctName: Actualizacion de Inventario P.T.
2026-06-25 11:15:26,701 INFO AVS_ZohoIntegration.Program - * Procesando resultado: 29 *
2026-06-25 11:15:26,701 INFO AVS_ZohoIntegration.Program - AcctCode: 11370000
2026-06-25 11:15:26,702 INFO AVS_ZohoIntegration.Program - AcctName: Mermas
2026-06-25 11:15:26,702 INFO AVS_ZohoIntegration.Program - * Procesando resultado: 30 *
2026-06-25 11:15:26,702 INFO AVS_ZohoIntegration.Program - AcctCode: 11400000
2026-06-25 11:15:26,703 INFO AVS_ZohoIntegration.Program - AcctName: Otros Activos Corrientes
2026-06-25 11:15:26,703 INFO AVS_ZohoIntegration.Program - * Procesando resultado: 31 *
2026-06-25 11:15:26,704 INFO AVS_ZohoIntegration.Program - AcctCode: 11410000
2026-06-25 11:15:26,705 INFO AVS_ZohoIntegration.Program - AcctName: Anticipos
2026-06-25 11:15:26,706 INFO AVS_ZohoIntegration.Program - * Procesando resultado: 32 *
2026-06-25 11:15:26,707 INFO AVS_ZohoIntegration.Program - AcctCode: 11420000
2026-06-25 11:15:26,707 INFO AVS_ZohoIntegration.Program - AcctName: IVA por Cobrar
2026-06-25 11:15:26,708 INFO AVS_ZohoIntegration.Program - * Procesando resultado: 33 *
2026-06-25 11:15:26,708 INFO AVS_ZohoIntegration.Program - AcctCode: 11430000
2026-06-25 11:15:26,708 INFO AVS_ZohoIntegration.Program - AcctName: IVA Diferido por Cobrar
2026-06-25 11:15:26,709 INFO AVS_ZohoIntegration.Program - * Procesando resultado: 34 *
2026-06-25 11:15:26,709 INFO AVS_ZohoIntegration.Program - AcctCode: 11440000
2026-06-25 11:15:26,710 INFO AVS_ZohoIntegration.Program - AcctName: Prestamos - A Corto Plazo
2026-06-25 11:15:26,710 INFO AVS_ZohoIntegration.Program - * Procesando resultado: 35 *
2026-06-25 11:15:26,711 INFO AVS_ZohoIntegration.Program - AcctCode: 11450000
2026-06-25 11:15:26,711 INFO AVS_ZohoIntegration.Program - AcctName: Gastos por Pagar - A Corto Plazo
2026-06-25 11:15:26,712 INFO AVS_ZohoIntegration.Program - * Procesando resultado: 36 *
2026-06-25 11:15:26,713 INFO AVS_ZohoIntegration.Program - AcctCode: 11460000
2026-06-25 11:15:26,713 INFO AVS_ZohoIntegration.Program - AcctName: IVA no Deducible
2026-06-25 11:15:26,713 INFO AVS_ZohoIntegration.Program - * Procesando resultado: 37 *
2026-06-25 11:15:26,714 INFO AVS_ZohoIntegration.Program - AcctCode: 11470000
2026-06-25 11:15:26,714 INFO AVS_ZohoIntegration.Program - AcctName: IEPS
2026-06-25 11:15:26,715 INFO AVS_ZohoIntegration.Program - * Procesando resultado: 38 *
2026-06-25 11:15:26,715 INFO AVS_ZohoIntegration.Program - AcctCode: 11480000
2026-06-25 11:15:26,716 INFO AVS_ZohoIntegration.Program - AcctName: IEPS Diferido
2026-06-25 11:15:26,716 INFO AVS_ZohoIntegration.Program - * Procesando resultado: 39 *
2026-06-25 11:15:26,717 INFO AVS_ZohoIntegration.Program - AcctCode: 16000000
2026-06-25 11:15:26,717 INFO AVS_ZohoIntegration.Program - AcctName: Activos Fijos
2026-06-25 11:15:26,718 INFO AVS_ZohoIntegration.Program - * Procesando resultado: 40 *
2026-06-25 11:15:26,718 INFO AVS_ZohoIntegration.Program - AcctCode: 16100000
2026-06-25 11:15:26,718 INFO AVS_ZohoIntegration.Program - AcctName: Activos Fijos
2026-06-25 11:15:26,720 INFO AVS_ZohoIntegration.Program - * Procesando resultado: 41 *
2026-06-25 11:15:26,720 INFO AVS_ZohoIntegration.Program - AcctCode: 16110000
2026-06-25 11:15:26,721 INFO AVS_ZohoIntegration.Program - AcctName: Terrenos
2026-06-25 11:15:26,721 INFO AVS_ZohoIntegration.Program - * Procesando resultado: 42 *
2026-06-25 11:15:26,721 INFO AVS_ZohoIntegration.Program - AcctCode: 16120000
2026-06-25 11:15:26,722 INFO AVS_ZohoIntegration.Program - AcctName: Edificios
2026-06-25 11:15:26,722 INFO AVS_ZohoIntegration.Program - * Procesando resultado: 43 *
2026-06-25 11:15:26,723 INFO AVS_ZohoIntegration.Program - AcctCode: 16130000
2026-06-25 11:15:26,723 INFO AVS_ZohoIntegration.Program - AcctName: Maquinaria y Equipo
2026-06-25 11:15:26,724 INFO AVS_ZohoIntegration.Program - * Procesando resultado: 44 *
2026-06-25 11:15:26,724 INFO AVS_ZohoIntegration.Program - AcctCode: 16140000
2026-06-25 11:15:26,724 INFO AVS_ZohoIntegration.Program - AcctName: Mejoras por Leasing
2026-06-25 11:15:26,725 INFO AVS_ZohoIntegration.Program - * Procesando resultado: 45 *
2026-06-25 11:15:26,725 INFO AVS_ZohoIntegration.Program - AcctCode: 16150000
2026-06-25 11:15:26,726 INFO AVS_ZohoIntegration.Program - AcctName: Equipo de Transporte
2026-06-25 11:15:26,726 INFO AVS_ZohoIntegration.Program - * Procesando resultado: 46 *
2026-06-25 11:15:26,726 INFO AVS_ZohoIntegration.Program - AcctCode: 16160000
2026-06-25 11:15:26,727 INFO AVS_ZohoIntegration.Program - AcctName: Equipo de Oficina
2026-06-25 11:15:26,727 INFO AVS_ZohoIntegration.Program - * Procesando resultado: 47 *
2026-06-25 11:15:26,727 INFO AVS_ZohoIntegration.Program - AcctCode: 16170000
2026-06-25 11:15:26,728 INFO AVS_ZohoIntegration.Program - AcctName: Mobiliario
2026-06-25 11:15:26,728 INFO AVS_ZohoIntegration.Program - * Procesando resultado: 48 *
2026-06-25 11:15:26,728 INFO AVS_ZohoIntegration.Program - AcctCode: 16180000
2026-06-25 11:15:26,729 INFO AVS_ZohoIntegration.Program - AcctName: Equipo de Computo
2026-06-25 11:15:26,729 INFO AVS_ZohoIntegration.Program - * Procesando resultado: 49 *
2026-06-25 11:15:26,730 INFO AVS_ZohoIntegration.Program - AcctCode: 16185000
2026-06-25 11:15:26,730 INFO AVS_ZohoIntegration.Program - AcctName: Programas de Computo
2026-06-25 11:15:26,730 INFO AVS_ZohoIntegration.Program - * Procesando resultado: 50 *
2026-06-25 11:15:26,731 INFO AVS_ZohoIntegration.Program - AcctCode: 16190000
2026-06-25 11:15:26,731 INFO AVS_ZohoIntegration.Program - AcctName: Activos en Construcción
2026-06-25 11:15:26,732 INFO AVS_ZohoIntegration.Program - * Procesando resultado: 51 *
2026-06-25 11:15:26,732 INFO AVS_ZohoIntegration.Program - AcctCode: 16500000
2026-06-25 11:15:26,733 INFO AVS_ZohoIntegration.Program - AcctName: Depreciación Acumulada
2026-06-25 11:15:26,733 INFO AVS_ZohoIntegration.Program - * Procesando resultado: 52 *
2026-06-25 11:15:26,734 INFO AVS_ZohoIntegration.Program - AcctCode: 16510000
2026-06-25 11:15:26,734 INFO AVS_ZohoIntegration.Program - AcctName: Depreciación Acumulada - Mejoras a propiedades
2026-06-25 11:15:26,735 INFO AVS_ZohoIntegration.Program - * Procesando resultado: 53 *
2026-06-25 11:15:26,736 INFO AVS_ZohoIntegration.Program - AcctCode: 16520000
2026-06-25 11:15:26,736 INFO AVS_ZohoIntegration.Program - AcctName: Dep. Acum. - Edificios
2026-06-25 11:15:26,737 INFO AVS_ZohoIntegration.Program - * Procesando resultado: 54 *
2026-06-25 11:15:26,737 INFO AVS_ZohoIntegration.Program - AcctCode: 16530000
2026-06-25 11:15:26,738 INFO AVS_ZohoIntegration.Program - AcctName: Dep. Acum. - Maquinaria y Equipo
2026-06-25 11:15:26,738 INFO AVS_ZohoIntegration.Program - * Procesando resultado: 55 *
2026-06-25 11:15:26,739 INFO AVS_ZohoIntegration.Program - AcctCode: 16540000
2026-06-25 11:15:26,739 INFO AVS_ZohoIntegration.Program - AcctName: Dep. Acum. - Mejoras por Leasing
2026-06-25 11:15:26,740 INFO AVS_ZohoIntegration.Program - * Procesando resultado: 56 *
2026-06-25 11:15:26,740 INFO AVS_ZohoIntegration.Program - AcctCode: 16550000
2026-06-25 11:15:26,741 INFO AVS_ZohoIntegration.Program - AcctName: Dep. Acum. - Equipo de Transporte
2026-06-25 11:15:26,741 INFO AVS_ZohoIntegration.Program - * Procesando resultado: 57 *
2026-06-25 11:15:26,741 INFO AVS_ZohoIntegration.Program - AcctCode: 16560000
2026-06-25 11:15:26,742 INFO AVS_ZohoIntegration.Program - AcctName: Dep. Acum. - Equipo de Oficina
2026-06-25 11:15:26,742 INFO AVS_ZohoIntegration.Program - * Procesando resultado: 58 *
2026-06-25 11:15:26,743 INFO AVS_ZohoIntegration.Program - AcctCode: 16570000
2026-06-25 11:15:26,743 INFO AVS_ZohoIntegration.Program - AcctName: Dep. Acum. - Mobiliario
2026-06-25 11:15:26,744 INFO AVS_ZohoIntegration.Program - * Procesando resultado: 59 *
2026-06-25 11:15:26,744 INFO AVS_ZohoIntegration.Program - AcctCode: 16580000
2026-06-25 11:15:26,745 INFO AVS_ZohoIntegration.Program - AcctName: Dep. Acum. - Equipo de Computo
2026-06-25 11:15:26,745 INFO AVS_ZohoIntegration.Program - * Procesando resultado: 60 *
2026-06-25 11:15:26,746 INFO AVS_ZohoIntegration.Program - AcctCode: 16585000
2026-06-25 11:15:26,746 INFO AVS_ZohoIntegration.Program - AcctName: Amortización Acum. - Programas de Computo
2026-06-25 11:15:26,747 INFO AVS_ZohoIntegration.Program - * Procesando resultado: 61 *
2026-06-25 11:15:26,747 INFO AVS_ZohoIntegration.Program - AcctCode: 18000000
2026-06-25 11:15:26,748 INFO AVS_ZohoIntegration.Program - AcctName: Inversiones
2026-06-25 11:15:26,748 INFO AVS_ZohoIntegration.Program - * Procesando resultado: 62 *
2026-06-25 11:15:26,749 INFO AVS_ZohoIntegration.Program - AcctCode: 18100000
2026-06-25 11:15:26,749 INFO AVS_ZohoIntegration.Program - AcctName: Inversiones
2026-06-25 11:15:26,750 INFO AVS_ZohoIntegration.Program - * Procesando resultado: 63 *
2026-06-25 11:15:26,751 INFO AVS_ZohoIntegration.Program - AcctCode: 18101000
2026-06-25 11:15:26,752 INFO AVS_ZohoIntegration.Program - AcctName: Otras Inversiones Comerciales
2026-06-25 11:15:26,752 INFO AVS_ZohoIntegration.Program - * Procesando resultado: 64 *
2026-06-25 11:15:26,753 INFO AVS_ZohoIntegration.Program - AcctCode: 18102000
2026-06-25 11:15:26,753 INFO AVS_ZohoIntegration.Program - AcctName: Inversiones en empresas relacionadas
2026-06-25 11:15:26,754 INFO AVS_ZohoIntegration.Program - * Procesando resultado: 65 *
2026-06-25 11:15:26,755 INFO AVS_ZohoIntegration.Program - AcctCode: 18103000
2026-06-25 11:15:26,755 INFO AVS_ZohoIntegration.Program - AcctName: Inversiones en otras sociedades
2026-06-25 11:15:26,755 INFO AVS_ZohoIntegration.Program - * Procesando resultado: 66 *
2026-06-25 11:15:26,756 INFO AVS_ZohoIntegration.Program - AcctCode: 18104000
2026-06-25 11:15:26,756 INFO AVS_ZohoIntegration.Program - AcctName: Menor valor de inversiones
2026-06-25 11:15:26,756 INFO AVS_ZohoIntegration.Program - * Procesando resultado: 67 *
2026-06-25 11:15:26,757 INFO AVS_ZohoIntegration.Program - AcctCode: 18105000
2026-06-25 11:15:26,757 INFO AVS_ZohoIntegration.Program - AcctName: Mayor valor de inversiones
2026-06-25 11:15:26,758 INFO AVS_ZohoIntegration.Program - * Procesando resultado: 68 *
2026-06-25 11:15:26,758 INFO AVS_ZohoIntegration.Program - AcctCode: 19000000
2026-06-25 11:15:26,759 INFO AVS_ZohoIntegration.Program - AcctName: Activo Diferido
2026-06-25 11:15:26,759 INFO AVS_ZohoIntegration.Program - * Procesando resultado: 69 *
2026-06-25 11:15:26,760 INFO AVS_ZohoIntegration.Program - AcctCode: 19100000
2026-06-25 11:15:26,760 INFO AVS_ZohoIntegration.Program - AcctName: Activo Diferido
2026-06-25 11:15:26,761 INFO AVS_ZohoIntegration.Program - * Procesando resultado: 70 *
2026-06-25 11:15:26,761 INFO AVS_ZohoIntegration.Program - AcctCode: 19101000
2026-06-25 11:15:26,761 INFO AVS_ZohoIntegration.Program - AcctName: Gastos de Instalación
2026-06-25 11:15:26,761 INFO AVS_ZohoIntegration.Program - * Procesando resultado: 71 *
2026-06-25 11:15:26,763 INFO AVS_ZohoIntegration.Program - AcctCode: 19102000
2026-06-25 11:15:26,763 INFO AVS_ZohoIntegration.Program - AcctName: Amortización de Gastos de Instalación
2026-06-25 11:15:26,764 INFO AVS_ZohoIntegration.Program - * Procesando resultado: 72 *
2026-06-25 11:15:26,764 INFO AVS_ZohoIntegration.Program - AcctCode: 19103000
2026-06-25 11:15:26,765 INFO AVS_ZohoIntegration.Program - AcctName: Programas de Computo
2026-06-25 11:15:26,766 INFO AVS_ZohoIntegration.Program - * Procesando resultado: 73 *
2026-06-25 11:15:26,766 INFO AVS_ZohoIntegration.Program - AcctCode: 19104000
2026-06-25 11:15:26,767 INFO AVS_ZohoIntegration.Program - AcctName: Amortización de Programas de Computo
2026-06-25 11:15:26,767 INFO AVS_ZohoIntegration.Program - * Procesando resultado: 74 *
2026-06-25 11:15:26,768 INFO AVS_ZohoIntegration.Program - AcctCode: 19105000
2026-06-25 11:15:26,768 INFO AVS_ZohoIntegration.Program - AcctName: Patentes y Marcas
2026-06-25 11:15:26,769 INFO AVS_ZohoIntegration.Program - * Procesando resultado: 75 *
2026-06-25 11:15:26,769 INFO AVS_ZohoIntegration.Program - AcctCode: 19106000
2026-06-25 11:15:26,770 INFO AVS_ZohoIntegration.Program - AcctName: Amortización de Patentes y Marcas
2026-06-25 11:15:26,771 INFO AVS_ZohoIntegration.Program - * Procesando resultado: 76 *
2026-06-25 11:15:26,771 INFO AVS_ZohoIntegration.Program - AcctCode: 19107000
2026-06-25 11:15:26,772 INFO AVS_ZohoIntegration.Program - AcctName: Impuestos Diferidos a largo plazo
2026-06-25 11:15:26,773 INFO AVS_ZohoIntegration.Program - * Procesando resultado: 77 *
2026-06-25 11:15:26,773 INFO AVS_ZohoIntegration.Program - AcctCode: 200000000000000
2026-06-25 11:15:26,774 INFO AVS_ZohoIntegration.Program - AcctName: Pasivos
2026-06-25 11:15:26,774 INFO AVS_ZohoIntegration.Program - * Procesando resultado: 78 *
2026-06-25 11:15:26,775 INFO AVS_ZohoIntegration.Program - AcctCode: 21000000
2026-06-25 11:15:26,775 INFO AVS_ZohoIntegration.Program - AcctName: Pasivo Circulante
2026-06-25 11:15:26,775 INFO AVS_ZohoIntegration.Program - * Procesando resultado: 79 *
2026-06-25 11:15:26,776 INFO AVS_ZohoIntegration.Program - AcctCode: 21100000
2026-06-25 11:15:26,776 INFO AVS_ZohoIntegration.Program - AcctName: Cuentas por Pagar
2026-06-25 11:15:26,777 INFO AVS_ZohoIntegration.Program - * Procesando resultado: 80 *
2026-06-25 11:15:26,778 INFO AVS_ZohoIntegration.Program - AcctCode: 21101000
2026-06-25 11:15:26,778 INFO AVS_ZohoIntegration.Program - AcctName: Cuentas por Pagar - Proveedores Nacionales
2026-06-25 11:15:26,778 INFO AVS_ZohoIntegration.Program - * Procesando resultado: 81 *
2026-06-25 11:15:26,779 INFO AVS_ZohoIntegration.Program - AcctCode: 21102000
2026-06-25 11:15:26,780 INFO AVS_ZohoIntegration.Program - AcctName: Cuentas por Pagar - Proveedores Extranjeros
2026-06-25 11:15:26,780 INFO AVS_ZohoIntegration.Program - * Procesando resultado: 82 *
2026-06-25 11:15:26,780 INFO AVS_ZohoIntegration.Program - AcctCode: 21103000
2026-06-25 11:15:26,781 INFO AVS_ZohoIntegration.Program - AcctName: Compensación de Compras
2026-06-25 11:15:26,781 INFO AVS_ZohoIntegration.Program - * Procesando resultado: 83 *
2026-06-25 11:15:26,782 INFO AVS_ZohoIntegration.Program - AcctCode: 21104000
2026-06-25 11:15:26,783 INFO AVS_ZohoIntegration.Program - AcctName: Documentos por pagar
2026-06-25 11:15:26,783 INFO AVS_ZohoIntegration.Program - * Procesando resultado: 84 *
2026-06-25 11:15:26,784 INFO AVS_ZohoIntegration.Program - AcctCode: 21105000
2026-06-25 11:15:26,784 INFO AVS_ZohoIntegration.Program - AcctName: Acreedores varios
2026-06-25 11:15:26,785 INFO AVS_ZohoIntegration.Program - * Procesando resultado: 85 *
2026-06-25 11:15:26,785 INFO AVS_ZohoIntegration.Program - AcctCode: 21105100
2026-06-25 11:15:26,786 INFO AVS_ZohoIntegration.Program - AcctName: Documentos y cuentas por pagar empresas relacionadas
2026-06-25 11:15:26,786 INFO AVS_ZohoIntegration.Program - * Procesando resultado: 86 *
2026-06-25 11:15:26,786 INFO AVS_ZohoIntegration.Program - AcctCode: 21106000
2026-06-25 11:15:26,787 INFO AVS_ZohoIntegration.Program - AcctName: Obligaciones con bancos e instituciones financieras a corto plazo
2026-06-25 11:15:26,787 INFO AVS_ZohoIntegration.Program - * Procesando resultado: 87 *
2026-06-25 11:15:26,788 INFO AVS_ZohoIntegration.Program - AcctCode: 21107000
2026-06-25 11:15:26,788 INFO AVS_ZohoIntegration.Program - AcctName: Obligaciones con bancos e instituciones financieras largo plazo - porción corto plazo
2026-06-25 11:15:26,788 INFO AVS_ZohoIntegration.Program - * Procesando resultado: 88 *
2026-06-25 11:15:26,789 INFO AVS_ZohoIntegration.Program - AcctCode: 21108000
2026-06-25 11:15:26,789 INFO AVS_ZohoIntegration.Program - AcctName: Obligaciones con el público (pagarés)
2026-06-25 11:15:26,790 INFO AVS_ZohoIntegration.Program - * Procesando resultado: 89 *
2026-06-25 11:15:26,791 INFO AVS_ZohoIntegration.Program - AcctCode: 21109000
2026-06-25 11:15:26,791 INFO AVS_ZohoIntegration.Program - AcctName: Obligaciones con el público - porción corto plazo (bonos)
2026-06-25 11:15:26,792 INFO AVS_ZohoIntegration.Program - * Procesando resultado: 90 *
2026-06-25 11:15:26,793 INFO AVS_ZohoIntegration.Program - AcctCode: 21111000
2026-06-25 11:15:26,793 INFO AVS_ZohoIntegration.Program - AcctName: Obligaciones largo plazo con vencimiento dentro de un año
2026-06-25 11:15:26,794 INFO AVS_ZohoIntegration.Program - * Procesando resultado: 91 *
2026-06-25 11:15:26,794 INFO AVS_ZohoIntegration.Program - AcctCode: 21112000
2026-06-25 11:15:26,795 INFO AVS_ZohoIntegration.Program - AcctName: Dividendos por pagar
2026-06-25 11:15:26,795 INFO AVS_ZohoIntegration.Program - * Procesando resultado: 92 *
2026-06-25 11:15:26,796 INFO AVS_ZohoIntegration.Program - AcctCode: 21113000
2026-06-25 11:15:26,796 INFO AVS_ZohoIntegration.Program - AcctName: Anticipos pagados para stocks
2026-06-25 11:15:26,797 INFO AVS_ZohoIntegration.Program - * Procesando resultado: 93 *
2026-06-25 11:15:26,798 INFO AVS_ZohoIntegration.Program - AcctCode: 21114000
2026-06-25 11:15:26,798 INFO AVS_ZohoIntegration.Program - AcctName: Mercaderias Recibidas sin Facturar
2026-06-25 11:15:26,799 INFO AVS_ZohoIntegration.Program - * Procesando resultado: 94 *
2026-06-25 11:15:26,799 INFO AVS_ZohoIntegration.Program - AcctCode: 21115000
2026-06-25 11:15:26,800 INFO AVS_ZohoIntegration.Program - AcctName: Cargo por manejo de tarjeta de crédito
2026-06-25 11:15:26,800 INFO AVS_ZohoIntegration.Program - * Procesando resultado: 95 *
2026-06-25 11:15:26,801 INFO AVS_ZohoIntegration.Program - AcctCode: 21200000
2026-06-25 11:15:26,801 INFO AVS_ZohoIntegration.Program - AcctName: Pasivos de Nomina
2026-06-25 11:15:26,802 INFO AVS_ZohoIntegration.Program - * Procesando resultado: 96 *
2026-06-25 11:15:26,802 INFO AVS_ZohoIntegration.Program - AcctCode: 21210000
2026-06-25 11:15:26,803 INFO AVS_ZohoIntegration.Program - AcctName: Sueldos por Pagar
2026-06-25 11:15:26,803 INFO AVS_ZohoIntegration.Program - * Procesando resultado: 97 *
2026-06-25 11:15:26,804 INFO AVS_ZohoIntegration.Program - AcctCode: 21211000
2026-06-25 11:15:26,805 INFO AVS_ZohoIntegration.Program - AcctName: Impuestos sobre Nomina Federales
2026-06-25 11:15:26,805 INFO AVS_ZohoIntegration.Program - * Procesando resultado: 98 *
2026-06-25 11:15:26,805 INFO AVS_ZohoIntegration.Program - AcctCode: 21212000
2026-06-25 11:15:26,806 INFO AVS_ZohoIntegration.Program - AcctName: Impuestos sobre Nomina Estatales
2026-06-25 11:15:26,807 INFO AVS_ZohoIntegration.Program - * Procesando resultado: 99 *
2026-06-25 11:15:26,807 INFO AVS_ZohoIntegration.Program - AcctCode: 21213000
2026-06-25 11:15:26,808 INFO AVS_ZohoIntegration.Program - AcctName: Gastos de Nomina - Seguro Social
2026-06-25 11:15:26,808 INFO AVS_ZohoIntegration.Program - * Procesando resultado: 100 *
2026-06-25 11:15:26,809 INFO AVS_ZohoIntegration.Program - AcctCode: 21214000
2026-06-25 11:15:26,809 INFO AVS_ZohoIntegration.Program - AcctName: Gastos de Nomina - Gastos Médicos
2026-06-25 11:15:26,810 INFO AVS_ZohoIntegration.Program - * Procesando resultado: 101 *
2026-06-25 11:15:26,810 INFO AVS_ZohoIntegration.Program - AcctCode: 21215000
2026-06-25 11:15:26,811 INFO AVS_ZohoIntegration.Program - AcctName: Gastos de Nomina - Vales de Despensa
2026-06-25 11:15:26,811 INFO AVS_ZohoIntegration.Program - * Procesando resultado: 102 *
2026-06-25 11:15:26,812 INFO AVS_ZohoIntegration.Program - AcctCode: 21216000
2026-06-25 11:15:26,813 INFO AVS_ZohoIntegration.Program - AcctName: Gastos de Nomina - Apoyo de transporte
2026-06-25 11:15:26,813 INFO AVS_ZohoIntegration.Program - * Procesando resultado: 103 *
2026-06-25 11:15:26,814 INFO AVS_ZohoIntegration.Program - AcctCode: 21217000
2026-06-25 11:15:26,814 INFO AVS_ZohoIntegration.Program - AcctName: Gastos de Nomina - Otros
2026-06-25 11:15:26,815 INFO AVS_ZohoIntegration.Program - * Procesando resultado: 104 *
2026-06-25 11:15:26,815 INFO AVS_ZohoIntegration.Program - AcctCode: 21218000
2026-06-25 11:15:26,816 INFO AVS_ZohoIntegration.Program - AcctName: Anticipos a Empleados
2026-06-25 11:15:26,816 INFO AVS_ZohoIntegration.Program - * Procesando resultado: 105 *
2026-06-25 11:15:26,817 INFO AVS_ZohoIntegration.Program - AcctCode: 21218500
2026-06-25 11:15:26,817 INFO AVS_ZohoIntegration.Program - AcctName: Embargos por pagar
2026-06-25 11:15:26,818 INFO AVS_ZohoIntegration.Program - * Procesando resultado: 106 *
2026-06-25 11:15:26,818 INFO AVS_ZohoIntegration.Program - AcctCode: 21219000
2026-06-25 11:15:26,819 INFO AVS_ZohoIntegration.Program - AcctName: Gastos de Nomina - Vacaciones
2026-06-25 11:15:26,819 INFO AVS_ZohoIntegration.Program - * Procesando resultado: 107 *
2026-06-25 11:15:26,820 INFO AVS_ZohoIntegration.Program - AcctCode: 21300000
2026-06-25 11:15:26,820 INFO AVS_ZohoIntegration.Program - AcctName: Pasivos de Impuesto de Ventas
2026-06-25 11:15:26,821 INFO AVS_ZohoIntegration.Program - * Procesando resultado: 108 *
2026-06-25 11:15:26,821 INFO AVS_ZohoIntegration.Program - AcctCode: 21310000
2026-06-25 11:15:26,822 INFO AVS_ZohoIntegration.Program - AcctName: IVA por Pagar
2026-06-25 11:15:26,822 INFO AVS_ZohoIntegration.Program - * Procesando resultado: 109 *
2026-06-25 11:15:26,823 INFO AVS_ZohoIntegration.Program - AcctCode: 21320000
2026-06-25 11:15:26,823 INFO AVS_ZohoIntegration.Program - AcctName: Impuesto a la Renta
2026-06-25 11:15:26,823 INFO AVS_ZohoIntegration.Program - * Procesando resultado: 110 *
2026-06-25 11:15:26,824 INFO AVS_ZohoIntegration.Program - AcctCode: 21330000
2026-06-25 11:15:26,824 INFO AVS_ZohoIntegration.Program - AcctName: Provisiones
2026-06-25 11:15:26,825 INFO AVS_ZohoIntegration.Program - * Procesando resultado: 111 *
2026-06-25 11:15:26,826 INFO AVS_ZohoIntegration.Program - AcctCode: 21340000
2026-06-25 11:15:26,826 INFO AVS_ZohoIntegration.Program - AcctName: Retenciones de ISR
2026-06-25 11:15:26,827 INFO AVS_ZohoIntegration.Program - * Procesando resultado: 112 *
2026-06-25 11:15:26,827 INFO AVS_ZohoIntegration.Program - AcctCode: 21350000
2026-06-25 11:15:26,828 INFO AVS_ZohoIntegration.Program - AcctName: Retenciones de IVA
2026-06-25 11:15:26,828 INFO AVS_ZohoIntegration.Program - * Procesando resultado: 113 *
2026-06-25 11:15:26,830 INFO AVS_ZohoIntegration.Program - AcctCode: 21360000
2026-06-25 11:15:26,830 INFO AVS_ZohoIntegration.Program - AcctName: IEPS por Pagar
2026-06-25 11:15:26,831 INFO AVS_ZohoIntegration.Program - * Procesando resultado: 114 *
2026-06-25 11:15:26,831 INFO AVS_ZohoIntegration.Program - AcctCode: 21400000
2026-06-25 11:15:26,832 INFO AVS_ZohoIntegration.Program - AcctName: Otros Pasivos a Corto Plazo
2026-06-25 11:15:26,832 INFO AVS_ZohoIntegration.Program - * Procesando resultado: 115 *
2026-06-25 11:15:26,833 INFO AVS_ZohoIntegration.Program - AcctCode: 21410000
2026-06-25 11:15:26,833 INFO AVS_ZohoIntegration.Program - AcctName: IVA por Pagar Diferido
2026-06-25 11:15:26,834 INFO AVS_ZohoIntegration.Program - * Procesando resultado: 116 *
2026-06-25 11:15:26,834 INFO AVS_ZohoIntegration.Program - AcctCode: 21420000
2026-06-25 11:15:26,835 INFO AVS_ZohoIntegration.Program - AcctName: Cuenta Puente de Compras
2026-06-25 11:15:26,836 INFO AVS_ZohoIntegration.Program - * Procesando resultado: 117 *
2026-06-25 11:15:26,836 INFO AVS_ZohoIntegration.Program - AcctCode: 21430000
2026-06-25 11:15:26,837 INFO AVS_ZohoIntegration.Program - AcctName: Ingresos Diferido - Corto Plazo
2026-06-25 11:15:26,837 INFO AVS_ZohoIntegration.Program - * Procesando resultado: 118 *
2026-06-25 11:15:26,838 INFO AVS_ZohoIntegration.Program - AcctCode: 21440000
2026-06-25 11:15:26,838 INFO AVS_ZohoIntegration.Program - AcctName: Notas por Pagar - Corto Plazo
2026-06-25 11:15:26,839 INFO AVS_ZohoIntegration.Program - * Procesando resultado: 119 *
2026-06-25 11:15:26,840 INFO AVS_ZohoIntegration.Program - AcctCode: 21450000
2026-06-25 11:15:26,840 INFO AVS_ZohoIntegration.Program - AcctName: Gastos por Pagar
2026-06-25 11:15:26,841 INFO AVS_ZohoIntegration.Program - * Procesando resultado: 120 *
2026-06-25 11:15:26,841 INFO AVS_ZohoIntegration.Program - AcctCode: 21460000
2026-06-25 11:15:26,842 INFO AVS_ZohoIntegration.Program - AcctName: Otros Gastos
2026-06-25 11:15:26,842 INFO AVS_ZohoIntegration.Program - * Procesando resultado: 121 *
2026-06-25 11:15:26,842 INFO AVS_ZohoIntegration.Program - AcctCode: 21470000
2026-06-25 11:15:26,843 INFO AVS_ZohoIntegration.Program - AcctName: Ingresos percibidos por adelantado
2026-06-25 11:15:26,843 INFO AVS_ZohoIntegration.Program - * Procesando resultado: 122 *
2026-06-25 11:15:26,844 INFO AVS_ZohoIntegration.Program - AcctCode: 21480000
2026-06-25 11:15:26,845 INFO AVS_ZohoIntegration.Program - AcctName: IEPS Diferido por Pagar
2026-06-25 11:15:26,845 INFO AVS_ZohoIntegration.Program - * Procesando resultado: 123 *
2026-06-25 11:15:26,845 INFO AVS_ZohoIntegration.Program - AcctCode: 21490000
2026-06-25 11:15:26,845 INFO AVS_ZohoIntegration.Program - AcctName: IVA No Deducible
2026-06-25 11:15:26,846 INFO AVS_ZohoIntegration.Program - * Procesando resultado: 124 *
2026-06-25 11:15:26,846 INFO AVS_ZohoIntegration.Program - AcctCode: 25000000
2026-06-25 11:15:26,847 INFO AVS_ZohoIntegration.Program - AcctName: Pasivos a Largo Plazo
2026-06-25 11:15:26,849 INFO AVS_ZohoIntegration.Program - * Procesando resultado: 125 *
2026-06-25 11:15:26,849 INFO AVS_ZohoIntegration.Program - AcctCode: 25100000
2026-06-25 11:15:26,850 INFO AVS_ZohoIntegration.Program - AcctName: Otros Pasivos a Largo Plazo
2026-06-25 11:15:26,850 INFO AVS_ZohoIntegration.Program - * Procesando resultado: 126 *
2026-06-25 11:15:26,850 INFO AVS_ZohoIntegration.Program - AcctCode: 25110000
2026-06-25 11:15:26,851 INFO AVS_ZohoIntegration.Program - AcctName: Ingresos Deferidos - Largo Plazo
2026-06-25 11:15:26,851 INFO AVS_ZohoIntegration.Program - * Procesando resultado: 127 *
2026-06-25 11:15:26,852 INFO AVS_ZohoIntegration.Program - AcctCode: 25120000
2026-06-25 11:15:26,852 INFO AVS_ZohoIntegration.Program - AcctName: Notas por Pagar - Largo Plazo
2026-06-25 11:15:26,853 INFO AVS_ZohoIntegration.Program - * Procesando resultado: 128 *
2026-06-25 11:15:26,853 INFO AVS_ZohoIntegration.Program - AcctCode: 25130000
2026-06-25 11:15:26,854 INFO AVS_ZohoIntegration.Program - AcctName: Otros Gastos - Largo Plazo
2026-06-25 11:15:26,854 INFO AVS_ZohoIntegration.Program - * Procesando resultado: 129 *
2026-06-25 11:15:26,855 INFO AVS_ZohoIntegration.Program - AcctCode: 25140000
2026-06-25 11:15:26,855 INFO AVS_ZohoIntegration.Program - AcctName: Obligaciones con bancos e instituciones financieras
2026-06-25 11:15:26,855 INFO AVS_ZohoIntegration.Program - * Procesando resultado: 130 *
2026-06-25 11:15:26,856 INFO AVS_ZohoIntegration.Program - AcctCode: 25150000
2026-06-25 11:15:26,856 INFO AVS_ZohoIntegration.Program - AcctName: Obligaciones con el público largo plazo (bonos)
2026-06-25 11:15:26,857 INFO AVS_ZohoIntegration.Program - * Procesando resultado: 131 *
2026-06-25 11:15:26,857 INFO AVS_ZohoIntegration.Program - AcctCode: 25160000
2026-06-25 11:15:26,858 INFO AVS_ZohoIntegration.Program - AcctName: Documentos y cuentas por pagar empresas relacionadas largo plazo
2026-06-25 11:15:26,858 INFO AVS_ZohoIntegration.Program - * Procesando resultado: 132 *
2026-06-25 11:15:26,859 INFO AVS_ZohoIntegration.Program - AcctCode: 25170000
2026-06-25 11:15:26,859 INFO AVS_ZohoIntegration.Program - AcctName: Provisiones largo plazo
2026-06-25 11:15:26,860 INFO AVS_ZohoIntegration.Program - * Procesando resultado: 133 *
2026-06-25 11:15:26,860 INFO AVS_ZohoIntegration.Program - AcctCode: 300000000000000
2026-06-25 11:15:26,861 INFO AVS_ZohoIntegration.Program - AcctName: Capital Contable
2026-06-25 11:15:26,861 INFO AVS_ZohoIntegration.Program - * Procesando resultado: 134 *
2026-06-25 11:15:26,862 INFO AVS_ZohoIntegration.Program - AcctCode: 31000000
2026-06-25 11:15:26,862 INFO AVS_ZohoIntegration.Program - AcctName: Capital Contable
2026-06-25 11:15:26,863 INFO AVS_ZohoIntegration.Program - * Procesando resultado: 135 *
2026-06-25 11:15:26,863 INFO AVS_ZohoIntegration.Program - AcctCode: 31100000
2026-06-25 11:15:26,864 INFO AVS_ZohoIntegration.Program - AcctName: Capital Social
2026-06-25 11:15:26,864 INFO AVS_ZohoIntegration.Program - * Procesando resultado: 136 *
2026-06-25 11:15:26,865 INFO AVS_ZohoIntegration.Program - AcctCode: 31110000
2026-06-25 11:15:26,866 INFO AVS_ZohoIntegration.Program - AcctName: Capital Social
2026-06-25 11:15:26,866 INFO AVS_ZohoIntegration.Program - * Procesando resultado: 137 *
2026-06-25 11:15:26,867 INFO AVS_ZohoIntegration.Program - AcctCode: 31120000
2026-06-25 11:15:26,867 INFO AVS_ZohoIntegration.Program - AcctName: Revaluacion de Capital Social
2026-06-25 11:15:26,867 INFO AVS_ZohoIntegration.Program - * Procesando resultado: 138 *
2026-06-25 11:15:26,868 INFO AVS_ZohoIntegration.Program - AcctCode: 31200000
2026-06-25 11:15:26,868 INFO AVS_ZohoIntegration.Program - AcctName: Acciones
2026-06-25 11:15:26,869 INFO AVS_ZohoIntegration.Program - * Procesando resultado: 139 *
2026-06-25 11:15:26,869 INFO AVS_ZohoIntegration.Program - AcctCode: 31210000
2026-06-25 11:15:26,870 INFO AVS_ZohoIntegration.Program - AcctName: Capital Fijo
2026-06-25 11:15:26,870 INFO AVS_ZohoIntegration.Program - * Procesando resultado: 140 *
2026-06-25 11:15:26,871 INFO AVS_ZohoIntegration.Program - AcctCode: 31220000
2026-06-25 11:15:26,871 INFO AVS_ZohoIntegration.Program - AcctName: Reservas revalorización capital
2026-06-25 11:15:26,872 INFO AVS_ZohoIntegration.Program - * Procesando resultado: 141 *
2026-06-25 11:15:26,872 INFO AVS_ZohoIntegration.Program - AcctCode: 31230000
2026-06-25 11:15:26,873 INFO AVS_ZohoIntegration.Program - AcctName: Sobreprecio en venta de acciones propias
2026-06-25 11:15:26,873 INFO AVS_ZohoIntegration.Program - * Procesando resultado: 142 *
2026-06-25 11:15:26,874 INFO AVS_ZohoIntegration.Program - AcctCode: 31240000
2026-06-25 11:15:26,874 INFO AVS_ZohoIntegration.Program - AcctName: Otras reservas
2026-06-25 11:15:26,875 INFO AVS_ZohoIntegration.Program - * Procesando resultado: 143 *
2026-06-25 11:15:26,875 INFO AVS_ZohoIntegration.Program - AcctCode: 31300000
2026-06-25 11:15:26,875 INFO AVS_ZohoIntegration.Program - AcctName: Dividendos
2026-06-25 11:15:26,877 INFO AVS_ZohoIntegration.Program - * Procesando resultado: 144 *
2026-06-25 11:15:26,877 INFO AVS_ZohoIntegration.Program - AcctCode: 31310000
2026-06-25 11:15:26,878 INFO AVS_ZohoIntegration.Program - AcctName: Capital Variable
2026-06-25 11:15:26,878 INFO AVS_ZohoIntegration.Program - * Procesando resultado: 145 *
2026-06-25 11:15:26,879 INFO AVS_ZohoIntegration.Program - AcctCode: 31320000
2026-06-25 11:15:26,879 INFO AVS_ZohoIntegration.Program - AcctName: Reserva futuros dividendos
2026-06-25 11:15:26,879 INFO AVS_ZohoIntegration.Program - * Procesando resultado: 146 *
2026-06-25 11:15:26,881 INFO AVS_ZohoIntegration.Program - AcctCode: 31400000
2026-06-25 11:15:26,881 INFO AVS_ZohoIntegration.Program - AcctName: Utilidades
2026-06-25 11:15:26,882 INFO AVS_ZohoIntegration.Program - * Procesando resultado: 147 *
2026-06-25 11:15:26,882 INFO AVS_ZohoIntegration.Program - AcctCode: 31410000
2026-06-25 11:15:26,883 INFO AVS_ZohoIntegration.Program - AcctName: Utilidad de Ejercicios Anteriores
2026-06-25 11:15:26,883 INFO AVS_ZohoIntegration.Program - * Procesando resultado: 148 *
2026-06-25 11:15:26,884 INFO AVS_ZohoIntegration.Program - AcctCode: 31420000
2026-06-25 11:15:26,884 INFO AVS_ZohoIntegration.Program - AcctName: Utilidad del Ejercicio
2026-06-25 11:15:26,885 INFO AVS_ZohoIntegration.Program - * Procesando resultado: 149 *
2026-06-25 11:15:26,885 INFO AVS_ZohoIntegration.Program - AcctCode: 31420001
2026-06-25 11:15:26,886 INFO AVS_ZohoIntegration.Program - AcctName: Arrastre de Saldo
2026-06-25 11:15:26,886 INFO AVS_ZohoIntegration.Program - * Procesando resultado: 150 *
2026-06-25 11:15:26,887 INFO AVS_ZohoIntegration.Program - AcctCode: 31420002
2026-06-25 11:15:26,887 INFO AVS_ZohoIntegration.Program - AcctName: Cierre del periodo
2026-06-25 11:15:26,887 INFO AVS_ZohoIntegration.Program - * Procesando resultado: 151 *
2026-06-25 11:15:26,888 INFO AVS_ZohoIntegration.Program - AcctCode: 31430000
2026-06-25 11:15:26,889 INFO AVS_ZohoIntegration.Program - AcctName: Déficit acumulado período de desarrollo
2026-06-25 11:15:26,889 INFO AVS_ZohoIntegration.Program - * Procesando resultado: 152 *
2026-06-25 11:15:26,889 INFO AVS_ZohoIntegration.Program - AcctCode: 31500000
2026-06-25 11:15:26,890 INFO AVS_ZohoIntegration.Program - AcctName: Saldos Iniciales
2026-06-25 11:15:26,891 INFO AVS_ZohoIntegration.Program - * Procesando resultado: 153 *
2026-06-25 11:15:26,891 INFO AVS_ZohoIntegration.Program - AcctCode: 31510000
2026-06-25 11:15:26,892 INFO AVS_ZohoIntegration.Program - AcctName: Saldos Iniciales Socios de Negocios
2026-06-25 11:15:26,893 INFO AVS_ZohoIntegration.Program - * Procesando resultado: 154 *
2026-06-25 11:15:26,893 INFO AVS_ZohoIntegration.Program - AcctCode: 31520000
2026-06-25 11:15:26,894 INFO AVS_ZohoIntegration.Program - AcctName: Saldos Iniciales Inventarios
2026-06-25 11:15:26,894 INFO AVS_ZohoIntegration.Program - * Procesando resultado: 155 *
2026-06-25 11:15:26,895 INFO AVS_ZohoIntegration.Program - AcctCode: 31530000
2026-06-25 11:15:26,895 INFO AVS_ZohoIntegration.Program - AcctName: Saldos Iniciales Cuentas de Mayor
2026-06-25 11:15:26,896 INFO AVS_ZohoIntegration.Program - * Procesando resultado: 156 *
2026-06-25 11:15:26,896 INFO AVS_ZohoIntegration.Program - AcctCode: 400000000000000
2026-06-25 11:15:26,897 INFO AVS_ZohoIntegration.Program - AcctName: Ingresos
2026-06-25 11:15:26,898 INFO AVS_ZohoIntegration.Program - * Procesando resultado: 157 *
2026-06-25 11:15:26,898 INFO AVS_ZohoIntegration.Program - AcctCode: 41000000
2026-06-25 11:15:26,899 INFO AVS_ZohoIntegration.Program - AcctName: Ingresos
2026-06-25 11:15:26,899 INFO AVS_ZohoIntegration.Program - * Procesando resultado: 158 *
2026-06-25 11:15:26,900 INFO AVS_ZohoIntegration.Program - AcctCode: 41100000
2026-06-25 11:15:26,901 INFO AVS_ZohoIntegration.Program - AcctName: Ingresos sobre Ventas
2026-06-25 11:15:26,901 INFO AVS_ZohoIntegration.Program - * Procesando resultado: 159 *
2026-06-25 11:15:26,902 INFO AVS_ZohoIntegration.Program - AcctCode: 41110000
2026-06-25 11:15:26,902 INFO AVS_ZohoIntegration.Program - AcctName: Ingreso de Ventas - Nacionales
2026-06-25 11:15:26,902 INFO AVS_ZohoIntegration.Program - * Procesando resultado: 160 *
2026-06-25 11:15:26,903 INFO AVS_ZohoIntegration.Program - AcctCode: 41120000
2026-06-25 11:15:26,903 INFO AVS_ZohoIntegration.Program - AcctName: Ingreso de Ventas - Extranjero
2026-06-25 11:15:26,904 INFO AVS_ZohoIntegration.Program - * Procesando resultado: 161 *
2026-06-25 11:15:26,904 INFO AVS_ZohoIntegration.Program - AcctCode: 41130000
2026-06-25 11:15:26,905 INFO AVS_ZohoIntegration.Program - AcctName: Ingreso de Ventas - Servicios
2026-06-25 11:15:26,905 INFO AVS_ZohoIntegration.Program - * Procesando resultado: 162 *
2026-06-25 11:15:26,906 INFO AVS_ZohoIntegration.Program - AcctCode: 41140000
2026-06-25 11:15:26,906 INFO AVS_ZohoIntegration.Program - AcctName: Ingreso de Ventas - Fletes
2026-06-25 11:15:26,907 INFO AVS_ZohoIntegration.Program - * Procesando resultado: 163 *
2026-06-25 11:15:26,907 INFO AVS_ZohoIntegration.Program - AcctCode: 41150000
2026-06-25 11:15:26,908 INFO AVS_ZohoIntegration.Program - AcctName: Devoluciones Sobre Ventas
2026-06-25 11:15:26,909 INFO AVS_ZohoIntegration.Program - * Procesando resultado: 164 *
2026-06-25 11:15:26,909 INFO AVS_ZohoIntegration.Program - AcctCode: 41160000
2026-06-25 11:15:26,910 INFO AVS_ZohoIntegration.Program - AcctName: Descuentos Sobre Ventas
2026-06-25 11:15:26,910 INFO AVS_ZohoIntegration.Program - * Procesando resultado: 165 *
2026-06-25 11:15:26,911 INFO AVS_ZohoIntegration.Program - AcctCode: 41200000
2026-06-25 11:15:26,911 INFO AVS_ZohoIntegration.Program - AcctName: Otros Ingresos
2026-06-25 11:15:26,912 INFO AVS_ZohoIntegration.Program - * Procesando resultado: 166 *
2026-06-25 11:15:26,912 INFO AVS_ZohoIntegration.Program - AcctCode: 41210000
2026-06-25 11:15:26,913 INFO AVS_ZohoIntegration.Program - AcctName: Otros Ingresos
2026-06-25 11:15:26,914 INFO AVS_ZohoIntegration.Program - * Procesando resultado: 167 *
2026-06-25 11:15:26,914 INFO AVS_ZohoIntegration.Program - AcctCode: 500000000000000
2026-06-25 11:15:26,915 INFO AVS_ZohoIntegration.Program - AcctName: Costo de Ventas
2026-06-25 11:15:26,915 INFO AVS_ZohoIntegration.Program - * Procesando resultado: 168 *
2026-06-25 11:15:26,916 INFO AVS_ZohoIntegration.Program - AcctCode: 51000000
2026-06-25 11:15:26,916 INFO AVS_ZohoIntegration.Program - AcctName: Costos de Ventas
2026-06-25 11:15:26,917 INFO AVS_ZohoIntegration.Program - * Procesando resultado: 169 *
2026-06-25 11:15:26,918 INFO AVS_ZohoIntegration.Program - AcctCode: 51100000
2026-06-25 11:15:26,918 INFO AVS_ZohoIntegration.Program - AcctName: Costo de Ventas
2026-06-25 11:15:26,918 INFO AVS_ZohoIntegration.Program - * Procesando resultado: 170 *
2026-06-25 11:15:26,920 INFO AVS_ZohoIntegration.Program - AcctCode: 51110000
2026-06-25 11:15:26,920 INFO AVS_ZohoIntegration.Program - AcctName: Costo de  Ventas Nacional
2026-06-25 11:15:26,921 INFO AVS_ZohoIntegration.Program - * Procesando resultado: 171 *
2026-06-25 11:15:26,921 INFO AVS_ZohoIntegration.Program - AcctCode: 51120000
2026-06-25 11:15:26,922 INFO AVS_ZohoIntegration.Program - AcctName: Costo de  Ventas Extranjero
2026-06-25 11:15:26,922 INFO AVS_ZohoIntegration.Program - * Procesando resultado: 172 *
2026-06-25 11:15:26,923 INFO AVS_ZohoIntegration.Program - AcctCode: 51130000
2026-06-25 11:15:26,923 INFO AVS_ZohoIntegration.Program - AcctName: Costo de  Ventas Servicios
2026-06-25 11:15:26,924 INFO AVS_ZohoIntegration.Program - * Procesando resultado: 173 *
2026-06-25 11:15:26,924 INFO AVS_ZohoIntegration.Program - AcctCode: 51140000
2026-06-25 11:15:26,924 INFO AVS_ZohoIntegration.Program - AcctName: Costo de  Ventas Fletes
2026-06-25 11:15:26,925 INFO AVS_ZohoIntegration.Program - * Procesando resultado: 174 *
2026-06-25 11:15:26,926 INFO AVS_ZohoIntegration.Program - AcctCode: 51150000
2026-06-25 11:15:26,926 INFO AVS_ZohoIntegration.Program - AcctName: Costo de  Ventas Descuentos
2026-06-25 11:15:26,926 INFO AVS_ZohoIntegration.Program - * Procesando resultado: 175 *
2026-06-25 11:15:26,927 INFO AVS_ZohoIntegration.Program - AcctCode: 51160000
2026-06-25 11:15:26,927 INFO AVS_ZohoIntegration.Program - AcctName: Actualizacion de Costo de Ventas
2026-06-25 11:15:26,927 INFO AVS_ZohoIntegration.Program - * Procesando resultado: 176 *
2026-06-25 11:15:26,928 INFO AVS_ZohoIntegration.Program - AcctCode: 51170000
2026-06-25 11:15:26,928 INFO AVS_ZohoIntegration.Program - AcctName: Costo de Venta por Inv. Negativo
2026-06-25 11:15:26,929 INFO AVS_ZohoIntegration.Program - * Procesando resultado: 177 *
2026-06-25 11:15:26,929 INFO AVS_ZohoIntegration.Program - AcctCode: 51180000
2026-06-25 11:15:26,930 INFO AVS_ZohoIntegration.Program - AcctName: Costo de Recurso
2026-06-25 11:15:26,930 INFO AVS_ZohoIntegration.Program - * Procesando resultado: 178 *
2026-06-25 11:15:26,931 INFO AVS_ZohoIntegration.Program - AcctCode: 51190000
2026-06-25 11:15:26,931 INFO AVS_ZohoIntegration.Program - AcctName: Costos Generales de Recursos
2026-06-25 11:15:26,932 INFO AVS_ZohoIntegration.Program - * Procesando resultado: 179 *
2026-06-25 11:15:26,933 INFO AVS_ZohoIntegration.Program - AcctCode: 52000000
2026-06-25 11:15:26,933 INFO AVS_ZohoIntegration.Program - AcctName: Diferencias por Variaciones en costo de ventas
2026-06-25 11:15:26,933 INFO AVS_ZohoIntegration.Program - * Procesando resultado: 180 *
2026-06-25 11:15:26,934 INFO AVS_ZohoIntegration.Program - AcctCode: 52100000
2026-06-25 11:15:26,934 INFO AVS_ZohoIntegration.Program - AcctName: Diferencias por Variaciones
2026-06-25 11:15:26,935 INFO AVS_ZohoIntegration.Program - * Procesando resultado: 181 *
2026-06-25 11:15:26,935 INFO AVS_ZohoIntegration.Program - AcctCode: 52110000
2026-06-25 11:15:26,936 INFO AVS_ZohoIntegration.Program - AcctName: Variaciones de Inventario
2026-06-25 11:15:26,936 INFO AVS_ZohoIntegration.Program - * Procesando resultado: 182 *
2026-06-25 11:15:26,937 INFO AVS_ZohoIntegration.Program - AcctCode: 52120000
2026-06-25 11:15:26,937 INFO AVS_ZohoIntegration.Program - AcctName: Diferencias de Precio
2026-06-25 11:15:26,938 INFO AVS_ZohoIntegration.Program - * Procesando resultado: 183 *
2026-06-25 11:15:26,939 INFO AVS_ZohoIntegration.Program - AcctCode: 52130000
2026-06-25 11:15:26,939 INFO AVS_ZohoIntegration.Program - AcctName: Diferencias por Revaloración de Material
2026-06-25 11:15:26,939 INFO AVS_ZohoIntegration.Program - * Procesando resultado: 184 *
2026-06-25 11:15:26,940 INFO AVS_ZohoIntegration.Program - AcctCode: 600000000000000
2026-06-25 11:15:26,940 INFO AVS_ZohoIntegration.Program - AcctName: Gastos
2026-06-25 11:15:26,941 INFO AVS_ZohoIntegration.Program - * Procesando resultado: 185 *
2026-06-25 11:15:26,941 INFO AVS_ZohoIntegration.Program - AcctCode: 61000000
2026-06-25 11:15:26,942 INFO AVS_ZohoIntegration.Program - AcctName: Gastos
2026-06-25 11:15:26,942 INFO AVS_ZohoIntegration.Program - * Procesando resultado: 186 *
2026-06-25 11:15:26,943 INFO AVS_ZohoIntegration.Program - AcctCode: 61100000
2026-06-25 11:15:26,943 INFO AVS_ZohoIntegration.Program - AcctName: Gastos de Viaje - Gastos de Viaje
2026-06-25 11:15:26,944 INFO AVS_ZohoIntegration.Program - * Procesando resultado: 187 *
2026-06-25 11:15:26,944 INFO AVS_ZohoIntegration.Program - AcctCode: 61101000
2026-06-25 11:15:26,945 INFO AVS_ZohoIntegration.Program - AcctName: Gastos de Viaje - Hotel
2026-06-25 11:15:26,946 INFO AVS_ZohoIntegration.Program - * Procesando resultado: 188 *
2026-06-25 11:15:26,946 INFO AVS_ZohoIntegration.Program - AcctCode: 61102000
2026-06-25 11:15:26,946 INFO AVS_ZohoIntegration.Program - AcctName: Gastos de Viaje - Alimentos
2026-06-25 11:15:26,947 INFO AVS_ZohoIntegration.Program - * Procesando resultado: 189 *
2026-06-25 11:15:26,947 INFO AVS_ZohoIntegration.Program - AcctCode: 61103000
2026-06-25 11:15:26,948 INFO AVS_ZohoIntegration.Program - AcctName: Gastos de Viaje - Entretenimiento
2026-06-25 11:15:26,948 INFO AVS_ZohoIntegration.Program - * Procesando resultado: 190 *
2026-06-25 11:15:26,949 INFO AVS_ZohoIntegration.Program - AcctCode: 61104000
2026-06-25 11:15:26,949 INFO AVS_ZohoIntegration.Program - AcctName: Gastos de Viaje - Pasajes
2026-06-25 11:15:26,950 INFO AVS_ZohoIntegration.Program - * Procesando resultado: 191 *
2026-06-25 11:15:26,950 INFO AVS_ZohoIntegration.Program - AcctCode: 61105000
2026-06-25 11:15:26,951 INFO AVS_ZohoIntegration.Program - AcctName: Gastos de Viaje - Otros Gastos
2026-06-25 11:15:26,951 INFO AVS_ZohoIntegration.Program - * Procesando resultado: 192 *
2026-06-25 11:15:26,952 INFO AVS_ZohoIntegration.Program - AcctCode: 61200000
2026-06-25 11:15:26,952 INFO AVS_ZohoIntegration.Program - AcctName: Gastos de Nomina - Gastos de Nomina
2026-06-25 11:15:26,953 INFO AVS_ZohoIntegration.Program - * Procesando resultado: 193 *
2026-06-25 11:15:26,953 INFO AVS_ZohoIntegration.Program - AcctCode: 61201000
2026-06-25 11:15:26,954 INFO AVS_ZohoIntegration.Program - AcctName: Gastos de Nomina - Salarios
2026-06-25 11:15:26,954 INFO AVS_ZohoIntegration.Program - * Procesando resultado: 194 *
2026-06-25 11:15:26,955 INFO AVS_ZohoIntegration.Program - AcctCode: 61202000
2026-06-25 11:15:26,955 INFO AVS_ZohoIntegration.Program - AcctName: Gastos de Nomina - Costo Directo de Labor
2026-06-25 11:15:26,956 INFO AVS_ZohoIntegration.Program - * Procesando resultado: 195 *
2026-06-25 11:15:26,956 INFO AVS_ZohoIntegration.Program - AcctCode: 61203000
2026-06-25 11:15:26,957 INFO AVS_ZohoIntegration.Program - AcctName: Gastos de Nomina - Impuestos
2026-06-25 11:15:26,957 INFO AVS_ZohoIntegration.Program - * Procesando resultado: 196 *
2026-06-25 11:15:26,958 INFO AVS_ZohoIntegration.Program - AcctCode: 61204000
2026-06-25 11:15:26,958 INFO AVS_ZohoIntegration.Program - AcctName: Gastos de Nomina - Vacaciones
2026-06-25 11:15:26,959 INFO AVS_ZohoIntegration.Program - * Procesando resultado: 197 *
2026-06-25 11:15:26,959 INFO AVS_ZohoIntegration.Program - AcctCode: 61205000
2026-06-25 11:15:26,960 INFO AVS_ZohoIntegration.Program - AcctName: Gastos de Nomina - Otras Ausencias
2026-06-25 11:15:26,960 INFO AVS_ZohoIntegration.Program - * Procesando resultado: 198 *
2026-06-25 11:15:26,960 INFO AVS_ZohoIntegration.Program - AcctCode: 61206000
2026-06-25 11:15:26,961 INFO AVS_ZohoIntegration.Program - AcctName: Gastos de Nomina - Pensión/Ahorros
2026-06-25 11:15:26,961 INFO AVS_ZohoIntegration.Program - * Procesando resultado: 199 *
2026-06-25 11:15:26,962 INFO AVS_ZohoIntegration.Program - AcctCode: 61207000
2026-06-25 11:15:26,962 INFO AVS_ZohoIntegration.Program - AcctName: Gastos de Nomina - Seguridad Social
2026-06-25 11:15:26,963 INFO AVS_ZohoIntegration.Program - * Procesando resultado: 200 *
2026-06-25 11:15:26,963 INFO AVS_ZohoIntegration.Program - AcctCode: 61300000
2026-06-25 11:15:26,964 INFO AVS_ZohoIntegration.Program - AcctName: Cuentas Incobrables - Cuentas Incobrables
2026-06-25 11:15:26,965 INFO AVS_ZohoIntegration.Program - * Procesando resultado: 201 *
2026-06-25 11:15:26,965 INFO AVS_ZohoIntegration.Program - AcctCode: 61310000
2026-06-25 11:15:26,966 INFO AVS_ZohoIntegration.Program - AcctName: Cuentas Incobrables
2026-06-25 11:15:26,966 INFO AVS_ZohoIntegration.Program - * Procesando resultado: 202 *
2026-06-25 11:15:26,967 INFO AVS_ZohoIntegration.Program - AcctCode: 61400000
2026-06-25 11:15:26,967 INFO AVS_ZohoIntegration.Program - AcctName: Gastos Administrativos -
2026-06-25 11:15:26,968 INFO AVS_ZohoIntegration.Program - * Procesando resultado: 203 *
2026-06-25 11:15:26,968 INFO AVS_ZohoIntegration.Program - AcctCode: 61410000
2026-06-25 11:15:26,968 INFO AVS_ZohoIntegration.Program - AcctName: Oficinas y Alquiler de Edificios
2026-06-25 11:15:26,970 INFO AVS_ZohoIntegration.Program - * Procesando resultado: 204 *
2026-06-25 11:15:26,970 INFO AVS_ZohoIntegration.Program - AcctCode: 61420000
2026-06-25 11:15:26,971 INFO AVS_ZohoIntegration.Program - AcctName: Combustibles
2026-06-25 11:15:26,971 INFO AVS_ZohoIntegration.Program - * Procesando resultado: 205 *
2026-06-25 11:15:26,971 INFO AVS_ZohoIntegration.Program - AcctCode: 61430000
2026-06-25 11:15:26,972 INFO AVS_ZohoIntegration.Program - AcctName: Electricidad
2026-06-25 11:15:26,972 INFO AVS_ZohoIntegration.Program - * Procesando resultado: 206 *
2026-06-25 11:15:26,973 INFO AVS_ZohoIntegration.Program - AcctCode: 61440000
2026-06-25 11:15:26,973 INFO AVS_ZohoIntegration.Program - AcctName: Gas
2026-06-25 11:15:26,974 INFO AVS_ZohoIntegration.Program - * Procesando resultado: 207 *
2026-06-25 11:15:26,975 INFO AVS_ZohoIntegration.Program - AcctCode: 61450000
2026-06-25 11:15:26,975 INFO AVS_ZohoIntegration.Program - AcctName: Agua
2026-06-25 11:15:26,975 INFO AVS_ZohoIntegration.Program - * Procesando resultado: 208 *
2026-06-25 11:15:26,976 INFO AVS_ZohoIntegration.Program - AcctCode: 61460000
2026-06-25 11:15:26,976 INFO AVS_ZohoIntegration.Program - AcctName: Teléfono
2026-06-25 11:15:26,977 INFO AVS_ZohoIntegration.Program - * Procesando resultado: 209 *
2026-06-25 11:15:26,977 INFO AVS_ZohoIntegration.Program - AcctCode: 61470000
2026-06-25 11:15:26,977 INFO AVS_ZohoIntegration.Program - AcctName: Seguro
2026-06-25 11:15:26,978 INFO AVS_ZohoIntegration.Program - * Procesando resultado: 210 *
2026-06-25 11:15:26,979 INFO AVS_ZohoIntegration.Program - AcctCode: 61480000
2026-06-25 11:15:26,979 INFO AVS_ZohoIntegration.Program - AcctName: Mantenimiento
2026-06-25 11:15:26,979 INFO AVS_ZohoIntegration.Program - * Procesando resultado: 211 *
2026-06-25 11:15:26,980 INFO AVS_ZohoIntegration.Program - AcctCode: 61490000
2026-06-25 11:15:26,980 INFO AVS_ZohoIntegration.Program - AcctName: Otros Gastos Administrativos
2026-06-25 11:15:26,980 INFO AVS_ZohoIntegration.Program - * Procesando resultado: 212 *
2026-06-25 11:15:26,981 INFO AVS_ZohoIntegration.Program - AcctCode: 61500000
2026-06-25 11:15:26,981 INFO AVS_ZohoIntegration.Program - AcctName: Gastos de Depreciación y Amortización
2026-06-25 11:15:26,982 INFO AVS_ZohoIntegration.Program - * Procesando resultado: 213 *
2026-06-25 11:15:26,982 INFO AVS_ZohoIntegration.Program - AcctCode: 61510000
2026-06-25 11:15:26,983 INFO AVS_ZohoIntegration.Program - AcctName: Gastos de Depreciación
2026-06-25 11:15:26,983 INFO AVS_ZohoIntegration.Program - * Procesando resultado: 214 *
2026-06-25 11:15:26,983 INFO AVS_ZohoIntegration.Program - AcctCode: 61520000
2026-06-25 11:15:26,984 INFO AVS_ZohoIntegration.Program - AcctName: Depreciación - Edificios
2026-06-25 11:15:26,985 INFO AVS_ZohoIntegration.Program - * Procesando resultado: 215 *
2026-06-25 11:15:26,985 INFO AVS_ZohoIntegration.Program - AcctCode: 61530000
2026-06-25 11:15:26,986 INFO AVS_ZohoIntegration.Program - AcctName: Depreciación - Maquinaria y Equipo
2026-06-25 11:15:26,986 INFO AVS_ZohoIntegration.Program - * Procesando resultado: 216 *
2026-06-25 11:15:26,986 INFO AVS_ZohoIntegration.Program - AcctCode: 61540000
2026-06-25 11:15:26,987 INFO AVS_ZohoIntegration.Program - AcctName: Depreciación - Equipo de Transporte
2026-06-25 11:15:26,987 INFO AVS_ZohoIntegration.Program - * Procesando resultado: 217 *
2026-06-25 11:15:26,988 INFO AVS_ZohoIntegration.Program - AcctCode: 61550000
2026-06-25 11:15:26,988 INFO AVS_ZohoIntegration.Program - AcctName: Depreciación - Equipo de Oficina
2026-06-25 11:15:26,989 INFO AVS_ZohoIntegration.Program - * Procesando resultado: 218 *
2026-06-25 11:15:26,989 INFO AVS_ZohoIntegration.Program - AcctCode: 61560000
2026-06-25 11:15:26,989 INFO AVS_ZohoIntegration.Program - AcctName: Depreciación - Mobiliarios
2026-06-25 11:15:26,990 INFO AVS_ZohoIntegration.Program - * Procesando resultado: 219 *
2026-06-25 11:15:26,991 INFO AVS_ZohoIntegration.Program - AcctCode: 61570000
2026-06-25 11:15:26,991 INFO AVS_ZohoIntegration.Program - AcctName: Depreciación - Equipo de Computo
2026-06-25 11:15:26,991 INFO AVS_ZohoIntegration.Program - * Procesando resultado: 220 *
2026-06-25 11:15:26,992 INFO AVS_ZohoIntegration.Program - AcctCode: 61580000
2026-06-25 11:15:26,992 INFO AVS_ZohoIntegration.Program - AcctName: Amortización - Programas de Computo
2026-06-25 11:15:26,993 INFO AVS_ZohoIntegration.Program - * Procesando resultado: 221 *
2026-06-25 11:15:26,993 INFO AVS_ZohoIntegration.Program - AcctCode: 61590000
2026-06-25 11:15:26,993 INFO AVS_ZohoIntegration.Program - AcctName: Amortización - Patentes y Marcas
2026-06-25 11:15:26,994 INFO AVS_ZohoIntegration.Program - * Procesando resultado: 222 *
2026-06-25 11:15:26,994 INFO AVS_ZohoIntegration.Program - AcctCode: 61595000
2026-06-25 11:15:26,995 INFO AVS_ZohoIntegration.Program - AcctName: Amortización - Gastos de Instalación
2026-06-25 11:15:26,995 INFO AVS_ZohoIntegration.Program - * Procesando resultado: 223 *
2026-06-25 11:15:26,996 INFO AVS_ZohoIntegration.Program - AcctCode: 61600000
2026-06-25 11:15:26,996 INFO AVS_ZohoIntegration.Program - AcctName: Otros Gastos de Oficina
2026-06-25 11:15:26,996 INFO AVS_ZohoIntegration.Program - * Procesando resultado: 224 *
2026-06-25 11:15:26,997 INFO AVS_ZohoIntegration.Program - AcctCode: 61610000
2026-06-25 11:15:26,997 INFO AVS_ZohoIntegration.Program - AcctName: Paquetería y Correo
2026-06-25 11:15:26,998 INFO AVS_ZohoIntegration.Program - * Procesando resultado: 225 *
2026-06-25 11:15:26,998 INFO AVS_ZohoIntegration.Program - AcctCode: 61620000
2026-06-25 11:15:26,999 INFO AVS_ZohoIntegration.Program - AcctName: Publicidad y Promoción
2026-06-25 11:15:27,000 INFO AVS_ZohoIntegration.Program - * Procesando resultado: 226 *
2026-06-25 11:15:27,000 INFO AVS_ZohoIntegration.Program - AcctCode: 61630000
2026-06-25 11:15:27,000 INFO AVS_ZohoIntegration.Program - AcctName: Papelería y Artículos de Oficina
2026-06-25 11:15:27,001 INFO AVS_ZohoIntegration.Program - * Procesando resultado: 227 *
2026-06-25 11:15:27,001 INFO AVS_ZohoIntegration.Program - AcctCode: 61640000
2026-06-25 11:15:27,002 INFO AVS_ZohoIntegration.Program - AcctName: Consumibles de Computo
2026-06-25 11:15:27,003 INFO AVS_ZohoIntegration.Program - * Procesando resultado: 228 *
2026-06-25 11:15:27,003 INFO AVS_ZohoIntegration.Program - AcctCode: 61650000
2026-06-25 11:15:27,004 INFO AVS_ZohoIntegration.Program - AcctName: Fletes
2026-06-25 11:15:27,004 INFO AVS_ZohoIntegration.Program - * Procesando resultado: 229 *
2026-06-25 11:15:27,005 INFO AVS_ZohoIntegration.Program - AcctCode: 61660000
2026-06-25 11:15:27,006 INFO AVS_ZohoIntegration.Program - AcctName: Otros Gastos
2026-06-25 11:15:27,006 INFO AVS_ZohoIntegration.Program - * Procesando resultado: 230 *
2026-06-25 11:15:27,007 INFO AVS_ZohoIntegration.Program - AcctCode: 61700000
2026-06-25 11:15:27,007 INFO AVS_ZohoIntegration.Program - AcctName: Honorarios Legales y Profesional
2026-06-25 11:15:27,008 INFO AVS_ZohoIntegration.Program - * Procesando resultado: 231 *
2026-06-25 11:15:27,009 INFO AVS_ZohoIntegration.Program - AcctCode: 61710000
2026-06-25 11:15:27,009 INFO AVS_ZohoIntegration.Program - AcctName: Honorarios Profesionales
2026-06-25 11:15:27,010 INFO AVS_ZohoIntegration.Program - * Procesando resultado: 232 *
2026-06-25 11:15:27,010 INFO AVS_ZohoIntegration.Program - AcctCode: 61720000
2026-06-25 11:15:27,011 INFO AVS_ZohoIntegration.Program - AcctName: Honorarios de Contabilidad
2026-06-25 11:15:27,012 INFO AVS_ZohoIntegration.Program - * Procesando resultado: 233 *
2026-06-25 11:15:27,012 INFO AVS_ZohoIntegration.Program - AcctCode: 61730000
2026-06-25 11:15:27,013 INFO AVS_ZohoIntegration.Program - AcctName: Honorarios de Auditoria
2026-06-25 11:15:27,013 INFO AVS_ZohoIntegration.Program - * Procesando resultado: 234 *
2026-06-25 11:15:27,014 INFO AVS_ZohoIntegration.Program - AcctCode: 61740000
2026-06-25 11:15:27,014 INFO AVS_ZohoIntegration.Program - AcctName: Honorarios de Consultoria
2026-06-25 11:15:27,015 INFO AVS_ZohoIntegration.Program - * Procesando resultado: 235 *
2026-06-25 11:15:27,015 INFO AVS_ZohoIntegration.Program - AcctCode: 61750000
2026-06-25 11:15:27,015 INFO AVS_ZohoIntegration.Program - AcctName: Otros Honorarios Profesionales
2026-06-25 11:15:27,017 INFO AVS_ZohoIntegration.Program - * Procesando resultado: 236 *
2026-06-25 11:15:27,017 INFO AVS_ZohoIntegration.Program - AcctCode: 61800000
2026-06-25 11:15:27,018 INFO AVS_ZohoIntegration.Program - AcctName: Otros Gastos
2026-06-25 11:15:27,019 INFO AVS_ZohoIntegration.Program - * Procesando resultado: 237 *
2026-06-25 11:15:27,019 INFO AVS_ZohoIntegration.Program - AcctCode: 61810000
2026-06-25 11:15:27,020 INFO AVS_ZohoIntegration.Program - AcctName: Perdida por Revaluacion de Inventario
2026-06-25 11:15:27,020 INFO AVS_ZohoIntegration.Program - * Procesando resultado: 238 *
2026-06-25 11:15:27,021 INFO AVS_ZohoIntegration.Program - AcctCode: 61820000
2026-06-25 11:15:27,022 INFO AVS_ZohoIntegration.Program - AcctName: Ingreso por Revaluacion de Inventario
2026-06-25 11:15:27,022 INFO AVS_ZohoIntegration.Program - * Procesando resultado: 239 *
2026-06-25 11:15:27,023 INFO AVS_ZohoIntegration.Program - AcctCode: 61830000
2026-06-25 11:15:27,023 INFO AVS_ZohoIntegration.Program - AcctName: Exceso/Faltante Pago de Ventas
2026-06-25 11:15:27,026 INFO AVS_ZohoIntegration.Program - * Procesando resultado: 240 *
2026-06-25 11:15:27,026 INFO AVS_ZohoIntegration.Program - AcctCode: 700000000000000
2026-06-25 11:15:27,027 INFO AVS_ZohoIntegration.Program - AcctName: Financieros
2026-06-25 11:15:27,027 INFO AVS_ZohoIntegration.Program - * Procesando resultado: 241 *
2026-06-25 11:15:27,028 INFO AVS_ZohoIntegration.Program - AcctCode: 800000000000000
2026-06-25 11:15:27,028 INFO AVS_ZohoIntegration.Program - AcctName: Otros Ingresos y Egresos
2026-06-25 11:15:27,029 INFO AVS_ZohoIntegration.Program - * Procesando resultado: 242 *
2026-06-25 11:15:27,029 INFO AVS_ZohoIntegration.Program - AcctCode: 81000000
2026-06-25 11:15:27,030 INFO AVS_ZohoIntegration.Program - AcctName: Ingresos/Gastos Financieros
2026-06-25 11:15:27,031 INFO AVS_ZohoIntegration.Program - * Procesando resultado: 243 *
2026-06-25 11:15:27,031 INFO AVS_ZohoIntegration.Program - AcctCode: 81100000
2026-06-25 11:15:27,031 INFO AVS_ZohoIntegration.Program - AcctName: Descuentos e Intereses - Descuentos Intereses y Otros
2026-06-25 11:15:27,032 INFO AVS_ZohoIntegration.Program - * Procesando resultado: 244 *
2026-06-25 11:15:27,032 INFO AVS_ZohoIntegration.Program - AcctCode: 81110000
2026-06-25 11:15:27,033 INFO AVS_ZohoIntegration.Program - AcctName: Descuentos Otorgados
2026-06-25 11:15:27,033 INFO AVS_ZohoIntegration.Program - * Procesando resultado: 245 *
2026-06-25 11:15:27,034 INFO AVS_ZohoIntegration.Program - AcctCode: 81120000
2026-06-25 11:15:27,034 INFO AVS_ZohoIntegration.Program - AcctName: Descuentos Permitidos
2026-06-25 11:15:27,034 INFO AVS_ZohoIntegration.Program - * Procesando resultado: 246 *
2026-06-25 11:15:27,035 INFO AVS_ZohoIntegration.Program - AcctCode: 81130000
2026-06-25 11:15:27,035 INFO AVS_ZohoIntegration.Program - AcctName: Intereses Pagados
2026-06-25 11:15:27,036 INFO AVS_ZohoIntegration.Program - * Procesando resultado: 247 *
2026-06-25 11:15:27,036 INFO AVS_ZohoIntegration.Program - AcctCode: 81140000
2026-06-25 11:15:27,037 INFO AVS_ZohoIntegration.Program - AcctName: Intereses Cobrados
2026-06-25 11:15:27,037 INFO AVS_ZohoIntegration.Program - * Procesando resultado: 248 *
2026-06-25 11:15:27,038 INFO AVS_ZohoIntegration.Program - AcctCode: 81150000
2026-06-25 11:15:27,039 INFO AVS_ZohoIntegration.Program - AcctName: Comisiones Bancarias
2026-06-25 11:15:27,039 INFO AVS_ZohoIntegration.Program - * Procesando resultado: 249 *
2026-06-25 11:15:27,039 INFO AVS_ZohoIntegration.Program - AcctCode: 81160000
2026-06-25 11:15:27,040 INFO AVS_ZohoIntegration.Program - AcctName: Redondeos
2026-06-25 11:15:27,040 INFO AVS_ZohoIntegration.Program - * Procesando resultado: 250 *
2026-06-25 11:15:27,041 INFO AVS_ZohoIntegration.Program - AcctCode: 81170000
2026-06-25 11:15:27,041 INFO AVS_ZohoIntegration.Program - AcctName: Diferencias de Reconciliación
2026-06-25 11:15:27,042 INFO AVS_ZohoIntegration.Program - * Procesando resultado: 251 *
2026-06-25 11:15:27,042 INFO AVS_ZohoIntegration.Program - AcctCode: 82000000
2026-06-25 11:15:27,043 INFO AVS_ZohoIntegration.Program - AcctName: Diferencia Cambiaria
2026-06-25 11:15:27,044 INFO AVS_ZohoIntegration.Program - * Procesando resultado: 252 *
2026-06-25 11:15:27,044 INFO AVS_ZohoIntegration.Program - AcctCode: 82100000
2026-06-25 11:15:27,045 INFO AVS_ZohoIntegration.Program - AcctName: Diferencia Cambiaria
2026-06-25 11:15:27,046 INFO AVS_ZohoIntegration.Program - * Procesando resultado: 253 *
2026-06-25 11:15:27,046 INFO AVS_ZohoIntegration.Program - AcctCode: 82110000
2026-06-25 11:15:27,047 INFO AVS_ZohoIntegration.Program - AcctName: Ganancia/Perdida por Tipo Cambio en Inventario
2026-06-25 11:15:27,047 INFO AVS_ZohoIntegration.Program - * Procesando resultado: 254 *
2026-06-25 11:15:27,048 INFO AVS_ZohoIntegration.Program - AcctCode: 82120000
2026-06-25 11:15:27,049 INFO AVS_ZohoIntegration.Program - AcctName: Perdida por Tipo de Cambio
2026-06-25 11:15:27,049 INFO AVS_ZohoIntegration.Program - * Procesando resultado: 255 *
2026-06-25 11:15:27,050 INFO AVS_ZohoIntegration.Program - AcctCode: 82130000
2026-06-25 11:15:27,050 INFO AVS_ZohoIntegration.Program - AcctName: Ganancia por Tipo de Cambio
2026-06-25 11:15:27,050 INFO AVS_ZohoIntegration.Program - * Procesando resultado: 256 *
2026-06-25 11:15:27,051 INFO AVS_ZohoIntegration.Program - AcctCode: 82140000
2026-06-25 11:15:27,051 INFO AVS_ZohoIntegration.Program - AcctName: Ganancia por Tipo de Cambio no Realizada
2026-06-25 11:15:27,052 INFO AVS_ZohoIntegration.Program - * Procesando resultado: 257 *
2026-06-25 11:15:27,052 INFO AVS_ZohoIntegration.Program - AcctCode: 82150000
2026-06-25 11:15:27,053 INFO AVS_ZohoIntegration.Program - AcctName: Perdida por Tipo de Cambio no Realizada
2026-06-25 11:15:27,053 INFO AVS_ZohoIntegration.Program - * Procesando resultado: 258 *
2026-06-25 11:15:27,054 INFO AVS_ZohoIntegration.Program - AcctCode: 83000000
2026-06-25 11:15:27,055 INFO AVS_ZohoIntegration.Program - AcctName: Misceláneos
2026-06-25 11:15:27,055 INFO AVS_ZohoIntegration.Program - * Procesando resultado: 259 *
2026-06-25 11:15:27,055 INFO AVS_ZohoIntegration.Program - AcctCode: 83100000
2026-06-25 11:15:27,056 INFO AVS_ZohoIntegration.Program - AcctName: Misceláneos
2026-06-25 11:15:27,057 INFO AVS_ZohoIntegration.Program - * Procesando resultado: 260 *
2026-06-25 11:15:27,057 INFO AVS_ZohoIntegration.Program - AcctCode: 83110000
2026-06-25 11:15:27,058 INFO AVS_ZohoIntegration.Program - AcctName: Diferencias por Redondeo en Cobranzas
2026-06-25 11:15:27,059 INFO AVS_ZohoIntegration.Program - * Procesando resultado: 261 *
2026-06-25 11:15:27,059 INFO AVS_ZohoIntegration.Program - AcctCode: 83120000
2026-06-25 11:15:27,060 INFO AVS_ZohoIntegration.Program - AcctName: Diferencias por Redondeo en Pagos
2026-06-25 11:15:27,060 INFO AVS_ZohoIntegration.Program - * Procesando resultado: 262 *
2026-06-25 11:15:27,061 INFO AVS_ZohoIntegration.Program - AcctCode: 83130000
2026-06-25 11:15:27,061 INFO AVS_ZohoIntegration.Program - AcctName: Gastos Misceláneos
2026-06-25 11:15:27,062 INFO AVS_ZohoIntegration.Program - * Procesando resultado: 263 *
2026-06-25 11:15:27,062 INFO AVS_ZohoIntegration.Program - AcctCode: 83140000
2026-06-25 11:15:27,063 INFO AVS_ZohoIntegration.Program - AcctName: Ingresos Misceláneos
2026-06-25 11:15:27,063 INFO AVS_ZohoIntegration.Program - * Procesando resultado: 264 *
2026-06-25 11:15:27,064 INFO AVS_ZohoIntegration.Program - AcctCode: 83150000
2026-06-25 11:15:27,064 INFO AVS_ZohoIntegration.Program - AcctName: REPOMO
2026-06-25 11:15:27,065 INFO AVS_ZohoIntegration.Program - * Procesando resultado: 265 *
2026-06-25 11:15:27,065 INFO AVS_ZohoIntegration.Program - AcctCode: 900000000000000
2026-06-25 11:15:27,066 INFO AVS_ZohoIntegration.Program - AcctName: #9
2026-06-25 11:15:27,066 INFO AVS_ZohoIntegration.Program - * Procesando resultado: 266 *
2026-06-25 11:15:27,067 INFO AVS_ZohoIntegration.Program - AcctCode: 91000000
2026-06-25 11:15:27,067 INFO AVS_ZohoIntegration.Program - AcctName: Otros Ingresos y Gastos
2026-06-25 11:15:27,068 INFO AVS_ZohoIntegration.Program - * Procesando resultado: 267 *
2026-06-25 11:15:27,069 INFO AVS_ZohoIntegration.Program - AcctCode: 91100000
2026-06-25 11:15:27,069 INFO AVS_ZohoIntegration.Program - AcctName: Bajas - Resultado por Baja de Activos Fijos
2026-06-25 11:15:27,070 INFO AVS_ZohoIntegration.Program - * Procesando resultado: 268 *
2026-06-25 11:15:27,070 INFO AVS_ZohoIntegration.Program - AcctCode: 91110000
2026-06-25 11:15:27,071 INFO AVS_ZohoIntegration.Program - AcctName: Ganancia / Perdida por Baja de Activos Fijo
2026-06-25 11:15:27,071 INFO AVS_ZohoIntegration.Program - * Procesando resultado: 269 *
2026-06-25 11:15:27,072 INFO AVS_ZohoIntegration.Program - AcctCode: 91200000
2026-06-25 11:15:27,072 INFO AVS_ZohoIntegration.Program - AcctName: Extraordinarios - Ingresos y Gastos Extraordinarios
2026-06-25 11:15:27,073 INFO AVS_ZohoIntegration.Program - * Procesando resultado: 270 *
2026-06-25 11:15:27,073 INFO AVS_ZohoIntegration.Program - AcctCode: 91210000
2026-06-25 11:15:27,074 INFO AVS_ZohoIntegration.Program - AcctName: Ingresos / Gastos Extraordinarios
2026-06-25 11:15:27,074 INFO AVS_ZohoIntegration.Program - * Procesando resultado: 271 *
2026-06-25 11:15:27,075 INFO AVS_ZohoIntegration.Program - AcctCode: 91300000
2026-06-25 11:15:27,076 INFO AVS_ZohoIntegration.Program - AcctName: Ganancia / Perdida po Reexpresión a la Inflación
2026-06-25 11:15:27,076 INFO AVS_ZohoIntegration.Program - * Procesando resultado: 272 *
2026-06-25 11:15:27,076 INFO AVS_ZohoIntegration.Program - AcctCode: 91310000
2026-06-25 11:15:27,077 INFO AVS_ZohoIntegration.Program - AcctName: Ganancia / Perdida por Reexpresión
2026-06-25 11:15:27,078 INFO AVS_ZohoIntegration.Program - * Procesando resultado: 273 *
2026-06-25 11:15:27,079 INFO AVS_ZohoIntegration.Program - AcctCode: 91320000
2026-06-25 11:15:27,079 INFO AVS_ZohoIntegration.Program - AcctName: Corrección por Reexpresión
2026-06-25 11:15:27,080 INFO AVS_ZohoIntegration.Program - * Procesando resultado: 274 *
2026-06-25 11:15:27,080 INFO AVS_ZohoIntegration.Program - AcctCode: A00000000000000
2026-06-25 11:15:27,081 INFO AVS_ZohoIntegration.Program - AcctName: #10
2026-06-25 11:15:41,260 INFO AVS_ZohoIntegration.Program - ** 274 registros listos. Enviando a Zoho...
