2026-08-31 12:11:05,945 INFO AVS_ZohoIntegration.Program - AVS SFTPSync Version [1.0.0.0]
2026-08-31 12:11:05,963 INFO AVS_ZohoIntegration.Program - Leyendo archivo de configuracion.
2026-08-31 12:11:06,241 INFO AVS_ZohoIntegration.Program - Archivo de configuracion leido correctamente.
2026-08-31 12:11:06,242 DEBUG AVS_ZohoIntegration.Program - **************************************************************************
2026-08-31 12:11:06,244 DEBUG AVS_ZohoIntegration.Program - Ejecutando sincronizacion para: SBODemoMX
2026-08-31 12:11:47,887 DEBUG AVS_ZohoIntegration.Program - Validando licencia...
2026-08-31 12:11:47,889 INFO AVS_ZohoIntegration.Program - Licencia valida.
2026-08-31 12:11:47,890 INFO AVS_ZohoIntegration.Program - Comando recibido: SENDITEMS
2026-08-31 12:11:47,891 INFO AVS_ZohoIntegration.Program - Iniciando proceso de envío de artículos...
2026-08-31 12:12:19,130 INFO AVS_ZohoIntegration.Program - *** Obteniendo información de cabecera: Artículos (OITM) ***
2026-08-31 12:12:20,286 INFO AVS_ZohoIntegration.Program - Se han obtenido 160 resultados pendientes de procesar.
2026-08-31 12:12:20,287 INFO AVS_ZohoIntegration.Program - * Procesando resultado: 1 *
2026-08-31 12:12:20,288 INFO AVS_ZohoIntegration.Program - Product_Code: A00001
2026-08-31 12:12:20,288 INFO AVS_ZohoIntegration.Program - Product_Name: J.B. Officeprint 1420
2026-08-31 12:12:20,289 INFO AVS_ZohoIntegration.Program - Product_Active: true
2026-08-31 12:12:20,290 INFO AVS_ZohoIntegration.Program - Unit_Price: 76757.3
2026-08-31 12:12:20,291 INFO AVS_ZohoIntegration.Program - Tax: 
2026-08-31 12:12:20,291 INFO AVS_ZohoIntegration.Program - Usage_Unit: 
2026-08-31 12:12:20,292 INFO AVS_ZohoIntegration.Program - Qty_in_Stock: 743
2026-08-31 12:12:20,293 INFO AVS_ZohoIntegration.Program - Taxable: true
2026-08-31 12:12:20,293 INFO AVS_ZohoIntegration.Program - * Procesando resultado: 2 *
2026-08-31 12:12:20,294 INFO AVS_ZohoIntegration.Program - Product_Code: A00002
2026-08-31 12:12:20,295 INFO AVS_ZohoIntegration.Program - Product_Name: J.B. Officeprint 1111
2026-08-31 12:12:20,295 INFO AVS_ZohoIntegration.Program - Product_Active: true
2026-08-31 12:12:20,296 INFO AVS_ZohoIntegration.Program - Unit_Price: 0
2026-08-31 12:12:20,297 INFO AVS_ZohoIntegration.Program - Tax: 
2026-08-31 12:12:20,297 INFO AVS_ZohoIntegration.Program - Usage_Unit: 
2026-08-31 12:12:20,298 INFO AVS_ZohoIntegration.Program - Qty_in_Stock: 949
2026-08-31 12:12:20,299 INFO AVS_ZohoIntegration.Program - Taxable: true
2026-08-31 12:12:20,301 INFO AVS_ZohoIntegration.Program - * Procesando resultado: 3 *
2026-08-31 12:12:20,302 INFO AVS_ZohoIntegration.Program - Product_Code: A00003
2026-08-31 12:12:20,303 INFO AVS_ZohoIntegration.Program - Product_Name: J.B. Officeprint 1186
2026-08-31 12:12:20,303 INFO AVS_ZohoIntegration.Program - Product_Active: true
2026-08-31 12:12:20,304 INFO AVS_ZohoIntegration.Program - Unit_Price: 57567.81
2026-08-31 12:12:20,305 INFO AVS_ZohoIntegration.Program - Tax: 
2026-08-31 12:12:20,305 INFO AVS_ZohoIntegration.Program - Usage_Unit: 
2026-08-31 12:12:20,306 INFO AVS_ZohoIntegration.Program - Qty_in_Stock: 1123
2026-08-31 12:12:20,306 INFO AVS_ZohoIntegration.Program - Taxable: true
2026-08-31 12:12:20,307 INFO AVS_ZohoIntegration.Program - * Procesando resultado: 4 *
2026-08-31 12:12:20,308 INFO AVS_ZohoIntegration.Program - Product_Code: A00004
2026-08-31 12:12:20,308 INFO AVS_ZohoIntegration.Program - Product_Name: Rainbow Color Printer 5.0
2026-08-31 12:12:20,309 INFO AVS_ZohoIntegration.Program - Product_Active: true
2026-08-31 12:12:20,310 INFO AVS_ZohoIntegration.Program - Unit_Price: 95946.4
2026-08-31 12:12:20,310 INFO AVS_ZohoIntegration.Program - Tax: 
2026-08-31 12:12:20,311 INFO AVS_ZohoIntegration.Program - Usage_Unit: 
2026-08-31 12:12:20,312 INFO AVS_ZohoIntegration.Program - Qty_in_Stock: 1106
2026-08-31 12:12:20,312 INFO AVS_ZohoIntegration.Program - Taxable: true
2026-08-31 12:12:20,313 INFO AVS_ZohoIntegration.Program - * Procesando resultado: 5 *
2026-08-31 12:12:20,315 INFO AVS_ZohoIntegration.Program - Product_Code: A00005
2026-08-31 12:12:20,315 INFO AVS_ZohoIntegration.Program - Product_Name: Rainbow Color Printer 7.5
2026-08-31 12:12:20,317 INFO AVS_ZohoIntegration.Program - Product_Active: true
2026-08-31 12:12:20,317 INFO AVS_ZohoIntegration.Program - Unit_Price: 50
2026-08-31 12:12:20,318 INFO AVS_ZohoIntegration.Program - Tax: 
2026-08-31 12:12:20,319 INFO AVS_ZohoIntegration.Program - Usage_Unit: 
2026-08-31 12:12:20,320 INFO AVS_ZohoIntegration.Program - Qty_in_Stock: 1187
2026-08-31 12:12:20,320 INFO AVS_ZohoIntegration.Program - Taxable: true
2026-08-31 12:12:20,321 INFO AVS_ZohoIntegration.Program - * Procesando resultado: 6 *
2026-08-31 12:12:20,322 INFO AVS_ZohoIntegration.Program - Product_Code: A00006
2026-08-31 12:12:20,322 INFO AVS_ZohoIntegration.Program - Product_Name: Rainbow 1200 Laser Series
2026-08-31 12:12:20,323 INFO AVS_ZohoIntegration.Program - Product_Active: true
2026-08-31 12:12:20,324 INFO AVS_ZohoIntegration.Program - Unit_Price: 76757.18
2026-08-31 12:12:20,324 INFO AVS_ZohoIntegration.Program - Tax: 
2026-08-31 12:12:20,325 INFO AVS_ZohoIntegration.Program - Usage_Unit: 
2026-08-31 12:12:20,325 INFO AVS_ZohoIntegration.Program - Qty_in_Stock: 528
2026-08-31 12:12:20,326 INFO AVS_ZohoIntegration.Program - Taxable: true
2026-08-31 12:12:20,326 INFO AVS_ZohoIntegration.Program - * Procesando resultado: 7 *
2026-08-31 12:12:20,327 INFO AVS_ZohoIntegration.Program - Product_Code: A00007
2026-08-31 12:12:20,327 INFO AVS_ZohoIntegration.Program - Product_Name: Rainbow 1200 Laser Series
2026-08-31 12:12:20,328 INFO AVS_ZohoIntegration.Program - Product_Active: true
2026-08-31 12:12:20,329 INFO AVS_ZohoIntegration.Program - Unit_Price: 76757.18
2026-08-31 12:12:20,329 INFO AVS_ZohoIntegration.Program - Tax: 
2026-08-31 12:12:20,330 INFO AVS_ZohoIntegration.Program - Usage_Unit: 
2026-08-31 12:12:20,331 INFO AVS_ZohoIntegration.Program - Qty_in_Stock: 0
2026-08-31 12:12:20,331 INFO AVS_ZohoIntegration.Program - Taxable: true
2026-08-31 12:12:20,332 INFO AVS_ZohoIntegration.Program - * Procesando resultado: 8 *
2026-08-31 12:12:20,332 INFO AVS_ZohoIntegration.Program - Product_Code: A00008
2026-08-31 12:12:20,333 INFO AVS_ZohoIntegration.Program - Product_Name: Rainbow 1200 Laser Series
2026-08-31 12:12:20,334 INFO AVS_ZohoIntegration.Program - Product_Active: true
2026-08-31 12:12:20,335 INFO AVS_ZohoIntegration.Program - Unit_Price: 76757.18
2026-08-31 12:12:20,335 INFO AVS_ZohoIntegration.Program - Tax: 
2026-08-31 12:12:20,336 INFO AVS_ZohoIntegration.Program - Usage_Unit: 
2026-08-31 12:12:20,336 INFO AVS_ZohoIntegration.Program - Qty_in_Stock: 0
2026-08-31 12:12:20,337 INFO AVS_ZohoIntegration.Program - Taxable: true
2026-08-31 12:12:20,337 INFO AVS_ZohoIntegration.Program - * Procesando resultado: 9 *
2026-08-31 12:12:20,338 INFO AVS_ZohoIntegration.Program - Product_Code: A00009
2026-08-31 12:12:20,338 INFO AVS_ZohoIntegration.Program - Product_Name: Rainbow 1200 Laser Series
2026-08-31 12:12:20,339 INFO AVS_ZohoIntegration.Program - Product_Active: true
2026-08-31 12:12:20,340 INFO AVS_ZohoIntegration.Program - Unit_Price: 76757.18
2026-08-31 12:12:20,340 INFO AVS_ZohoIntegration.Program - Tax: 
2026-08-31 12:12:20,340 INFO AVS_ZohoIntegration.Program - Usage_Unit: 
2026-08-31 12:12:20,341 INFO AVS_ZohoIntegration.Program - Qty_in_Stock: 0
2026-08-31 12:12:20,342 INFO AVS_ZohoIntegration.Program - Taxable: true
2026-08-31 12:12:20,343 INFO AVS_ZohoIntegration.Program - * Procesando resultado: 10 *
2026-08-31 12:12:20,343 INFO AVS_ZohoIntegration.Program - Product_Code: A00010
2026-08-31 12:12:20,344 INFO AVS_ZohoIntegration.Program - Product_Name: Rainbow 1200 Laser Series
2026-08-31 12:12:20,344 INFO AVS_ZohoIntegration.Program - Product_Active: true
2026-08-31 12:12:20,345 INFO AVS_ZohoIntegration.Program - Unit_Price: 76757.18
2026-08-31 12:12:20,345 INFO AVS_ZohoIntegration.Program - Tax: 
2026-08-31 12:12:20,345 INFO AVS_ZohoIntegration.Program - Usage_Unit: 
2026-08-31 12:12:20,346 INFO AVS_ZohoIntegration.Program - Qty_in_Stock: 0
2026-08-31 12:12:20,346 INFO AVS_ZohoIntegration.Program - Taxable: true
2026-08-31 12:12:20,347 INFO AVS_ZohoIntegration.Program - * Procesando resultado: 11 *
2026-08-31 12:12:20,348 INFO AVS_ZohoIntegration.Program - Product_Code: A00011
2026-08-31 12:12:20,348 INFO AVS_ZohoIntegration.Program - Product_Name: Rainbow 1200 Laser Series
2026-08-31 12:12:20,349 INFO AVS_ZohoIntegration.Program - Product_Active: true
2026-08-31 12:12:20,350 INFO AVS_ZohoIntegration.Program - Unit_Price: 76757.18
2026-08-31 12:12:20,350 INFO AVS_ZohoIntegration.Program - Tax: 
2026-08-31 12:12:20,351 INFO AVS_ZohoIntegration.Program - Usage_Unit: 
2026-08-31 12:12:20,351 INFO AVS_ZohoIntegration.Program - Qty_in_Stock: 0
2026-08-31 12:12:20,352 INFO AVS_ZohoIntegration.Program - Taxable: true
2026-08-31 12:12:20,353 INFO AVS_ZohoIntegration.Program - * Procesando resultado: 12 *
2026-08-31 12:12:20,353 INFO AVS_ZohoIntegration.Program - Product_Code: A00012
2026-08-31 12:12:20,354 INFO AVS_ZohoIntegration.Program - Product_Name: Rainbow 1200 Laser Series
2026-08-31 12:12:20,354 INFO AVS_ZohoIntegration.Program - Product_Active: true
2026-08-31 12:12:20,355 INFO AVS_ZohoIntegration.Program - Unit_Price: 76757.18
2026-08-31 12:12:20,355 INFO AVS_ZohoIntegration.Program - Tax: 
2026-08-31 12:12:20,356 INFO AVS_ZohoIntegration.Program - Usage_Unit: 
2026-08-31 12:12:20,356 INFO AVS_ZohoIntegration.Program - Qty_in_Stock: 0
2026-08-31 12:12:20,357 INFO AVS_ZohoIntegration.Program - Taxable: true
2026-08-31 12:12:20,357 INFO AVS_ZohoIntegration.Program - * Procesando resultado: 13 *
2026-08-31 12:12:20,358 INFO AVS_ZohoIntegration.Program - Product_Code: A00013
2026-08-31 12:12:20,358 INFO AVS_ZohoIntegration.Program - Product_Name: Rainbow 1200 Laser Series
2026-08-31 12:12:20,359 INFO AVS_ZohoIntegration.Program - Product_Active: true
2026-08-31 12:12:20,359 INFO AVS_ZohoIntegration.Program - Unit_Price: 76757.18
2026-08-31 12:12:20,360 INFO AVS_ZohoIntegration.Program - Tax: 
2026-08-31 12:12:20,360 INFO AVS_ZohoIntegration.Program - Usage_Unit: 
2026-08-31 12:12:20,361 INFO AVS_ZohoIntegration.Program - Qty_in_Stock: 0
2026-08-31 12:12:20,361 INFO AVS_ZohoIntegration.Program - Taxable: true
2026-08-31 12:12:20,362 INFO AVS_ZohoIntegration.Program - * Procesando resultado: 14 *
2026-08-31 12:12:20,362 INFO AVS_ZohoIntegration.Program - Product_Code: A00014
2026-08-31 12:12:20,363 INFO AVS_ZohoIntegration.Program - Product_Name: Rainbow 1200 Laser Series
2026-08-31 12:12:20,364 INFO AVS_ZohoIntegration.Program - Product_Active: true
2026-08-31 12:12:20,365 INFO AVS_ZohoIntegration.Program - Unit_Price: 76757.18
2026-08-31 12:12:20,366 INFO AVS_ZohoIntegration.Program - Tax: 
2026-08-31 12:12:20,366 INFO AVS_ZohoIntegration.Program - Usage_Unit: 
2026-08-31 12:12:20,367 INFO AVS_ZohoIntegration.Program - Qty_in_Stock: 0
2026-08-31 12:12:20,367 INFO AVS_ZohoIntegration.Program - Taxable: true
2026-08-31 12:12:20,368 INFO AVS_ZohoIntegration.Program - * Procesando resultado: 15 *
2026-08-31 12:12:20,369 INFO AVS_ZohoIntegration.Program - Product_Code: A00015
2026-08-31 12:12:20,369 INFO AVS_ZohoIntegration.Program - Product_Name: Rainbow 1200 Laser Series
2026-08-31 12:12:20,370 INFO AVS_ZohoIntegration.Program - Product_Active: true
2026-08-31 12:12:20,370 INFO AVS_ZohoIntegration.Program - Unit_Price: 76757.18
2026-08-31 12:12:20,371 INFO AVS_ZohoIntegration.Program - Tax: 
2026-08-31 12:12:20,371 INFO AVS_ZohoIntegration.Program - Usage_Unit: 
2026-08-31 12:12:20,372 INFO AVS_ZohoIntegration.Program - Qty_in_Stock: 0
2026-08-31 12:12:20,372 INFO AVS_ZohoIntegration.Program - Taxable: true
2026-08-31 12:12:20,373 INFO AVS_ZohoIntegration.Program - * Procesando resultado: 16 *
2026-08-31 12:12:20,374 INFO AVS_ZohoIntegration.Program - Product_Code: A00016
2026-08-31 12:12:20,374 INFO AVS_ZohoIntegration.Program - Product_Name: Rainbow 1200 Laser Series
2026-08-31 12:12:20,375 INFO AVS_ZohoIntegration.Program - Product_Active: true
2026-08-31 12:12:20,375 INFO AVS_ZohoIntegration.Program - Unit_Price: 76757.18
2026-08-31 12:12:20,376 INFO AVS_ZohoIntegration.Program - Tax: 
2026-08-31 12:12:20,376 INFO AVS_ZohoIntegration.Program - Usage_Unit: 
2026-08-31 12:12:20,377 INFO AVS_ZohoIntegration.Program - Qty_in_Stock: 0
2026-08-31 12:12:20,377 INFO AVS_ZohoIntegration.Program - Taxable: true
2026-08-31 12:12:20,378 INFO AVS_ZohoIntegration.Program - * Procesando resultado: 17 *
2026-08-31 12:12:20,378 INFO AVS_ZohoIntegration.Program - Product_Code: A00017
2026-08-31 12:12:20,379 INFO AVS_ZohoIntegration.Program - Product_Name: Rainbow 1200 Laser Series
2026-08-31 12:12:20,379 INFO AVS_ZohoIntegration.Program - Product_Active: true
2026-08-31 12:12:20,380 INFO AVS_ZohoIntegration.Program - Unit_Price: 76757.18
2026-08-31 12:12:20,381 INFO AVS_ZohoIntegration.Program - Tax: 
2026-08-31 12:12:20,382 INFO AVS_ZohoIntegration.Program - Usage_Unit: 
2026-08-31 12:12:20,382 INFO AVS_ZohoIntegration.Program - Qty_in_Stock: 0
2026-08-31 12:12:20,383 INFO AVS_ZohoIntegration.Program - Taxable: true
2026-08-31 12:12:20,383 INFO AVS_ZohoIntegration.Program - * Procesando resultado: 18 *
2026-08-31 12:12:20,384 INFO AVS_ZohoIntegration.Program - Product_Code: A00018
2026-08-31 12:12:20,385 INFO AVS_ZohoIntegration.Program - Product_Name: Rainbow 1200 Laser Series
2026-08-31 12:12:20,385 INFO AVS_ZohoIntegration.Program - Product_Active: true
2026-08-31 12:12:20,386 INFO AVS_ZohoIntegration.Program - Unit_Price: 76757.18
2026-08-31 12:12:20,386 INFO AVS_ZohoIntegration.Program - Tax: 
2026-08-31 12:12:20,387 INFO AVS_ZohoIntegration.Program - Usage_Unit: 
2026-08-31 12:12:20,387 INFO AVS_ZohoIntegration.Program - Qty_in_Stock: 0
2026-08-31 12:12:20,388 INFO AVS_ZohoIntegration.Program - Taxable: true
2026-08-31 12:12:20,388 INFO AVS_ZohoIntegration.Program - * Procesando resultado: 19 *
2026-08-31 12:12:20,389 INFO AVS_ZohoIntegration.Program - Product_Code: A00019
2026-08-31 12:12:20,390 INFO AVS_ZohoIntegration.Program - Product_Name: Rainbow 1200 Laser Series
2026-08-31 12:12:20,390 INFO AVS_ZohoIntegration.Program - Product_Active: true
2026-08-31 12:12:20,391 INFO AVS_ZohoIntegration.Program - Unit_Price: 76757.18
2026-08-31 12:12:20,392 INFO AVS_ZohoIntegration.Program - Tax: 
2026-08-31 12:12:20,392 INFO AVS_ZohoIntegration.Program - Usage_Unit: 
2026-08-31 12:12:20,393 INFO AVS_ZohoIntegration.Program - Qty_in_Stock: 0
2026-08-31 12:12:20,393 INFO AVS_ZohoIntegration.Program - Taxable: true
2026-08-31 12:12:20,394 INFO AVS_ZohoIntegration.Program - * Procesando resultado: 20 *
2026-08-31 12:12:20,395 INFO AVS_ZohoIntegration.Program - Product_Code: A00020
2026-08-31 12:12:20,395 INFO AVS_ZohoIntegration.Program - Product_Name: J.B. Officeprint 1420
2026-08-31 12:12:20,396 INFO AVS_ZohoIntegration.Program - Product_Active: true
2026-08-31 12:12:20,397 INFO AVS_ZohoIntegration.Program - Unit_Price: 76757.18
2026-08-31 12:12:20,398 INFO AVS_ZohoIntegration.Program - Tax: 
2026-08-31 12:12:20,398 INFO AVS_ZohoIntegration.Program - Usage_Unit: 
2026-08-31 12:12:20,399 INFO AVS_ZohoIntegration.Program - Qty_in_Stock: 0
2026-08-31 12:12:20,400 INFO AVS_ZohoIntegration.Program - Taxable: true
2026-08-31 12:12:20,401 INFO AVS_ZohoIntegration.Program - * Procesando resultado: 21 *
2026-08-31 12:12:20,401 INFO AVS_ZohoIntegration.Program - Product_Code: A00021
2026-08-31 12:12:20,402 INFO AVS_ZohoIntegration.Program - Product_Name: J.B. Officeprint 1420
2026-08-31 12:12:20,402 INFO AVS_ZohoIntegration.Program - Product_Active: true
2026-08-31 12:12:20,403 INFO AVS_ZohoIntegration.Program - Unit_Price: 76757.18
2026-08-31 12:12:20,404 INFO AVS_ZohoIntegration.Program - Tax: 
2026-08-31 12:12:20,404 INFO AVS_ZohoIntegration.Program - Usage_Unit: 
2026-08-31 12:12:20,405 INFO AVS_ZohoIntegration.Program - Qty_in_Stock: 0
2026-08-31 12:12:20,405 INFO AVS_ZohoIntegration.Program - Taxable: true
2026-08-31 12:12:20,406 INFO AVS_ZohoIntegration.Program - * Procesando resultado: 22 *
2026-08-31 12:12:20,406 INFO AVS_ZohoIntegration.Program - Product_Code: A00022
2026-08-31 12:12:20,407 INFO AVS_ZohoIntegration.Program - Product_Name: J.B. Officeprint 1420
2026-08-31 12:12:20,407 INFO AVS_ZohoIntegration.Program - Product_Active: true
2026-08-31 12:12:20,408 INFO AVS_ZohoIntegration.Program - Unit_Price: 76757.18
2026-08-31 12:12:20,409 INFO AVS_ZohoIntegration.Program - Tax: 
2026-08-31 12:12:20,409 INFO AVS_ZohoIntegration.Program - Usage_Unit: 
2026-08-31 12:12:20,410 INFO AVS_ZohoIntegration.Program - Qty_in_Stock: 0
2026-08-31 12:12:20,410 INFO AVS_ZohoIntegration.Program - Taxable: true
2026-08-31 12:12:20,411 INFO AVS_ZohoIntegration.Program - * Procesando resultado: 23 *
2026-08-31 12:12:20,412 INFO AVS_ZohoIntegration.Program - Product_Code: A00023
2026-08-31 12:12:20,412 INFO AVS_ZohoIntegration.Program - Product_Name: J.B. Officeprint 1420
2026-08-31 12:12:20,414 INFO AVS_ZohoIntegration.Program - Product_Active: true
2026-08-31 12:12:20,414 INFO AVS_ZohoIntegration.Program - Unit_Price: 76757.18
2026-08-31 12:12:20,415 INFO AVS_ZohoIntegration.Program - Tax: 
2026-08-31 12:12:20,415 INFO AVS_ZohoIntegration.Program - Usage_Unit: 
2026-08-31 12:12:20,416 INFO AVS_ZohoIntegration.Program - Qty_in_Stock: 0
2026-08-31 12:12:20,417 INFO AVS_ZohoIntegration.Program - Taxable: true
2026-08-31 12:12:20,417 INFO AVS_ZohoIntegration.Program - * Procesando resultado: 24 *
2026-08-31 12:12:20,418 INFO AVS_ZohoIntegration.Program - Product_Code: A00024
2026-08-31 12:12:20,418 INFO AVS_ZohoIntegration.Program - Product_Name: J.B. Officeprint 1420
2026-08-31 12:12:20,419 INFO AVS_ZohoIntegration.Program - Product_Active: true
2026-08-31 12:12:20,419 INFO AVS_ZohoIntegration.Program - Unit_Price: 76757.18
2026-08-31 12:12:20,420 INFO AVS_ZohoIntegration.Program - Tax: 
2026-08-31 12:12:20,420 INFO AVS_ZohoIntegration.Program - Usage_Unit: 
2026-08-31 12:12:20,420 INFO AVS_ZohoIntegration.Program - Qty_in_Stock: 0
2026-08-31 12:12:20,421 INFO AVS_ZohoIntegration.Program - Taxable: true
2026-08-31 12:12:20,421 INFO AVS_ZohoIntegration.Program - * Procesando resultado: 25 *
2026-08-31 12:12:20,422 INFO AVS_ZohoIntegration.Program - Product_Code: A00025
2026-08-31 12:12:20,422 INFO AVS_ZohoIntegration.Program - Product_Name: J.B. Officeprint 1420
2026-08-31 12:12:20,423 INFO AVS_ZohoIntegration.Program - Product_Active: true
2026-08-31 12:12:20,423 INFO AVS_ZohoIntegration.Program - Unit_Price: 76757.18
2026-08-31 12:12:20,424 INFO AVS_ZohoIntegration.Program - Tax: 
2026-08-31 12:12:20,424 INFO AVS_ZohoIntegration.Program - Usage_Unit: 
2026-08-31 12:12:20,425 INFO AVS_ZohoIntegration.Program - Qty_in_Stock: 0
2026-08-31 12:12:20,425 INFO AVS_ZohoIntegration.Program - Taxable: true
2026-08-31 12:12:20,426 INFO AVS_ZohoIntegration.Program - * Procesando resultado: 26 *
2026-08-31 12:12:20,426 INFO AVS_ZohoIntegration.Program - Product_Code: A00026
2026-08-31 12:12:20,427 INFO AVS_ZohoIntegration.Program - Product_Name: J.B. Officeprint 1420
2026-08-31 12:12:20,427 INFO AVS_ZohoIntegration.Program - Product_Active: true
2026-08-31 12:12:20,427 INFO AVS_ZohoIntegration.Program - Unit_Price: 76757.18
2026-08-31 12:12:20,428 INFO AVS_ZohoIntegration.Program - Tax: 
2026-08-31 12:12:20,428 INFO AVS_ZohoIntegration.Program - Usage_Unit: 
2026-08-31 12:12:20,429 INFO AVS_ZohoIntegration.Program - Qty_in_Stock: 0
2026-08-31 12:12:20,430 INFO AVS_ZohoIntegration.Program - Taxable: true
2026-08-31 12:12:20,431 INFO AVS_ZohoIntegration.Program - * Procesando resultado: 27 *
2026-08-31 12:12:20,432 INFO AVS_ZohoIntegration.Program - Product_Code: A00027
2026-08-31 12:12:20,432 INFO AVS_ZohoIntegration.Program - Product_Name: J.B. Officeprint 1420
2026-08-31 12:12:20,433 INFO AVS_ZohoIntegration.Program - Product_Active: true
2026-08-31 12:12:20,434 INFO AVS_ZohoIntegration.Program - Unit_Price: 76757.18
2026-08-31 12:12:20,434 INFO AVS_ZohoIntegration.Program - Tax: 
2026-08-31 12:12:20,435 INFO AVS_ZohoIntegration.Program - Usage_Unit: 
2026-08-31 12:12:20,435 INFO AVS_ZohoIntegration.Program - Qty_in_Stock: 0
2026-08-31 12:12:20,436 INFO AVS_ZohoIntegration.Program - Taxable: true
2026-08-31 12:12:20,436 INFO AVS_ZohoIntegration.Program - * Procesando resultado: 28 *
2026-08-31 12:12:20,437 INFO AVS_ZohoIntegration.Program - Product_Code: A00028
2026-08-31 12:12:20,437 INFO AVS_ZohoIntegration.Program - Product_Name: J.B. Officeprint 1420
2026-08-31 12:12:20,438 INFO AVS_ZohoIntegration.Program - Product_Active: true
2026-08-31 12:12:20,438 INFO AVS_ZohoIntegration.Program - Unit_Price: 76757.18
2026-08-31 12:12:20,438 INFO AVS_ZohoIntegration.Program - Tax: 
2026-08-31 12:12:20,439 INFO AVS_ZohoIntegration.Program - Usage_Unit: 
2026-08-31 12:12:20,439 INFO AVS_ZohoIntegration.Program - Qty_in_Stock: 0
2026-08-31 12:12:20,440 INFO AVS_ZohoIntegration.Program - Taxable: true
2026-08-31 12:12:20,441 INFO AVS_ZohoIntegration.Program - * Procesando resultado: 29 *
2026-08-31 12:12:20,441 INFO AVS_ZohoIntegration.Program - Product_Code: A00029
2026-08-31 12:12:20,442 INFO AVS_ZohoIntegration.Program - Product_Name: J.B. Officeprint 1420
2026-08-31 12:12:20,442 INFO AVS_ZohoIntegration.Program - Product_Active: true
2026-08-31 12:12:20,442 INFO AVS_ZohoIntegration.Program - Unit_Price: 76757.18
2026-08-31 12:12:20,444 INFO AVS_ZohoIntegration.Program - Tax: 
2026-08-31 12:12:20,444 INFO AVS_ZohoIntegration.Program - Usage_Unit: 
2026-08-31 12:12:20,445 INFO AVS_ZohoIntegration.Program - Qty_in_Stock: 0
2026-08-31 12:12:20,445 INFO AVS_ZohoIntegration.Program - Taxable: true
2026-08-31 12:12:20,446 INFO AVS_ZohoIntegration.Program - * Procesando resultado: 30 *
2026-08-31 12:12:20,447 INFO AVS_ZohoIntegration.Program - Product_Code: A00030
2026-08-31 12:12:20,448 INFO AVS_ZohoIntegration.Program - Product_Name: J.B. Officeprint 1420
2026-08-31 12:12:20,448 INFO AVS_ZohoIntegration.Program - Product_Active: true
2026-08-31 12:12:20,449 INFO AVS_ZohoIntegration.Program - Unit_Price: 76757.18
2026-08-31 12:12:20,449 INFO AVS_ZohoIntegration.Program - Tax: 
2026-08-31 12:12:20,450 INFO AVS_ZohoIntegration.Program - Usage_Unit: 
2026-08-31 12:12:20,450 INFO AVS_ZohoIntegration.Program - Qty_in_Stock: 0
2026-08-31 12:12:20,451 INFO AVS_ZohoIntegration.Program - Taxable: true
2026-08-31 12:12:20,451 INFO AVS_ZohoIntegration.Program - * Procesando resultado: 31 *
2026-08-31 12:12:20,452 INFO AVS_ZohoIntegration.Program - Product_Code: A00031
2026-08-31 12:12:20,452 INFO AVS_ZohoIntegration.Program - Product_Name: J.B. Officeprint 1420
2026-08-31 12:12:20,453 INFO AVS_ZohoIntegration.Program - Product_Active: true
2026-08-31 12:12:20,454 INFO AVS_ZohoIntegration.Program - Unit_Price: 76757.18
2026-08-31 12:12:20,454 INFO AVS_ZohoIntegration.Program - Tax: 
2026-08-31 12:12:20,454 INFO AVS_ZohoIntegration.Program - Usage_Unit: 
2026-08-31 12:12:20,455 INFO AVS_ZohoIntegration.Program - Qty_in_Stock: 0
2026-08-31 12:12:20,456 INFO AVS_ZohoIntegration.Program - Taxable: true
2026-08-31 12:12:20,456 INFO AVS_ZohoIntegration.Program - * Procesando resultado: 32 *
2026-08-31 12:12:20,457 INFO AVS_ZohoIntegration.Program - Product_Code: A00032
2026-08-31 12:12:20,458 INFO AVS_ZohoIntegration.Program - Product_Name: J.B. Officeprint 1420
2026-08-31 12:12:20,458 INFO AVS_ZohoIntegration.Program - Product_Active: true
2026-08-31 12:12:20,459 INFO AVS_ZohoIntegration.Program - Unit_Price: 76757.18
2026-08-31 12:12:20,459 INFO AVS_ZohoIntegration.Program - Tax: 
2026-08-31 12:12:20,460 INFO AVS_ZohoIntegration.Program - Usage_Unit: 
2026-08-31 12:12:20,460 INFO AVS_ZohoIntegration.Program - Qty_in_Stock: 0
2026-08-31 12:12:20,461 INFO AVS_ZohoIntegration.Program - Taxable: true
2026-08-31 12:12:20,461 INFO AVS_ZohoIntegration.Program - * Procesando resultado: 33 *
2026-08-31 12:12:20,462 INFO AVS_ZohoIntegration.Program - Product_Code: A00033
2026-08-31 12:12:20,462 INFO AVS_ZohoIntegration.Program - Product_Name: J.B. Officeprint 1420
2026-08-31 12:12:20,463 INFO AVS_ZohoIntegration.Program - Product_Active: true
2026-08-31 12:12:20,463 INFO AVS_ZohoIntegration.Program - Unit_Price: 76757.18
2026-08-31 12:12:20,464 INFO AVS_ZohoIntegration.Program - Tax: 
2026-08-31 12:12:20,464 INFO AVS_ZohoIntegration.Program - Usage_Unit: 
2026-08-31 12:12:20,465 INFO AVS_ZohoIntegration.Program - Qty_in_Stock: 0
2026-08-31 12:12:20,466 INFO AVS_ZohoIntegration.Program - Taxable: true
2026-08-31 12:12:20,466 INFO AVS_ZohoIntegration.Program - * Procesando resultado: 34 *
2026-08-31 12:12:20,467 INFO AVS_ZohoIntegration.Program - Product_Code: A00034
2026-08-31 12:12:20,467 INFO AVS_ZohoIntegration.Program - Product_Name: J.B. Officeprint 1420
2026-08-31 12:12:20,468 INFO AVS_ZohoIntegration.Program - Product_Active: true
2026-08-31 12:12:20,468 INFO AVS_ZohoIntegration.Program - Unit_Price: 76757.18
2026-08-31 12:12:20,469 INFO AVS_ZohoIntegration.Program - Tax: 
2026-08-31 12:12:20,469 INFO AVS_ZohoIntegration.Program - Usage_Unit: 
2026-08-31 12:12:20,470 INFO AVS_ZohoIntegration.Program - Qty_in_Stock: 0
2026-08-31 12:12:20,470 INFO AVS_ZohoIntegration.Program - Taxable: true
2026-08-31 12:12:20,471 INFO AVS_ZohoIntegration.Program - * Procesando resultado: 35 *
2026-08-31 12:12:20,471 INFO AVS_ZohoIntegration.Program - Product_Code: A00035
2026-08-31 12:12:20,472 INFO AVS_ZohoIntegration.Program - Product_Name: J.B. Officeprint 1420
2026-08-31 12:12:20,472 INFO AVS_ZohoIntegration.Program - Product_Active: true
2026-08-31 12:12:20,473 INFO AVS_ZohoIntegration.Program - Unit_Price: 76757.18
2026-08-31 12:12:20,473 INFO AVS_ZohoIntegration.Program - Tax: 
2026-08-31 12:12:20,474 INFO AVS_ZohoIntegration.Program - Usage_Unit: 
2026-08-31 12:12:20,474 INFO AVS_ZohoIntegration.Program - Qty_in_Stock: 0
2026-08-31 12:12:20,475 INFO AVS_ZohoIntegration.Program - Taxable: true
2026-08-31 12:12:20,475 INFO AVS_ZohoIntegration.Program - * Procesando resultado: 36 *
2026-08-31 12:12:20,476 INFO AVS_ZohoIntegration.Program - Product_Code: A00036
2026-08-31 12:12:20,476 INFO AVS_ZohoIntegration.Program - Product_Name: J.B. Officeprint 1420
2026-08-31 12:12:20,476 INFO AVS_ZohoIntegration.Program - Product_Active: true
2026-08-31 12:12:20,477 INFO AVS_ZohoIntegration.Program - Unit_Price: 76757.18
2026-08-31 12:12:20,477 INFO AVS_ZohoIntegration.Program - Tax: 
2026-08-31 12:12:20,478 INFO AVS_ZohoIntegration.Program - Usage_Unit: 
2026-08-31 12:12:20,478 INFO AVS_ZohoIntegration.Program - Qty_in_Stock: 0
2026-08-31 12:12:20,478 INFO AVS_ZohoIntegration.Program - Taxable: true
2026-08-31 12:12:20,479 INFO AVS_ZohoIntegration.Program - * Procesando resultado: 37 *
2026-08-31 12:12:20,479 INFO AVS_ZohoIntegration.Program - Product_Code: A00037
2026-08-31 12:12:20,480 INFO AVS_ZohoIntegration.Program - Product_Name: J.B. Officeprint 1420
2026-08-31 12:12:20,480 INFO AVS_ZohoIntegration.Program - Product_Active: true
2026-08-31 12:12:20,481 INFO AVS_ZohoIntegration.Program - Unit_Price: 76757.18
2026-08-31 12:12:20,482 INFO AVS_ZohoIntegration.Program - Tax: 
2026-08-31 12:12:20,482 INFO AVS_ZohoIntegration.Program - Usage_Unit: 
2026-08-31 12:12:20,483 INFO AVS_ZohoIntegration.Program - Qty_in_Stock: 0
2026-08-31 12:12:20,484 INFO AVS_ZohoIntegration.Program - Taxable: true
2026-08-31 12:12:20,484 INFO AVS_ZohoIntegration.Program - * Procesando resultado: 38 *
2026-08-31 12:12:20,485 INFO AVS_ZohoIntegration.Program - Product_Code: A00038
2026-08-31 12:12:20,485 INFO AVS_ZohoIntegration.Program - Product_Name: J.B. Officeprint 1420
2026-08-31 12:12:20,485 INFO AVS_ZohoIntegration.Program - Product_Active: true
2026-08-31 12:12:20,486 INFO AVS_ZohoIntegration.Program - Unit_Price: 76757.18
2026-08-31 12:12:20,486 INFO AVS_ZohoIntegration.Program - Tax: 
2026-08-31 12:12:20,487 INFO AVS_ZohoIntegration.Program - Usage_Unit: 
2026-08-31 12:12:20,487 INFO AVS_ZohoIntegration.Program - Qty_in_Stock: 0
2026-08-31 12:12:20,488 INFO AVS_ZohoIntegration.Program - Taxable: true
2026-08-31 12:12:20,489 INFO AVS_ZohoIntegration.Program - * Procesando resultado: 39 *
2026-08-31 12:12:20,489 INFO AVS_ZohoIntegration.Program - Product_Code: A00039
2026-08-31 12:12:20,490 INFO AVS_ZohoIntegration.Program - Product_Name: J.B. Officeprint 1420
2026-08-31 12:12:20,490 INFO AVS_ZohoIntegration.Program - Product_Active: true
2026-08-31 12:12:20,491 INFO AVS_ZohoIntegration.Program - Unit_Price: 76757.18
2026-08-31 12:12:20,491 INFO AVS_ZohoIntegration.Program - Tax: 
2026-08-31 12:12:20,492 INFO AVS_ZohoIntegration.Program - Usage_Unit: 
2026-08-31 12:12:20,493 INFO AVS_ZohoIntegration.Program - Qty_in_Stock: 0
2026-08-31 12:12:20,493 INFO AVS_ZohoIntegration.Program - Taxable: true
2026-08-31 12:12:20,493 INFO AVS_ZohoIntegration.Program - * Procesando resultado: 40 *
2026-08-31 12:12:20,494 INFO AVS_ZohoIntegration.Program - Product_Code: A00040
2026-08-31 12:12:20,494 INFO AVS_ZohoIntegration.Program - Product_Name: J.B. Officeprint 1420
2026-08-31 12:12:20,495 INFO AVS_ZohoIntegration.Program - Product_Active: true
2026-08-31 12:12:20,495 INFO AVS_ZohoIntegration.Program - Unit_Price: 76757.18
2026-08-31 12:12:20,495 INFO AVS_ZohoIntegration.Program - Tax: 
2026-08-31 12:12:20,496 INFO AVS_ZohoIntegration.Program - Usage_Unit: 
2026-08-31 12:12:20,497 INFO AVS_ZohoIntegration.Program - Qty_in_Stock: 0
2026-08-31 12:12:20,497 INFO AVS_ZohoIntegration.Program - Taxable: true
2026-08-31 12:12:20,498 INFO AVS_ZohoIntegration.Program - * Procesando resultado: 41 *
2026-08-31 12:12:20,498 INFO AVS_ZohoIntegration.Program - Product_Code: A00041
2026-08-31 12:12:20,499 INFO AVS_ZohoIntegration.Program - Product_Name: J.B. Officeprint 1420
2026-08-31 12:12:20,499 INFO AVS_ZohoIntegration.Program - Product_Active: true
2026-08-31 12:12:20,500 INFO AVS_ZohoIntegration.Program - Unit_Price: 76757.18
2026-08-31 12:12:20,501 INFO AVS_ZohoIntegration.Program - Tax: 
2026-08-31 12:12:20,501 INFO AVS_ZohoIntegration.Program - Usage_Unit: 
2026-08-31 12:12:20,502 INFO AVS_ZohoIntegration.Program - Qty_in_Stock: 0
2026-08-31 12:12:20,502 INFO AVS_ZohoIntegration.Program - Taxable: true
2026-08-31 12:12:20,503 INFO AVS_ZohoIntegration.Program - * Procesando resultado: 42 *
2026-08-31 12:12:20,503 INFO AVS_ZohoIntegration.Program - Product_Code: A00042
2026-08-31 12:12:20,504 INFO AVS_ZohoIntegration.Program - Product_Name: J.B. Officeprint 1420
2026-08-31 12:12:20,505 INFO AVS_ZohoIntegration.Program - Product_Active: true
2026-08-31 12:12:20,506 INFO AVS_ZohoIntegration.Program - Unit_Price: 76757.18
2026-08-31 12:12:20,506 INFO AVS_ZohoIntegration.Program - Tax: 
2026-08-31 12:12:20,507 INFO AVS_ZohoIntegration.Program - Usage_Unit: 
2026-08-31 12:12:20,508 INFO AVS_ZohoIntegration.Program - Qty_in_Stock: 0
2026-08-31 12:12:20,508 INFO AVS_ZohoIntegration.Program - Taxable: true
2026-08-31 12:12:20,509 INFO AVS_ZohoIntegration.Program - * Procesando resultado: 43 *
2026-08-31 12:12:20,509 INFO AVS_ZohoIntegration.Program - Product_Code: A00043
2026-08-31 12:12:20,509 INFO AVS_ZohoIntegration.Program - Product_Name: J.B. Officeprint 1420
2026-08-31 12:12:20,510 INFO AVS_ZohoIntegration.Program - Product_Active: true
2026-08-31 12:12:20,510 INFO AVS_ZohoIntegration.Program - Unit_Price: 76757.18
2026-08-31 12:12:20,510 INFO AVS_ZohoIntegration.Program - Tax: 
2026-08-31 12:12:20,510 INFO AVS_ZohoIntegration.Program - Usage_Unit: 
2026-08-31 12:12:20,512 INFO AVS_ZohoIntegration.Program - Qty_in_Stock: 0
2026-08-31 12:12:20,514 INFO AVS_ZohoIntegration.Program - Taxable: true
2026-08-31 12:12:20,514 INFO AVS_ZohoIntegration.Program - * Procesando resultado: 44 *
2026-08-31 12:12:20,515 INFO AVS_ZohoIntegration.Program - Product_Code: A00044
2026-08-31 12:12:20,515 INFO AVS_ZohoIntegration.Program - Product_Name: J.B. Officeprint 1420
2026-08-31 12:12:20,517 INFO AVS_ZohoIntegration.Program - Product_Active: true
2026-08-31 12:12:20,517 INFO AVS_ZohoIntegration.Program - Unit_Price: 76757.18
2026-08-31 12:12:20,519 INFO AVS_ZohoIntegration.Program - Tax: 
2026-08-31 12:12:20,519 INFO AVS_ZohoIntegration.Program - Usage_Unit: 
2026-08-31 12:12:20,519 INFO AVS_ZohoIntegration.Program - Qty_in_Stock: 0
2026-08-31 12:12:20,520 INFO AVS_ZohoIntegration.Program - Taxable: true
2026-08-31 12:12:20,520 INFO AVS_ZohoIntegration.Program - * Procesando resultado: 45 *
2026-08-31 12:12:20,522 INFO AVS_ZohoIntegration.Program - Product_Code: A00045
2026-08-31 12:12:20,522 INFO AVS_ZohoIntegration.Program - Product_Name: J.B. Officeprint 1420
2026-08-31 12:12:20,523 INFO AVS_ZohoIntegration.Program - Product_Active: true
2026-08-31 12:12:20,523 INFO AVS_ZohoIntegration.Program - Unit_Price: 76757.18
2026-08-31 12:12:20,525 INFO AVS_ZohoIntegration.Program - Tax: 
2026-08-31 12:12:20,525 INFO AVS_ZohoIntegration.Program - Usage_Unit: 
2026-08-31 12:12:20,526 INFO AVS_ZohoIntegration.Program - Qty_in_Stock: 0
2026-08-31 12:12:20,526 INFO AVS_ZohoIntegration.Program - Taxable: true
2026-08-31 12:12:20,526 INFO AVS_ZohoIntegration.Program - * Procesando resultado: 46 *
2026-08-31 12:12:20,528 INFO AVS_ZohoIntegration.Program - Product_Code: A00046
2026-08-31 12:12:20,528 INFO AVS_ZohoIntegration.Program - Product_Name: J.B. Officeprint 1420
2026-08-31 12:12:20,528 INFO AVS_ZohoIntegration.Program - Product_Active: true
2026-08-31 12:12:20,529 INFO AVS_ZohoIntegration.Program - Unit_Price: 76757.18
2026-08-31 12:12:20,529 INFO AVS_ZohoIntegration.Program - Tax: 
2026-08-31 12:12:20,531 INFO AVS_ZohoIntegration.Program - Usage_Unit: 
2026-08-31 12:12:20,531 INFO AVS_ZohoIntegration.Program - Qty_in_Stock: 0
2026-08-31 12:12:20,532 INFO AVS_ZohoIntegration.Program - Taxable: true
2026-08-31 12:12:20,532 INFO AVS_ZohoIntegration.Program - * Procesando resultado: 47 *
2026-08-31 12:12:20,532 INFO AVS_ZohoIntegration.Program - Product_Code: A00047
2026-08-31 12:12:20,532 INFO AVS_ZohoIntegration.Program - Product_Name: J.B. Officeprint 1420
2026-08-31 12:12:20,534 INFO AVS_ZohoIntegration.Program - Product_Active: true
2026-08-31 12:12:20,534 INFO AVS_ZohoIntegration.Program - Unit_Price: 76757.18
2026-08-31 12:12:20,535 INFO AVS_ZohoIntegration.Program - Tax: 
2026-08-31 12:12:20,535 INFO AVS_ZohoIntegration.Program - Usage_Unit: 
2026-08-31 12:12:20,536 INFO AVS_ZohoIntegration.Program - Qty_in_Stock: 0
2026-08-31 12:12:20,537 INFO AVS_ZohoIntegration.Program - Taxable: true
2026-08-31 12:12:20,537 INFO AVS_ZohoIntegration.Program - * Procesando resultado: 48 *
2026-08-31 12:12:20,538 INFO AVS_ZohoIntegration.Program - Product_Code: A00048
2026-08-31 12:12:20,538 INFO AVS_ZohoIntegration.Program - Product_Name: J.B. Officeprint 1420
2026-08-31 12:12:20,538 INFO AVS_ZohoIntegration.Program - Product_Active: true
2026-08-31 12:12:20,539 INFO AVS_ZohoIntegration.Program - Unit_Price: 76757.18
2026-08-31 12:12:20,539 INFO AVS_ZohoIntegration.Program - Tax: 
2026-08-31 12:12:20,540 INFO AVS_ZohoIntegration.Program - Usage_Unit: 
2026-08-31 12:12:20,540 INFO AVS_ZohoIntegration.Program - Qty_in_Stock: 0
2026-08-31 12:12:20,540 INFO AVS_ZohoIntegration.Program - Taxable: true
2026-08-31 12:12:20,541 INFO AVS_ZohoIntegration.Program - * Procesando resultado: 49 *
2026-08-31 12:12:20,541 INFO AVS_ZohoIntegration.Program - Product_Code: A00049
2026-08-31 12:12:20,542 INFO AVS_ZohoIntegration.Program - Product_Name: J.B. Officeprint 1420
2026-08-31 12:12:20,542 INFO AVS_ZohoIntegration.Program - Product_Active: true
2026-08-31 12:12:20,542 INFO AVS_ZohoIntegration.Program - Unit_Price: 76757.18
2026-08-31 12:12:20,543 INFO AVS_ZohoIntegration.Program - Tax: 
2026-08-31 12:12:20,543 INFO AVS_ZohoIntegration.Program - Usage_Unit: 
2026-08-31 12:12:20,543 INFO AVS_ZohoIntegration.Program - Qty_in_Stock: 0
2026-08-31 12:12:20,544 INFO AVS_ZohoIntegration.Program - Taxable: true
2026-08-31 12:12:20,544 INFO AVS_ZohoIntegration.Program - * Procesando resultado: 50 *
2026-08-31 12:12:20,544 INFO AVS_ZohoIntegration.Program - Product_Code: A00050
2026-08-31 12:12:20,545 INFO AVS_ZohoIntegration.Program - Product_Name: J.B. Officeprint 1420
2026-08-31 12:12:20,545 INFO AVS_ZohoIntegration.Program - Product_Active: true
2026-08-31 12:12:20,545 INFO AVS_ZohoIntegration.Program - Unit_Price: 76757.18
2026-08-31 12:12:20,546 INFO AVS_ZohoIntegration.Program - Tax: 
2026-08-31 12:12:20,546 INFO AVS_ZohoIntegration.Program - Usage_Unit: 
2026-08-31 12:12:20,547 INFO AVS_ZohoIntegration.Program - Qty_in_Stock: 0
2026-08-31 12:12:20,547 INFO AVS_ZohoIntegration.Program - Taxable: true
2026-08-31 12:12:20,548 INFO AVS_ZohoIntegration.Program - * Procesando resultado: 51 *
2026-08-31 12:12:20,548 INFO AVS_ZohoIntegration.Program - Product_Code: A00051
2026-08-31 12:12:20,549 INFO AVS_ZohoIntegration.Program - Product_Name: J.B. Officeprint 1420
2026-08-31 12:12:20,549 INFO AVS_ZohoIntegration.Program - Product_Active: true
2026-08-31 12:12:20,550 INFO AVS_ZohoIntegration.Program - Unit_Price: 76757.18
2026-08-31 12:12:20,550 INFO AVS_ZohoIntegration.Program - Tax: 
2026-08-31 12:12:20,551 INFO AVS_ZohoIntegration.Program - Usage_Unit: 
2026-08-31 12:12:20,552 INFO AVS_ZohoIntegration.Program - Qty_in_Stock: 0
2026-08-31 12:12:20,552 INFO AVS_ZohoIntegration.Program - Taxable: true
2026-08-31 12:12:20,552 INFO AVS_ZohoIntegration.Program - * Procesando resultado: 52 *
2026-08-31 12:12:20,553 INFO AVS_ZohoIntegration.Program - Product_Code: A00052
2026-08-31 12:12:20,553 INFO AVS_ZohoIntegration.Program - Product_Name: J.B. Officeprint 1420
2026-08-31 12:12:20,554 INFO AVS_ZohoIntegration.Program - Product_Active: true
2026-08-31 12:12:20,554 INFO AVS_ZohoIntegration.Program - Unit_Price: 76757.18
2026-08-31 12:12:20,555 INFO AVS_ZohoIntegration.Program - Tax: 
2026-08-31 12:12:20,555 INFO AVS_ZohoIntegration.Program - Usage_Unit: 
2026-08-31 12:12:20,556 INFO AVS_ZohoIntegration.Program - Qty_in_Stock: 0
2026-08-31 12:12:20,556 INFO AVS_ZohoIntegration.Program - Taxable: true
2026-08-31 12:12:20,556 INFO AVS_ZohoIntegration.Program - * Procesando resultado: 53 *
2026-08-31 12:12:20,557 INFO AVS_ZohoIntegration.Program - Product_Code: A00053
2026-08-31 12:12:20,557 INFO AVS_ZohoIntegration.Program - Product_Name: J.B. Officeprint 1420
2026-08-31 12:12:20,558 INFO AVS_ZohoIntegration.Program - Product_Active: true
2026-08-31 12:12:20,558 INFO AVS_ZohoIntegration.Program - Unit_Price: 76757.18
2026-08-31 12:12:20,558 INFO AVS_ZohoIntegration.Program - Tax: 
2026-08-31 12:12:20,559 INFO AVS_ZohoIntegration.Program - Usage_Unit: 
2026-08-31 12:12:20,559 INFO AVS_ZohoIntegration.Program - Qty_in_Stock: 0
2026-08-31 12:12:20,559 INFO AVS_ZohoIntegration.Program - Taxable: true
2026-08-31 12:12:20,560 INFO AVS_ZohoIntegration.Program - * Procesando resultado: 54 *
2026-08-31 12:12:20,560 INFO AVS_ZohoIntegration.Program - Product_Code: A00054
2026-08-31 12:12:20,561 INFO AVS_ZohoIntegration.Program - Product_Name: J.B. Officeprint 1420
2026-08-31 12:12:20,561 INFO AVS_ZohoIntegration.Program - Product_Active: true
2026-08-31 12:12:20,562 INFO AVS_ZohoIntegration.Program - Unit_Price: 76757.18
2026-08-31 12:12:20,562 INFO AVS_ZohoIntegration.Program - Tax: 
2026-08-31 12:12:20,563 INFO AVS_ZohoIntegration.Program - Usage_Unit: 
2026-08-31 12:12:20,563 INFO AVS_ZohoIntegration.Program - Qty_in_Stock: 0
2026-08-31 12:12:20,564 INFO AVS_ZohoIntegration.Program - Taxable: true
2026-08-31 12:12:20,565 INFO AVS_ZohoIntegration.Program - * Procesando resultado: 55 *
2026-08-31 12:12:20,565 INFO AVS_ZohoIntegration.Program - Product_Code: A00055
2026-08-31 12:12:20,566 INFO AVS_ZohoIntegration.Program - Product_Name: J.B. Officeprint 1420
2026-08-31 12:12:20,566 INFO AVS_ZohoIntegration.Program - Product_Active: true
2026-08-31 12:12:20,566 INFO AVS_ZohoIntegration.Program - Unit_Price: 76757.18
2026-08-31 12:12:20,567 INFO AVS_ZohoIntegration.Program - Tax: 
2026-08-31 12:12:20,568 INFO AVS_ZohoIntegration.Program - Usage_Unit: 
2026-08-31 12:12:20,568 INFO AVS_ZohoIntegration.Program - Qty_in_Stock: 0
2026-08-31 12:12:20,568 INFO AVS_ZohoIntegration.Program - Taxable: true
2026-08-31 12:12:20,569 INFO AVS_ZohoIntegration.Program - * Procesando resultado: 56 *
2026-08-31 12:12:20,569 INFO AVS_ZohoIntegration.Program - Product_Code: A00056
2026-08-31 12:12:20,569 INFO AVS_ZohoIntegration.Program - Product_Name: J.B. Officeprint 1420
2026-08-31 12:12:20,570 INFO AVS_ZohoIntegration.Program - Product_Active: true
2026-08-31 12:12:20,570 INFO AVS_ZohoIntegration.Program - Unit_Price: 76757.18
2026-08-31 12:12:20,570 INFO AVS_ZohoIntegration.Program - Tax: 
2026-08-31 12:12:20,571 INFO AVS_ZohoIntegration.Program - Usage_Unit: 
2026-08-31 12:12:20,571 INFO AVS_ZohoIntegration.Program - Qty_in_Stock: 0
2026-08-31 12:12:20,571 INFO AVS_ZohoIntegration.Program - Taxable: true
2026-08-31 12:12:20,572 INFO AVS_ZohoIntegration.Program - * Procesando resultado: 57 *
2026-08-31 12:12:20,572 INFO AVS_ZohoIntegration.Program - Product_Code: A00057
2026-08-31 12:12:20,572 INFO AVS_ZohoIntegration.Program - Product_Name: J.B. Officeprint 1420
2026-08-31 12:12:20,573 INFO AVS_ZohoIntegration.Program - Product_Active: true
2026-08-31 12:12:20,573 INFO AVS_ZohoIntegration.Program - Unit_Price: 76757.18
2026-08-31 12:12:20,574 INFO AVS_ZohoIntegration.Program - Tax: 
2026-08-31 12:12:20,574 INFO AVS_ZohoIntegration.Program - Usage_Unit: 
2026-08-31 12:12:20,574 INFO AVS_ZohoIntegration.Program - Qty_in_Stock: 0
2026-08-31 12:12:20,575 INFO AVS_ZohoIntegration.Program - Taxable: true
2026-08-31 12:12:20,575 INFO AVS_ZohoIntegration.Program - * Procesando resultado: 58 *
2026-08-31 12:12:20,575 INFO AVS_ZohoIntegration.Program - Product_Code: A00058
2026-08-31 12:12:20,576 INFO AVS_ZohoIntegration.Program - Product_Name: J.B. Officeprint 1420
2026-08-31 12:12:20,577 INFO AVS_ZohoIntegration.Program - Product_Active: true
2026-08-31 12:12:20,578 INFO AVS_ZohoIntegration.Program - Unit_Price: 76757.18
2026-08-31 12:12:20,578 INFO AVS_ZohoIntegration.Program - Tax: 
2026-08-31 12:12:20,579 INFO AVS_ZohoIntegration.Program - Usage_Unit: 
2026-08-31 12:12:20,580 INFO AVS_ZohoIntegration.Program - Qty_in_Stock: 0
2026-08-31 12:12:20,581 INFO AVS_ZohoIntegration.Program - Taxable: true
2026-08-31 12:12:20,582 INFO AVS_ZohoIntegration.Program - * Procesando resultado: 59 *
2026-08-31 12:12:20,582 INFO AVS_ZohoIntegration.Program - Product_Code: A00059
2026-08-31 12:12:20,583 INFO AVS_ZohoIntegration.Program - Product_Name: J.B. Officeprint 1420
2026-08-31 12:12:20,583 INFO AVS_ZohoIntegration.Program - Product_Active: true
2026-08-31 12:12:20,584 INFO AVS_ZohoIntegration.Program - Unit_Price: 76757.18
2026-08-31 12:12:20,585 INFO AVS_ZohoIntegration.Program - Tax: 
2026-08-31 12:12:20,585 INFO AVS_ZohoIntegration.Program - Usage_Unit: 
2026-08-31 12:12:20,585 INFO AVS_ZohoIntegration.Program - Qty_in_Stock: 0
2026-08-31 12:12:20,586 INFO AVS_ZohoIntegration.Program - Taxable: true
2026-08-31 12:12:20,586 INFO AVS_ZohoIntegration.Program - * Procesando resultado: 60 *
2026-08-31 12:12:20,587 INFO AVS_ZohoIntegration.Program - Product_Code: A00060
2026-08-31 12:12:20,587 INFO AVS_ZohoIntegration.Program - Product_Name: J.B. Officeprint 1420
2026-08-31 12:12:20,588 INFO AVS_ZohoIntegration.Program - Product_Active: true
2026-08-31 12:12:20,588 INFO AVS_ZohoIntegration.Program - Unit_Price: 76757.18
2026-08-31 12:12:20,589 INFO AVS_ZohoIntegration.Program - Tax: 
2026-08-31 12:12:20,589 INFO AVS_ZohoIntegration.Program - Usage_Unit: 
2026-08-31 12:12:20,590 INFO AVS_ZohoIntegration.Program - Qty_in_Stock: 0
2026-08-31 12:12:20,590 INFO AVS_ZohoIntegration.Program - Taxable: true
2026-08-31 12:12:20,591 INFO AVS_ZohoIntegration.Program - * Procesando resultado: 61 *
2026-08-31 12:12:20,591 INFO AVS_ZohoIntegration.Program - Product_Code: A00061
2026-08-31 12:12:20,592 INFO AVS_ZohoIntegration.Program - Product_Name: J.B. Officeprint 1420
2026-08-31 12:12:20,592 INFO AVS_ZohoIntegration.Program - Product_Active: true
2026-08-31 12:12:20,593 INFO AVS_ZohoIntegration.Program - Unit_Price: 76757.18
2026-08-31 12:12:20,593 INFO AVS_ZohoIntegration.Program - Tax: 
2026-08-31 12:12:20,593 INFO AVS_ZohoIntegration.Program - Usage_Unit: 
2026-08-31 12:12:20,594 INFO AVS_ZohoIntegration.Program - Qty_in_Stock: 0
2026-08-31 12:12:20,594 INFO AVS_ZohoIntegration.Program - Taxable: true
2026-08-31 12:12:20,595 INFO AVS_ZohoIntegration.Program - * Procesando resultado: 62 *
2026-08-31 12:12:20,595 INFO AVS_ZohoIntegration.Program - Product_Code: A00062
2026-08-31 12:12:20,596 INFO AVS_ZohoIntegration.Program - Product_Name: J.B. Officeprint 1420
2026-08-31 12:12:20,596 INFO AVS_ZohoIntegration.Program - Product_Active: true
2026-08-31 12:12:20,597 INFO AVS_ZohoIntegration.Program - Unit_Price: 76757.18
2026-08-31 12:12:20,598 INFO AVS_ZohoIntegration.Program - Tax: 
2026-08-31 12:12:20,599 INFO AVS_ZohoIntegration.Program - Usage_Unit: 
2026-08-31 12:12:20,599 INFO AVS_ZohoIntegration.Program - Qty_in_Stock: 0
2026-08-31 12:12:20,600 INFO AVS_ZohoIntegration.Program - Taxable: true
2026-08-31 12:12:20,601 INFO AVS_ZohoIntegration.Program - * Procesando resultado: 63 *
2026-08-31 12:12:20,601 INFO AVS_ZohoIntegration.Program - Product_Code: A00063
2026-08-31 12:12:20,602 INFO AVS_ZohoIntegration.Program - Product_Name: J.B. Officeprint 1420
2026-08-31 12:12:20,602 INFO AVS_ZohoIntegration.Program - Product_Active: true
2026-08-31 12:12:20,603 INFO AVS_ZohoIntegration.Program - Unit_Price: 76757.18
2026-08-31 12:12:20,603 INFO AVS_ZohoIntegration.Program - Tax: 
2026-08-31 12:12:20,604 INFO AVS_ZohoIntegration.Program - Usage_Unit: 
2026-08-31 12:12:20,604 INFO AVS_ZohoIntegration.Program - Qty_in_Stock: 0
2026-08-31 12:12:20,605 INFO AVS_ZohoIntegration.Program - Taxable: true
2026-08-31 12:12:20,605 INFO AVS_ZohoIntegration.Program - * Procesando resultado: 64 *
2026-08-31 12:12:20,605 INFO AVS_ZohoIntegration.Program - Product_Code: A00064
2026-08-31 12:12:20,606 INFO AVS_ZohoIntegration.Program - Product_Name: J.B. Officeprint 1420
2026-08-31 12:12:20,606 INFO AVS_ZohoIntegration.Program - Product_Active: true
2026-08-31 12:12:20,607 INFO AVS_ZohoIntegration.Program - Unit_Price: 76757.18
2026-08-31 12:12:20,607 INFO AVS_ZohoIntegration.Program - Tax: 
2026-08-31 12:12:20,608 INFO AVS_ZohoIntegration.Program - Usage_Unit: 
2026-08-31 12:12:20,608 INFO AVS_ZohoIntegration.Program - Qty_in_Stock: 0
2026-08-31 12:12:20,608 INFO AVS_ZohoIntegration.Program - Taxable: true
2026-08-31 12:12:20,609 INFO AVS_ZohoIntegration.Program - * Procesando resultado: 65 *
2026-08-31 12:12:20,609 INFO AVS_ZohoIntegration.Program - Product_Code: A00065
2026-08-31 12:12:20,610 INFO AVS_ZohoIntegration.Program - Product_Name: J.B. Officeprint 1420
2026-08-31 12:12:20,610 INFO AVS_ZohoIntegration.Program - Product_Active: true
2026-08-31 12:12:20,611 INFO AVS_ZohoIntegration.Program - Unit_Price: 76757.18
2026-08-31 12:12:20,611 INFO AVS_ZohoIntegration.Program - Tax: 
2026-08-31 12:12:20,611 INFO AVS_ZohoIntegration.Program - Usage_Unit: 
2026-08-31 12:12:20,612 INFO AVS_ZohoIntegration.Program - Qty_in_Stock: 0
2026-08-31 12:12:20,613 INFO AVS_ZohoIntegration.Program - Taxable: true
2026-08-31 12:12:20,615 INFO AVS_ZohoIntegration.Program - * Procesando resultado: 66 *
2026-08-31 12:12:20,616 INFO AVS_ZohoIntegration.Program - Product_Code: A00066
2026-08-31 12:12:20,616 INFO AVS_ZohoIntegration.Program - Product_Name: J.B. Officeprint 1420
2026-08-31 12:12:20,617 INFO AVS_ZohoIntegration.Program - Product_Active: true
2026-08-31 12:12:20,618 INFO AVS_ZohoIntegration.Program - Unit_Price: 76757.18
2026-08-31 12:12:20,618 INFO AVS_ZohoIntegration.Program - Tax: 
2026-08-31 12:12:20,619 INFO AVS_ZohoIntegration.Program - Usage_Unit: 
2026-08-31 12:12:20,619 INFO AVS_ZohoIntegration.Program - Qty_in_Stock: 0
2026-08-31 12:12:20,620 INFO AVS_ZohoIntegration.Program - Taxable: true
2026-08-31 12:12:20,620 INFO AVS_ZohoIntegration.Program - * Procesando resultado: 67 *
2026-08-31 12:12:20,621 INFO AVS_ZohoIntegration.Program - Product_Code: A00067
2026-08-31 12:12:20,621 INFO AVS_ZohoIntegration.Program - Product_Name: J.B. Officeprint 1420
2026-08-31 12:12:20,622 INFO AVS_ZohoIntegration.Program - Product_Active: true
2026-08-31 12:12:20,622 INFO AVS_ZohoIntegration.Program - Unit_Price: 76757.18
2026-08-31 12:12:20,623 INFO AVS_ZohoIntegration.Program - Tax: 
2026-08-31 12:12:20,623 INFO AVS_ZohoIntegration.Program - Usage_Unit: 
2026-08-31 12:12:20,624 INFO AVS_ZohoIntegration.Program - Qty_in_Stock: 0
2026-08-31 12:12:20,624 INFO AVS_ZohoIntegration.Program - Taxable: true
2026-08-31 12:12:20,625 INFO AVS_ZohoIntegration.Program - * Procesando resultado: 68 *
2026-08-31 12:12:20,626 INFO AVS_ZohoIntegration.Program - Product_Code: A00068
2026-08-31 12:12:20,627 INFO AVS_ZohoIntegration.Program - Product_Name: J.B. Officeprint 1420
2026-08-31 12:12:20,627 INFO AVS_ZohoIntegration.Program - Product_Active: true
2026-08-31 12:12:20,628 INFO AVS_ZohoIntegration.Program - Unit_Price: 76757.18
2026-08-31 12:12:20,628 INFO AVS_ZohoIntegration.Program - Tax: 
2026-08-31 12:12:20,629 INFO AVS_ZohoIntegration.Program - Usage_Unit: 
2026-08-31 12:12:20,630 INFO AVS_ZohoIntegration.Program - Qty_in_Stock: 0
2026-08-31 12:12:20,631 INFO AVS_ZohoIntegration.Program - Taxable: true
2026-08-31 12:12:20,632 INFO AVS_ZohoIntegration.Program - * Procesando resultado: 69 *
2026-08-31 12:12:20,633 INFO AVS_ZohoIntegration.Program - Product_Code: A00069
2026-08-31 12:12:20,634 INFO AVS_ZohoIntegration.Program - Product_Name: J.B. Officeprint 1420
2026-08-31 12:12:20,634 INFO AVS_ZohoIntegration.Program - Product_Active: true
2026-08-31 12:12:20,635 INFO AVS_ZohoIntegration.Program - Unit_Price: 76757.18
2026-08-31 12:12:20,635 INFO AVS_ZohoIntegration.Program - Tax: 
2026-08-31 12:12:20,636 INFO AVS_ZohoIntegration.Program - Usage_Unit: 
2026-08-31 12:12:20,636 INFO AVS_ZohoIntegration.Program - Qty_in_Stock: 0
2026-08-31 12:12:20,637 INFO AVS_ZohoIntegration.Program - Taxable: true
2026-08-31 12:12:20,637 INFO AVS_ZohoIntegration.Program - * Procesando resultado: 70 *
2026-08-31 12:12:20,638 INFO AVS_ZohoIntegration.Program - Product_Code: A00070
2026-08-31 12:12:20,639 INFO AVS_ZohoIntegration.Program - Product_Name: J.B. Officeprint 1420
2026-08-31 12:12:20,639 INFO AVS_ZohoIntegration.Program - Product_Active: true
2026-08-31 12:12:20,640 INFO AVS_ZohoIntegration.Program - Unit_Price: 76757.18
2026-08-31 12:12:20,640 INFO AVS_ZohoIntegration.Program - Tax: 
2026-08-31 12:12:20,641 INFO AVS_ZohoIntegration.Program - Usage_Unit: 
2026-08-31 12:12:20,642 INFO AVS_ZohoIntegration.Program - Qty_in_Stock: 0
2026-08-31 12:12:20,643 INFO AVS_ZohoIntegration.Program - Taxable: true
2026-08-31 12:12:20,644 INFO AVS_ZohoIntegration.Program - * Procesando resultado: 71 *
2026-08-31 12:12:20,644 INFO AVS_ZohoIntegration.Program - Product_Code: A00071
2026-08-31 12:12:20,645 INFO AVS_ZohoIntegration.Program - Product_Name: J.B. Officeprint 1420
2026-08-31 12:12:20,647 INFO AVS_ZohoIntegration.Program - Product_Active: true
2026-08-31 12:12:20,647 INFO AVS_ZohoIntegration.Program - Unit_Price: 76757.18
2026-08-31 12:12:20,648 INFO AVS_ZohoIntegration.Program - Tax: 
2026-08-31 12:12:20,649 INFO AVS_ZohoIntegration.Program - Usage_Unit: 
2026-08-31 12:12:20,649 INFO AVS_ZohoIntegration.Program - Qty_in_Stock: 0
2026-08-31 12:12:20,650 INFO AVS_ZohoIntegration.Program - Taxable: true
2026-08-31 12:12:20,650 INFO AVS_ZohoIntegration.Program - * Procesando resultado: 72 *
2026-08-31 12:12:20,651 INFO AVS_ZohoIntegration.Program - Product_Code: A00072
2026-08-31 12:12:20,651 INFO AVS_ZohoIntegration.Program - Product_Name: J.B. Officeprint 1420
2026-08-31 12:12:20,652 INFO AVS_ZohoIntegration.Program - Product_Active: true
2026-08-31 12:12:20,652 INFO AVS_ZohoIntegration.Program - Unit_Price: 76757.18
2026-08-31 12:12:20,652 INFO AVS_ZohoIntegration.Program - Tax: 
2026-08-31 12:12:20,653 INFO AVS_ZohoIntegration.Program - Usage_Unit: 
2026-08-31 12:12:20,653 INFO AVS_ZohoIntegration.Program - Qty_in_Stock: 0
2026-08-31 12:12:20,654 INFO AVS_ZohoIntegration.Program - Taxable: true
2026-08-31 12:12:20,654 INFO AVS_ZohoIntegration.Program - * Procesando resultado: 73 *
2026-08-31 12:12:20,655 INFO AVS_ZohoIntegration.Program - Product_Code: B10000
2026-08-31 12:12:20,655 INFO AVS_ZohoIntegration.Program - Product_Name: Printer Label
2026-08-31 12:12:20,655 INFO AVS_ZohoIntegration.Program - Product_Active: true
2026-08-31 12:12:20,656 INFO AVS_ZohoIntegration.Program - Unit_Price: 191.95
2026-08-31 12:12:20,656 INFO AVS_ZohoIntegration.Program - Tax: 
2026-08-31 12:12:20,657 INFO AVS_ZohoIntegration.Program - Usage_Unit: 
2026-08-31 12:12:20,657 INFO AVS_ZohoIntegration.Program - Qty_in_Stock: 1628.5
2026-08-31 12:12:20,657 INFO AVS_ZohoIntegration.Program - Taxable: true
2026-08-31 12:12:20,658 INFO AVS_ZohoIntegration.Program - * Procesando resultado: 74 *
2026-08-31 12:12:20,658 INFO AVS_ZohoIntegration.Program - Product_Code: B10001
2026-08-31 12:12:20,659 INFO AVS_ZohoIntegration.Program - Product_Name: Articulo de Prueba para Lotes
2026-08-31 12:12:20,659 INFO AVS_ZohoIntegration.Program - Product_Active: true
2026-08-31 12:12:20,660 INFO AVS_ZohoIntegration.Program - Unit_Price: 100
2026-08-31 12:12:20,660 INFO AVS_ZohoIntegration.Program - Tax: 
2026-08-31 12:12:20,661 INFO AVS_ZohoIntegration.Program - Usage_Unit: 
2026-08-31 12:12:20,661 INFO AVS_ZohoIntegration.Program - Qty_in_Stock: 1131
2026-08-31 12:12:20,662 INFO AVS_ZohoIntegration.Program - Taxable: true
2026-08-31 12:12:20,662 INFO AVS_ZohoIntegration.Program - * Procesando resultado: 75 *
2026-08-31 12:12:20,663 INFO AVS_ZohoIntegration.Program - Product_Code: B11000
2026-08-31 12:12:20,664 INFO AVS_ZohoIntegration.Program - Product_Name: Printer Label
2026-08-31 12:12:20,664 INFO AVS_ZohoIntegration.Program - Product_Active: true
2026-08-31 12:12:20,665 INFO AVS_ZohoIntegration.Program - Unit_Price: 191.95
2026-08-31 12:12:20,666 INFO AVS_ZohoIntegration.Program - Tax: 
2026-08-31 12:12:20,666 INFO AVS_ZohoIntegration.Program - Usage_Unit: 
2026-08-31 12:12:20,667 INFO AVS_ZohoIntegration.Program - Qty_in_Stock: 0
2026-08-31 12:12:20,667 INFO AVS_ZohoIntegration.Program - Taxable: true
2026-08-31 12:12:20,668 INFO AVS_ZohoIntegration.Program - * Procesando resultado: 76 *
2026-08-31 12:12:20,668 INFO AVS_ZohoIntegration.Program - Product_Code: B12000
2026-08-31 12:12:20,669 INFO AVS_ZohoIntegration.Program - Product_Name: Printer Label
2026-08-31 12:12:20,669 INFO AVS_ZohoIntegration.Program - Product_Active: true
2026-08-31 12:12:20,670 INFO AVS_ZohoIntegration.Program - Unit_Price: 191.95
2026-08-31 12:12:20,670 INFO AVS_ZohoIntegration.Program - Tax: 
2026-08-31 12:12:20,671 INFO AVS_ZohoIntegration.Program - Usage_Unit: 
2026-08-31 12:12:20,671 INFO AVS_ZohoIntegration.Program - Qty_in_Stock: -8.5
2026-08-31 12:12:20,672 INFO AVS_ZohoIntegration.Program - Taxable: true
2026-08-31 12:12:20,672 INFO AVS_ZohoIntegration.Program - * Procesando resultado: 77 *
2026-08-31 12:12:20,673 INFO AVS_ZohoIntegration.Program - Product_Code: B13000
2026-08-31 12:12:20,673 INFO AVS_ZohoIntegration.Program - Product_Name: Printer Label
2026-08-31 12:12:20,673 INFO AVS_ZohoIntegration.Program - Product_Active: true
2026-08-31 12:12:20,674 INFO AVS_ZohoIntegration.Program - Unit_Price: 191.95
2026-08-31 12:12:20,674 INFO AVS_ZohoIntegration.Program - Tax: 
2026-08-31 12:12:20,675 INFO AVS_ZohoIntegration.Program - Usage_Unit: 
2026-08-31 12:12:20,680 INFO AVS_ZohoIntegration.Program - Qty_in_Stock: 0
2026-08-31 12:12:20,680 INFO AVS_ZohoIntegration.Program - Taxable: true
2026-08-31 12:12:20,681 INFO AVS_ZohoIntegration.Program - * Procesando resultado: 78 *
2026-08-31 12:12:20,681 INFO AVS_ZohoIntegration.Program - Product_Code: B20000
2026-08-31 12:12:20,682 INFO AVS_ZohoIntegration.Program - Product_Name: Prueba de series
2026-08-31 12:12:20,682 INFO AVS_ZohoIntegration.Program - Product_Active: true
2026-08-31 12:12:20,683 INFO AVS_ZohoIntegration.Program - Unit_Price: 100
2026-08-31 12:12:20,683 INFO AVS_ZohoIntegration.Program - Tax: 
2026-08-31 12:12:20,684 INFO AVS_ZohoIntegration.Program - Usage_Unit: 
2026-08-31 12:12:20,684 INFO AVS_ZohoIntegration.Program - Qty_in_Stock: 2
2026-08-31 12:12:20,685 INFO AVS_ZohoIntegration.Program - Taxable: true
2026-08-31 12:12:20,685 INFO AVS_ZohoIntegration.Program - * Procesando resultado: 79 *
2026-08-31 12:12:20,685 INFO AVS_ZohoIntegration.Program - Product_Code: B21000
2026-08-31 12:12:20,686 INFO AVS_ZohoIntegration.Program - Product_Name: Prueba de series
2026-08-31 12:12:20,686 INFO AVS_ZohoIntegration.Program - Product_Active: true
2026-08-31 12:12:20,687 INFO AVS_ZohoIntegration.Program - Unit_Price: 100
2026-08-31 12:12:20,687 INFO AVS_ZohoIntegration.Program - Tax: 
2026-08-31 12:12:20,687 INFO AVS_ZohoIntegration.Program - Usage_Unit: 
2026-08-31 12:12:20,688 INFO AVS_ZohoIntegration.Program - Qty_in_Stock: 0
2026-08-31 12:12:20,688 INFO AVS_ZohoIntegration.Program - Taxable: true
2026-08-31 12:12:20,688 INFO AVS_ZohoIntegration.Program - * Procesando resultado: 80 *
2026-08-31 12:12:20,689 INFO AVS_ZohoIntegration.Program - Product_Code: C00001
2026-08-31 12:12:20,689 INFO AVS_ZohoIntegration.Program - Product_Name: Motherboard BTX
2026-08-31 12:12:20,690 INFO AVS_ZohoIntegration.Program - Product_Active: true
2026-08-31 12:12:20,690 INFO AVS_ZohoIntegration.Program - Unit_Price: 76757.18
2026-08-31 12:12:20,691 INFO AVS_ZohoIntegration.Program - Tax: 
2026-08-31 12:12:20,691 INFO AVS_ZohoIntegration.Program - Usage_Unit: 
2026-08-31 12:12:20,691 INFO AVS_ZohoIntegration.Program - Qty_in_Stock: 1367.7
2026-08-31 12:12:20,692 INFO AVS_ZohoIntegration.Program - Taxable: true
2026-08-31 12:12:20,692 INFO AVS_ZohoIntegration.Program - * Procesando resultado: 81 *
2026-08-31 12:12:20,692 INFO AVS_ZohoIntegration.Program - Product_Code: C00002
2026-08-31 12:12:20,693 INFO AVS_ZohoIntegration.Program - Product_Name: Motherboard MicroATX
2026-08-31 12:12:20,693 INFO AVS_ZohoIntegration.Program - Product_Active: true
2026-08-31 12:12:20,694 INFO AVS_ZohoIntegration.Program - Unit_Price: 57567.81
2026-08-31 12:12:20,694 INFO AVS_ZohoIntegration.Program - Tax: 
2026-08-31 12:12:20,695 INFO AVS_ZohoIntegration.Program - Usage_Unit: 
2026-08-31 12:12:20,695 INFO AVS_ZohoIntegration.Program - Qty_in_Stock: 1648
2026-08-31 12:12:20,696 INFO AVS_ZohoIntegration.Program - Taxable: true
2026-08-31 12:12:20,696 INFO AVS_ZohoIntegration.Program - * Procesando resultado: 82 *
2026-08-31 12:12:20,697 INFO AVS_ZohoIntegration.Program - Product_Code: C00003
2026-08-31 12:12:20,697 INFO AVS_ZohoIntegration.Program - Product_Name: Quadcore CPU 3.4 GHz
2026-08-31 12:12:20,697 INFO AVS_ZohoIntegration.Program - Product_Active: true
2026-08-31 12:12:20,698 INFO AVS_ZohoIntegration.Program - Unit_Price: 24946.08
2026-08-31 12:12:20,698 INFO AVS_ZohoIntegration.Program - Tax: 
2026-08-31 12:12:20,699 INFO AVS_ZohoIntegration.Program - Usage_Unit: 
2026-08-31 12:12:20,699 INFO AVS_ZohoIntegration.Program - Qty_in_Stock: 1140.7
2026-08-31 12:12:20,700 INFO AVS_ZohoIntegration.Program - Taxable: true
2026-08-31 12:12:20,700 INFO AVS_ZohoIntegration.Program - * Procesando resultado: 83 *
2026-08-31 12:12:20,701 INFO AVS_ZohoIntegration.Program - Product_Code: C00004
2026-08-31 12:12:20,701 INFO AVS_ZohoIntegration.Program - Product_Name: Tower Case with Power supply
2026-08-31 12:12:20,702 INFO AVS_ZohoIntegration.Program - Product_Active: true
2026-08-31 12:12:20,702 INFO AVS_ZohoIntegration.Program - Unit_Price: 6716.19
2026-08-31 12:12:20,703 INFO AVS_ZohoIntegration.Program - Tax: 
2026-08-31 12:12:20,703 INFO AVS_ZohoIntegration.Program - Usage_Unit: 
2026-08-31 12:12:20,703 INFO AVS_ZohoIntegration.Program - Qty_in_Stock: 1103.7
2026-08-31 12:12:20,704 INFO AVS_ZohoIntegration.Program - Taxable: true
2026-08-31 12:12:20,704 INFO AVS_ZohoIntegration.Program - * Procesando resultado: 84 *
2026-08-31 12:12:20,705 INFO AVS_ZohoIntegration.Program - Product_Code: C00005
2026-08-31 12:12:20,705 INFO AVS_ZohoIntegration.Program - Product_Name: WLAN Card
2026-08-31 12:12:20,705 INFO AVS_ZohoIntegration.Program - Product_Active: true
2026-08-31 12:12:20,706 INFO AVS_ZohoIntegration.Program - Unit_Price: 11513.56
2026-08-31 12:12:20,706 INFO AVS_ZohoIntegration.Program - Tax: 
2026-08-31 12:12:20,707 INFO AVS_ZohoIntegration.Program - Usage_Unit: 
2026-08-31 12:12:20,707 INFO AVS_ZohoIntegration.Program - Qty_in_Stock: 1036.7
2026-08-31 12:12:20,707 INFO AVS_ZohoIntegration.Program - Taxable: true
2026-08-31 12:12:20,708 INFO AVS_ZohoIntegration.Program - * Procesando resultado: 85 *
2026-08-31 12:12:20,708 INFO AVS_ZohoIntegration.Program - Product_Code: C00006
2026-08-31 12:12:20,709 INFO AVS_ZohoIntegration.Program - Product_Name: Gigabit Network Card
2026-08-31 12:12:20,709 INFO AVS_ZohoIntegration.Program - Product_Active: true
2026-08-31 12:12:20,710 INFO AVS_ZohoIntegration.Program - Unit_Price: 2878.43
2026-08-31 12:12:20,710 INFO AVS_ZohoIntegration.Program - Tax: 
2026-08-31 12:12:20,711 INFO AVS_ZohoIntegration.Program - Usage_Unit: 
2026-08-31 12:12:20,711 INFO AVS_ZohoIntegration.Program - Qty_in_Stock: 983.7
2026-08-31 12:12:20,712 INFO AVS_ZohoIntegration.Program - Taxable: true
2026-08-31 12:12:20,712 INFO AVS_ZohoIntegration.Program - * Procesando resultado: 86 *
2026-08-31 12:12:20,712 INFO AVS_ZohoIntegration.Program - Product_Code: C00007
2026-08-31 12:12:20,713 INFO AVS_ZohoIntegration.Program - Product_Name: Hard Disk 3TB
2026-08-31 12:12:20,713 INFO AVS_ZohoIntegration.Program - Product_Active: true
2026-08-31 12:12:20,714 INFO AVS_ZohoIntegration.Program - Unit_Price: 95946.4
2026-08-31 12:12:20,714 INFO AVS_ZohoIntegration.Program - Tax: 
2026-08-31 12:12:20,715 INFO AVS_ZohoIntegration.Program - Usage_Unit: 
2026-08-31 12:12:20,715 INFO AVS_ZohoIntegration.Program - Qty_in_Stock: 1081.7
2026-08-31 12:12:20,716 INFO AVS_ZohoIntegration.Program - Taxable: true
2026-08-31 12:12:20,716 INFO AVS_ZohoIntegration.Program - * Procesando resultado: 87 *
2026-08-31 12:12:20,717 INFO AVS_ZohoIntegration.Program - Product_Code: C00008
2026-08-31 12:12:20,717 INFO AVS_ZohoIntegration.Program - Product_Name: Computer Monitor 24" HDMI
2026-08-31 12:12:20,717 INFO AVS_ZohoIntegration.Program - Product_Active: true
2026-08-31 12:12:20,718 INFO AVS_ZohoIntegration.Program - Unit_Price: 38378.59
2026-08-31 12:12:20,718 INFO AVS_ZohoIntegration.Program - Tax: 
2026-08-31 12:12:20,718 INFO AVS_ZohoIntegration.Program - Usage_Unit: 
2026-08-31 12:12:20,719 INFO AVS_ZohoIntegration.Program - Qty_in_Stock: 1046.7
2026-08-31 12:12:20,719 INFO AVS_ZohoIntegration.Program - Taxable: true
2026-08-31 12:12:20,720 INFO AVS_ZohoIntegration.Program - * Procesando resultado: 88 *
2026-08-31 12:12:20,720 INFO AVS_ZohoIntegration.Program - Product_Code: C00009
2026-08-31 12:12:20,720 INFO AVS_ZohoIntegration.Program - Product_Name: Keyboard Comfort USB
2026-08-31 12:12:20,721 INFO AVS_ZohoIntegration.Program - Product_Active: true
2026-08-31 12:12:20,721 INFO AVS_ZohoIntegration.Program - Unit_Price: 3837.9
2026-08-31 12:12:20,721 INFO AVS_ZohoIntegration.Program - Tax: 
2026-08-31 12:12:20,722 INFO AVS_ZohoIntegration.Program - Usage_Unit: 
2026-08-31 12:12:20,722 INFO AVS_ZohoIntegration.Program - Qty_in_Stock: 1032.7
2026-08-31 12:12:20,723 INFO AVS_ZohoIntegration.Program - Taxable: true
2026-08-31 12:12:20,723 INFO AVS_ZohoIntegration.Program - * Procesando resultado: 89 *
2026-08-31 12:12:20,723 INFO AVS_ZohoIntegration.Program - Product_Code: C00010
2026-08-31 12:12:20,724 INFO AVS_ZohoIntegration.Program - Product_Name: Mouse USB
2026-08-31 12:12:20,724 INFO AVS_ZohoIntegration.Program - Product_Active: true
2026-08-31 12:12:20,725 INFO AVS_ZohoIntegration.Program - Unit_Price: 3837.9
2026-08-31 12:12:20,725 INFO AVS_ZohoIntegration.Program - Tax: 
2026-08-31 12:12:20,726 INFO AVS_ZohoIntegration.Program - Usage_Unit: 
2026-08-31 12:12:20,726 INFO AVS_ZohoIntegration.Program - Qty_in_Stock: 1065.7
2026-08-31 12:12:20,727 INFO AVS_ZohoIntegration.Program - Taxable: true
2026-08-31 12:12:20,727 INFO AVS_ZohoIntegration.Program - * Procesando resultado: 90 *
2026-08-31 12:12:20,727 INFO AVS_ZohoIntegration.Program - Product_Code: C00011
2026-08-31 12:12:20,728 INFO AVS_ZohoIntegration.Program - Product_Name: Memory DDR RAM 8GB
2026-08-31 12:12:20,728 INFO AVS_ZohoIntegration.Program - Product_Active: true
2026-08-31 12:12:20,729 INFO AVS_ZohoIntegration.Program - Unit_Price: 7675.66
2026-08-31 12:12:20,729 INFO AVS_ZohoIntegration.Program - Tax: 
2026-08-31 12:12:20,730 INFO AVS_ZohoIntegration.Program - Usage_Unit: 
2026-08-31 12:12:20,730 INFO AVS_ZohoIntegration.Program - Qty_in_Stock: 12.7
2026-08-31 12:12:20,731 INFO AVS_ZohoIntegration.Program - Taxable: true
2026-08-31 12:12:20,731 INFO AVS_ZohoIntegration.Program - * Procesando resultado: 91 *
2026-08-31 12:12:20,732 INFO AVS_ZohoIntegration.Program - Product_Code: C00012
2026-08-31 12:12:20,732 INFO AVS_ZohoIntegration.Program - Product_Name: Cabinet for external HD
2026-08-31 12:12:20,732 INFO AVS_ZohoIntegration.Program - Product_Active: true
2026-08-31 12:12:20,733 INFO AVS_ZohoIntegration.Program - Unit_Price: 6500
2026-08-31 12:12:20,733 INFO AVS_ZohoIntegration.Program - Tax: 
2026-08-31 12:12:20,734 INFO AVS_ZohoIntegration.Program - Usage_Unit: 
2026-08-31 12:12:20,735 INFO AVS_ZohoIntegration.Program - Qty_in_Stock: 463
2026-08-31 12:12:20,735 INFO AVS_ZohoIntegration.Program - Taxable: true
2026-08-31 12:12:20,736 INFO AVS_ZohoIntegration.Program - * Procesando resultado: 92 *
2026-08-31 12:12:20,736 INFO AVS_ZohoIntegration.Program - Product_Code: C00013
2026-08-31 12:12:20,736 INFO AVS_ZohoIntegration.Program - Product_Name: 1 TB disk for external HD
2026-08-31 12:12:20,737 INFO AVS_ZohoIntegration.Program - Product_Active: true
2026-08-31 12:12:20,737 INFO AVS_ZohoIntegration.Program - Unit_Price: 3400
2026-08-31 12:12:20,738 INFO AVS_ZohoIntegration.Program - Tax: 
2026-08-31 12:12:20,738 INFO AVS_ZohoIntegration.Program - Usage_Unit: 
2026-08-31 12:12:20,739 INFO AVS_ZohoIntegration.Program - Qty_in_Stock: 479
2026-08-31 12:12:20,739 INFO AVS_ZohoIntegration.Program - Taxable: true
2026-08-31 12:12:20,740 INFO AVS_ZohoIntegration.Program - * Procesando resultado: 93 *
2026-08-31 12:12:20,740 INFO AVS_ZohoIntegration.Program - Product_Code: C00014
2026-08-31 12:12:20,741 INFO AVS_ZohoIntegration.Program - Product_Name: Laptop case
2026-08-31 12:12:20,741 INFO AVS_ZohoIntegration.Program - Product_Active: true
2026-08-31 12:12:20,742 INFO AVS_ZohoIntegration.Program - Unit_Price: 2100
2026-08-31 12:12:20,742 INFO AVS_ZohoIntegration.Program - Tax: 
2026-08-31 12:12:20,742 INFO AVS_ZohoIntegration.Program - Usage_Unit: 
2026-08-31 12:12:20,743 INFO AVS_ZohoIntegration.Program - Qty_in_Stock: 434
2026-08-31 12:12:20,743 INFO AVS_ZohoIntegration.Program - Taxable: true
2026-08-31 12:12:20,744 INFO AVS_ZohoIntegration.Program - * Procesando resultado: 94 *
2026-08-31 12:12:20,744 INFO AVS_ZohoIntegration.Program - Product_Code: D00001
2026-08-31 12:12:20,744 INFO AVS_ZohoIntegration.Program - Product_Name: Portable Hard Disk 1TB
2026-08-31 12:12:20,745 INFO AVS_ZohoIntegration.Program - Product_Active: true
2026-08-31 12:12:20,745 INFO AVS_ZohoIntegration.Program - Unit_Price: 3400
2026-08-31 12:12:20,745 INFO AVS_ZohoIntegration.Program - Tax: 
2026-08-31 12:12:20,747 INFO AVS_ZohoIntegration.Program - Usage_Unit: 
2026-08-31 12:12:20,747 INFO AVS_ZohoIntegration.Program - Qty_in_Stock: 435
2026-08-31 12:12:20,748 INFO AVS_ZohoIntegration.Program - Taxable: true
2026-08-31 12:12:20,748 INFO AVS_ZohoIntegration.Program - * Procesando resultado: 95 *
2026-08-31 12:12:20,749 INFO AVS_ZohoIntegration.Program - Product_Code: D00002
2026-08-31 12:12:20,749 INFO AVS_ZohoIntegration.Program - Product_Name: Portable Hard Disk 2TB
2026-08-31 12:12:20,750 INFO AVS_ZohoIntegration.Program - Product_Active: true
2026-08-31 12:12:20,750 INFO AVS_ZohoIntegration.Program - Unit_Price: 6233
2026-08-31 12:12:20,751 INFO AVS_ZohoIntegration.Program - Tax: 
2026-08-31 12:12:20,751 INFO AVS_ZohoIntegration.Program - Usage_Unit: 
2026-08-31 12:12:20,751 INFO AVS_ZohoIntegration.Program - Qty_in_Stock: 420
2026-08-31 12:12:20,752 INFO AVS_ZohoIntegration.Program - Taxable: true
2026-08-31 12:12:20,752 INFO AVS_ZohoIntegration.Program - * Procesando resultado: 96 *
2026-08-31 12:12:20,753 INFO AVS_ZohoIntegration.Program - Product_Code: E00001
2026-08-31 12:12:20,753 INFO AVS_ZohoIntegration.Program - Product_Name: Secondhand Tablets
2026-08-31 12:12:20,753 INFO AVS_ZohoIntegration.Program - Product_Active: true
2026-08-31 12:12:20,754 INFO AVS_ZohoIntegration.Program - Unit_Price: 4100
2026-08-31 12:12:20,754 INFO AVS_ZohoIntegration.Program - Tax: 
2026-08-31 12:12:20,755 INFO AVS_ZohoIntegration.Program - Usage_Unit: 
2026-08-31 12:12:20,755 INFO AVS_ZohoIntegration.Program - Qty_in_Stock: 500
2026-08-31 12:12:20,756 INFO AVS_ZohoIntegration.Program - Taxable: true
2026-08-31 12:12:20,756 INFO AVS_ZohoIntegration.Program - * Procesando resultado: 97 *
2026-08-31 12:12:20,756 INFO AVS_ZohoIntegration.Program - Product_Code: EMP0001
2026-08-31 12:12:20,757 INFO AVS_ZohoIntegration.Program - Product_Name: Empaque 01
2026-08-31 12:12:20,757 INFO AVS_ZohoIntegration.Program - Product_Active: true
2026-08-31 12:12:20,758 INFO AVS_ZohoIntegration.Program - Unit_Price: 0
2026-08-31 12:12:20,758 INFO AVS_ZohoIntegration.Program - Tax: 
2026-08-31 12:12:20,759 INFO AVS_ZohoIntegration.Program - Usage_Unit: 
2026-08-31 12:12:20,759 INFO AVS_ZohoIntegration.Program - Qty_in_Stock: 463.877
2026-08-31 12:12:20,759 INFO AVS_ZohoIntegration.Program - Taxable: true
2026-08-31 12:12:20,760 INFO AVS_ZohoIntegration.Program - * Procesando resultado: 98 *
2026-08-31 12:12:20,760 INFO AVS_ZohoIntegration.Program - Product_Code: EMP0002
2026-08-31 12:12:20,761 INFO AVS_ZohoIntegration.Program - Product_Name: Empaque 02
2026-08-31 12:12:20,761 INFO AVS_ZohoIntegration.Program - Product_Active: true
2026-08-31 12:12:20,762 INFO AVS_ZohoIntegration.Program - Unit_Price: 0
2026-08-31 12:12:20,762 INFO AVS_ZohoIntegration.Program - Tax: 
2026-08-31 12:12:20,762 INFO AVS_ZohoIntegration.Program - Usage_Unit: 
2026-08-31 12:12:20,763 INFO AVS_ZohoIntegration.Program - Qty_in_Stock: 461.5
2026-08-31 12:12:20,763 INFO AVS_ZohoIntegration.Program - Taxable: true
2026-08-31 12:12:20,764 INFO AVS_ZohoIntegration.Program - * Procesando resultado: 99 *
2026-08-31 12:12:20,765 INFO AVS_ZohoIntegration.Program - Product_Code: EMP0003
2026-08-31 12:12:20,766 INFO AVS_ZohoIntegration.Program - Product_Name: Empaque 03
2026-08-31 12:12:20,767 INFO AVS_ZohoIntegration.Program - Product_Active: true
2026-08-31 12:12:20,768 INFO AVS_ZohoIntegration.Program - Unit_Price: 0
2026-08-31 12:12:20,768 INFO AVS_ZohoIntegration.Program - Tax: 
2026-08-31 12:12:20,769 INFO AVS_ZohoIntegration.Program - Usage_Unit: 
2026-08-31 12:12:20,769 INFO AVS_ZohoIntegration.Program - Qty_in_Stock: 424
2026-08-31 12:12:20,770 INFO AVS_ZohoIntegration.Program - Taxable: true
2026-08-31 12:12:20,770 INFO AVS_ZohoIntegration.Program - * Procesando resultado: 100 *
2026-08-31 12:12:20,771 INFO AVS_ZohoIntegration.Program - Product_Code: FLR001
2026-08-31 12:12:20,771 INFO AVS_ZohoIntegration.Program - Product_Name: Ramo de Flores 1
2026-08-31 12:12:20,772 INFO AVS_ZohoIntegration.Program - Product_Active: true
2026-08-31 12:12:20,772 INFO AVS_ZohoIntegration.Program - Unit_Price: 0
2026-08-31 12:12:20,772 INFO AVS_ZohoIntegration.Program - Tax: 
2026-08-31 12:12:20,773 INFO AVS_ZohoIntegration.Program - Usage_Unit: 
2026-08-31 12:12:20,773 INFO AVS_ZohoIntegration.Program - Qty_in_Stock: 124
2026-08-31 12:12:20,774 INFO AVS_ZohoIntegration.Program - Taxable: true
2026-08-31 12:12:20,774 INFO AVS_ZohoIntegration.Program - * Procesando resultado: 101 *
2026-08-31 12:12:20,774 INFO AVS_ZohoIntegration.Program - Product_Code: FLR001-GIRASOL
2026-08-31 12:12:20,775 INFO AVS_ZohoIntegration.Program - Product_Name: 
2026-08-31 12:12:20,775 INFO AVS_ZohoIntegration.Program - Product_Active: true
2026-08-31 12:12:20,776 INFO AVS_ZohoIntegration.Program - Unit_Price: 0
2026-08-31 12:12:20,776 INFO AVS_ZohoIntegration.Program - Tax: 
2026-08-31 12:12:20,776 INFO AVS_ZohoIntegration.Program - Usage_Unit: 
2026-08-31 12:12:20,777 INFO AVS_ZohoIntegration.Program - Qty_in_Stock: 93
2026-08-31 12:12:20,777 INFO AVS_ZohoIntegration.Program - Taxable: true
2026-08-31 12:12:20,778 INFO AVS_ZohoIntegration.Program - * Procesando resultado: 102 *
2026-08-31 12:12:20,778 INFO AVS_ZohoIntegration.Program - Product_Code: FLR001-LIRIO
2026-08-31 12:12:20,778 INFO AVS_ZohoIntegration.Program - Product_Name: 
2026-08-31 12:12:20,779 INFO AVS_ZohoIntegration.Program - Product_Active: true
2026-08-31 12:12:20,779 INFO AVS_ZohoIntegration.Program - Unit_Price: 0
2026-08-31 12:12:20,780 INFO AVS_ZohoIntegration.Program - Tax: 
2026-08-31 12:12:20,781 INFO AVS_ZohoIntegration.Program - Usage_Unit: 
2026-08-31 12:12:20,781 INFO AVS_ZohoIntegration.Program - Qty_in_Stock: 77
2026-08-31 12:12:20,782 INFO AVS_ZohoIntegration.Program - Taxable: true
2026-08-31 12:12:20,782 INFO AVS_ZohoIntegration.Program - * Procesando resultado: 103 *
2026-08-31 12:12:20,782 INFO AVS_ZohoIntegration.Program - Product_Code: FLR001-ROSA
2026-08-31 12:12:20,783 INFO AVS_ZohoIntegration.Program - Product_Name: 
2026-08-31 12:12:20,783 INFO AVS_ZohoIntegration.Program - Product_Active: true
2026-08-31 12:12:20,783 INFO AVS_ZohoIntegration.Program - Unit_Price: 0
2026-08-31 12:12:20,784 INFO AVS_ZohoIntegration.Program - Tax: 
2026-08-31 12:12:20,784 INFO AVS_ZohoIntegration.Program - Usage_Unit: 
2026-08-31 12:12:20,784 INFO AVS_ZohoIntegration.Program - Qty_in_Stock: 96
2026-08-31 12:12:20,785 INFO AVS_ZohoIntegration.Program - Taxable: true
2026-08-31 12:12:20,785 INFO AVS_ZohoIntegration.Program - * Procesando resultado: 104 *
2026-08-31 12:12:20,785 INFO AVS_ZohoIntegration.Program - Product_Code: FLR002
2026-08-31 12:12:20,786 INFO AVS_ZohoIntegration.Program - Product_Name: Ramo de Flores 2
2026-08-31 12:12:20,786 INFO AVS_ZohoIntegration.Program - Product_Active: true
2026-08-31 12:12:20,787 INFO AVS_ZohoIntegration.Program - Unit_Price: 0
2026-08-31 12:12:20,787 INFO AVS_ZohoIntegration.Program - Tax: 
2026-08-31 12:12:20,788 INFO AVS_ZohoIntegration.Program - Usage_Unit: 
2026-08-31 12:12:20,788 INFO AVS_ZohoIntegration.Program - Qty_in_Stock: 146
2026-08-31 12:12:20,789 INFO AVS_ZohoIntegration.Program - Taxable: true
2026-08-31 12:12:20,789 INFO AVS_ZohoIntegration.Program - * Procesando resultado: 105 *
2026-08-31 12:12:20,789 INFO AVS_ZohoIntegration.Program - Product_Code: FLR002-MARGARITAS
2026-08-31 12:12:20,790 INFO AVS_ZohoIntegration.Program - Product_Name: 
2026-08-31 12:12:20,790 INFO AVS_ZohoIntegration.Program - Product_Active: true
2026-08-31 12:12:20,791 INFO AVS_ZohoIntegration.Program - Unit_Price: 0
2026-08-31 12:12:20,791 INFO AVS_ZohoIntegration.Program - Tax: 
2026-08-31 12:12:20,792 INFO AVS_ZohoIntegration.Program - Usage_Unit: 
2026-08-31 12:12:20,792 INFO AVS_ZohoIntegration.Program - Qty_in_Stock: 95
2026-08-31 12:12:20,793 INFO AVS_ZohoIntegration.Program - Taxable: true
2026-08-31 12:12:20,793 INFO AVS_ZohoIntegration.Program - * Procesando resultado: 106 *
2026-08-31 12:12:20,793 INFO AVS_ZohoIntegration.Program - Product_Code: FLR002-ROSAS
2026-08-31 12:12:20,794 INFO AVS_ZohoIntegration.Program - Product_Name: 
2026-08-31 12:12:20,794 INFO AVS_ZohoIntegration.Program - Product_Active: true
2026-08-31 12:12:20,795 INFO AVS_ZohoIntegration.Program - Unit_Price: 0
2026-08-31 12:12:20,795 INFO AVS_ZohoIntegration.Program - Tax: 
2026-08-31 12:12:20,796 INFO AVS_ZohoIntegration.Program - Usage_Unit: 
2026-08-31 12:12:20,796 INFO AVS_ZohoIntegration.Program - Qty_in_Stock: 11
2026-08-31 12:12:20,796 INFO AVS_ZohoIntegration.Program - Taxable: true
2026-08-31 12:12:20,797 INFO AVS_ZohoIntegration.Program - * Procesando resultado: 107 *
2026-08-31 12:12:20,798 INFO AVS_ZohoIntegration.Program - Product_Code: FLR002-TULIPANES
2026-08-31 12:12:20,798 INFO AVS_ZohoIntegration.Program - Product_Name: 
2026-08-31 12:12:20,798 INFO AVS_ZohoIntegration.Program - Product_Active: true
2026-08-31 12:12:20,799 INFO AVS_ZohoIntegration.Program - Unit_Price: 0
2026-08-31 12:12:20,799 INFO AVS_ZohoIntegration.Program - Tax: 
2026-08-31 12:12:20,800 INFO AVS_ZohoIntegration.Program - Usage_Unit: 
2026-08-31 12:12:20,800 INFO AVS_ZohoIntegration.Program - Qty_in_Stock: 146
2026-08-31 12:12:20,800 INFO AVS_ZohoIntegration.Program - Taxable: true
2026-08-31 12:12:20,801 INFO AVS_ZohoIntegration.Program - * Procesando resultado: 108 *
2026-08-31 12:12:20,801 INFO AVS_ZohoIntegration.Program - Product_Code: I00001
2026-08-31 12:12:20,802 INFO AVS_ZohoIntegration.Program - Product_Name: Blu-Ray Disc 10-Pack
2026-08-31 12:12:20,802 INFO AVS_ZohoIntegration.Program - Product_Active: true
2026-08-31 12:12:20,803 INFO AVS_ZohoIntegration.Program - Unit_Price: 575.71
2026-08-31 12:12:20,803 INFO AVS_ZohoIntegration.Program - Tax: 
2026-08-31 12:12:20,803 INFO AVS_ZohoIntegration.Program - Usage_Unit: 
2026-08-31 12:12:20,804 INFO AVS_ZohoIntegration.Program - Qty_in_Stock: 1003
2026-08-31 12:12:20,804 INFO AVS_ZohoIntegration.Program - Taxable: true
2026-08-31 12:12:20,805 INFO AVS_ZohoIntegration.Program - * Procesando resultado: 109 *
2026-08-31 12:12:20,805 INFO AVS_ZohoIntegration.Program - Product_Code: I00002
2026-08-31 12:12:20,805 INFO AVS_ZohoIntegration.Program - Product_Name: Blu-Ray DL Disc 10-Pack
2026-08-31 12:12:20,806 INFO AVS_ZohoIntegration.Program - Product_Active: true
2026-08-31 12:12:20,806 INFO AVS_ZohoIntegration.Program - Unit_Price: 2302.71
2026-08-31 12:12:20,807 INFO AVS_ZohoIntegration.Program - Tax: 
2026-08-31 12:12:20,807 INFO AVS_ZohoIntegration.Program - Usage_Unit: 
2026-08-31 12:12:20,807 INFO AVS_ZohoIntegration.Program - Qty_in_Stock: 906
2026-08-31 12:12:20,808 INFO AVS_ZohoIntegration.Program - Taxable: true
2026-08-31 12:12:20,808 INFO AVS_ZohoIntegration.Program - * Procesando resultado: 110 *
2026-08-31 12:12:20,808 INFO AVS_ZohoIntegration.Program - Product_Code: I00003
2026-08-31 12:12:20,809 INFO AVS_ZohoIntegration.Program - Product_Name: USB Flashdrive 128GB
2026-08-31 12:12:20,809 INFO AVS_ZohoIntegration.Program - Product_Active: true
2026-08-31 12:12:20,810 INFO AVS_ZohoIntegration.Program - Unit_Price: 3837.9
2026-08-31 12:12:20,810 INFO AVS_ZohoIntegration.Program - Tax: 
2026-08-31 12:12:20,811 INFO AVS_ZohoIntegration.Program - Usage_Unit: 
2026-08-31 12:12:20,812 INFO AVS_ZohoIntegration.Program - Qty_in_Stock: 931
2026-08-31 12:12:20,812 INFO AVS_ZohoIntegration.Program - Taxable: true
2026-08-31 12:12:20,812 INFO AVS_ZohoIntegration.Program - * Procesando resultado: 111 *
2026-08-31 12:12:20,813 INFO AVS_ZohoIntegration.Program - Product_Code: I00004
2026-08-31 12:12:20,814 INFO AVS_ZohoIntegration.Program - Product_Name: USB Flashdrive 256GB
2026-08-31 12:12:20,814 INFO AVS_ZohoIntegration.Program - Product_Active: true
2026-08-31 12:12:20,815 INFO AVS_ZohoIntegration.Program - Unit_Price: 5756.85
2026-08-31 12:12:20,815 INFO AVS_ZohoIntegration.Program - Tax: 
2026-08-31 12:12:20,816 INFO AVS_ZohoIntegration.Program - Usage_Unit: 
2026-08-31 12:12:20,816 INFO AVS_ZohoIntegration.Program - Qty_in_Stock: 852
2026-08-31 12:12:20,817 INFO AVS_ZohoIntegration.Program - Taxable: true
2026-08-31 12:12:20,818 INFO AVS_ZohoIntegration.Program - * Procesando resultado: 112 *
2026-08-31 12:12:20,818 INFO AVS_ZohoIntegration.Program - Product_Code: I00005
2026-08-31 12:12:20,819 INFO AVS_ZohoIntegration.Program - Product_Name: J.B. Laptop Batteries X1 series
2026-08-31 12:12:20,819 INFO AVS_ZohoIntegration.Program - Product_Active: true
2026-08-31 12:12:20,820 INFO AVS_ZohoIntegration.Program - Unit_Price: 17270.41
2026-08-31 12:12:20,821 INFO AVS_ZohoIntegration.Program - Tax: 
2026-08-31 12:12:20,822 INFO AVS_ZohoIntegration.Program - Usage_Unit: 
2026-08-31 12:12:20,822 INFO AVS_ZohoIntegration.Program - Qty_in_Stock: 1001
2026-08-31 12:12:20,822 INFO AVS_ZohoIntegration.Program - Taxable: true
2026-08-31 12:12:20,823 INFO AVS_ZohoIntegration.Program - * Procesando resultado: 113 *
2026-08-31 12:12:20,823 INFO AVS_ZohoIntegration.Program - Product_Code: I00006
2026-08-31 12:12:20,824 INFO AVS_ZohoIntegration.Program - Product_Name: J.B. Laptop Batteries X2 series
2026-08-31 12:12:20,824 INFO AVS_ZohoIntegration.Program - Product_Active: true
2026-08-31 12:12:20,825 INFO AVS_ZohoIntegration.Program - Unit_Price: 15351.46
2026-08-31 12:12:20,825 INFO AVS_ZohoIntegration.Program - Tax: 
2026-08-31 12:12:20,826 INFO AVS_ZohoIntegration.Program - Usage_Unit: 
2026-08-31 12:12:20,826 INFO AVS_ZohoIntegration.Program - Qty_in_Stock: 918
2026-08-31 12:12:20,827 INFO AVS_ZohoIntegration.Program - Taxable: true
2026-08-31 12:12:20,827 INFO AVS_ZohoIntegration.Program - * Procesando resultado: 114 *
2026-08-31 12:12:20,828 INFO AVS_ZohoIntegration.Program - Product_Code: I00007
2026-08-31 12:12:20,828 INFO AVS_ZohoIntegration.Program - Product_Name: Rainbow Printer 9.5 Inkjet Cartridge
2026-08-31 12:12:20,829 INFO AVS_ZohoIntegration.Program - Product_Active: true
2026-08-31 12:12:20,830 INFO AVS_ZohoIntegration.Program - Unit_Price: 5372.95
2026-08-31 12:12:20,831 INFO AVS_ZohoIntegration.Program - Tax: 
2026-08-31 12:12:20,832 INFO AVS_ZohoIntegration.Program - Usage_Unit: 
2026-08-31 12:12:20,832 INFO AVS_ZohoIntegration.Program - Qty_in_Stock: 929
2026-08-31 12:12:20,832 INFO AVS_ZohoIntegration.Program - Taxable: true
2026-08-31 12:12:20,833 INFO AVS_ZohoIntegration.Program - * Procesando resultado: 115 *
2026-08-31 12:12:20,834 INFO AVS_ZohoIntegration.Program - Product_Code: I00008
2026-08-31 12:12:20,835 INFO AVS_ZohoIntegration.Program - Product_Name: Rainbow Nuance Ink 6-Pack and Photo Paper Kit
2026-08-31 12:12:20,835 INFO AVS_ZohoIntegration.Program - Product_Active: true
2026-08-31 12:12:20,836 INFO AVS_ZohoIntegration.Program - Unit_Price: 7483.85
2026-08-31 12:12:20,836 INFO AVS_ZohoIntegration.Program - Tax: 
2026-08-31 12:12:20,836 INFO AVS_ZohoIntegration.Program - Usage_Unit: 
2026-08-31 12:12:20,837 INFO AVS_ZohoIntegration.Program - Qty_in_Stock: 936
2026-08-31 12:12:20,837 INFO AVS_ZohoIntegration.Program - Taxable: true
2026-08-31 12:12:20,838 INFO AVS_ZohoIntegration.Program - * Procesando resultado: 116 *
2026-08-31 12:12:20,838 INFO AVS_ZohoIntegration.Program - Product_Code: I00009
2026-08-31 12:12:20,839 INFO AVS_ZohoIntegration.Program - Product_Name: SLR PreciseShot PX1500
2026-08-31 12:12:20,839 INFO AVS_ZohoIntegration.Program - Product_Active: true
2026-08-31 12:12:20,839 INFO AVS_ZohoIntegration.Program - Unit_Price: 28783.98
2026-08-31 12:12:20,840 INFO AVS_ZohoIntegration.Program - Tax: 
2026-08-31 12:12:20,840 INFO AVS_ZohoIntegration.Program - Usage_Unit: 
2026-08-31 12:12:20,840 INFO AVS_ZohoIntegration.Program - Qty_in_Stock: 951
2026-08-31 12:12:20,841 INFO AVS_ZohoIntegration.Program - Taxable: true
2026-08-31 12:12:20,841 INFO AVS_ZohoIntegration.Program - * Procesando resultado: 117 *
2026-08-31 12:12:20,841 INFO AVS_ZohoIntegration.Program - Product_Code: I00010
2026-08-31 12:12:20,842 INFO AVS_ZohoIntegration.Program - Product_Name: SLR M-CAM 40C
2026-08-31 12:12:20,842 INFO AVS_ZohoIntegration.Program - Product_Active: true
2026-08-31 12:12:20,843 INFO AVS_ZohoIntegration.Program - Unit_Price: 115135.76
2026-08-31 12:12:20,843 INFO AVS_ZohoIntegration.Program - Tax: 
2026-08-31 12:12:20,844 INFO AVS_ZohoIntegration.Program - Usage_Unit: 
2026-08-31 12:12:20,844 INFO AVS_ZohoIntegration.Program - Qty_in_Stock: 1048
2026-08-31 12:12:20,844 INFO AVS_ZohoIntegration.Program - Taxable: true
2026-08-31 12:12:20,845 INFO AVS_ZohoIntegration.Program - * Procesando resultado: 118 *
2026-08-31 12:12:20,845 INFO AVS_ZohoIntegration.Program - Product_Code: I00011
2026-08-31 12:12:20,845 INFO AVS_ZohoIntegration.Program - Product_Name: KG USB Travel Hub
2026-08-31 12:12:20,846 INFO AVS_ZohoIntegration.Program - Product_Active: true
2026-08-31 12:12:20,847 INFO AVS_ZohoIntegration.Program - Unit_Price: 2302.71
2026-08-31 12:12:20,847 INFO AVS_ZohoIntegration.Program - Tax: 
2026-08-31 12:12:20,847 INFO AVS_ZohoIntegration.Program - Usage_Unit: 
2026-08-31 12:12:20,848 INFO AVS_ZohoIntegration.Program - Qty_in_Stock: 1061
2026-08-31 12:12:20,849 INFO AVS_ZohoIntegration.Program - Taxable: true
2026-08-31 12:12:20,849 INFO AVS_ZohoIntegration.Program - * Procesando resultado: 119 *
2026-08-31 12:12:20,850 INFO AVS_ZohoIntegration.Program - Product_Code: I00012
2026-08-31 12:12:20,850 INFO AVS_ZohoIntegration.Program - Product_Name: KG PC-to-Mac Transfer Kit
2026-08-31 12:12:20,850 INFO AVS_ZohoIntegration.Program - Product_Active: true
2026-08-31 12:12:20,851 INFO AVS_ZohoIntegration.Program - Unit_Price: 8635.14
2026-08-31 12:12:20,851 INFO AVS_ZohoIntegration.Program - Tax: 
2026-08-31 12:12:20,852 INFO AVS_ZohoIntegration.Program - Usage_Unit: 
2026-08-31 12:12:20,852 INFO AVS_ZohoIntegration.Program - Qty_in_Stock: 1013
2026-08-31 12:12:20,852 INFO AVS_ZohoIntegration.Program - Taxable: true
2026-08-31 12:12:20,853 INFO AVS_ZohoIntegration.Program - * Procesando resultado: 120 *
2026-08-31 12:12:20,853 INFO AVS_ZohoIntegration.Program - Product_Code: I00013
2026-08-31 12:12:20,854 INFO AVS_ZohoIntegration.Program - Product_Name: SDHC 64 GB Class 10
2026-08-31 12:12:20,854 INFO AVS_ZohoIntegration.Program - Product_Active: true
2026-08-31 12:12:20,854 INFO AVS_ZohoIntegration.Program - Unit_Price: 30
2026-08-31 12:12:20,855 INFO AVS_ZohoIntegration.Program - Tax: 
2026-08-31 12:12:20,855 INFO AVS_ZohoIntegration.Program - Usage_Unit: 
2026-08-31 12:12:20,855 INFO AVS_ZohoIntegration.Program - Qty_in_Stock: 501
2026-08-31 12:12:20,856 INFO AVS_ZohoIntegration.Program - Taxable: true
2026-08-31 12:12:20,856 INFO AVS_ZohoIntegration.Program - * Procesando resultado: 121 *
2026-08-31 12:12:20,856 INFO AVS_ZohoIntegration.Program - Product_Code: ITEM0001
2026-08-31 12:12:20,857 INFO AVS_ZohoIntegration.Program - Product_Name: 
2026-08-31 12:12:20,857 INFO AVS_ZohoIntegration.Program - Product_Active: true
2026-08-31 12:12:20,857 INFO AVS_ZohoIntegration.Program - Unit_Price: 0
2026-08-31 12:12:20,858 INFO AVS_ZohoIntegration.Program - Tax: 
2026-08-31 12:12:20,858 INFO AVS_ZohoIntegration.Program - Usage_Unit: 
2026-08-31 12:12:20,859 INFO AVS_ZohoIntegration.Program - Qty_in_Stock: 0
2026-08-31 12:12:20,859 INFO AVS_ZohoIntegration.Program - Taxable: true
2026-08-31 12:12:20,859 INFO AVS_ZohoIntegration.Program - * Procesando resultado: 122 *
2026-08-31 12:12:20,860 INFO AVS_ZohoIntegration.Program - Product_Code: ITEM0002
2026-08-31 12:12:20,860 INFO AVS_ZohoIntegration.Program - Product_Name: 
2026-08-31 12:12:20,861 INFO AVS_ZohoIntegration.Program - Product_Active: true
2026-08-31 12:12:20,861 INFO AVS_ZohoIntegration.Program - Unit_Price: 0
2026-08-31 12:12:20,861 INFO AVS_ZohoIntegration.Program - Tax: 
2026-08-31 12:12:20,862 INFO AVS_ZohoIntegration.Program - Usage_Unit: 
2026-08-31 12:12:20,862 INFO AVS_ZohoIntegration.Program - Qty_in_Stock: 0
2026-08-31 12:12:20,862 INFO AVS_ZohoIntegration.Program - Taxable: true
2026-08-31 12:12:20,863 INFO AVS_ZohoIntegration.Program - * Procesando resultado: 123 *
2026-08-31 12:12:20,864 INFO AVS_ZohoIntegration.Program - Product_Code: L10001
2026-08-31 12:12:20,865 INFO AVS_ZohoIntegration.Program - Product_Name: Labor Hours Production
2026-08-31 12:12:20,865 INFO AVS_ZohoIntegration.Program - Product_Active: true
2026-08-31 12:12:20,866 INFO AVS_ZohoIntegration.Program - Unit_Price: 65
2026-08-31 12:12:20,867 INFO AVS_ZohoIntegration.Program - Tax: 
2026-08-31 12:12:20,867 INFO AVS_ZohoIntegration.Program - Usage_Unit: 
2026-08-31 12:12:20,868 INFO AVS_ZohoIntegration.Program - Qty_in_Stock: 0
2026-08-31 12:12:20,868 INFO AVS_ZohoIntegration.Program - Taxable: true
2026-08-31 12:12:20,868 INFO AVS_ZohoIntegration.Program - * Procesando resultado: 124 *
2026-08-31 12:12:20,869 INFO AVS_ZohoIntegration.Program - Product_Code: LB0001
2026-08-31 12:12:20,869 INFO AVS_ZohoIntegration.Program - Product_Name: Daily Service Labor Charge
2026-08-31 12:12:20,870 INFO AVS_ZohoIntegration.Program - Product_Active: true
2026-08-31 12:12:20,870 INFO AVS_ZohoIntegration.Program - Unit_Price: 2400
2026-08-31 12:12:20,870 INFO AVS_ZohoIntegration.Program - Tax: 
2026-08-31 12:12:20,871 INFO AVS_ZohoIntegration.Program - Usage_Unit: 
2026-08-31 12:12:20,871 INFO AVS_ZohoIntegration.Program - Qty_in_Stock: 0
2026-08-31 12:12:20,872 INFO AVS_ZohoIntegration.Program - Taxable: true
2026-08-31 12:12:20,872 INFO AVS_ZohoIntegration.Program - * Procesando resultado: 125 *
2026-08-31 12:12:20,873 INFO AVS_ZohoIntegration.Program - Product_Code: LB0002
2026-08-31 12:12:20,874 INFO AVS_ZohoIntegration.Program - Product_Name: Hourly Service Labor Charge
2026-08-31 12:12:20,874 INFO AVS_ZohoIntegration.Program - Product_Active: true
2026-08-31 12:12:20,875 INFO AVS_ZohoIntegration.Program - Unit_Price: 600
2026-08-31 12:12:20,876 INFO AVS_ZohoIntegration.Program - Tax: 
2026-08-31 12:12:20,876 INFO AVS_ZohoIntegration.Program - Usage_Unit: 
2026-08-31 12:12:20,876 INFO AVS_ZohoIntegration.Program - Qty_in_Stock: 0
2026-08-31 12:12:20,877 INFO AVS_ZohoIntegration.Program - Taxable: true
2026-08-31 12:12:20,877 INFO AVS_ZohoIntegration.Program - * Procesando resultado: 126 *
2026-08-31 12:12:20,878 INFO AVS_ZohoIntegration.Program - Product_Code: LM4029
2026-08-31 12:12:20,878 INFO AVS_ZohoIntegration.Program - Product_Name: LeMon 4029 Printer
2026-08-31 12:12:20,878 INFO AVS_ZohoIntegration.Program - Product_Active: true
2026-08-31 12:12:20,879 INFO AVS_ZohoIntegration.Program - Unit_Price: 46054.25
2026-08-31 12:12:20,879 INFO AVS_ZohoIntegration.Program - Tax: 
2026-08-31 12:12:20,880 INFO AVS_ZohoIntegration.Program - Usage_Unit: 
2026-08-31 12:12:20,881 INFO AVS_ZohoIntegration.Program - Qty_in_Stock: 829.5
2026-08-31 12:12:20,881 INFO AVS_ZohoIntegration.Program - Taxable: true
2026-08-31 12:12:20,882 INFO AVS_ZohoIntegration.Program - * Procesando resultado: 127 *
2026-08-31 12:12:20,882 INFO AVS_ZohoIntegration.Program - Product_Code: LM4029ACA
2026-08-31 12:12:20,882 INFO AVS_ZohoIntegration.Program - Product_Name: LeMon 4029 Printer AC Adapter
2026-08-31 12:12:20,883 INFO AVS_ZohoIntegration.Program - Product_Active: true
2026-08-31 12:12:20,883 INFO AVS_ZohoIntegration.Program - Unit_Price: 1918.95
2026-08-31 12:12:20,884 INFO AVS_ZohoIntegration.Program - Tax: 
2026-08-31 12:12:20,884 INFO AVS_ZohoIntegration.Program - Usage_Unit: 
2026-08-31 12:12:20,885 INFO AVS_ZohoIntegration.Program - Qty_in_Stock: 532
2026-08-31 12:12:20,885 INFO AVS_ZohoIntegration.Program - Taxable: true
2026-08-31 12:12:20,885 INFO AVS_ZohoIntegration.Program - * Procesando resultado: 128 *
2026-08-31 12:12:20,886 INFO AVS_ZohoIntegration.Program - Product_Code: LM4029APCD
2026-08-31 12:12:20,886 INFO AVS_ZohoIntegration.Program - Product_Name: LeMon 4029 Printer AC Power Cord
2026-08-31 12:12:20,887 INFO AVS_ZohoIntegration.Program - Product_Active: true
2026-08-31 12:12:20,887 INFO AVS_ZohoIntegration.Program - Unit_Price: 959.48
2026-08-31 12:12:20,888 INFO AVS_ZohoIntegration.Program - Tax: 
2026-08-31 12:12:20,888 INFO AVS_ZohoIntegration.Program - Usage_Unit: 
2026-08-31 12:12:20,888 INFO AVS_ZohoIntegration.Program - Qty_in_Stock: 557
2026-08-31 12:12:20,889 INFO AVS_ZohoIntegration.Program - Taxable: true
2026-08-31 12:12:20,889 INFO AVS_ZohoIntegration.Program - * Procesando resultado: 129 *
2026-08-31 12:12:20,890 INFO AVS_ZohoIntegration.Program - Product_Code: LM4029D
2026-08-31 12:12:20,890 INFO AVS_ZohoIntegration.Program - Product_Name: LeMon 4029 500 sheet paper drawer
2026-08-31 12:12:20,890 INFO AVS_ZohoIntegration.Program - Product_Active: true
2026-08-31 12:12:20,891 INFO AVS_ZohoIntegration.Program - Unit_Price: 6716.19
2026-08-31 12:12:20,891 INFO AVS_ZohoIntegration.Program - Tax: 
2026-08-31 12:12:20,892 INFO AVS_ZohoIntegration.Program - Usage_Unit: 
2026-08-31 12:12:20,892 INFO AVS_ZohoIntegration.Program - Qty_in_Stock: 693
2026-08-31 12:12:20,893 INFO AVS_ZohoIntegration.Program - Taxable: true
2026-08-31 12:12:20,893 INFO AVS_ZohoIntegration.Program - * Procesando resultado: 130 *
2026-08-31 12:12:20,893 INFO AVS_ZohoIntegration.Program - Product_Code: LM4029MC
2026-08-31 12:12:20,894 INFO AVS_ZohoIntegration.Program - Product_Name: Memory Chip
2026-08-31 12:12:20,894 INFO AVS_ZohoIntegration.Program - Product_Active: true
2026-08-31 12:12:20,894 INFO AVS_ZohoIntegration.Program - Unit_Price: 9594.61
2026-08-31 12:12:20,895 INFO AVS_ZohoIntegration.Program - Tax: 
2026-08-31 12:12:20,895 INFO AVS_ZohoIntegration.Program - Usage_Unit: 
2026-08-31 12:12:20,896 INFO AVS_ZohoIntegration.Program - Qty_in_Stock: 421
2026-08-31 12:12:20,896 INFO AVS_ZohoIntegration.Program - Taxable: true
2026-08-31 12:12:20,897 INFO AVS_ZohoIntegration.Program - * Procesando resultado: 131 *
2026-08-31 12:12:20,898 INFO AVS_ZohoIntegration.Program - Product_Code: LM4029PH
2026-08-31 12:12:20,898 INFO AVS_ZohoIntegration.Program - Product_Name: LeMon 4029 Printer Head
2026-08-31 12:12:20,899 INFO AVS_ZohoIntegration.Program - Product_Active: true
2026-08-31 12:12:20,899 INFO AVS_ZohoIntegration.Program - Unit_Price: 3837.9
2026-08-31 12:12:20,900 INFO AVS_ZohoIntegration.Program - Tax: 
2026-08-31 12:12:20,900 INFO AVS_ZohoIntegration.Program - Usage_Unit: 
2026-08-31 12:12:20,901 INFO AVS_ZohoIntegration.Program - Qty_in_Stock: 664
2026-08-31 12:12:20,901 INFO AVS_ZohoIntegration.Program - Taxable: true
2026-08-31 12:12:20,901 INFO AVS_ZohoIntegration.Program - * Procesando resultado: 132 *
2026-08-31 12:12:20,902 INFO AVS_ZohoIntegration.Program - Product_Code: LM4029PS
2026-08-31 12:12:20,903 INFO AVS_ZohoIntegration.Program - Product_Name: LeMon 4029 Printer Power Supply
2026-08-31 12:12:20,903 INFO AVS_ZohoIntegration.Program - Product_Active: true
2026-08-31 12:12:20,904 INFO AVS_ZohoIntegration.Program - Unit_Price: 3837.9
2026-08-31 12:12:20,904 INFO AVS_ZohoIntegration.Program - Tax: 
2026-08-31 12:12:20,905 INFO AVS_ZohoIntegration.Program - Usage_Unit: 
2026-08-31 12:12:20,905 INFO AVS_ZohoIntegration.Program - Qty_in_Stock: 523
2026-08-31 12:12:20,906 INFO AVS_ZohoIntegration.Program - Taxable: true
2026-08-31 12:12:20,907 INFO AVS_ZohoIntegration.Program - * Procesando resultado: 133 *
2026-08-31 12:12:20,907 INFO AVS_ZohoIntegration.Program - Product_Code: LM4029-R
2026-08-31 12:12:20,908 INFO AVS_ZohoIntegration.Program - Product_Name: Articulo de reproceso
2026-08-31 12:12:20,908 INFO AVS_ZohoIntegration.Program - Product_Active: true
2026-08-31 12:12:20,908 INFO AVS_ZohoIntegration.Program - Unit_Price: 0
2026-08-31 12:12:20,909 INFO AVS_ZohoIntegration.Program - Tax: 
2026-08-31 12:12:20,909 INFO AVS_ZohoIntegration.Program - Usage_Unit: 
2026-08-31 12:12:20,910 INFO AVS_ZohoIntegration.Program - Qty_in_Stock: 1000
2026-08-31 12:12:20,910 INFO AVS_ZohoIntegration.Program - Taxable: true
2026-08-31 12:12:20,910 INFO AVS_ZohoIntegration.Program - * Procesando resultado: 134 *
2026-08-31 12:12:20,911 INFO AVS_ZohoIntegration.Program - Product_Code: LM4029SB
2026-08-31 12:12:20,911 INFO AVS_ZohoIntegration.Program - Product_Name: LeMon 4029 Printer System Board
2026-08-31 12:12:20,912 INFO AVS_ZohoIntegration.Program - Product_Active: true
2026-08-31 12:12:20,912 INFO AVS_ZohoIntegration.Program - Unit_Price: 19189.23
2026-08-31 12:12:20,912 INFO AVS_ZohoIntegration.Program - Tax: 
2026-08-31 12:12:20,913 INFO AVS_ZohoIntegration.Program - Usage_Unit: 
2026-08-31 12:12:20,914 INFO AVS_ZohoIntegration.Program - Qty_in_Stock: 606
2026-08-31 12:12:20,914 INFO AVS_ZohoIntegration.Program - Taxable: true
2026-08-31 12:12:20,914 INFO AVS_ZohoIntegration.Program - * Procesando resultado: 135 *
2026-08-31 12:12:20,915 INFO AVS_ZohoIntegration.Program - Product_Code: MRP_BOM
2026-08-31 12:12:20,915 INFO AVS_ZohoIntegration.Program - Product_Name: MRP_BOM
2026-08-31 12:12:20,915 INFO AVS_ZohoIntegration.Program - Product_Active: true
2026-08-31 12:12:20,916 INFO AVS_ZohoIntegration.Program - Unit_Price: 25
2026-08-31 12:12:20,916 INFO AVS_ZohoIntegration.Program - Tax: 
2026-08-31 12:12:20,917 INFO AVS_ZohoIntegration.Program - Usage_Unit: 
2026-08-31 12:12:20,918 INFO AVS_ZohoIntegration.Program - Qty_in_Stock: 483
2026-08-31 12:12:20,918 INFO AVS_ZohoIntegration.Program - Taxable: true
2026-08-31 12:12:20,918 INFO AVS_ZohoIntegration.Program - * Procesando resultado: 136 *
2026-08-31 12:12:20,919 INFO AVS_ZohoIntegration.Program - Product_Code: MRP_Child1
2026-08-31 12:12:20,919 INFO AVS_ZohoIntegration.Program - Product_Name: MRP_Hijo1
2026-08-31 12:12:20,919 INFO AVS_ZohoIntegration.Program - Product_Active: true
2026-08-31 12:12:20,920 INFO AVS_ZohoIntegration.Program - Unit_Price: 5
2026-08-31 12:12:20,921 INFO AVS_ZohoIntegration.Program - Tax: 
2026-08-31 12:12:20,921 INFO AVS_ZohoIntegration.Program - Usage_Unit: 
2026-08-31 12:12:20,922 INFO AVS_ZohoIntegration.Program - Qty_in_Stock: 471
2026-08-31 12:12:20,922 INFO AVS_ZohoIntegration.Program - Taxable: true
2026-08-31 12:12:20,922 INFO AVS_ZohoIntegration.Program - * Procesando resultado: 137 *
2026-08-31 12:12:20,922 INFO AVS_ZohoIntegration.Program - Product_Code: MRP_Child2
2026-08-31 12:12:20,923 INFO AVS_ZohoIntegration.Program - Product_Name: MRP_Hijo2
2026-08-31 12:12:20,923 INFO AVS_ZohoIntegration.Program - Product_Active: true
2026-08-31 12:12:20,924 INFO AVS_ZohoIntegration.Program - Unit_Price: 5
2026-08-31 12:12:20,924 INFO AVS_ZohoIntegration.Program - Tax: 
2026-08-31 12:12:20,924 INFO AVS_ZohoIntegration.Program - Usage_Unit: 
2026-08-31 12:12:20,925 INFO AVS_ZohoIntegration.Program - Qty_in_Stock: 460
2026-08-31 12:12:20,925 INFO AVS_ZohoIntegration.Program - Taxable: true
2026-08-31 12:12:20,925 INFO AVS_ZohoIntegration.Program - * Procesando resultado: 138 *
2026-08-31 12:12:20,926 INFO AVS_ZohoIntegration.Program - Product_Code: MRP_GranChild
2026-08-31 12:12:20,926 INFO AVS_ZohoIntegration.Program - Product_Name: MRP_Nieto
2026-08-31 12:12:20,927 INFO AVS_ZohoIntegration.Program - Product_Active: true
2026-08-31 12:12:20,928 INFO AVS_ZohoIntegration.Program - Unit_Price: 3
2026-08-31 12:12:20,928 INFO AVS_ZohoIntegration.Program - Tax: 
2026-08-31 12:12:20,929 INFO AVS_ZohoIntegration.Program - Usage_Unit: 
2026-08-31 12:12:20,929 INFO AVS_ZohoIntegration.Program - Qty_in_Stock: 451
2026-08-31 12:12:20,930 INFO AVS_ZohoIntegration.Program - Taxable: true
2026-08-31 12:12:20,931 INFO AVS_ZohoIntegration.Program - * Procesando resultado: 139 *
2026-08-31 12:12:20,931 INFO AVS_ZohoIntegration.Program - Product_Code: MRP_Item1
2026-08-31 12:12:20,932 INFO AVS_ZohoIntegration.Program - Product_Name: MRP_Articulo1
2026-08-31 12:12:20,932 INFO AVS_ZohoIntegration.Program - Product_Active: true
2026-08-31 12:12:20,932 INFO AVS_ZohoIntegration.Program - Unit_Price: 20
2026-08-31 12:12:20,933 INFO AVS_ZohoIntegration.Program - Tax: 
2026-08-31 12:12:20,933 INFO AVS_ZohoIntegration.Program - Usage_Unit: 
2026-08-31 12:12:20,933 INFO AVS_ZohoIntegration.Program - Qty_in_Stock: 294
2026-08-31 12:12:20,934 INFO AVS_ZohoIntegration.Program - Taxable: true
2026-08-31 12:12:20,935 INFO AVS_ZohoIntegration.Program - * Procesando resultado: 140 *
2026-08-31 12:12:20,935 INFO AVS_ZohoIntegration.Program - Product_Code: MRP_Item2
2026-08-31 12:12:20,935 INFO AVS_ZohoIntegration.Program - Product_Name: MRP_Articulo2
2026-08-31 12:12:20,936 INFO AVS_ZohoIntegration.Program - Product_Active: true
2026-08-31 12:12:20,936 INFO AVS_ZohoIntegration.Program - Unit_Price: 20
2026-08-31 12:12:20,937 INFO AVS_ZohoIntegration.Program - Tax: 
2026-08-31 12:12:20,937 INFO AVS_ZohoIntegration.Program - Usage_Unit: 
2026-08-31 12:12:20,937 INFO AVS_ZohoIntegration.Program - Qty_in_Stock: 391
2026-08-31 12:12:20,938 INFO AVS_ZohoIntegration.Program - Taxable: true
2026-08-31 12:12:20,938 INFO AVS_ZohoIntegration.Program - * Procesando resultado: 141 *
2026-08-31 12:12:20,938 INFO AVS_ZohoIntegration.Program - Product_Code: MRP_Item3
2026-08-31 12:12:20,939 INFO AVS_ZohoIntegration.Program - Product_Name: MRP_Articulo3
2026-08-31 12:12:20,939 INFO AVS_ZohoIntegration.Program - Product_Active: true
2026-08-31 12:12:20,939 INFO AVS_ZohoIntegration.Program - Unit_Price: 20
2026-08-31 12:12:20,940 INFO AVS_ZohoIntegration.Program - Tax: 
2026-08-31 12:12:20,940 INFO AVS_ZohoIntegration.Program - Usage_Unit: 
2026-08-31 12:12:20,941 INFO AVS_ZohoIntegration.Program - Qty_in_Stock: 337
2026-08-31 12:12:20,941 INFO AVS_ZohoIntegration.Program - Taxable: true
2026-08-31 12:12:20,941 INFO AVS_ZohoIntegration.Program - * Procesando resultado: 142 *
2026-08-31 12:12:20,942 INFO AVS_ZohoIntegration.Program - Product_Code: MRP_Item4
2026-08-31 12:12:20,943 INFO AVS_ZohoIntegration.Program - Product_Name: MRP_Articulo4
2026-08-31 12:12:20,943 INFO AVS_ZohoIntegration.Program - Product_Active: true
2026-08-31 12:12:20,944 INFO AVS_ZohoIntegration.Program - Unit_Price: 20
2026-08-31 12:12:20,944 INFO AVS_ZohoIntegration.Program - Tax: 
2026-08-31 12:12:20,945 INFO AVS_ZohoIntegration.Program - Usage_Unit: 
2026-08-31 12:12:20,945 INFO AVS_ZohoIntegration.Program - Qty_in_Stock: 345
2026-08-31 12:12:20,946 INFO AVS_ZohoIntegration.Program - Taxable: true
2026-08-31 12:12:20,946 INFO AVS_ZohoIntegration.Program - * Procesando resultado: 143 *
2026-08-31 12:12:20,947 INFO AVS_ZohoIntegration.Program - Product_Code: MRP_Item5
2026-08-31 12:12:20,947 INFO AVS_ZohoIntegration.Program - Product_Name: MRP_Articulo5
2026-08-31 12:12:20,948 INFO AVS_ZohoIntegration.Program - Product_Active: true
2026-08-31 12:12:20,948 INFO AVS_ZohoIntegration.Program - Unit_Price: 20
2026-08-31 12:12:20,949 INFO AVS_ZohoIntegration.Program - Tax: 
2026-08-31 12:12:20,949 INFO AVS_ZohoIntegration.Program - Usage_Unit: 
2026-08-31 12:12:20,950 INFO AVS_ZohoIntegration.Program - Qty_in_Stock: 441
2026-08-31 12:12:20,950 INFO AVS_ZohoIntegration.Program - Taxable: true
2026-08-31 12:12:20,950 INFO AVS_ZohoIntegration.Program - * Procesando resultado: 144 *
2026-08-31 12:12:20,951 INFO AVS_ZohoIntegration.Program - Product_Code: P10001
2026-08-31 12:12:20,951 INFO AVS_ZohoIntegration.Program - Product_Name: PC - 8x core, DDR 32GB, 2TB HDD
2026-08-31 12:12:20,952 INFO AVS_ZohoIntegration.Program - Product_Active: true
2026-08-31 12:12:20,952 INFO AVS_ZohoIntegration.Program - Unit_Price: 272747.89
2026-08-31 12:12:20,953 INFO AVS_ZohoIntegration.Program - Tax: 
2026-08-31 12:12:20,953 INFO AVS_ZohoIntegration.Program - Usage_Unit: 
2026-08-31 12:12:20,953 INFO AVS_ZohoIntegration.Program - Qty_in_Stock: 501.1
2026-08-31 12:12:20,954 INFO AVS_ZohoIntegration.Program - Taxable: true
2026-08-31 12:12:20,954 INFO AVS_ZohoIntegration.Program - * Procesando resultado: 145 *
2026-08-31 12:12:20,956 INFO AVS_ZohoIntegration.Program - Product_Code: P10001_D
2026-08-31 12:12:20,956 INFO AVS_ZohoIntegration.Program - Product_Name: PC - 8x core, DDR 32GB, 2TB HDD Reproceso
2026-08-31 12:12:20,956 INFO AVS_ZohoIntegration.Program - Product_Active: true
2026-08-31 12:12:20,956 INFO AVS_ZohoIntegration.Program - Unit_Price: 272747.89
2026-08-31 12:12:20,956 INFO AVS_ZohoIntegration.Program - Tax: 
2026-08-31 12:12:20,957 INFO AVS_ZohoIntegration.Program - Usage_Unit: 
2026-08-31 12:12:20,957 INFO AVS_ZohoIntegration.Program - Qty_in_Stock: -44
2026-08-31 12:12:20,958 INFO AVS_ZohoIntegration.Program - Taxable: true
2026-08-31 12:12:20,958 INFO AVS_ZohoIntegration.Program - * Procesando resultado: 146 *
2026-08-31 12:12:20,959 INFO AVS_ZohoIntegration.Program - Product_Code: P10001_L
2026-08-31 12:12:20,959 INFO AVS_ZohoIntegration.Program - Product_Name: PC - 8x core, DDR 32GB, 2TB HDD
2026-08-31 12:12:20,960 INFO AVS_ZohoIntegration.Program - Product_Active: true
2026-08-31 12:12:20,960 INFO AVS_ZohoIntegration.Program - Unit_Price: 272747.89
2026-08-31 12:12:20,962 INFO AVS_ZohoIntegration.Program - Tax: 
2026-08-31 12:12:20,963 INFO AVS_ZohoIntegration.Program - Usage_Unit: 
2026-08-31 12:12:20,963 INFO AVS_ZohoIntegration.Program - Qty_in_Stock: 173.5
2026-08-31 12:12:20,964 INFO AVS_ZohoIntegration.Program - Taxable: true
2026-08-31 12:12:20,965 INFO AVS_ZohoIntegration.Program - * Procesando resultado: 147 *
2026-08-31 12:12:20,966 INFO AVS_ZohoIntegration.Program - Product_Code: P10001-R
2026-08-31 12:12:20,966 INFO AVS_ZohoIntegration.Program - Product_Name: Articulo de reproceso
2026-08-31 12:12:20,967 INFO AVS_ZohoIntegration.Program - Product_Active: true
2026-08-31 12:12:20,967 INFO AVS_ZohoIntegration.Program - Unit_Price: 272747.89
2026-08-31 12:12:20,968 INFO AVS_ZohoIntegration.Program - Tax: 
2026-08-31 12:12:20,968 INFO AVS_ZohoIntegration.Program - Usage_Unit: 
2026-08-31 12:12:20,969 INFO AVS_ZohoIntegration.Program - Qty_in_Stock: 2011
2026-08-31 12:12:20,969 INFO AVS_ZohoIntegration.Program - Taxable: true
2026-08-31 12:12:20,970 INFO AVS_ZohoIntegration.Program - * Procesando resultado: 148 *
2026-08-31 12:12:20,971 INFO AVS_ZohoIntegration.Program - Product_Code: P10002
2026-08-31 12:12:20,972 INFO AVS_ZohoIntegration.Program - Product_Name: PC - 12x core, 64GB, 5 x 150GB SSD
2026-08-31 12:12:20,972 INFO AVS_ZohoIntegration.Program - Product_Active: true
2026-08-31 12:12:20,973 INFO AVS_ZohoIntegration.Program - Unit_Price: 261234.18
2026-08-31 12:12:20,973 INFO AVS_ZohoIntegration.Program - Tax: 
2026-08-31 12:12:20,974 INFO AVS_ZohoIntegration.Program - Usage_Unit: 
2026-08-31 12:12:20,974 INFO AVS_ZohoIntegration.Program - Qty_in_Stock: 457
2026-08-31 12:12:20,975 INFO AVS_ZohoIntegration.Program - Taxable: true
2026-08-31 12:12:20,976 INFO AVS_ZohoIntegration.Program - * Procesando resultado: 149 *
2026-08-31 12:12:20,976 INFO AVS_ZohoIntegration.Program - Product_Code: P10003
2026-08-31 12:12:20,977 INFO AVS_ZohoIntegration.Program - Product_Name: PC Set 1
2026-08-31 12:12:20,977 INFO AVS_ZohoIntegration.Program - Product_Active: true
2026-08-31 12:12:20,978 INFO AVS_ZohoIntegration.Program - Unit_Price: 57632.81
2026-08-31 12:12:20,978 INFO AVS_ZohoIntegration.Program - Tax: 
2026-08-31 12:12:20,978 INFO AVS_ZohoIntegration.Program - Usage_Unit: 
2026-08-31 12:12:20,979 INFO AVS_ZohoIntegration.Program - Qty_in_Stock: 483
2026-08-31 12:12:20,979 INFO AVS_ZohoIntegration.Program - Taxable: true
2026-08-31 12:12:20,980 INFO AVS_ZohoIntegration.Program - * Procesando resultado: 150 *
2026-08-31 12:12:20,980 INFO AVS_ZohoIntegration.Program - Product_Code: P10004
2026-08-31 12:12:20,981 INFO AVS_ZohoIntegration.Program - Product_Name: PC Set 2
2026-08-31 12:12:20,981 INFO AVS_ZohoIntegration.Program - Product_Active: true
2026-08-31 12:12:20,982 INFO AVS_ZohoIntegration.Program - Unit_Price: 96011.4
2026-08-31 12:12:20,982 INFO AVS_ZohoIntegration.Program - Tax: 
2026-08-31 12:12:20,982 INFO AVS_ZohoIntegration.Program - Usage_Unit: 
2026-08-31 12:12:20,983 INFO AVS_ZohoIntegration.Program - Qty_in_Stock: 364
2026-08-31 12:12:20,983 INFO AVS_ZohoIntegration.Program - Taxable: true
2026-08-31 12:12:20,984 INFO AVS_ZohoIntegration.Program - * Procesando resultado: 151 *
2026-08-31 12:12:20,984 INFO AVS_ZohoIntegration.Program - Product_Code: P20001
2026-08-31 12:12:20,985 INFO AVS_ZohoIntegration.Program - Product_Name: 4GB Memory Server
2026-08-31 12:12:20,985 INFO AVS_ZohoIntegration.Program - Product_Active: true
2026-08-31 12:12:20,986 INFO AVS_ZohoIntegration.Program - Unit_Price: 45632
2026-08-31 12:12:20,986 INFO AVS_ZohoIntegration.Program - Tax: 
2026-08-31 12:12:20,986 INFO AVS_ZohoIntegration.Program - Usage_Unit: 
2026-08-31 12:12:20,987 INFO AVS_ZohoIntegration.Program - Qty_in_Stock: 455
2026-08-31 12:12:20,988 INFO AVS_ZohoIntegration.Program - Taxable: true
2026-08-31 12:12:20,988 INFO AVS_ZohoIntegration.Program - * Procesando resultado: 152 *
2026-08-31 12:12:20,988 INFO AVS_ZohoIntegration.Program - Product_Code: P20002
2026-08-31 12:12:20,989 INFO AVS_ZohoIntegration.Program - Product_Name: 32GB Memory Server
2026-08-31 12:12:20,989 INFO AVS_ZohoIntegration.Program - Product_Active: true
2026-08-31 12:12:20,990 INFO AVS_ZohoIntegration.Program - Unit_Price: 29453
2026-08-31 12:12:20,990 INFO AVS_ZohoIntegration.Program - Tax: 
2026-08-31 12:12:20,991 INFO AVS_ZohoIntegration.Program - Usage_Unit: 
2026-08-31 12:12:20,991 INFO AVS_ZohoIntegration.Program - Qty_in_Stock: 491
2026-08-31 12:12:20,992 INFO AVS_ZohoIntegration.Program - Taxable: true
2026-08-31 12:12:20,992 INFO AVS_ZohoIntegration.Program - * Procesando resultado: 153 *
2026-08-31 12:12:20,993 INFO AVS_ZohoIntegration.Program - Product_Code: P20003
2026-08-31 12:12:20,993 INFO AVS_ZohoIntegration.Program - Product_Name: External HD
2026-08-31 12:12:20,993 INFO AVS_ZohoIntegration.Program - Product_Active: true
2026-08-31 12:12:20,994 INFO AVS_ZohoIntegration.Program - Unit_Price: 175699
2026-08-31 12:12:20,994 INFO AVS_ZohoIntegration.Program - Tax: 
2026-08-31 12:12:20,995 INFO AVS_ZohoIntegration.Program - Usage_Unit: 
2026-08-31 12:12:20,995 INFO AVS_ZohoIntegration.Program - Qty_in_Stock: 500
2026-08-31 12:12:20,996 INFO AVS_ZohoIntegration.Program - Taxable: true
2026-08-31 12:12:20,997 INFO AVS_ZohoIntegration.Program - * Procesando resultado: 154 *
2026-08-31 12:12:20,998 INFO AVS_ZohoIntegration.Program - Product_Code: PR00001
2026-08-31 12:12:20,998 INFO AVS_ZohoIntegration.Program - Product_Name: Articulo de prueba
2026-08-31 12:12:20,999 INFO AVS_ZohoIntegration.Program - Product_Active: true
2026-08-31 12:12:20,999 INFO AVS_ZohoIntegration.Program - Unit_Price: 300
2026-08-31 12:12:21,000 INFO AVS_ZohoIntegration.Program - Tax: 
2026-08-31 12:12:21,001 INFO AVS_ZohoIntegration.Program - Usage_Unit: 
2026-08-31 12:12:21,001 INFO AVS_ZohoIntegration.Program - Qty_in_Stock: 0
2026-08-31 12:12:21,002 INFO AVS_ZohoIntegration.Program - Taxable: true
2026-08-31 12:12:21,002 INFO AVS_ZohoIntegration.Program - * Procesando resultado: 155 *
2026-08-31 12:12:21,003 INFO AVS_ZohoIntegration.Program - Product_Code: R00001
2026-08-31 12:12:21,003 INFO AVS_ZohoIntegration.Program - Product_Name: Papel Blanco para Impresora Tamaño A4
2026-08-31 12:12:21,004 INFO AVS_ZohoIntegration.Program - Product_Active: true
2026-08-31 12:12:21,004 INFO AVS_ZohoIntegration.Program - Unit_Price: 5
2026-08-31 12:12:21,005 INFO AVS_ZohoIntegration.Program - Tax: 
2026-08-31 12:12:21,005 INFO AVS_ZohoIntegration.Program - Usage_Unit: Paquete  de 6 pzas
2026-08-31 12:12:21,006 INFO AVS_ZohoIntegration.Program - Qty_in_Stock: 500
2026-08-31 12:12:21,006 INFO AVS_ZohoIntegration.Program - Taxable: true
2026-08-31 12:12:21,007 INFO AVS_ZohoIntegration.Program - * Procesando resultado: 156 *
2026-08-31 12:12:21,007 INFO AVS_ZohoIntegration.Program - Product_Code: R00002
2026-08-31 12:12:21,007 INFO AVS_ZohoIntegration.Program - Product_Name: Papel Reciclado para Impresora Tamaño A4
2026-08-31 12:12:21,008 INFO AVS_ZohoIntegration.Program - Product_Active: true
2026-08-31 12:12:21,008 INFO AVS_ZohoIntegration.Program - Unit_Price: 3
2026-08-31 12:12:21,008 INFO AVS_ZohoIntegration.Program - Tax: 
2026-08-31 12:12:21,009 INFO AVS_ZohoIntegration.Program - Usage_Unit: Paquete
2026-08-31 12:12:21,009 INFO AVS_ZohoIntegration.Program - Qty_in_Stock: 500
2026-08-31 12:12:21,010 INFO AVS_ZohoIntegration.Program - Taxable: true
2026-08-31 12:12:21,010 INFO AVS_ZohoIntegration.Program - * Procesando resultado: 157 *
2026-08-31 12:12:21,010 INFO AVS_ZohoIntegration.Program - Product_Code: S10000
2026-08-31 12:12:21,011 INFO AVS_ZohoIntegration.Program - Product_Name: Server Point 10000
2026-08-31 12:12:21,011 INFO AVS_ZohoIntegration.Program - Product_Active: true
2026-08-31 12:12:21,012 INFO AVS_ZohoIntegration.Program - Unit_Price: 354042.43
2026-08-31 12:12:21,012 INFO AVS_ZohoIntegration.Program - Tax: B00
2026-08-31 12:12:21,013 INFO AVS_ZohoIntegration.Program - Usage_Unit: 
2026-08-31 12:12:21,013 INFO AVS_ZohoIntegration.Program - Qty_in_Stock: 500
2026-08-31 12:12:21,014 INFO AVS_ZohoIntegration.Program - Taxable: true
2026-08-31 12:12:21,014 INFO AVS_ZohoIntegration.Program - * Procesando resultado: 158 *
2026-08-31 12:12:21,015 INFO AVS_ZohoIntegration.Program - Product_Code: TR0001
2026-08-31 12:12:21,015 INFO AVS_ZohoIntegration.Program - Product_Name: Travel Expense per 100 miles
2026-08-31 12:12:21,016 INFO AVS_ZohoIntegration.Program - Product_Active: true
2026-08-31 12:12:21,016 INFO AVS_ZohoIntegration.Program - Unit_Price: 600
2026-08-31 12:12:21,017 INFO AVS_ZohoIntegration.Program - Tax: 
2026-08-31 12:12:21,017 INFO AVS_ZohoIntegration.Program - Usage_Unit: 
2026-08-31 12:12:21,017 INFO AVS_ZohoIntegration.Program - Qty_in_Stock: 0
2026-08-31 12:12:21,018 INFO AVS_ZohoIntegration.Program - Taxable: true
2026-08-31 12:12:21,018 INFO AVS_ZohoIntegration.Program - * Procesando resultado: 159 *
2026-08-31 12:12:21,018 INFO AVS_ZohoIntegration.Program - Product_Code: Z00001
2026-08-31 12:12:21,019 INFO AVS_ZohoIntegration.Program - Product_Name: Tablet PC 64GB Negra
2026-08-31 12:12:21,019 INFO AVS_ZohoIntegration.Program - Product_Active: true
2026-08-31 12:12:21,019 INFO AVS_ZohoIntegration.Program - Unit_Price: 700
2026-08-31 12:12:21,020 INFO AVS_ZohoIntegration.Program - Tax: 
2026-08-31 12:12:21,020 INFO AVS_ZohoIntegration.Program - Usage_Unit: 
2026-08-31 12:12:21,020 INFO AVS_ZohoIntegration.Program - Qty_in_Stock: 524
2026-08-31 12:12:21,021 INFO AVS_ZohoIntegration.Program - Taxable: true
2026-08-31 12:12:21,021 INFO AVS_ZohoIntegration.Program - * Procesando resultado: 160 *
2026-08-31 12:12:21,021 INFO AVS_ZohoIntegration.Program - Product_Code: Z00002
2026-08-31 12:12:21,022 INFO AVS_ZohoIntegration.Program - Product_Name: Tablet PC 64GB Blanca
2026-08-31 12:12:21,023 INFO AVS_ZohoIntegration.Program - Product_Active: true
2026-08-31 12:12:21,023 INFO AVS_ZohoIntegration.Program - Unit_Price: 700
2026-08-31 12:12:21,024 INFO AVS_ZohoIntegration.Program - Tax: 
2026-08-31 12:12:21,024 INFO AVS_ZohoIntegration.Program - Usage_Unit: 
2026-08-31 12:12:21,025 INFO AVS_ZohoIntegration.Program - Qty_in_Stock: 523
2026-08-31 12:12:21,025 INFO AVS_ZohoIntegration.Program - Taxable: true
2026-08-31 12:12:57,764 INFO AVS_ZohoIntegration.Program - {"data":[{"Product_Code":"A00001","Product_Name":"J.B. Officeprint 1420","Product_Active":"true","Unit_Price":"76757.3","Tax":"","Usage_Unit":"","Qty_in_Stock":"743","Taxable":"true"},{"Product_Code":"A00002","Product_Name":"J.B. Officeprint 1111","Product_Active":"true","Unit_Price":"0","Tax":"","Usage_Unit":"","Qty_in_Stock":"949","Taxable":"true"},{"Product_Code":"A00003","Product_Name":"J.B. Officeprint 1186","Product_Active":"true","Unit_Price":"57567.81","Tax":"","Usage_Unit":"","Qty_in_Stock":"1123","Taxable":"true"},{"Product_Code":"A00004","Product_Name":"Rainbow Color Printer 5.0","Product_Active":"true","Unit_Price":"95946.4","Tax":"","Usage_Unit":"","Qty_in_Stock":"1106","Taxable":"true"},{"Product_Code":"A00005","Product_Name":"Rainbow Color Printer 7.5","Product_Active":"true","Unit_Price":"50","Tax":"","Usage_Unit":"","Qty_in_Stock":"1187","Taxable":"true"},{"Product_Code":"A00006","Product_Name":"Rainbow 1200 Laser Series","Product_Active":"true","Unit_Price":"76757.18","Tax":"","Usage_Unit":"","Qty_in_Stock":"528","Taxable":"true"},{"Product_Code":"A00007","Product_Name":"Rainbow 1200 Laser Series","Product_Active":"true","Unit_Price":"76757.18","Tax":"","Usage_Unit":"","Qty_in_Stock":"0","Taxable":"true"},{"Product_Code":"A00008","Product_Name":"Rainbow 1200 Laser Series","Product_Active":"true","Unit_Price":"76757.18","Tax":"","Usage_Unit":"","Qty_in_Stock":"0","Taxable":"true"},{"Product_Code":"A00009","Product_Name":"Rainbow 1200 Laser Series","Product_Active":"true","Unit_Price":"76757.18","Tax":"","Usage_Unit":"","Qty_in_Stock":"0","Taxable":"true"},{"Product_Code":"A00010","Product_Name":"Rainbow 1200 Laser Series","Product_Active":"true","Unit_Price":"76757.18","Tax":"","Usage_Unit":"","Qty_in_Stock":"0","Taxable":"true"},{"Product_Code":"A00011","Product_Name":"Rainbow 1200 Laser Series","Product_Active":"true","Unit_Price":"76757.18","Tax":"","Usage_Unit":"","Qty_in_Stock":"0","Taxable":"true"},{"Product_Code":"A00012","Product_Name":"Rainbow 1200 Laser Series","Product_Active":"true","Unit_Price":"76757.18","Tax":"","Usage_Unit":"","Qty_in_Stock":"0","Taxable":"true"},{"Product_Code":"A00013","Product_Name":"Rainbow 1200 Laser Series","Product_Active":"true","Unit_Price":"76757.18","Tax":"","Usage_Unit":"","Qty_in_Stock":"0","Taxable":"true"},{"Product_Code":"A00014","Product_Name":"Rainbow 1200 Laser Series","Product_Active":"true","Unit_Price":"76757.18","Tax":"","Usage_Unit":"","Qty_in_Stock":"0","Taxable":"true"},{"Product_Code":"A00015","Product_Name":"Rainbow 1200 Laser Series","Product_Active":"true","Unit_Price":"76757.18","Tax":"","Usage_Unit":"","Qty_in_Stock":"0","Taxable":"true"},{"Product_Code":"A00016","Product_Name":"Rainbow 1200 Laser Series","Product_Active":"true","Unit_Price":"76757.18","Tax":"","Usage_Unit":"","Qty_in_Stock":"0","Taxable":"true"},{"Product_Code":"A00017","Product_Name":"Rainbow 1200 Laser Series","Product_Active":"true","Unit_Price":"76757.18","Tax":"","Usage_Unit":"","Qty_in_Stock":"0","Taxable":"true"},{"Product_Code":"A00018","Product_Name":"Rainbow 1200 Laser Series","Product_Active":"true","Unit_Price":"76757.18","Tax":"","Usage_Unit":"","Qty_in_Stock":"0","Taxable":"true"},{"Product_Code":"A00019","Product_Name":"Rainbow 1200 Laser Series","Product_Active":"true","Unit_Price":"76757.18","Tax":"","Usage_Unit":"","Qty_in_Stock":"0","Taxable":"true"},{"Product_Code":"A00020","Product_Name":"J.B. Officeprint 1420","Product_Active":"true","Unit_Price":"76757.18","Tax":"","Usage_Unit":"","Qty_in_Stock":"0","Taxable":"true"},{"Product_Code":"A00021","Product_Name":"J.B. Officeprint 1420","Product_Active":"true","Unit_Price":"76757.18","Tax":"","Usage_Unit":"","Qty_in_Stock":"0","Taxable":"true"},{"Product_Code":"A00022","Product_Name":"J.B. Officeprint 1420","Product_Active":"true","Unit_Price":"76757.18","Tax":"","Usage_Unit":"","Qty_in_Stock":"0","Taxable":"true"},{"Product_Code":"A00023","Product_Name":"J.B. Officeprint 1420","Product_Active":"true","Unit_Price":"76757.18","Tax":"","Usage_Unit":"","Qty_in_Stock":"0","Taxable":"true"},{"Product_Code":"A00024","Product_Name":"J.B. Officeprint 1420","Product_Active":"true","Unit_Price":"76757.18","Tax":"","Usage_Unit":"","Qty_in_Stock":"0","Taxable":"true"},{"Product_Code":"A00025","Product_Name":"J.B. Officeprint 1420","Product_Active":"true","Unit_Price":"76757.18","Tax":"","Usage_Unit":"","Qty_in_Stock":"0","Taxable":"true"},{"Product_Code":"A00026","Product_Name":"J.B. Officeprint 1420","Product_Active":"true","Unit_Price":"76757.18","Tax":"","Usage_Unit":"","Qty_in_Stock":"0","Taxable":"true"},{"Product_Code":"A00027","Product_Name":"J.B. Officeprint 1420","Product_Active":"true","Unit_Price":"76757.18","Tax":"","Usage_Unit":"","Qty_in_Stock":"0","Taxable":"true"},{"Product_Code":"A00028","Product_Name":"J.B. Officeprint 1420","Product_Active":"true","Unit_Price":"76757.18","Tax":"","Usage_Unit":"","Qty_in_Stock":"0","Taxable":"true"},{"Product_Code":"A00029","Product_Name":"J.B. Officeprint 1420","Product_Active":"true","Unit_Price":"76757.18","Tax":"","Usage_Unit":"","Qty_in_Stock":"0","Taxable":"true"},{"Product_Code":"A00030","Product_Name":"J.B. Officeprint 1420","Product_Active":"true","Unit_Price":"76757.18","Tax":"","Usage_Unit":"","Qty_in_Stock":"0","Taxable":"true"},{"Product_Code":"A00031","Product_Name":"J.B. Officeprint 1420","Product_Active":"true","Unit_Price":"76757.18","Tax":"","Usage_Unit":"","Qty_in_Stock":"0","Taxable":"true"},{"Product_Code":"A00032","Product_Name":"J.B. Officeprint 1420","Product_Active":"true","Unit_Price":"76757.18","Tax":"","Usage_Unit":"","Qty_in_Stock":"0","Taxable":"true"},{"Product_Code":"A00033","Product_Name":"J.B. Officeprint 1420","Product_Active":"true","Unit_Price":"76757.18","Tax":"","Usage_Unit":"","Qty_in_Stock":"0","Taxable":"true"},{"Product_Code":"A00034","Product_Name":"J.B. Officeprint 1420","Product_Active":"true","Unit_Price":"76757.18","Tax":"","Usage_Unit":"","Qty_in_Stock":"0","Taxable":"true"},{"Product_Code":"A00035","Product_Name":"J.B. Officeprint 1420","Product_Active":"true","Unit_Price":"76757.18","Tax":"","Usage_Unit":"","Qty_in_Stock":"0","Taxable":"true"},{"Product_Code":"A00036","Product_Name":"J.B. Officeprint 1420","Product_Active":"true","Unit_Price":"76757.18","Tax":"","Usage_Unit":"","Qty_in_Stock":"0","Taxable":"true"},{"Product_Code":"A00037","Product_Name":"J.B. Officeprint 1420","Product_Active":"true","Unit_Price":"76757.18","Tax":"","Usage_Unit":"","Qty_in_Stock":"0","Taxable":"true"},{"Product_Code":"A00038","Product_Name":"J.B. Officeprint 1420","Product_Active":"true","Unit_Price":"76757.18","Tax":"","Usage_Unit":"","Qty_in_Stock":"0","Taxable":"true"},{"Product_Code":"A00039","Product_Name":"J.B. Officeprint 1420","Product_Active":"true","Unit_Price":"76757.18","Tax":"","Usage_Unit":"","Qty_in_Stock":"0","Taxable":"true"},{"Product_Code":"A00040","Product_Name":"J.B. Officeprint 1420","Product_Active":"true","Unit_Price":"76757.18","Tax":"","Usage_Unit":"","Qty_in_Stock":"0","Taxable":"true"},{"Product_Code":"A00041","Product_Name":"J.B. Officeprint 1420","Product_Active":"true","Unit_Price":"76757.18","Tax":"","Usage_Unit":"","Qty_in_Stock":"0","Taxable":"true"},{"Product_Code":"A00042","Product_Name":"J.B. Officeprint 1420","Product_Active":"true","Unit_Price":"76757.18","Tax":"","Usage_Unit":"","Qty_in_Stock":"0","Taxable":"true"},{"Product_Code":"A00043","Product_Name":"J.B. Officeprint 1420","Product_Active":"true","Unit_Price":"76757.18","Tax":"","Usage_Unit":"","Qty_in_Stock":"0","Taxable":"true"},{"Product_Code":"A00044","Product_Name":"J.B. Officeprint 1420","Product_Active":"true","Unit_Price":"76757.18","Tax":"","Usage_Unit":"","Qty_in_Stock":"0","Taxable":"true"},{"Product_Code":"A00045","Product_Name":"J.B. Officeprint 1420","Product_Active":"true","Unit_Price":"76757.18","Tax":"","Usage_Unit":"","Qty_in_Stock":"0","Taxable":"true"},{"Product_Code":"A00046","Product_Name":"J.B. Officeprint 1420","Product_Active":"true","Unit_Price":"76757.18","Tax":"","Usage_Unit":"","Qty_in_Stock":"0","Taxable":"true"},{"Product_Code":"A00047","Product_Name":"J.B. Officeprint 1420","Product_Active":"true","Unit_Price":"76757.18","Tax":"","Usage_Unit":"","Qty_in_Stock":"0","Taxable":"true"},{"Product_Code":"A00048","Product_Name":"J.B. Officeprint 1420","Product_Active":"true","Unit_Price":"76757.18","Tax":"","Usage_Unit":"","Qty_in_Stock":"0","Taxable":"true"},{"Product_Code":"A00049","Product_Name":"J.B. Officeprint 1420","Product_Active":"true","Unit_Price":"76757.18","Tax":"","Usage_Unit":"","Qty_in_Stock":"0","Taxable":"true"},{"Product_Code":"A00050","Product_Name":"J.B. Officeprint 1420","Product_Active":"true","Unit_Price":"76757.18","Tax":"","Usage_Unit":"","Qty_in_Stock":"0","Taxable":"true"},{"Product_Code":"A00051","Product_Name":"J.B. Officeprint 1420","Product_Active":"true","Unit_Price":"76757.18","Tax":"","Usage_Unit":"","Qty_in_Stock":"0","Taxable":"true"},{"Product_Code":"A00052","Product_Name":"J.B. Officeprint 1420","Product_Active":"true","Unit_Price":"76757.18","Tax":"","Usage_Unit":"","Qty_in_Stock":"0","Taxable":"true"},{"Product_Code":"A00053","Product_Name":"J.B. Officeprint 1420","Product_Active":"true","Unit_Price":"76757.18","Tax":"","Usage_Unit":"","Qty_in_Stock":"0","Taxable":"true"},{"Product_Code":"A00054","Product_Name":"J.B. Officeprint 1420","Product_Active":"true","Unit_Price":"76757.18","Tax":"","Usage_Unit":"","Qty_in_Stock":"0","Taxable":"true"},{"Product_Code":"A00055","Product_Name":"J.B. Officeprint 1420","Product_Active":"true","Unit_Price":"76757.18","Tax":"","Usage_Unit":"","Qty_in_Stock":"0","Taxable":"true"},{"Product_Code":"A00056","Product_Name":"J.B. Officeprint 1420","Product_Active":"true","Unit_Price":"76757.18","Tax":"","Usage_Unit":"","Qty_in_Stock":"0","Taxable":"true"},{"Product_Code":"A00057","Product_Name":"J.B. Officeprint 1420","Product_Active":"true","Unit_Price":"76757.18","Tax":"","Usage_Unit":"","Qty_in_Stock":"0","Taxable":"true"},{"Product_Code":"A00058","Product_Name":"J.B. Officeprint 1420","Product_Active":"true","Unit_Price":"76757.18","Tax":"","Usage_Unit":"","Qty_in_Stock":"0","Taxable":"true"},{"Product_Code":"A00059","Product_Name":"J.B. Officeprint 1420","Product_Active":"true","Unit_Price":"76757.18","Tax":"","Usage_Unit":"","Qty_in_Stock":"0","Taxable":"true"},{"Product_Code":"A00060","Product_Name":"J.B. Officeprint 1420","Product_Active":"true","Unit_Price":"76757.18","Tax":"","Usage_Unit":"","Qty_in_Stock":"0","Taxable":"true"},{"Product_Code":"A00061","Product_Name":"J.B. Officeprint 1420","Product_Active":"true","Unit_Price":"76757.18","Tax":"","Usage_Unit":"","Qty_in_Stock":"0","Taxable":"true"},{"Product_Code":"A00062","Product_Name":"J.B. Officeprint 1420","Product_Active":"true","Unit_Price":"76757.18","Tax":"","Usage_Unit":"","Qty_in_Stock":"0","Taxable":"true"},{"Product_Code":"A00063","Product_Name":"J.B. Officeprint 1420","Product_Active":"true","Unit_Price":"76757.18","Tax":"","Usage_Unit":"","Qty_in_Stock":"0","Taxable":"true"},{"Product_Code":"A00064","Product_Name":"J.B. Officeprint 1420","Product_Active":"true","Unit_Price":"76757.18","Tax":"","Usage_Unit":"","Qty_in_Stock":"0","Taxable":"true"},{"Product_Code":"A00065","Product_Name":"J.B. Officeprint 1420","Product_Active":"true","Unit_Price":"76757.18","Tax":"","Usage_Unit":"","Qty_in_Stock":"0","Taxable":"true"},{"Product_Code":"A00066","Product_Name":"J.B. Officeprint 1420","Product_Active":"true","Unit_Price":"76757.18","Tax":"","Usage_Unit":"","Qty_in_Stock":"0","Taxable":"true"},{"Product_Code":"A00067","Product_Name":"J.B. Officeprint 1420","Product_Active":"true","Unit_Price":"76757.18","Tax":"","Usage_Unit":"","Qty_in_Stock":"0","Taxable":"true"},{"Product_Code":"A00068","Product_Name":"J.B. Officeprint 1420","Product_Active":"true","Unit_Price":"76757.18","Tax":"","Usage_Unit":"","Qty_in_Stock":"0","Taxable":"true"},{"Product_Code":"A00069","Product_Name":"J.B. Officeprint 1420","Product_Active":"true","Unit_Price":"76757.18","Tax":"","Usage_Unit":"","Qty_in_Stock":"0","Taxable":"true"},{"Product_Code":"A00070","Product_Name":"J.B. Officeprint 1420","Product_Active":"true","Unit_Price":"76757.18","Tax":"","Usage_Unit":"","Qty_in_Stock":"0","Taxable":"true"},{"Product_Code":"A00071","Product_Name":"J.B. Officeprint 1420","Product_Active":"true","Unit_Price":"76757.18","Tax":"","Usage_Unit":"","Qty_in_Stock":"0","Taxable":"true"},{"Product_Code":"A00072","Product_Name":"J.B. Officeprint 1420","Product_Active":"true","Unit_Price":"76757.18","Tax":"","Usage_Unit":"","Qty_in_Stock":"0","Taxable":"true"},{"Product_Code":"B10000","Product_Name":"Printer Label","Product_Active":"true","Unit_Price":"191.95","Tax":"","Usage_Unit":"","Qty_in_Stock":"1628.5","Taxable":"true"},{"Product_Code":"B10001","Product_Name":"Articulo de Prueba para Lotes","Product_Active":"true","Unit_Price":"100","Tax":"","Usage_Unit":"","Qty_in_Stock":"1131","Taxable":"true"},{"Product_Code":"B11000","Product_Name":"Printer Label","Product_Active":"true","Unit_Price":"191.95","Tax":"","Usage_Unit":"","Qty_in_Stock":"0","Taxable":"true"},{"Product_Code":"B12000","Product_Name":"Printer Label","Product_Active":"true","Unit_Price":"191.95","Tax":"","Usage_Unit":"","Qty_in_Stock":"-8.5","Taxable":"true"},{"Product_Code":"B13000","Product_Name":"Printer Label","Product_Active":"true","Unit_Price":"191.95","Tax":"","Usage_Unit":"","Qty_in_Stock":"0","Taxable":"true"},{"Product_Code":"B20000","Product_Name":"Prueba de series","Product_Active":"true","Unit_Price":"100","Tax":"","Usage_Unit":"","Qty_in_Stock":"2","Taxable":"true"},{"Product_Code":"B21000","Product_Name":"Prueba de series","Product_Active":"true","Unit_Price":"100","Tax":"","Usage_Unit":"","Qty_in_Stock":"0","Taxable":"true"},{"Product_Code":"C00001","Product_Name":"Motherboard BTX","Product_Active":"true","Unit_Price":"76757.18","Tax":"","Usage_Unit":"","Qty_in_Stock":"1367.7","Taxable":"true"},{"Product_Code":"C00002","Product_Name":"Motherboard MicroATX","Product_Active":"true","Unit_Price":"57567.81","Tax":"","Usage_Unit":"","Qty_in_Stock":"1648","Taxable":"true"},{"Product_Code":"C00003","Product_Name":"Quadcore CPU 3.4 GHz","Product_Active":"true","Unit_Price":"24946.08","Tax":"","Usage_Unit":"","Qty_in_Stock":"1140.7","Taxable":"true"},{"Product_Code":"C00004","Product_Name":"Tower Case with Power supply","Product_Active":"true","Unit_Price":"6716.19","Tax":"","Usage_Unit":"","Qty_in_Stock":"1103.7","Taxable":"true"},{"Product_Code":"C00005","Product_Name":"WLAN Card","Product_Active":"true","Unit_Price":"11513.56","Tax":"","Usage_Unit":"","Qty_in_Stock":"1036.7","Taxable":"true"},{"Product_Code":"C00006","Product_Name":"Gigabit Network Card","Product_Active":"true","Unit_Price":"2878.43","Tax":"","Usage_Unit":"","Qty_in_Stock":"983.7","Taxable":"true"},{"Product_Code":"C00007","Product_Name":"Hard Disk 3TB","Product_Active":"true","Unit_Price":"95946.4","Tax":"","Usage_Unit":"","Qty_in_Stock":"1081.7","Taxable":"true"},{"Product_Code":"C00008","Product_Name":"Computer Monitor 24\" HDMI","Product_Active":"true","Unit_Price":"38378.59","Tax":"","Usage_Unit":"","Qty_in_Stock":"1046.7","Taxable":"true"},{"Product_Code":"C00009","Product_Name":"Keyboard Comfort USB","Product_Active":"true","Unit_Price":"3837.9","Tax":"","Usage_Unit":"","Qty_in_Stock":"1032.7","Taxable":"true"},{"Product_Code":"C00010","Product_Name":"Mouse USB","Product_Active":"true","Unit_Price":"3837.9","Tax":"","Usage_Unit":"","Qty_in_Stock":"1065.7","Taxable":"true"},{"Product_Code":"C00011","Product_Name":"Memory DDR RAM 8GB","Product_Active":"true","Unit_Price":"7675.66","Tax":"","Usage_Unit":"","Qty_in_Stock":"12.7","Taxable":"true"},{"Product_Code":"C00012","Product_Name":"Cabinet for external HD","Product_Active":"true","Unit_Price":"6500","Tax":"","Usage_Unit":"","Qty_in_Stock":"463","Taxable":"true"},{"Product_Code":"C00013","Product_Name":"1 TB disk for external HD","Product_Active":"true","Unit_Price":"3400","Tax":"","Usage_Unit":"","Qty_in_Stock":"479","Taxable":"true"},{"Product_Code":"C00014","Product_Name":"Laptop case","Product_Active":"true","Unit_Price":"2100","Tax":"","Usage_Unit":"","Qty_in_Stock":"434","Taxable":"true"},{"Product_Code":"D00001","Product_Name":"Portable Hard Disk 1TB","Product_Active":"true","Unit_Price":"3400","Tax":"","Usage_Unit":"","Qty_in_Stock":"435","Taxable":"true"},{"Product_Code":"D00002","Product_Name":"Portable Hard Disk 2TB","Product_Active":"true","Unit_Price":"6233","Tax":"","Usage_Unit":"","Qty_in_Stock":"420","Taxable":"true"},{"Product_Code":"E00001","Product_Name":"Secondhand Tablets","Product_Active":"true","Unit_Price":"4100","Tax":"","Usage_Unit":"","Qty_in_Stock":"500","Taxable":"true"},{"Product_Code":"EMP0001","Product_Name":"Empaque 01","Product_Active":"true","Unit_Price":"0","Tax":"","Usage_Unit":"","Qty_in_Stock":"463.877","Taxable":"true"},{"Product_Code":"EMP0002","Product_Name":"Empaque 02","Product_Active":"true","Unit_Price":"0","Tax":"","Usage_Unit":"","Qty_in_Stock":"461.5","Taxable":"true"},{"Product_Code":"EMP0003","Product_Name":"Empaque 03","Product_Active":"true","Unit_Price":"0","Tax":"","Usage_Unit":"","Qty_in_Stock":"424","Taxable":"true"},{"Product_Code":"FLR001","Product_Name":"Ramo de Flores 1","Product_Active":"true","Unit_Price":"0","Tax":"","Usage_Unit":"","Qty_in_Stock":"124","Taxable":"true"},{"Product_Code":"FLR001-GIRASOL","Product_Name":"","Product_Active":"true","Unit_Price":"0","Tax":"","Usage_Unit":"","Qty_in_Stock":"93","Taxable":"true"},{"Product_Code":"FLR001-LIRIO","Product_Name":"","Product_Active":"true","Unit_Price":"0","Tax":"","Usage_Unit":"","Qty_in_Stock":"77","Taxable":"true"},{"Product_Code":"FLR001-ROSA","Product_Name":"","Product_Active":"true","Unit_Price":"0","Tax":"","Usage_Unit":"","Qty_in_Stock":"96","Taxable":"true"},{"Product_Code":"FLR002","Product_Name":"Ramo de Flores 2","Product_Active":"true","Unit_Price":"0","Tax":"","Usage_Unit":"","Qty_in_Stock":"146","Taxable":"true"},{"Product_Code":"FLR002-MARGARITAS","Product_Name":"","Product_Active":"true","Unit_Price":"0","Tax":"","Usage_Unit":"","Qty_in_Stock":"95","Taxable":"true"},{"Product_Code":"FLR002-ROSAS","Product_Name":"","Product_Active":"true","Unit_Price":"0","Tax":"","Usage_Unit":"","Qty_in_Stock":"11","Taxable":"true"},{"Product_Code":"FLR002-TULIPANES","Product_Name":"","Product_Active":"true","Unit_Price":"0","Tax":"","Usage_Unit":"","Qty_in_Stock":"146","Taxable":"true"},{"Product_Code":"I00001","Product_Name":"Blu-Ray Disc 10-Pack","Product_Active":"true","Unit_Price":"575.71","Tax":"","Usage_Unit":"","Qty_in_Stock":"1003","Taxable":"true"},{"Product_Code":"I00002","Product_Name":"Blu-Ray DL Disc 10-Pack","Product_Active":"true","Unit_Price":"2302.71","Tax":"","Usage_Unit":"","Qty_in_Stock":"906","Taxable":"true"},{"Product_Code":"I00003","Product_Name":"USB Flashdrive 128GB","Product_Active":"true","Unit_Price":"3837.9","Tax":"","Usage_Unit":"","Qty_in_Stock":"931","Taxable":"true"},{"Product_Code":"I00004","Product_Name":"USB Flashdrive 256GB","Product_Active":"true","Unit_Price":"5756.85","Tax":"","Usage_Unit":"","Qty_in_Stock":"852","Taxable":"true"},{"Product_Code":"I00005","Product_Name":"J.B. Laptop Batteries X1 series","Product_Active":"true","Unit_Price":"17270.41","Tax":"","Usage_Unit":"","Qty_in_Stock":"1001","Taxable":"true"},{"Product_Code":"I00006","Product_Name":"J.B. Laptop Batteries X2 series","Product_Active":"true","Unit_Price":"15351.46","Tax":"","Usage_Unit":"","Qty_in_Stock":"918","Taxable":"true"},{"Product_Code":"I00007","Product_Name":"Rainbow Printer 9.5 Inkjet Cartridge","Product_Active":"true","Unit_Price":"5372.95","Tax":"","Usage_Unit":"","Qty_in_Stock":"929","Taxable":"true"},{"Product_Code":"I00008","Product_Name":"Rainbow Nuance Ink 6-Pack and Photo Paper Kit","Product_Active":"true","Unit_Price":"7483.85","Tax":"","Usage_Unit":"","Qty_in_Stock":"936","Taxable":"true"},{"Product_Code":"I00009","Product_Name":"SLR PreciseShot PX1500","Product_Active":"true","Unit_Price":"28783.98","Tax":"","Usage_Unit":"","Qty_in_Stock":"951","Taxable":"true"},{"Product_Code":"I00010","Product_Name":"SLR M-CAM 40C","Product_Active":"true","Unit_Price":"115135.76","Tax":"","Usage_Unit":"","Qty_in_Stock":"1048","Taxable":"true"},{"Product_Code":"I00011","Product_Name":"KG USB Travel Hub","Product_Active":"true","Unit_Price":"2302.71","Tax":"","Usage_Unit":"","Qty_in_Stock":"1061","Taxable":"true"},{"Product_Code":"I00012","Product_Name":"KG PC-to-Mac Transfer Kit","Product_Active":"true","Unit_Price":"8635.14","Tax":"","Usage_Unit":"","Qty_in_Stock":"1013","Taxable":"true"},{"Product_Code":"I00013","Product_Name":"SDHC 64 GB Class 10","Product_Active":"true","Unit_Price":"30","Tax":"","Usage_Unit":"","Qty_in_Stock":"501","Taxable":"true"},{"Product_Code":"ITEM0001","Product_Name":"","Product_Active":"true","Unit_Price":"0","Tax":"","Usage_Unit":"","Qty_in_Stock":"0","Taxable":"true"},{"Product_Code":"ITEM0002","Product_Name":"","Product_Active":"true","Unit_Price":"0","Tax":"","Usage_Unit":"","Qty_in_Stock":"0","Taxable":"true"},{"Product_Code":"L10001","Product_Name":"Labor Hours Production","Product_Active":"true","Unit_Price":"65","Tax":"","Usage_Unit":"","Qty_in_Stock":"0","Taxable":"true"},{"Product_Code":"LB0001","Product_Name":"Daily Service Labor Charge","Product_Active":"true","Unit_Price":"2400","Tax":"","Usage_Unit":"","Qty_in_Stock":"0","Taxable":"true"},{"Product_Code":"LB0002","Product_Name":"Hourly Service Labor Charge","Product_Active":"true","Unit_Price":"600","Tax":"","Usage_Unit":"","Qty_in_Stock":"0","Taxable":"true"},{"Product_Code":"LM4029","Product_Name":"LeMon 4029 Printer","Product_Active":"true","Unit_Price":"46054.25","Tax":"","Usage_Unit":"","Qty_in_Stock":"829.5","Taxable":"true"},{"Product_Code":"LM4029ACA","Product_Name":"LeMon 4029 Printer AC Adapter","Product_Active":"true","Unit_Price":"1918.95","Tax":"","Usage_Unit":"","Qty_in_Stock":"532","Taxable":"true"},{"Product_Code":"LM4029APCD","Product_Name":"LeMon 4029 Printer AC Power Cord","Product_Active":"true","Unit_Price":"959.48","Tax":"","Usage_Unit":"","Qty_in_Stock":"557","Taxable":"true"},{"Product_Code":"LM4029D","Product_Name":"LeMon 4029 500 sheet paper drawer","Product_Active":"true","Unit_Price":"6716.19","Tax":"","Usage_Unit":"","Qty_in_Stock":"693","Taxable":"true"},{"Product_Code":"LM4029MC","Product_Name":"Memory Chip","Product_Active":"true","Unit_Price":"9594.61","Tax":"","Usage_Unit":"","Qty_in_Stock":"421","Taxable":"true"},{"Product_Code":"LM4029PH","Product_Name":"LeMon 4029 Printer Head","Product_Active":"true","Unit_Price":"3837.9","Tax":"","Usage_Unit":"","Qty_in_Stock":"664","Taxable":"true"},{"Product_Code":"LM4029PS","Product_Name":"LeMon 4029 Printer Power Supply","Product_Active":"true","Unit_Price":"3837.9","Tax":"","Usage_Unit":"","Qty_in_Stock":"523","Taxable":"true"},{"Product_Code":"LM4029-R","Product_Name":"Articulo de reproceso","Product_Active":"true","Unit_Price":"0","Tax":"","Usage_Unit":"","Qty_in_Stock":"1000","Taxable":"true"},{"Product_Code":"LM4029SB","Product_Name":"LeMon 4029 Printer System Board","Product_Active":"true","Unit_Price":"19189.23","Tax":"","Usage_Unit":"","Qty_in_Stock":"606","Taxable":"true"},{"Product_Code":"MRP_BOM","Product_Name":"MRP_BOM","Product_Active":"true","Unit_Price":"25","Tax":"","Usage_Unit":"","Qty_in_Stock":"483","Taxable":"true"},{"Product_Code":"MRP_Child1","Product_Name":"MRP_Hijo1","Product_Active":"true","Unit_Price":"5","Tax":"","Usage_Unit":"","Qty_in_Stock":"471","Taxable":"true"},{"Product_Code":"MRP_Child2","Product_Name":"MRP_Hijo2","Product_Active":"true","Unit_Price":"5","Tax":"","Usage_Unit":"","Qty_in_Stock":"460","Taxable":"true"},{"Product_Code":"MRP_GranChild","Product_Name":"MRP_Nieto","Product_Active":"true","Unit_Price":"3","Tax":"","Usage_Unit":"","Qty_in_Stock":"451","Taxable":"true"},{"Product_Code":"MRP_Item1","Product_Name":"MRP_Articulo1","Product_Active":"true","Unit_Price":"20","Tax":"","Usage_Unit":"","Qty_in_Stock":"294","Taxable":"true"},{"Product_Code":"MRP_Item2","Product_Name":"MRP_Articulo2","Product_Active":"true","Unit_Price":"20","Tax":"","Usage_Unit":"","Qty_in_Stock":"391","Taxable":"true"},{"Product_Code":"MRP_Item3","Product_Name":"MRP_Articulo3","Product_Active":"true","Unit_Price":"20","Tax":"","Usage_Unit":"","Qty_in_Stock":"337","Taxable":"true"},{"Product_Code":"MRP_Item4","Product_Name":"MRP_Articulo4","Product_Active":"true","Unit_Price":"20","Tax":"","Usage_Unit":"","Qty_in_Stock":"345","Taxable":"true"},{"Product_Code":"MRP_Item5","Product_Name":"MRP_Articulo5","Product_Active":"true","Unit_Price":"20","Tax":"","Usage_Unit":"","Qty_in_Stock":"441","Taxable":"true"},{"Product_Code":"P10001","Product_Name":"PC - 8x core, DDR 32GB, 2TB HDD","Product_Active":"true","Unit_Price":"272747.89","Tax":"","Usage_Unit":"","Qty_in_Stock":"501.1","Taxable":"true"},{"Product_Code":"P10001_D","Product_Name":"PC - 8x core, DDR 32GB, 2TB HDD Reproceso","Product_Active":"true","Unit_Price":"272747.89","Tax":"","Usage_Unit":"","Qty_in_Stock":"-44","Taxable":"true"},{"Product_Code":"P10001_L","Product_Name":"PC - 8x core, DDR 32GB, 2TB HDD","Product_Active":"true","Unit_Price":"272747.89","Tax":"","Usage_Unit":"","Qty_in_Stock":"173.5","Taxable":"true"},{"Product_Code":"P10001-R","Product_Name":"Articulo de reproceso","Product_Active":"true","Unit_Price":"272747.89","Tax":"","Usage_Unit":"","Qty_in_Stock":"2011","Taxable":"true"},{"Product_Code":"P10002","Product_Name":"PC - 12x core, 64GB, 5 x 150GB SSD","Product_Active":"true","Unit_Price":"261234.18","Tax":"","Usage_Unit":"","Qty_in_Stock":"457","Taxable":"true"},{"Product_Code":"P10003","Product_Name":"PC Set 1","Product_Active":"true","Unit_Price":"57632.81","Tax":"","Usage_Unit":"","Qty_in_Stock":"483","Taxable":"true"},{"Product_Code":"P10004","Product_Name":"PC Set 2","Product_Active":"true","Unit_Price":"96011.4","Tax":"","Usage_Unit":"","Qty_in_Stock":"364","Taxable":"true"},{"Product_Code":"P20001","Product_Name":"4GB Memory Server","Product_Active":"true","Unit_Price":"45632","Tax":"","Usage_Unit":"","Qty_in_Stock":"455","Taxable":"true"},{"Product_Code":"P20002","Product_Name":"32GB Memory Server","Product_Active":"true","Unit_Price":"29453","Tax":"","Usage_Unit":"","Qty_in_Stock":"491","Taxable":"true"},{"Product_Code":"P20003","Product_Name":"External HD","Product_Active":"true","Unit_Price":"175699","Tax":"","Usage_Unit":"","Qty_in_Stock":"500","Taxable":"true"},{"Product_Code":"PR00001","Product_Name":"Articulo de prueba","Product_Active":"true","Unit_Price":"300","Tax":"","Usage_Unit":"","Qty_in_Stock":"0","Taxable":"true"},{"Product_Code":"R00001","Product_Name":"Papel Blanco para Impresora Tamaño A4","Product_Active":"true","Unit_Price":"5","Tax":"","Usage_Unit":"Paquete  de 6 pzas","Qty_in_Stock":"500","Taxable":"true"},{"Product_Code":"R00002","Product_Name":"Papel Reciclado para Impresora Tamaño A4","Product_Active":"true","Unit_Price":"3","Tax":"","Usage_Unit":"Paquete","Qty_in_Stock":"500","Taxable":"true"},{"Product_Code":"S10000","Product_Name":"Server Point 10000","Product_Active":"true","Unit_Price":"354042.43","Tax":"B00","Usage_Unit":"","Qty_in_Stock":"500","Taxable":"true"},{"Product_Code":"TR0001","Product_Name":"Travel Expense per 100 miles","Product_Active":"true","Unit_Price":"600","Tax":"","Usage_Unit":"","Qty_in_Stock":"0","Taxable":"true"},{"Product_Code":"Z00001","Product_Name":"Tablet PC 64GB Negra","Product_Active":"true","Unit_Price":"700","Tax":"","Usage_Unit":"","Qty_in_Stock":"524","Taxable":"true"},{"Product_Code":"Z00002","Product_Name":"Tablet PC 64GB Blanca","Product_Active":"true","Unit_Price":"700","Tax":"","Usage_Unit":"","Qty_in_Stock":"523","Taxable":"true"}]}
2026-08-31 12:13:17,802 INFO AVS_ZohoIntegration.Program - ** 160 registros listos. Enviando a Zoho...
2026-08-31 12:13:53,959 INFO AVS_ZohoIntegration.Program - El Access Token de Zoho ha expirado o no existe. Solicitando uno nuevo...
2026-08-31 12:16:02,591 INFO AVS_ZohoIntegration.Program - AVS SFTPSync Version [1.0.0.0]
2026-08-31 12:16:02,608 INFO AVS_ZohoIntegration.Program - Leyendo archivo de configuracion.
2026-08-31 12:16:02,861 INFO AVS_ZohoIntegration.Program - Archivo de configuracion leido correctamente.
2026-08-31 12:16:02,862 DEBUG AVS_ZohoIntegration.Program - **************************************************************************
2026-08-31 12:16:02,863 DEBUG AVS_ZohoIntegration.Program - Ejecutando sincronizacion para: SBODemoMX
2026-08-31 12:16:10,876 DEBUG AVS_ZohoIntegration.Program - Validando licencia...
2026-08-31 12:16:10,878 INFO AVS_ZohoIntegration.Program - Licencia valida.
2026-08-31 12:16:10,881 INFO AVS_ZohoIntegration.Program - Comando recibido: SENDITEMS
2026-08-31 12:16:10,882 INFO AVS_ZohoIntegration.Program - Iniciando proceso de envío de artículos...
2026-08-31 12:16:10,896 INFO AVS_ZohoIntegration.Program - *** Obteniendo información de cabecera: Artículos (OITM) ***
2026-08-31 12:16:12,975 INFO AVS_ZohoIntegration.Program - Se han obtenido 160 resultados pendientes de procesar.
2026-08-31 12:16:12,977 INFO AVS_ZohoIntegration.Program - * Procesando resultado: 1 *
2026-08-31 12:16:12,979 INFO AVS_ZohoIntegration.Program - Product_Code: A00001
2026-08-31 12:16:12,980 INFO AVS_ZohoIntegration.Program - Product_Name: J.B. Officeprint 1420
2026-08-31 12:16:12,982 INFO AVS_ZohoIntegration.Program - Product_Active: true
2026-08-31 12:16:12,984 INFO AVS_ZohoIntegration.Program - Unit_Price: 76757.3
2026-08-31 12:16:12,985 INFO AVS_ZohoIntegration.Program - Tax: 
2026-08-31 12:16:12,986 INFO AVS_ZohoIntegration.Program - Usage_Unit: 
2026-08-31 12:16:12,988 INFO AVS_ZohoIntegration.Program - Qty_in_Stock: 743
2026-08-31 12:16:12,989 INFO AVS_ZohoIntegration.Program - Taxable: true
2026-08-31 12:16:12,990 INFO AVS_ZohoIntegration.Program - * Procesando resultado: 2 *
2026-08-31 12:16:12,993 INFO AVS_ZohoIntegration.Program - Product_Code: A00002
2026-08-31 12:16:12,994 INFO AVS_ZohoIntegration.Program - Product_Name: J.B. Officeprint 1111
2026-08-31 12:16:12,996 INFO AVS_ZohoIntegration.Program - Product_Active: true
2026-08-31 12:16:12,997 INFO AVS_ZohoIntegration.Program - Unit_Price: 0
2026-08-31 12:16:12,999 INFO AVS_ZohoIntegration.Program - Tax: 
2026-08-31 12:16:13,000 INFO AVS_ZohoIntegration.Program - Usage_Unit: 
2026-08-31 12:16:13,001 INFO AVS_ZohoIntegration.Program - Qty_in_Stock: 949
2026-08-31 12:16:13,002 INFO AVS_ZohoIntegration.Program - Taxable: true
2026-08-31 12:16:13,004 INFO AVS_ZohoIntegration.Program - * Procesando resultado: 3 *
2026-08-31 12:16:13,004 INFO AVS_ZohoIntegration.Program - Product_Code: A00003
2026-08-31 12:16:13,005 INFO AVS_ZohoIntegration.Program - Product_Name: J.B. Officeprint 1186
2026-08-31 12:16:13,007 INFO AVS_ZohoIntegration.Program - Product_Active: true
2026-08-31 12:16:13,008 INFO AVS_ZohoIntegration.Program - Unit_Price: 57567.81
2026-08-31 12:16:13,009 INFO AVS_ZohoIntegration.Program - Tax: 
2026-08-31 12:16:13,010 INFO AVS_ZohoIntegration.Program - Usage_Unit: 
2026-08-31 12:16:13,012 INFO AVS_ZohoIntegration.Program - Qty_in_Stock: 1123
2026-08-31 12:16:13,013 INFO AVS_ZohoIntegration.Program - Taxable: true
2026-08-31 12:16:13,015 INFO AVS_ZohoIntegration.Program - * Procesando resultado: 4 *
2026-08-31 12:16:13,016 INFO AVS_ZohoIntegration.Program - Product_Code: A00004
2026-08-31 12:16:13,018 INFO AVS_ZohoIntegration.Program - Product_Name: Rainbow Color Printer 5.0
2026-08-31 12:16:13,019 INFO AVS_ZohoIntegration.Program - Product_Active: true
2026-08-31 12:16:13,021 INFO AVS_ZohoIntegration.Program - Unit_Price: 95946.4
2026-08-31 12:16:13,023 INFO AVS_ZohoIntegration.Program - Tax: 
2026-08-31 12:16:13,025 INFO AVS_ZohoIntegration.Program - Usage_Unit: 
2026-08-31 12:16:13,028 INFO AVS_ZohoIntegration.Program - Qty_in_Stock: 1106
2026-08-31 12:16:13,030 INFO AVS_ZohoIntegration.Program - Taxable: true
2026-08-31 12:16:13,032 INFO AVS_ZohoIntegration.Program - * Procesando resultado: 5 *
2026-08-31 12:16:13,033 INFO AVS_ZohoIntegration.Program - Product_Code: A00005
2026-08-31 12:16:13,035 INFO AVS_ZohoIntegration.Program - Product_Name: Rainbow Color Printer 7.5
2026-08-31 12:16:13,037 INFO AVS_ZohoIntegration.Program - Product_Active: true
2026-08-31 12:16:13,039 INFO AVS_ZohoIntegration.Program - Unit_Price: 50
2026-08-31 12:16:13,040 INFO AVS_ZohoIntegration.Program - Tax: 
2026-08-31 12:16:13,041 INFO AVS_ZohoIntegration.Program - Usage_Unit: 
2026-08-31 12:16:13,043 INFO AVS_ZohoIntegration.Program - Qty_in_Stock: 1187
2026-08-31 12:16:13,045 INFO AVS_ZohoIntegration.Program - Taxable: true
2026-08-31 12:16:13,047 INFO AVS_ZohoIntegration.Program - * Procesando resultado: 6 *
2026-08-31 12:16:13,048 INFO AVS_ZohoIntegration.Program - Product_Code: A00006
2026-08-31 12:16:13,051 INFO AVS_ZohoIntegration.Program - Product_Name: Rainbow 1200 Laser Series
2026-08-31 12:16:13,052 INFO AVS_ZohoIntegration.Program - Product_Active: true
2026-08-31 12:16:13,055 INFO AVS_ZohoIntegration.Program - Unit_Price: 76757.18
2026-08-31 12:16:13,056 INFO AVS_ZohoIntegration.Program - Tax: 
2026-08-31 12:16:13,058 INFO AVS_ZohoIntegration.Program - Usage_Unit: 
2026-08-31 12:16:13,060 INFO AVS_ZohoIntegration.Program - Qty_in_Stock: 528
2026-08-31 12:16:13,062 INFO AVS_ZohoIntegration.Program - Taxable: true
2026-08-31 12:16:13,064 INFO AVS_ZohoIntegration.Program - * Procesando resultado: 7 *
2026-08-31 12:16:13,066 INFO AVS_ZohoIntegration.Program - Product_Code: A00007
2026-08-31 12:16:13,067 INFO AVS_ZohoIntegration.Program - Product_Name: Rainbow 1200 Laser Series
2026-08-31 12:16:13,069 INFO AVS_ZohoIntegration.Program - Product_Active: true
2026-08-31 12:16:13,071 INFO AVS_ZohoIntegration.Program - Unit_Price: 76757.18
2026-08-31 12:16:13,072 INFO AVS_ZohoIntegration.Program - Tax: 
2026-08-31 12:16:13,074 INFO AVS_ZohoIntegration.Program - Usage_Unit: 
2026-08-31 12:16:13,076 INFO AVS_ZohoIntegration.Program - Qty_in_Stock: 0
2026-08-31 12:16:13,078 INFO AVS_ZohoIntegration.Program - Taxable: true
2026-08-31 12:16:13,080 INFO AVS_ZohoIntegration.Program - * Procesando resultado: 8 *
2026-08-31 12:16:13,081 INFO AVS_ZohoIntegration.Program - Product_Code: A00008
2026-08-31 12:16:13,083 INFO AVS_ZohoIntegration.Program - Product_Name: Rainbow 1200 Laser Series
2026-08-31 12:16:13,085 INFO AVS_ZohoIntegration.Program - Product_Active: true
2026-08-31 12:16:13,087 INFO AVS_ZohoIntegration.Program - Unit_Price: 76757.18
2026-08-31 12:16:13,090 INFO AVS_ZohoIntegration.Program - Tax: 
2026-08-31 12:16:13,092 INFO AVS_ZohoIntegration.Program - Usage_Unit: 
2026-08-31 12:16:13,094 INFO AVS_ZohoIntegration.Program - Qty_in_Stock: 0
2026-08-31 12:16:13,096 INFO AVS_ZohoIntegration.Program - Taxable: true
2026-08-31 12:16:13,099 INFO AVS_ZohoIntegration.Program - * Procesando resultado: 9 *
2026-08-31 12:16:13,101 INFO AVS_ZohoIntegration.Program - Product_Code: A00009
2026-08-31 12:16:13,103 INFO AVS_ZohoIntegration.Program - Product_Name: Rainbow 1200 Laser Series
2026-08-31 12:16:13,105 INFO AVS_ZohoIntegration.Program - Product_Active: true
2026-08-31 12:16:13,107 INFO AVS_ZohoIntegration.Program - Unit_Price: 76757.18
2026-08-31 12:16:13,109 INFO AVS_ZohoIntegration.Program - Tax: 
2026-08-31 12:16:13,110 INFO AVS_ZohoIntegration.Program - Usage_Unit: 
2026-08-31 12:16:13,112 INFO AVS_ZohoIntegration.Program - Qty_in_Stock: 0
2026-08-31 12:16:13,114 INFO AVS_ZohoIntegration.Program - Taxable: true
2026-08-31 12:16:13,116 INFO AVS_ZohoIntegration.Program - * Procesando resultado: 10 *
2026-08-31 12:16:13,118 INFO AVS_ZohoIntegration.Program - Product_Code: A00010
2026-08-31 12:16:13,120 INFO AVS_ZohoIntegration.Program - Product_Name: Rainbow 1200 Laser Series
2026-08-31 12:16:13,122 INFO AVS_ZohoIntegration.Program - Product_Active: true
2026-08-31 12:16:13,124 INFO AVS_ZohoIntegration.Program - Unit_Price: 76757.18
2026-08-31 12:16:13,125 INFO AVS_ZohoIntegration.Program - Tax: 
2026-08-31 12:16:13,127 INFO AVS_ZohoIntegration.Program - Usage_Unit: 
2026-08-31 12:16:13,128 INFO AVS_ZohoIntegration.Program - Qty_in_Stock: 0
2026-08-31 12:16:13,130 INFO AVS_ZohoIntegration.Program - Taxable: true
2026-08-31 12:16:13,132 INFO AVS_ZohoIntegration.Program - * Procesando resultado: 11 *
2026-08-31 12:16:13,135 INFO AVS_ZohoIntegration.Program - Product_Code: A00011
2026-08-31 12:16:13,137 INFO AVS_ZohoIntegration.Program - Product_Name: Rainbow 1200 Laser Series
2026-08-31 12:16:13,138 INFO AVS_ZohoIntegration.Program - Product_Active: true
2026-08-31 12:16:13,140 INFO AVS_ZohoIntegration.Program - Unit_Price: 76757.18
2026-08-31 12:16:13,142 INFO AVS_ZohoIntegration.Program - Tax: 
2026-08-31 12:16:13,144 INFO AVS_ZohoIntegration.Program - Usage_Unit: 
2026-08-31 12:16:13,145 INFO AVS_ZohoIntegration.Program - Qty_in_Stock: 0
2026-08-31 12:16:13,146 INFO AVS_ZohoIntegration.Program - Taxable: true
2026-08-31 12:16:13,148 INFO AVS_ZohoIntegration.Program - * Procesando resultado: 12 *
2026-08-31 12:16:13,150 INFO AVS_ZohoIntegration.Program - Product_Code: A00012
2026-08-31 12:16:13,152 INFO AVS_ZohoIntegration.Program - Product_Name: Rainbow 1200 Laser Series
2026-08-31 12:16:13,153 INFO AVS_ZohoIntegration.Program - Product_Active: true
2026-08-31 12:16:13,154 INFO AVS_ZohoIntegration.Program - Unit_Price: 76757.18
2026-08-31 12:16:13,156 INFO AVS_ZohoIntegration.Program - Tax: 
2026-08-31 12:16:13,157 INFO AVS_ZohoIntegration.Program - Usage_Unit: 
2026-08-31 12:16:13,158 INFO AVS_ZohoIntegration.Program - Qty_in_Stock: 0
2026-08-31 12:16:13,159 INFO AVS_ZohoIntegration.Program - Taxable: true
2026-08-31 12:16:13,161 INFO AVS_ZohoIntegration.Program - * Procesando resultado: 13 *
2026-08-31 12:16:13,163 INFO AVS_ZohoIntegration.Program - Product_Code: A00013
2026-08-31 12:16:13,164 INFO AVS_ZohoIntegration.Program - Product_Name: Rainbow 1200 Laser Series
2026-08-31 12:16:13,166 INFO AVS_ZohoIntegration.Program - Product_Active: true
2026-08-31 12:16:13,169 INFO AVS_ZohoIntegration.Program - Unit_Price: 76757.18
2026-08-31 12:16:13,170 INFO AVS_ZohoIntegration.Program - Tax: 
2026-08-31 12:16:13,172 INFO AVS_ZohoIntegration.Program - Usage_Unit: 
2026-08-31 12:16:13,174 INFO AVS_ZohoIntegration.Program - Qty_in_Stock: 0
2026-08-31 12:16:13,175 INFO AVS_ZohoIntegration.Program - Taxable: true
2026-08-31 12:16:13,177 INFO AVS_ZohoIntegration.Program - * Procesando resultado: 14 *
2026-08-31 12:16:13,178 INFO AVS_ZohoIntegration.Program - Product_Code: A00014
2026-08-31 12:16:13,179 INFO AVS_ZohoIntegration.Program - Product_Name: Rainbow 1200 Laser Series
2026-08-31 12:16:13,181 INFO AVS_ZohoIntegration.Program - Product_Active: true
2026-08-31 12:16:13,182 INFO AVS_ZohoIntegration.Program - Unit_Price: 76757.18
2026-08-31 12:16:13,183 INFO AVS_ZohoIntegration.Program - Tax: 
2026-08-31 12:16:13,185 INFO AVS_ZohoIntegration.Program - Usage_Unit: 
2026-08-31 12:16:13,186 INFO AVS_ZohoIntegration.Program - Qty_in_Stock: 0
2026-08-31 12:16:13,187 INFO AVS_ZohoIntegration.Program - Taxable: true
2026-08-31 12:16:13,189 INFO AVS_ZohoIntegration.Program - * Procesando resultado: 15 *
2026-08-31 12:16:13,190 INFO AVS_ZohoIntegration.Program - Product_Code: A00015
2026-08-31 12:16:13,191 INFO AVS_ZohoIntegration.Program - Product_Name: Rainbow 1200 Laser Series
2026-08-31 12:16:13,193 INFO AVS_ZohoIntegration.Program - Product_Active: true
2026-08-31 12:16:13,194 INFO AVS_ZohoIntegration.Program - Unit_Price: 76757.18
2026-08-31 12:16:13,195 INFO AVS_ZohoIntegration.Program - Tax: 
2026-08-31 12:16:13,196 INFO AVS_ZohoIntegration.Program - Usage_Unit: 
2026-08-31 12:16:13,198 INFO AVS_ZohoIntegration.Program - Qty_in_Stock: 0
2026-08-31 12:16:13,199 INFO AVS_ZohoIntegration.Program - Taxable: true
2026-08-31 12:16:13,200 INFO AVS_ZohoIntegration.Program - * Procesando resultado: 16 *
2026-08-31 12:16:13,202 INFO AVS_ZohoIntegration.Program - Product_Code: A00016
2026-08-31 12:16:13,203 INFO AVS_ZohoIntegration.Program - Product_Name: Rainbow 1200 Laser Series
2026-08-31 12:16:13,204 INFO AVS_ZohoIntegration.Program - Product_Active: true
2026-08-31 12:16:13,205 INFO AVS_ZohoIntegration.Program - Unit_Price: 76757.18
2026-08-31 12:16:13,207 INFO AVS_ZohoIntegration.Program - Tax: 
2026-08-31 12:16:13,208 INFO AVS_ZohoIntegration.Program - Usage_Unit: 
2026-08-31 12:16:13,209 INFO AVS_ZohoIntegration.Program - Qty_in_Stock: 0
2026-08-31 12:16:13,210 INFO AVS_ZohoIntegration.Program - Taxable: true
2026-08-31 12:16:13,211 INFO AVS_ZohoIntegration.Program - * Procesando resultado: 17 *
2026-08-31 12:16:13,213 INFO AVS_ZohoIntegration.Program - Product_Code: A00017
2026-08-31 12:16:13,214 INFO AVS_ZohoIntegration.Program - Product_Name: Rainbow 1200 Laser Series
2026-08-31 12:16:13,217 INFO AVS_ZohoIntegration.Program - Product_Active: true
2026-08-31 12:16:13,218 INFO AVS_ZohoIntegration.Program - Unit_Price: 76757.18
2026-08-31 12:16:13,219 INFO AVS_ZohoIntegration.Program - Tax: 
2026-08-31 12:16:13,220 INFO AVS_ZohoIntegration.Program - Usage_Unit: 
2026-08-31 12:16:13,221 INFO AVS_ZohoIntegration.Program - Qty_in_Stock: 0
2026-08-31 12:16:13,222 INFO AVS_ZohoIntegration.Program - Taxable: true
2026-08-31 12:16:13,223 INFO AVS_ZohoIntegration.Program - * Procesando resultado: 18 *
2026-08-31 12:16:13,225 INFO AVS_ZohoIntegration.Program - Product_Code: A00018
2026-08-31 12:16:13,226 INFO AVS_ZohoIntegration.Program - Product_Name: Rainbow 1200 Laser Series
2026-08-31 12:16:13,227 INFO AVS_ZohoIntegration.Program - Product_Active: true
2026-08-31 12:16:13,228 INFO AVS_ZohoIntegration.Program - Unit_Price: 76757.18
2026-08-31 12:16:13,231 INFO AVS_ZohoIntegration.Program - Tax: 
2026-08-31 12:16:13,233 INFO AVS_ZohoIntegration.Program - Usage_Unit: 
2026-08-31 12:16:13,234 INFO AVS_ZohoIntegration.Program - Qty_in_Stock: 0
2026-08-31 12:16:13,235 INFO AVS_ZohoIntegration.Program - Taxable: true
2026-08-31 12:16:13,237 INFO AVS_ZohoIntegration.Program - * Procesando resultado: 19 *
2026-08-31 12:16:13,237 INFO AVS_ZohoIntegration.Program - Product_Code: A00019
2026-08-31 12:16:13,238 INFO AVS_ZohoIntegration.Program - Product_Name: Rainbow 1200 Laser Series
2026-08-31 12:16:13,238 INFO AVS_ZohoIntegration.Program - Product_Active: true
2026-08-31 12:16:13,240 INFO AVS_ZohoIntegration.Program - Unit_Price: 76757.18
2026-08-31 12:16:13,241 INFO AVS_ZohoIntegration.Program - Tax: 
2026-08-31 12:16:13,241 INFO AVS_ZohoIntegration.Program - Usage_Unit: 
2026-08-31 12:16:13,243 INFO AVS_ZohoIntegration.Program - Qty_in_Stock: 0
2026-08-31 12:16:13,243 INFO AVS_ZohoIntegration.Program - Taxable: true
2026-08-31 12:16:13,244 INFO AVS_ZohoIntegration.Program - * Procesando resultado: 20 *
2026-08-31 12:16:13,244 INFO AVS_ZohoIntegration.Program - Product_Code: A00020
2026-08-31 12:16:13,246 INFO AVS_ZohoIntegration.Program - Product_Name: J.B. Officeprint 1420
2026-08-31 12:16:13,248 INFO AVS_ZohoIntegration.Program - Product_Active: true
2026-08-31 12:16:13,248 INFO AVS_ZohoIntegration.Program - Unit_Price: 76757.18
2026-08-31 12:16:13,250 INFO AVS_ZohoIntegration.Program - Tax: 
2026-08-31 12:16:13,251 INFO AVS_ZohoIntegration.Program - Usage_Unit: 
2026-08-31 12:16:13,251 INFO AVS_ZohoIntegration.Program - Qty_in_Stock: 0
2026-08-31 12:16:13,252 INFO AVS_ZohoIntegration.Program - Taxable: true
2026-08-31 12:16:13,254 INFO AVS_ZohoIntegration.Program - * Procesando resultado: 21 *
2026-08-31 12:16:13,254 INFO AVS_ZohoIntegration.Program - Product_Code: A00021
2026-08-31 12:16:13,255 INFO AVS_ZohoIntegration.Program - Product_Name: J.B. Officeprint 1420
2026-08-31 12:16:13,255 INFO AVS_ZohoIntegration.Program - Product_Active: true
2026-08-31 12:16:13,257 INFO AVS_ZohoIntegration.Program - Unit_Price: 76757.18
2026-08-31 12:16:13,258 INFO AVS_ZohoIntegration.Program - Tax: 
2026-08-31 12:16:13,260 INFO AVS_ZohoIntegration.Program - Usage_Unit: 
2026-08-31 12:16:13,261 INFO AVS_ZohoIntegration.Program - Qty_in_Stock: 0
2026-08-31 12:16:13,261 INFO AVS_ZohoIntegration.Program - Taxable: true
2026-08-31 12:16:13,263 INFO AVS_ZohoIntegration.Program - * Procesando resultado: 22 *
2026-08-31 12:16:13,264 INFO AVS_ZohoIntegration.Program - Product_Code: A00022
2026-08-31 12:16:13,265 INFO AVS_ZohoIntegration.Program - Product_Name: J.B. Officeprint 1420
2026-08-31 12:16:13,266 INFO AVS_ZohoIntegration.Program - Product_Active: true
2026-08-31 12:16:13,267 INFO AVS_ZohoIntegration.Program - Unit_Price: 76757.18
2026-08-31 12:16:13,268 INFO AVS_ZohoIntegration.Program - Tax: 
2026-08-31 12:16:13,269 INFO AVS_ZohoIntegration.Program - Usage_Unit: 
2026-08-31 12:16:13,271 INFO AVS_ZohoIntegration.Program - Qty_in_Stock: 0
2026-08-31 12:16:13,271 INFO AVS_ZohoIntegration.Program - Taxable: true
2026-08-31 12:16:13,273 INFO AVS_ZohoIntegration.Program - * Procesando resultado: 23 *
2026-08-31 12:16:13,273 INFO AVS_ZohoIntegration.Program - Product_Code: A00023
2026-08-31 12:16:13,274 INFO AVS_ZohoIntegration.Program - Product_Name: J.B. Officeprint 1420
2026-08-31 12:16:13,274 INFO AVS_ZohoIntegration.Program - Product_Active: true
2026-08-31 12:16:13,275 INFO AVS_ZohoIntegration.Program - Unit_Price: 76757.18
2026-08-31 12:16:13,276 INFO AVS_ZohoIntegration.Program - Tax: 
2026-08-31 12:16:13,277 INFO AVS_ZohoIntegration.Program - Usage_Unit: 
2026-08-31 12:16:13,278 INFO AVS_ZohoIntegration.Program - Qty_in_Stock: 0
2026-08-31 12:16:13,280 INFO AVS_ZohoIntegration.Program - Taxable: true
2026-08-31 12:16:13,280 INFO AVS_ZohoIntegration.Program - * Procesando resultado: 24 *
2026-08-31 12:16:13,281 INFO AVS_ZohoIntegration.Program - Product_Code: A00024
2026-08-31 12:16:13,282 INFO AVS_ZohoIntegration.Program - Product_Name: J.B. Officeprint 1420
2026-08-31 12:16:13,283 INFO AVS_ZohoIntegration.Program - Product_Active: true
2026-08-31 12:16:13,284 INFO AVS_ZohoIntegration.Program - Unit_Price: 76757.18
2026-08-31 12:16:13,285 INFO AVS_ZohoIntegration.Program - Tax: 
2026-08-31 12:16:13,286 INFO AVS_ZohoIntegration.Program - Usage_Unit: 
2026-08-31 12:16:13,287 INFO AVS_ZohoIntegration.Program - Qty_in_Stock: 0
2026-08-31 12:16:13,288 INFO AVS_ZohoIntegration.Program - Taxable: true
2026-08-31 12:16:13,289 INFO AVS_ZohoIntegration.Program - * Procesando resultado: 25 *
2026-08-31 12:16:13,290 INFO AVS_ZohoIntegration.Program - Product_Code: A00025
2026-08-31 12:16:13,291 INFO AVS_ZohoIntegration.Program - Product_Name: J.B. Officeprint 1420
2026-08-31 12:16:13,292 INFO AVS_ZohoIntegration.Program - Product_Active: true
2026-08-31 12:16:13,293 INFO AVS_ZohoIntegration.Program - Unit_Price: 76757.18
2026-08-31 12:16:13,294 INFO AVS_ZohoIntegration.Program - Tax: 
2026-08-31 12:16:13,295 INFO AVS_ZohoIntegration.Program - Usage_Unit: 
2026-08-31 12:16:13,296 INFO AVS_ZohoIntegration.Program - Qty_in_Stock: 0
2026-08-31 12:16:13,297 INFO AVS_ZohoIntegration.Program - Taxable: true
2026-08-31 12:16:13,298 INFO AVS_ZohoIntegration.Program - * Procesando resultado: 26 *
2026-08-31 12:16:13,299 INFO AVS_ZohoIntegration.Program - Product_Code: A00026
2026-08-31 12:16:13,300 INFO AVS_ZohoIntegration.Program - Product_Name: J.B. Officeprint 1420
2026-08-31 12:16:13,301 INFO AVS_ZohoIntegration.Program - Product_Active: true
2026-08-31 12:16:13,302 INFO AVS_ZohoIntegration.Program - Unit_Price: 76757.18
2026-08-31 12:16:13,303 INFO AVS_ZohoIntegration.Program - Tax: 
2026-08-31 12:16:13,304 INFO AVS_ZohoIntegration.Program - Usage_Unit: 
2026-08-31 12:16:13,305 INFO AVS_ZohoIntegration.Program - Qty_in_Stock: 0
2026-08-31 12:16:13,305 INFO AVS_ZohoIntegration.Program - Taxable: true
2026-08-31 12:16:13,307 INFO AVS_ZohoIntegration.Program - * Procesando resultado: 27 *
2026-08-31 12:16:13,307 INFO AVS_ZohoIntegration.Program - Product_Code: A00027
2026-08-31 12:16:13,309 INFO AVS_ZohoIntegration.Program - Product_Name: J.B. Officeprint 1420
2026-08-31 12:16:13,310 INFO AVS_ZohoIntegration.Program - Product_Active: true
2026-08-31 12:16:13,311 INFO AVS_ZohoIntegration.Program - Unit_Price: 76757.18
2026-08-31 12:16:13,312 INFO AVS_ZohoIntegration.Program - Tax: 
2026-08-31 12:16:13,313 INFO AVS_ZohoIntegration.Program - Usage_Unit: 
2026-08-31 12:16:13,314 INFO AVS_ZohoIntegration.Program - Qty_in_Stock: 0
2026-08-31 12:16:13,316 INFO AVS_ZohoIntegration.Program - Taxable: true
2026-08-31 12:16:13,316 INFO AVS_ZohoIntegration.Program - * Procesando resultado: 28 *
2026-08-31 12:16:13,317 INFO AVS_ZohoIntegration.Program - Product_Code: A00028
2026-08-31 12:16:13,318 INFO AVS_ZohoIntegration.Program - Product_Name: J.B. Officeprint 1420
2026-08-31 12:16:13,319 INFO AVS_ZohoIntegration.Program - Product_Active: true
2026-08-31 12:16:13,320 INFO AVS_ZohoIntegration.Program - Unit_Price: 76757.18
2026-08-31 12:16:13,321 INFO AVS_ZohoIntegration.Program - Tax: 
2026-08-31 12:16:13,322 INFO AVS_ZohoIntegration.Program - Usage_Unit: 
2026-08-31 12:16:13,323 INFO AVS_ZohoIntegration.Program - Qty_in_Stock: 0
2026-08-31 12:16:13,324 INFO AVS_ZohoIntegration.Program - Taxable: true
2026-08-31 12:16:13,325 INFO AVS_ZohoIntegration.Program - * Procesando resultado: 29 *
2026-08-31 12:16:13,326 INFO AVS_ZohoIntegration.Program - Product_Code: A00029
2026-08-31 12:16:13,327 INFO AVS_ZohoIntegration.Program - Product_Name: J.B. Officeprint 1420
2026-08-31 12:16:13,328 INFO AVS_ZohoIntegration.Program - Product_Active: true
2026-08-31 12:16:13,330 INFO AVS_ZohoIntegration.Program - Unit_Price: 76757.18
2026-08-31 12:16:13,331 INFO AVS_ZohoIntegration.Program - Tax: 
2026-08-31 12:16:13,331 INFO AVS_ZohoIntegration.Program - Usage_Unit: 
2026-08-31 12:16:13,332 INFO AVS_ZohoIntegration.Program - Qty_in_Stock: 0
2026-08-31 12:16:13,334 INFO AVS_ZohoIntegration.Program - Taxable: true
2026-08-31 12:16:13,335 INFO AVS_ZohoIntegration.Program - * Procesando resultado: 30 *
2026-08-31 12:16:13,336 INFO AVS_ZohoIntegration.Program - Product_Code: A00030
2026-08-31 12:16:13,337 INFO AVS_ZohoIntegration.Program - Product_Name: J.B. Officeprint 1420
2026-08-31 12:16:13,338 INFO AVS_ZohoIntegration.Program - Product_Active: true
2026-08-31 12:16:13,338 INFO AVS_ZohoIntegration.Program - Unit_Price: 76757.18
2026-08-31 12:16:13,340 INFO AVS_ZohoIntegration.Program - Tax: 
2026-08-31 12:16:13,341 INFO AVS_ZohoIntegration.Program - Usage_Unit: 
2026-08-31 12:16:13,342 INFO AVS_ZohoIntegration.Program - Qty_in_Stock: 0
2026-08-31 12:16:13,343 INFO AVS_ZohoIntegration.Program - Taxable: true
2026-08-31 12:16:13,344 INFO AVS_ZohoIntegration.Program - * Procesando resultado: 31 *
2026-08-31 12:16:13,345 INFO AVS_ZohoIntegration.Program - Product_Code: A00031
2026-08-31 12:16:13,346 INFO AVS_ZohoIntegration.Program - Product_Name: J.B. Officeprint 1420
2026-08-31 12:16:13,347 INFO AVS_ZohoIntegration.Program - Product_Active: true
2026-08-31 12:16:13,347 INFO AVS_ZohoIntegration.Program - Unit_Price: 76757.18
2026-08-31 12:16:13,348 INFO AVS_ZohoIntegration.Program - Tax: 
2026-08-31 12:16:13,349 INFO AVS_ZohoIntegration.Program - Usage_Unit: 
2026-08-31 12:16:13,350 INFO AVS_ZohoIntegration.Program - Qty_in_Stock: 0
2026-08-31 12:16:13,351 INFO AVS_ZohoIntegration.Program - Taxable: true
2026-08-31 12:16:13,352 INFO AVS_ZohoIntegration.Program - * Procesando resultado: 32 *
2026-08-31 12:16:13,353 INFO AVS_ZohoIntegration.Program - Product_Code: A00032
2026-08-31 12:16:13,354 INFO AVS_ZohoIntegration.Program - Product_Name: J.B. Officeprint 1420
2026-08-31 12:16:13,356 INFO AVS_ZohoIntegration.Program - Product_Active: true
2026-08-31 12:16:13,357 INFO AVS_ZohoIntegration.Program - Unit_Price: 76757.18
2026-08-31 12:16:13,358 INFO AVS_ZohoIntegration.Program - Tax: 
2026-08-31 12:16:13,359 INFO AVS_ZohoIntegration.Program - Usage_Unit: 
2026-08-31 12:16:13,360 INFO AVS_ZohoIntegration.Program - Qty_in_Stock: 0
2026-08-31 12:16:13,361 INFO AVS_ZohoIntegration.Program - Taxable: true
2026-08-31 12:16:13,362 INFO AVS_ZohoIntegration.Program - * Procesando resultado: 33 *
2026-08-31 12:16:13,363 INFO AVS_ZohoIntegration.Program - Product_Code: A00033
2026-08-31 12:16:13,365 INFO AVS_ZohoIntegration.Program - Product_Name: J.B. Officeprint 1420
2026-08-31 12:16:13,365 INFO AVS_ZohoIntegration.Program - Product_Active: true
2026-08-31 12:16:13,367 INFO AVS_ZohoIntegration.Program - Unit_Price: 76757.18
2026-08-31 12:16:13,368 INFO AVS_ZohoIntegration.Program - Tax: 
2026-08-31 12:16:13,369 INFO AVS_ZohoIntegration.Program - Usage_Unit: 
2026-08-31 12:16:13,370 INFO AVS_ZohoIntegration.Program - Qty_in_Stock: 0
2026-08-31 12:16:13,371 INFO AVS_ZohoIntegration.Program - Taxable: true
2026-08-31 12:16:13,372 INFO AVS_ZohoIntegration.Program - * Procesando resultado: 34 *
2026-08-31 12:16:13,373 INFO AVS_ZohoIntegration.Program - Product_Code: A00034
2026-08-31 12:16:13,374 INFO AVS_ZohoIntegration.Program - Product_Name: J.B. Officeprint 1420
2026-08-31 12:16:13,375 INFO AVS_ZohoIntegration.Program - Product_Active: true
2026-08-31 12:16:13,377 INFO AVS_ZohoIntegration.Program - Unit_Price: 76757.18
2026-08-31 12:16:13,378 INFO AVS_ZohoIntegration.Program - Tax: 
2026-08-31 12:16:13,379 INFO AVS_ZohoIntegration.Program - Usage_Unit: 
2026-08-31 12:16:13,380 INFO AVS_ZohoIntegration.Program - Qty_in_Stock: 0
2026-08-31 12:16:13,381 INFO AVS_ZohoIntegration.Program - Taxable: true
2026-08-31 12:16:13,381 INFO AVS_ZohoIntegration.Program - * Procesando resultado: 35 *
2026-08-31 12:16:13,382 INFO AVS_ZohoIntegration.Program - Product_Code: A00035
2026-08-31 12:16:13,383 INFO AVS_ZohoIntegration.Program - Product_Name: J.B. Officeprint 1420
2026-08-31 12:16:13,384 INFO AVS_ZohoIntegration.Program - Product_Active: true
2026-08-31 12:16:13,385 INFO AVS_ZohoIntegration.Program - Unit_Price: 76757.18
2026-08-31 12:16:13,387 INFO AVS_ZohoIntegration.Program - Tax: 
2026-08-31 12:16:13,388 INFO AVS_ZohoIntegration.Program - Usage_Unit: 
2026-08-31 12:16:13,389 INFO AVS_ZohoIntegration.Program - Qty_in_Stock: 0
2026-08-31 12:16:13,390 INFO AVS_ZohoIntegration.Program - Taxable: true
2026-08-31 12:16:13,391 INFO AVS_ZohoIntegration.Program - * Procesando resultado: 36 *
2026-08-31 12:16:13,392 INFO AVS_ZohoIntegration.Program - Product_Code: A00036
2026-08-31 12:16:13,393 INFO AVS_ZohoIntegration.Program - Product_Name: J.B. Officeprint 1420
2026-08-31 12:16:13,394 INFO AVS_ZohoIntegration.Program - Product_Active: true
2026-08-31 12:16:13,395 INFO AVS_ZohoIntegration.Program - Unit_Price: 76757.18
2026-08-31 12:16:13,397 INFO AVS_ZohoIntegration.Program - Tax: 
2026-08-31 12:16:13,398 INFO AVS_ZohoIntegration.Program - Usage_Unit: 
2026-08-31 12:16:13,399 INFO AVS_ZohoIntegration.Program - Qty_in_Stock: 0
2026-08-31 12:16:13,400 INFO AVS_ZohoIntegration.Program - Taxable: true
2026-08-31 12:16:13,403 INFO AVS_ZohoIntegration.Program - * Procesando resultado: 37 *
2026-08-31 12:16:13,405 INFO AVS_ZohoIntegration.Program - Product_Code: A00037
2026-08-31 12:16:13,407 INFO AVS_ZohoIntegration.Program - Product_Name: J.B. Officeprint 1420
2026-08-31 12:16:13,408 INFO AVS_ZohoIntegration.Program - Product_Active: true
2026-08-31 12:16:13,409 INFO AVS_ZohoIntegration.Program - Unit_Price: 76757.18
2026-08-31 12:16:13,410 INFO AVS_ZohoIntegration.Program - Tax: 
2026-08-31 12:16:13,411 INFO AVS_ZohoIntegration.Program - Usage_Unit: 
2026-08-31 12:16:13,412 INFO AVS_ZohoIntegration.Program - Qty_in_Stock: 0
2026-08-31 12:16:13,412 INFO AVS_ZohoIntegration.Program - Taxable: true
2026-08-31 12:16:13,413 INFO AVS_ZohoIntegration.Program - * Procesando resultado: 38 *
2026-08-31 12:16:13,415 INFO AVS_ZohoIntegration.Program - Product_Code: A00038
2026-08-31 12:16:13,415 INFO AVS_ZohoIntegration.Program - Product_Name: J.B. Officeprint 1420
2026-08-31 12:16:13,416 INFO AVS_ZohoIntegration.Program - Product_Active: true
2026-08-31 12:16:13,418 INFO AVS_ZohoIntegration.Program - Unit_Price: 76757.18
2026-08-31 12:16:13,418 INFO AVS_ZohoIntegration.Program - Tax: 
2026-08-31 12:16:13,419 INFO AVS_ZohoIntegration.Program - Usage_Unit: 
2026-08-31 12:16:13,421 INFO AVS_ZohoIntegration.Program - Qty_in_Stock: 0
2026-08-31 12:16:13,421 INFO AVS_ZohoIntegration.Program - Taxable: true
2026-08-31 12:16:13,422 INFO AVS_ZohoIntegration.Program - * Procesando resultado: 39 *
2026-08-31 12:16:13,423 INFO AVS_ZohoIntegration.Program - Product_Code: A00039
2026-08-31 12:16:13,424 INFO AVS_ZohoIntegration.Program - Product_Name: J.B. Officeprint 1420
2026-08-31 12:16:13,425 INFO AVS_ZohoIntegration.Program - Product_Active: true
2026-08-31 12:16:13,426 INFO AVS_ZohoIntegration.Program - Unit_Price: 76757.18
2026-08-31 12:16:13,427 INFO AVS_ZohoIntegration.Program - Tax: 
2026-08-31 12:16:13,428 INFO AVS_ZohoIntegration.Program - Usage_Unit: 
2026-08-31 12:16:13,430 INFO AVS_ZohoIntegration.Program - Qty_in_Stock: 0
2026-08-31 12:16:13,431 INFO AVS_ZohoIntegration.Program - Taxable: true
2026-08-31 12:16:13,432 INFO AVS_ZohoIntegration.Program - * Procesando resultado: 40 *
2026-08-31 12:16:13,433 INFO AVS_ZohoIntegration.Program - Product_Code: A00040
2026-08-31 12:16:13,434 INFO AVS_ZohoIntegration.Program - Product_Name: J.B. Officeprint 1420
2026-08-31 12:16:13,435 INFO AVS_ZohoIntegration.Program - Product_Active: true
2026-08-31 12:16:13,436 INFO AVS_ZohoIntegration.Program - Unit_Price: 76757.18
2026-08-31 12:16:13,437 INFO AVS_ZohoIntegration.Program - Tax: 
2026-08-31 12:16:13,438 INFO AVS_ZohoIntegration.Program - Usage_Unit: 
2026-08-31 12:16:13,439 INFO AVS_ZohoIntegration.Program - Qty_in_Stock: 0
2026-08-31 12:16:13,440 INFO AVS_ZohoIntegration.Program - Taxable: true
2026-08-31 12:16:13,441 INFO AVS_ZohoIntegration.Program - * Procesando resultado: 41 *
2026-08-31 12:16:13,442 INFO AVS_ZohoIntegration.Program - Product_Code: A00041
2026-08-31 12:16:13,443 INFO AVS_ZohoIntegration.Program - Product_Name: J.B. Officeprint 1420
2026-08-31 12:16:13,444 INFO AVS_ZohoIntegration.Program - Product_Active: true
2026-08-31 12:16:13,445 INFO AVS_ZohoIntegration.Program - Unit_Price: 76757.18
2026-08-31 12:16:13,446 INFO AVS_ZohoIntegration.Program - Tax: 
2026-08-31 12:16:13,448 INFO AVS_ZohoIntegration.Program - Usage_Unit: 
2026-08-31 12:16:13,449 INFO AVS_ZohoIntegration.Program - Qty_in_Stock: 0
2026-08-31 12:16:13,451 INFO AVS_ZohoIntegration.Program - Taxable: true
2026-08-31 12:16:13,452 INFO AVS_ZohoIntegration.Program - * Procesando resultado: 42 *
2026-08-31 12:16:13,453 INFO AVS_ZohoIntegration.Program - Product_Code: A00042
2026-08-31 12:16:13,454 INFO AVS_ZohoIntegration.Program - Product_Name: J.B. Officeprint 1420
2026-08-31 12:16:13,455 INFO AVS_ZohoIntegration.Program - Product_Active: true
2026-08-31 12:16:13,456 INFO AVS_ZohoIntegration.Program - Unit_Price: 76757.18
2026-08-31 12:16:13,457 INFO AVS_ZohoIntegration.Program - Tax: 
2026-08-31 12:16:13,458 INFO AVS_ZohoIntegration.Program - Usage_Unit: 
2026-08-31 12:16:13,459 INFO AVS_ZohoIntegration.Program - Qty_in_Stock: 0
2026-08-31 12:16:13,460 INFO AVS_ZohoIntegration.Program - Taxable: true
2026-08-31 12:16:13,461 INFO AVS_ZohoIntegration.Program - * Procesando resultado: 43 *
2026-08-31 12:16:13,462 INFO AVS_ZohoIntegration.Program - Product_Code: A00043
2026-08-31 12:16:13,463 INFO AVS_ZohoIntegration.Program - Product_Name: J.B. Officeprint 1420
2026-08-31 12:16:13,464 INFO AVS_ZohoIntegration.Program - Product_Active: true
2026-08-31 12:16:13,465 INFO AVS_ZohoIntegration.Program - Unit_Price: 76757.18
2026-08-31 12:16:13,466 INFO AVS_ZohoIntegration.Program - Tax: 
2026-08-31 12:16:13,467 INFO AVS_ZohoIntegration.Program - Usage_Unit: 
2026-08-31 12:16:13,468 INFO AVS_ZohoIntegration.Program - Qty_in_Stock: 0
2026-08-31 12:16:13,469 INFO AVS_ZohoIntegration.Program - Taxable: true
2026-08-31 12:16:13,470 INFO AVS_ZohoIntegration.Program - * Procesando resultado: 44 *
2026-08-31 12:16:13,471 INFO AVS_ZohoIntegration.Program - Product_Code: A00044
2026-08-31 12:16:13,472 INFO AVS_ZohoIntegration.Program - Product_Name: J.B. Officeprint 1420
2026-08-31 12:16:13,473 INFO AVS_ZohoIntegration.Program - Product_Active: true
2026-08-31 12:16:13,474 INFO AVS_ZohoIntegration.Program - Unit_Price: 76757.18
2026-08-31 12:16:13,475 INFO AVS_ZohoIntegration.Program - Tax: 
2026-08-31 12:16:13,476 INFO AVS_ZohoIntegration.Program - Usage_Unit: 
2026-08-31 12:16:13,477 INFO AVS_ZohoIntegration.Program - Qty_in_Stock: 0
2026-08-31 12:16:13,477 INFO AVS_ZohoIntegration.Program - Taxable: true
2026-08-31 12:16:13,478 INFO AVS_ZohoIntegration.Program - * Procesando resultado: 45 *
2026-08-31 12:16:13,479 INFO AVS_ZohoIntegration.Program - Product_Code: A00045
2026-08-31 12:16:13,481 INFO AVS_ZohoIntegration.Program - Product_Name: J.B. Officeprint 1420
2026-08-31 12:16:13,482 INFO AVS_ZohoIntegration.Program - Product_Active: true
2026-08-31 12:16:13,483 INFO AVS_ZohoIntegration.Program - Unit_Price: 76757.18
2026-08-31 12:16:13,484 INFO AVS_ZohoIntegration.Program - Tax: 
2026-08-31 12:16:13,485 INFO AVS_ZohoIntegration.Program - Usage_Unit: 
2026-08-31 12:16:13,486 INFO AVS_ZohoIntegration.Program - Qty_in_Stock: 0
2026-08-31 12:16:13,487 INFO AVS_ZohoIntegration.Program - Taxable: true
2026-08-31 12:16:13,488 INFO AVS_ZohoIntegration.Program - * Procesando resultado: 46 *
2026-08-31 12:16:13,489 INFO AVS_ZohoIntegration.Program - Product_Code: A00046
2026-08-31 12:16:13,490 INFO AVS_ZohoIntegration.Program - Product_Name: J.B. Officeprint 1420
2026-08-31 12:16:13,492 INFO AVS_ZohoIntegration.Program - Product_Active: true
2026-08-31 12:16:13,493 INFO AVS_ZohoIntegration.Program - Unit_Price: 76757.18
2026-08-31 12:16:13,494 INFO AVS_ZohoIntegration.Program - Tax: 
2026-08-31 12:16:13,495 INFO AVS_ZohoIntegration.Program - Usage_Unit: 
2026-08-31 12:16:13,496 INFO AVS_ZohoIntegration.Program - Qty_in_Stock: 0
2026-08-31 12:16:13,497 INFO AVS_ZohoIntegration.Program - Taxable: true
2026-08-31 12:16:13,498 INFO AVS_ZohoIntegration.Program - * Procesando resultado: 47 *
2026-08-31 12:16:13,499 INFO AVS_ZohoIntegration.Program - Product_Code: A00047
2026-08-31 12:16:13,500 INFO AVS_ZohoIntegration.Program - Product_Name: J.B. Officeprint 1420
2026-08-31 12:16:13,501 INFO AVS_ZohoIntegration.Program - Product_Active: true
2026-08-31 12:16:13,502 INFO AVS_ZohoIntegration.Program - Unit_Price: 76757.18
2026-08-31 12:16:13,503 INFO AVS_ZohoIntegration.Program - Tax: 
2026-08-31 12:16:13,504 INFO AVS_ZohoIntegration.Program - Usage_Unit: 
2026-08-31 12:16:13,505 INFO AVS_ZohoIntegration.Program - Qty_in_Stock: 0
2026-08-31 12:16:13,506 INFO AVS_ZohoIntegration.Program - Taxable: true
2026-08-31 12:16:13,507 INFO AVS_ZohoIntegration.Program - * Procesando resultado: 48 *
2026-08-31 12:16:13,508 INFO AVS_ZohoIntegration.Program - Product_Code: A00048
2026-08-31 12:16:13,509 INFO AVS_ZohoIntegration.Program - Product_Name: J.B. Officeprint 1420
2026-08-31 12:16:13,510 INFO AVS_ZohoIntegration.Program - Product_Active: true
2026-08-31 12:16:13,512 INFO AVS_ZohoIntegration.Program - Unit_Price: 76757.18
2026-08-31 12:16:13,513 INFO AVS_ZohoIntegration.Program - Tax: 
2026-08-31 12:16:13,514 INFO AVS_ZohoIntegration.Program - Usage_Unit: 
2026-08-31 12:16:13,515 INFO AVS_ZohoIntegration.Program - Qty_in_Stock: 0
2026-08-31 12:16:13,516 INFO AVS_ZohoIntegration.Program - Taxable: true
2026-08-31 12:16:13,517 INFO AVS_ZohoIntegration.Program - * Procesando resultado: 49 *
2026-08-31 12:16:13,518 INFO AVS_ZohoIntegration.Program - Product_Code: A00049
2026-08-31 12:16:13,519 INFO AVS_ZohoIntegration.Program - Product_Name: J.B. Officeprint 1420
2026-08-31 12:16:13,520 INFO AVS_ZohoIntegration.Program - Product_Active: true
2026-08-31 12:16:13,521 INFO AVS_ZohoIntegration.Program - Unit_Price: 76757.18
2026-08-31 12:16:13,522 INFO AVS_ZohoIntegration.Program - Tax: 
2026-08-31 12:16:13,523 INFO AVS_ZohoIntegration.Program - Usage_Unit: 
2026-08-31 12:16:13,524 INFO AVS_ZohoIntegration.Program - Qty_in_Stock: 0
2026-08-31 12:16:13,525 INFO AVS_ZohoIntegration.Program - Taxable: true
2026-08-31 12:16:13,526 INFO AVS_ZohoIntegration.Program - * Procesando resultado: 50 *
2026-08-31 12:16:13,527 INFO AVS_ZohoIntegration.Program - Product_Code: A00050
2026-08-31 12:16:13,528 INFO AVS_ZohoIntegration.Program - Product_Name: J.B. Officeprint 1420
2026-08-31 12:16:13,529 INFO AVS_ZohoIntegration.Program - Product_Active: true
2026-08-31 12:16:13,530 INFO AVS_ZohoIntegration.Program - Unit_Price: 76757.18
2026-08-31 12:16:13,531 INFO AVS_ZohoIntegration.Program - Tax: 
2026-08-31 12:16:13,533 INFO AVS_ZohoIntegration.Program - Usage_Unit: 
2026-08-31 12:16:13,534 INFO AVS_ZohoIntegration.Program - Qty_in_Stock: 0
2026-08-31 12:16:13,535 INFO AVS_ZohoIntegration.Program - Taxable: true
2026-08-31 12:16:13,536 INFO AVS_ZohoIntegration.Program - * Procesando resultado: 51 *
2026-08-31 12:16:13,537 INFO AVS_ZohoIntegration.Program - Product_Code: A00051
2026-08-31 12:16:13,538 INFO AVS_ZohoIntegration.Program - Product_Name: J.B. Officeprint 1420
2026-08-31 12:16:13,539 INFO AVS_ZohoIntegration.Program - Product_Active: true
2026-08-31 12:16:13,540 INFO AVS_ZohoIntegration.Program - Unit_Price: 76757.18
2026-08-31 12:16:13,541 INFO AVS_ZohoIntegration.Program - Tax: 
2026-08-31 12:16:13,542 INFO AVS_ZohoIntegration.Program - Usage_Unit: 
2026-08-31 12:16:13,543 INFO AVS_ZohoIntegration.Program - Qty_in_Stock: 0
2026-08-31 12:16:13,544 INFO AVS_ZohoIntegration.Program - Taxable: true
2026-08-31 12:16:13,545 INFO AVS_ZohoIntegration.Program - * Procesando resultado: 52 *
2026-08-31 12:16:13,546 INFO AVS_ZohoIntegration.Program - Product_Code: A00052
2026-08-31 12:16:13,547 INFO AVS_ZohoIntegration.Program - Product_Name: J.B. Officeprint 1420
2026-08-31 12:16:13,548 INFO AVS_ZohoIntegration.Program - Product_Active: true
2026-08-31 12:16:13,549 INFO AVS_ZohoIntegration.Program - Unit_Price: 76757.18
2026-08-31 12:16:13,550 INFO AVS_ZohoIntegration.Program - Tax: 
2026-08-31 12:16:13,551 INFO AVS_ZohoIntegration.Program - Usage_Unit: 
2026-08-31 12:16:13,552 INFO AVS_ZohoIntegration.Program - Qty_in_Stock: 0
2026-08-31 12:16:13,552 INFO AVS_ZohoIntegration.Program - Taxable: true
2026-08-31 12:16:13,553 INFO AVS_ZohoIntegration.Program - * Procesando resultado: 53 *
2026-08-31 12:16:13,554 INFO AVS_ZohoIntegration.Program - Product_Code: A00053
2026-08-31 12:16:13,555 INFO AVS_ZohoIntegration.Program - Product_Name: J.B. Officeprint 1420
2026-08-31 12:16:13,556 INFO AVS_ZohoIntegration.Program - Product_Active: true
2026-08-31 12:16:13,557 INFO AVS_ZohoIntegration.Program - Unit_Price: 76757.18
2026-08-31 12:16:13,558 INFO AVS_ZohoIntegration.Program - Tax: 
2026-08-31 12:16:13,559 INFO AVS_ZohoIntegration.Program - Usage_Unit: 
2026-08-31 12:16:13,560 INFO AVS_ZohoIntegration.Program - Qty_in_Stock: 0
2026-08-31 12:16:13,561 INFO AVS_ZohoIntegration.Program - Taxable: true
2026-08-31 12:16:13,562 INFO AVS_ZohoIntegration.Program - * Procesando resultado: 54 *
2026-08-31 12:16:13,563 INFO AVS_ZohoIntegration.Program - Product_Code: A00054
2026-08-31 12:16:13,564 INFO AVS_ZohoIntegration.Program - Product_Name: J.B. Officeprint 1420
2026-08-31 12:16:13,565 INFO AVS_ZohoIntegration.Program - Product_Active: true
2026-08-31 12:16:13,566 INFO AVS_ZohoIntegration.Program - Unit_Price: 76757.18
2026-08-31 12:16:13,567 INFO AVS_ZohoIntegration.Program - Tax: 
2026-08-31 12:16:13,568 INFO AVS_ZohoIntegration.Program - Usage_Unit: 
2026-08-31 12:16:13,569 INFO AVS_ZohoIntegration.Program - Qty_in_Stock: 0
2026-08-31 12:16:13,570 INFO AVS_ZohoIntegration.Program - Taxable: true
2026-08-31 12:16:13,571 INFO AVS_ZohoIntegration.Program - * Procesando resultado: 55 *
2026-08-31 12:16:13,572 INFO AVS_ZohoIntegration.Program - Product_Code: A00055
2026-08-31 12:16:13,573 INFO AVS_ZohoIntegration.Program - Product_Name: J.B. Officeprint 1420
2026-08-31 12:16:13,574 INFO AVS_ZohoIntegration.Program - Product_Active: true
2026-08-31 12:16:13,575 INFO AVS_ZohoIntegration.Program - Unit_Price: 76757.18
2026-08-31 12:16:13,576 INFO AVS_ZohoIntegration.Program - Tax: 
2026-08-31 12:16:13,577 INFO AVS_ZohoIntegration.Program - Usage_Unit: 
2026-08-31 12:16:13,578 INFO AVS_ZohoIntegration.Program - Qty_in_Stock: 0
2026-08-31 12:16:13,579 INFO AVS_ZohoIntegration.Program - Taxable: true
2026-08-31 12:16:13,580 INFO AVS_ZohoIntegration.Program - * Procesando resultado: 56 *
2026-08-31 12:16:13,581 INFO AVS_ZohoIntegration.Program - Product_Code: A00056
2026-08-31 12:16:13,582 INFO AVS_ZohoIntegration.Program - Product_Name: J.B. Officeprint 1420
2026-08-31 12:16:13,584 INFO AVS_ZohoIntegration.Program - Product_Active: true
2026-08-31 12:16:13,584 INFO AVS_ZohoIntegration.Program - Unit_Price: 76757.18
2026-08-31 12:16:13,585 INFO AVS_ZohoIntegration.Program - Tax: 
2026-08-31 12:16:13,586 INFO AVS_ZohoIntegration.Program - Usage_Unit: 
2026-08-31 12:16:13,587 INFO AVS_ZohoIntegration.Program - Qty_in_Stock: 0
2026-08-31 12:16:13,588 INFO AVS_ZohoIntegration.Program - Taxable: true
2026-08-31 12:16:13,589 INFO AVS_ZohoIntegration.Program - * Procesando resultado: 57 *
2026-08-31 12:16:13,591 INFO AVS_ZohoIntegration.Program - Product_Code: A00057
2026-08-31 12:16:13,591 INFO AVS_ZohoIntegration.Program - Product_Name: J.B. Officeprint 1420
2026-08-31 12:16:13,592 INFO AVS_ZohoIntegration.Program - Product_Active: true
2026-08-31 12:16:13,593 INFO AVS_ZohoIntegration.Program - Unit_Price: 76757.18
2026-08-31 12:16:13,594 INFO AVS_ZohoIntegration.Program - Tax: 
2026-08-31 12:16:13,595 INFO AVS_ZohoIntegration.Program - Usage_Unit: 
2026-08-31 12:16:13,596 INFO AVS_ZohoIntegration.Program - Qty_in_Stock: 0
2026-08-31 12:16:13,598 INFO AVS_ZohoIntegration.Program - Taxable: true
2026-08-31 12:16:13,599 INFO AVS_ZohoIntegration.Program - * Procesando resultado: 58 *
2026-08-31 12:16:13,600 INFO AVS_ZohoIntegration.Program - Product_Code: A00058
2026-08-31 12:16:13,601 INFO AVS_ZohoIntegration.Program - Product_Name: J.B. Officeprint 1420
2026-08-31 12:16:13,602 INFO AVS_ZohoIntegration.Program - Product_Active: true
2026-08-31 12:16:13,603 INFO AVS_ZohoIntegration.Program - Unit_Price: 76757.18
2026-08-31 12:16:13,604 INFO AVS_ZohoIntegration.Program - Tax: 
2026-08-31 12:16:13,605 INFO AVS_ZohoIntegration.Program - Usage_Unit: 
2026-08-31 12:16:13,606 INFO AVS_ZohoIntegration.Program - Qty_in_Stock: 0
2026-08-31 12:16:13,607 INFO AVS_ZohoIntegration.Program - Taxable: true
2026-08-31 12:16:13,607 INFO AVS_ZohoIntegration.Program - * Procesando resultado: 59 *
2026-08-31 12:16:13,608 INFO AVS_ZohoIntegration.Program - Product_Code: A00059
2026-08-31 12:16:13,609 INFO AVS_ZohoIntegration.Program - Product_Name: J.B. Officeprint 1420
2026-08-31 12:16:13,610 INFO AVS_ZohoIntegration.Program - Product_Active: true
2026-08-31 12:16:13,611 INFO AVS_ZohoIntegration.Program - Unit_Price: 76757.18
2026-08-31 12:16:13,614 INFO AVS_ZohoIntegration.Program - Tax: 
2026-08-31 12:16:13,615 INFO AVS_ZohoIntegration.Program - Usage_Unit: 
2026-08-31 12:16:13,615 INFO AVS_ZohoIntegration.Program - Qty_in_Stock: 0
2026-08-31 12:16:13,616 INFO AVS_ZohoIntegration.Program - Taxable: true
2026-08-31 12:16:13,618 INFO AVS_ZohoIntegration.Program - * Procesando resultado: 60 *
2026-08-31 12:16:13,618 INFO AVS_ZohoIntegration.Program - Product_Code: A00060
2026-08-31 12:16:13,619 INFO AVS_ZohoIntegration.Program - Product_Name: J.B. Officeprint 1420
2026-08-31 12:16:13,621 INFO AVS_ZohoIntegration.Program - Product_Active: true
2026-08-31 12:16:13,621 INFO AVS_ZohoIntegration.Program - Unit_Price: 76757.18
2026-08-31 12:16:13,623 INFO AVS_ZohoIntegration.Program - Tax: 
2026-08-31 12:16:13,624 INFO AVS_ZohoIntegration.Program - Usage_Unit: 
2026-08-31 12:16:13,624 INFO AVS_ZohoIntegration.Program - Qty_in_Stock: 0
2026-08-31 12:16:13,626 INFO AVS_ZohoIntegration.Program - Taxable: true
2026-08-31 12:16:13,626 INFO AVS_ZohoIntegration.Program - * Procesando resultado: 61 *
2026-08-31 12:16:13,627 INFO AVS_ZohoIntegration.Program - Product_Code: A00061
2026-08-31 12:16:13,629 INFO AVS_ZohoIntegration.Program - Product_Name: J.B. Officeprint 1420
2026-08-31 12:16:13,630 INFO AVS_ZohoIntegration.Program - Product_Active: true
2026-08-31 12:16:13,632 INFO AVS_ZohoIntegration.Program - Unit_Price: 76757.18
2026-08-31 12:16:13,632 INFO AVS_ZohoIntegration.Program - Tax: 
2026-08-31 12:16:13,633 INFO AVS_ZohoIntegration.Program - Usage_Unit: 
2026-08-31 12:16:13,633 INFO AVS_ZohoIntegration.Program - Qty_in_Stock: 0
2026-08-31 12:16:13,637 INFO AVS_ZohoIntegration.Program - Taxable: true
2026-08-31 12:16:13,638 INFO AVS_ZohoIntegration.Program - * Procesando resultado: 62 *
2026-08-31 12:16:13,640 INFO AVS_ZohoIntegration.Program - Product_Code: A00062
2026-08-31 12:16:13,641 INFO AVS_ZohoIntegration.Program - Product_Name: J.B. Officeprint 1420
2026-08-31 12:16:13,642 INFO AVS_ZohoIntegration.Program - Product_Active: true
2026-08-31 12:16:13,643 INFO AVS_ZohoIntegration.Program - Unit_Price: 76757.18
2026-08-31 12:16:13,645 INFO AVS_ZohoIntegration.Program - Tax: 
2026-08-31 12:16:13,647 INFO AVS_ZohoIntegration.Program - Usage_Unit: 
2026-08-31 12:16:13,648 INFO AVS_ZohoIntegration.Program - Qty_in_Stock: 0
2026-08-31 12:16:13,652 INFO AVS_ZohoIntegration.Program - Taxable: true
2026-08-31 12:16:13,654 INFO AVS_ZohoIntegration.Program - * Procesando resultado: 63 *
2026-08-31 12:16:13,655 INFO AVS_ZohoIntegration.Program - Product_Code: A00063
2026-08-31 12:16:13,656 INFO AVS_ZohoIntegration.Program - Product_Name: J.B. Officeprint 1420
2026-08-31 12:16:13,658 INFO AVS_ZohoIntegration.Program - Product_Active: true
2026-08-31 12:16:13,660 INFO AVS_ZohoIntegration.Program - Unit_Price: 76757.18
2026-08-31 12:16:13,661 INFO AVS_ZohoIntegration.Program - Tax: 
2026-08-31 12:16:13,663 INFO AVS_ZohoIntegration.Program - Usage_Unit: 
2026-08-31 12:16:13,665 INFO AVS_ZohoIntegration.Program - Qty_in_Stock: 0
2026-08-31 12:16:13,666 INFO AVS_ZohoIntegration.Program - Taxable: true
2026-08-31 12:16:13,668 INFO AVS_ZohoIntegration.Program - * Procesando resultado: 64 *
2026-08-31 12:16:13,668 INFO AVS_ZohoIntegration.Program - Product_Code: A00064
2026-08-31 12:16:13,669 INFO AVS_ZohoIntegration.Program - Product_Name: J.B. Officeprint 1420
2026-08-31 12:16:13,671 INFO AVS_ZohoIntegration.Program - Product_Active: true
2026-08-31 12:16:13,671 INFO AVS_ZohoIntegration.Program - Unit_Price: 76757.18
2026-08-31 12:16:13,673 INFO AVS_ZohoIntegration.Program - Tax: 
2026-08-31 12:16:13,673 INFO AVS_ZohoIntegration.Program - Usage_Unit: 
2026-08-31 12:16:13,674 INFO AVS_ZohoIntegration.Program - Qty_in_Stock: 0
2026-08-31 12:16:13,675 INFO AVS_ZohoIntegration.Program - Taxable: true
2026-08-31 12:16:13,676 INFO AVS_ZohoIntegration.Program - * Procesando resultado: 65 *
2026-08-31 12:16:13,677 INFO AVS_ZohoIntegration.Program - Product_Code: A00065
2026-08-31 12:16:13,678 INFO AVS_ZohoIntegration.Program - Product_Name: J.B. Officeprint 1420
2026-08-31 12:16:13,679 INFO AVS_ZohoIntegration.Program - Product_Active: true
2026-08-31 12:16:13,681 INFO AVS_ZohoIntegration.Program - Unit_Price: 76757.18
2026-08-31 12:16:13,683 INFO AVS_ZohoIntegration.Program - Tax: 
2026-08-31 12:16:13,685 INFO AVS_ZohoIntegration.Program - Usage_Unit: 
2026-08-31 12:16:13,686 INFO AVS_ZohoIntegration.Program - Qty_in_Stock: 0
2026-08-31 12:16:13,687 INFO AVS_ZohoIntegration.Program - Taxable: true
2026-08-31 12:16:13,688 INFO AVS_ZohoIntegration.Program - * Procesando resultado: 66 *
2026-08-31 12:16:13,689 INFO AVS_ZohoIntegration.Program - Product_Code: A00066
2026-08-31 12:16:13,690 INFO AVS_ZohoIntegration.Program - Product_Name: J.B. Officeprint 1420
2026-08-31 12:16:13,691 INFO AVS_ZohoIntegration.Program - Product_Active: true
2026-08-31 12:16:13,692 INFO AVS_ZohoIntegration.Program - Unit_Price: 76757.18
2026-08-31 12:16:13,693 INFO AVS_ZohoIntegration.Program - Tax: 
2026-08-31 12:16:13,695 INFO AVS_ZohoIntegration.Program - Usage_Unit: 
2026-08-31 12:16:13,696 INFO AVS_ZohoIntegration.Program - Qty_in_Stock: 0
2026-08-31 12:16:13,697 INFO AVS_ZohoIntegration.Program - Taxable: true
2026-08-31 12:16:13,699 INFO AVS_ZohoIntegration.Program - * Procesando resultado: 67 *
2026-08-31 12:16:13,700 INFO AVS_ZohoIntegration.Program - Product_Code: A00067
2026-08-31 12:16:13,701 INFO AVS_ZohoIntegration.Program - Product_Name: J.B. Officeprint 1420
2026-08-31 12:16:13,702 INFO AVS_ZohoIntegration.Program - Product_Active: true
2026-08-31 12:16:13,703 INFO AVS_ZohoIntegration.Program - Unit_Price: 76757.18
2026-08-31 12:16:13,704 INFO AVS_ZohoIntegration.Program - Tax: 
2026-08-31 12:16:13,705 INFO AVS_ZohoIntegration.Program - Usage_Unit: 
2026-08-31 12:16:13,706 INFO AVS_ZohoIntegration.Program - Qty_in_Stock: 0
2026-08-31 12:16:13,707 INFO AVS_ZohoIntegration.Program - Taxable: true
2026-08-31 12:16:13,708 INFO AVS_ZohoIntegration.Program - * Procesando resultado: 68 *
2026-08-31 12:16:13,709 INFO AVS_ZohoIntegration.Program - Product_Code: A00068
2026-08-31 12:16:13,710 INFO AVS_ZohoIntegration.Program - Product_Name: J.B. Officeprint 1420
2026-08-31 12:16:13,711 INFO AVS_ZohoIntegration.Program - Product_Active: true
2026-08-31 12:16:13,712 INFO AVS_ZohoIntegration.Program - Unit_Price: 76757.18
2026-08-31 12:16:13,713 INFO AVS_ZohoIntegration.Program - Tax: 
2026-08-31 12:16:13,714 INFO AVS_ZohoIntegration.Program - Usage_Unit: 
2026-08-31 12:16:13,715 INFO AVS_ZohoIntegration.Program - Qty_in_Stock: 0
2026-08-31 12:16:13,717 INFO AVS_ZohoIntegration.Program - Taxable: true
2026-08-31 12:16:13,718 INFO AVS_ZohoIntegration.Program - * Procesando resultado: 69 *
2026-08-31 12:16:13,719 INFO AVS_ZohoIntegration.Program - Product_Code: A00069
2026-08-31 12:16:13,720 INFO AVS_ZohoIntegration.Program - Product_Name: J.B. Officeprint 1420
2026-08-31 12:16:13,721 INFO AVS_ZohoIntegration.Program - Product_Active: true
2026-08-31 12:16:13,722 INFO AVS_ZohoIntegration.Program - Unit_Price: 76757.18
2026-08-31 12:16:13,723 INFO AVS_ZohoIntegration.Program - Tax: 
2026-08-31 12:16:13,724 INFO AVS_ZohoIntegration.Program - Usage_Unit: 
2026-08-31 12:16:13,725 INFO AVS_ZohoIntegration.Program - Qty_in_Stock: 0
2026-08-31 12:16:13,726 INFO AVS_ZohoIntegration.Program - Taxable: true
2026-08-31 12:16:13,727 INFO AVS_ZohoIntegration.Program - * Procesando resultado: 70 *
2026-08-31 12:16:13,728 INFO AVS_ZohoIntegration.Program - Product_Code: A00070
2026-08-31 12:16:13,729 INFO AVS_ZohoIntegration.Program - Product_Name: J.B. Officeprint 1420
2026-08-31 12:16:13,730 INFO AVS_ZohoIntegration.Program - Product_Active: true
2026-08-31 12:16:13,732 INFO AVS_ZohoIntegration.Program - Unit_Price: 76757.18
2026-08-31 12:16:13,733 INFO AVS_ZohoIntegration.Program - Tax: 
2026-08-31 12:16:13,734 INFO AVS_ZohoIntegration.Program - Usage_Unit: 
2026-08-31 12:16:13,735 INFO AVS_ZohoIntegration.Program - Qty_in_Stock: 0
2026-08-31 12:16:13,735 INFO AVS_ZohoIntegration.Program - Taxable: true
2026-08-31 12:16:13,736 INFO AVS_ZohoIntegration.Program - * Procesando resultado: 71 *
2026-08-31 12:16:13,737 INFO AVS_ZohoIntegration.Program - Product_Code: A00071
2026-08-31 12:16:13,738 INFO AVS_ZohoIntegration.Program - Product_Name: J.B. Officeprint 1420
2026-08-31 12:16:13,739 INFO AVS_ZohoIntegration.Program - Product_Active: true
2026-08-31 12:16:13,740 INFO AVS_ZohoIntegration.Program - Unit_Price: 76757.18
2026-08-31 12:16:13,741 INFO AVS_ZohoIntegration.Program - Tax: 
2026-08-31 12:16:13,742 INFO AVS_ZohoIntegration.Program - Usage_Unit: 
2026-08-31 12:16:13,743 INFO AVS_ZohoIntegration.Program - Qty_in_Stock: 0
2026-08-31 12:16:13,744 INFO AVS_ZohoIntegration.Program - Taxable: true
2026-08-31 12:16:13,745 INFO AVS_ZohoIntegration.Program - * Procesando resultado: 72 *
2026-08-31 12:16:13,746 INFO AVS_ZohoIntegration.Program - Product_Code: A00072
2026-08-31 12:16:13,748 INFO AVS_ZohoIntegration.Program - Product_Name: J.B. Officeprint 1420
2026-08-31 12:16:13,748 INFO AVS_ZohoIntegration.Program - Product_Active: true
2026-08-31 12:16:13,750 INFO AVS_ZohoIntegration.Program - Unit_Price: 76757.18
2026-08-31 12:16:13,751 INFO AVS_ZohoIntegration.Program - Tax: 
2026-08-31 12:16:13,752 INFO AVS_ZohoIntegration.Program - Usage_Unit: 
2026-08-31 12:16:13,753 INFO AVS_ZohoIntegration.Program - Qty_in_Stock: 0
2026-08-31 12:16:13,754 INFO AVS_ZohoIntegration.Program - Taxable: true
2026-08-31 12:16:13,755 INFO AVS_ZohoIntegration.Program - * Procesando resultado: 73 *
2026-08-31 12:16:13,756 INFO AVS_ZohoIntegration.Program - Product_Code: B10000
2026-08-31 12:16:13,757 INFO AVS_ZohoIntegration.Program - Product_Name: Printer Label
2026-08-31 12:16:13,757 INFO AVS_ZohoIntegration.Program - Product_Active: true
2026-08-31 12:16:13,758 INFO AVS_ZohoIntegration.Program - Unit_Price: 191.95
2026-08-31 12:16:13,759 INFO AVS_ZohoIntegration.Program - Tax: 
2026-08-31 12:16:13,761 INFO AVS_ZohoIntegration.Program - Usage_Unit: 
2026-08-31 12:16:13,762 INFO AVS_ZohoIntegration.Program - Qty_in_Stock: 1628.5
2026-08-31 12:16:13,764 INFO AVS_ZohoIntegration.Program - Taxable: true
2026-08-31 12:16:13,764 INFO AVS_ZohoIntegration.Program - * Procesando resultado: 74 *
2026-08-31 12:16:13,765 INFO AVS_ZohoIntegration.Program - Product_Code: B10001
2026-08-31 12:16:13,767 INFO AVS_ZohoIntegration.Program - Product_Name: Articulo de Prueba para Lotes
2026-08-31 12:16:13,768 INFO AVS_ZohoIntegration.Program - Product_Active: true
2026-08-31 12:16:13,768 INFO AVS_ZohoIntegration.Program - Unit_Price: 100
2026-08-31 12:16:13,769 INFO AVS_ZohoIntegration.Program - Tax: 
2026-08-31 12:16:13,770 INFO AVS_ZohoIntegration.Program - Usage_Unit: 
2026-08-31 12:16:13,771 INFO AVS_ZohoIntegration.Program - Qty_in_Stock: 1131
2026-08-31 12:16:13,772 INFO AVS_ZohoIntegration.Program - Taxable: true
2026-08-31 12:16:13,773 INFO AVS_ZohoIntegration.Program - * Procesando resultado: 75 *
2026-08-31 12:16:13,774 INFO AVS_ZohoIntegration.Program - Product_Code: B11000
2026-08-31 12:16:13,775 INFO AVS_ZohoIntegration.Program - Product_Name: Printer Label
2026-08-31 12:16:13,776 INFO AVS_ZohoIntegration.Program - Product_Active: true
2026-08-31 12:16:13,777 INFO AVS_ZohoIntegration.Program - Unit_Price: 191.95
2026-08-31 12:16:13,777 INFO AVS_ZohoIntegration.Program - Tax: 
2026-08-31 12:16:13,779 INFO AVS_ZohoIntegration.Program - Usage_Unit: 
2026-08-31 12:16:13,780 INFO AVS_ZohoIntegration.Program - Qty_in_Stock: 0
2026-08-31 12:16:13,781 INFO AVS_ZohoIntegration.Program - Taxable: true
2026-08-31 12:16:13,782 INFO AVS_ZohoIntegration.Program - * Procesando resultado: 76 *
2026-08-31 12:16:13,783 INFO AVS_ZohoIntegration.Program - Product_Code: B12000
2026-08-31 12:16:13,784 INFO AVS_ZohoIntegration.Program - Product_Name: Printer Label
2026-08-31 12:16:13,785 INFO AVS_ZohoIntegration.Program - Product_Active: true
2026-08-31 12:16:13,786 INFO AVS_ZohoIntegration.Program - Unit_Price: 191.95
2026-08-31 12:16:13,787 INFO AVS_ZohoIntegration.Program - Tax: 
2026-08-31 12:16:13,788 INFO AVS_ZohoIntegration.Program - Usage_Unit: 
2026-08-31 12:16:13,789 INFO AVS_ZohoIntegration.Program - Qty_in_Stock: -8.5
2026-08-31 12:16:13,790 INFO AVS_ZohoIntegration.Program - Taxable: true
2026-08-31 12:16:13,791 INFO AVS_ZohoIntegration.Program - * Procesando resultado: 77 *
2026-08-31 12:16:13,792 INFO AVS_ZohoIntegration.Program - Product_Code: B13000
2026-08-31 12:16:13,792 INFO AVS_ZohoIntegration.Program - Product_Name: Printer Label
2026-08-31 12:16:13,793 INFO AVS_ZohoIntegration.Program - Product_Active: true
2026-08-31 12:16:13,794 INFO AVS_ZohoIntegration.Program - Unit_Price: 191.95
2026-08-31 12:16:13,795 INFO AVS_ZohoIntegration.Program - Tax: 
2026-08-31 12:16:13,796 INFO AVS_ZohoIntegration.Program - Usage_Unit: 
2026-08-31 12:16:13,798 INFO AVS_ZohoIntegration.Program - Qty_in_Stock: 0
2026-08-31 12:16:13,812 INFO AVS_ZohoIntegration.Program - Taxable: true
2026-08-31 12:16:13,814 INFO AVS_ZohoIntegration.Program - * Procesando resultado: 78 *
2026-08-31 12:16:13,815 INFO AVS_ZohoIntegration.Program - Product_Code: B20000
2026-08-31 12:16:13,816 INFO AVS_ZohoIntegration.Program - Product_Name: Prueba de series
2026-08-31 12:16:13,817 INFO AVS_ZohoIntegration.Program - Product_Active: true
2026-08-31 12:16:13,818 INFO AVS_ZohoIntegration.Program - Unit_Price: 100
2026-08-31 12:16:13,819 INFO AVS_ZohoIntegration.Program - Tax: 
2026-08-31 12:16:13,819 INFO AVS_ZohoIntegration.Program - Usage_Unit: 
2026-08-31 12:16:13,821 INFO AVS_ZohoIntegration.Program - Qty_in_Stock: 2
2026-08-31 12:16:13,822 INFO AVS_ZohoIntegration.Program - Taxable: true
2026-08-31 12:16:13,823 INFO AVS_ZohoIntegration.Program - * Procesando resultado: 79 *
2026-08-31 12:16:13,823 INFO AVS_ZohoIntegration.Program - Product_Code: B21000
2026-08-31 12:16:13,824 INFO AVS_ZohoIntegration.Program - Product_Name: Prueba de series
2026-08-31 12:16:13,825 INFO AVS_ZohoIntegration.Program - Product_Active: true
2026-08-31 12:16:13,826 INFO AVS_ZohoIntegration.Program - Unit_Price: 100
2026-08-31 12:16:13,827 INFO AVS_ZohoIntegration.Program - Tax: 
2026-08-31 12:16:13,828 INFO AVS_ZohoIntegration.Program - Usage_Unit: 
2026-08-31 12:16:13,829 INFO AVS_ZohoIntegration.Program - Qty_in_Stock: 0
2026-08-31 12:16:13,830 INFO AVS_ZohoIntegration.Program - Taxable: true
2026-08-31 12:16:13,831 INFO AVS_ZohoIntegration.Program - * Procesando resultado: 80 *
2026-08-31 12:16:13,832 INFO AVS_ZohoIntegration.Program - Product_Code: C00001
2026-08-31 12:16:13,833 INFO AVS_ZohoIntegration.Program - Product_Name: Motherboard BTX
2026-08-31 12:16:13,834 INFO AVS_ZohoIntegration.Program - Product_Active: true
2026-08-31 12:16:13,835 INFO AVS_ZohoIntegration.Program - Unit_Price: 76757.18
2026-08-31 12:16:13,836 INFO AVS_ZohoIntegration.Program - Tax: 
2026-08-31 12:16:13,837 INFO AVS_ZohoIntegration.Program - Usage_Unit: 
2026-08-31 12:16:13,838 INFO AVS_ZohoIntegration.Program - Qty_in_Stock: 1367.7
2026-08-31 12:16:13,839 INFO AVS_ZohoIntegration.Program - Taxable: true
2026-08-31 12:16:13,840 INFO AVS_ZohoIntegration.Program - * Procesando resultado: 81 *
2026-08-31 12:16:13,841 INFO AVS_ZohoIntegration.Program - Product_Code: C00002
2026-08-31 12:16:13,842 INFO AVS_ZohoIntegration.Program - Product_Name: Motherboard MicroATX
2026-08-31 12:16:13,843 INFO AVS_ZohoIntegration.Program - Product_Active: true
2026-08-31 12:16:13,844 INFO AVS_ZohoIntegration.Program - Unit_Price: 57567.81
2026-08-31 12:16:13,845 INFO AVS_ZohoIntegration.Program - Tax: 
2026-08-31 12:16:13,846 INFO AVS_ZohoIntegration.Program - Usage_Unit: 
2026-08-31 12:16:13,847 INFO AVS_ZohoIntegration.Program - Qty_in_Stock: 1648
2026-08-31 12:16:13,848 INFO AVS_ZohoIntegration.Program - Taxable: true
2026-08-31 12:16:13,848 INFO AVS_ZohoIntegration.Program - * Procesando resultado: 82 *
2026-08-31 12:16:13,849 INFO AVS_ZohoIntegration.Program - Product_Code: C00003
2026-08-31 12:16:13,850 INFO AVS_ZohoIntegration.Program - Product_Name: Quadcore CPU 3.4 GHz
2026-08-31 12:16:13,851 INFO AVS_ZohoIntegration.Program - Product_Active: true
2026-08-31 12:16:13,852 INFO AVS_ZohoIntegration.Program - Unit_Price: 24946.08
2026-08-31 12:16:13,853 INFO AVS_ZohoIntegration.Program - Tax: 
2026-08-31 12:16:13,854 INFO AVS_ZohoIntegration.Program - Usage_Unit: 
2026-08-31 12:16:13,855 INFO AVS_ZohoIntegration.Program - Qty_in_Stock: 1140.7
2026-08-31 12:16:13,857 INFO AVS_ZohoIntegration.Program - Taxable: true
2026-08-31 12:16:13,858 INFO AVS_ZohoIntegration.Program - * Procesando resultado: 83 *
2026-08-31 12:16:13,859 INFO AVS_ZohoIntegration.Program - Product_Code: C00004
2026-08-31 12:16:13,860 INFO AVS_ZohoIntegration.Program - Product_Name: Tower Case with Power supply
2026-08-31 12:16:13,860 INFO AVS_ZohoIntegration.Program - Product_Active: true
2026-08-31 12:16:13,861 INFO AVS_ZohoIntegration.Program - Unit_Price: 6716.19
2026-08-31 12:16:13,862 INFO AVS_ZohoIntegration.Program - Tax: 
2026-08-31 12:16:13,864 INFO AVS_ZohoIntegration.Program - Usage_Unit: 
2026-08-31 12:16:13,865 INFO AVS_ZohoIntegration.Program - Qty_in_Stock: 1103.7
2026-08-31 12:16:13,865 INFO AVS_ZohoIntegration.Program - Taxable: true
2026-08-31 12:16:13,866 INFO AVS_ZohoIntegration.Program - * Procesando resultado: 84 *
2026-08-31 12:16:13,867 INFO AVS_ZohoIntegration.Program - Product_Code: C00005
2026-08-31 12:16:13,868 INFO AVS_ZohoIntegration.Program - Product_Name: WLAN Card
2026-08-31 12:16:13,869 INFO AVS_ZohoIntegration.Program - Product_Active: true
2026-08-31 12:16:13,871 INFO AVS_ZohoIntegration.Program - Unit_Price: 11513.56
2026-08-31 12:16:13,872 INFO AVS_ZohoIntegration.Program - Tax: 
2026-08-31 12:16:13,873 INFO AVS_ZohoIntegration.Program - Usage_Unit: 
2026-08-31 12:16:13,875 INFO AVS_ZohoIntegration.Program - Qty_in_Stock: 1036.7
2026-08-31 12:16:13,876 INFO AVS_ZohoIntegration.Program - Taxable: true
2026-08-31 12:16:13,877 INFO AVS_ZohoIntegration.Program - * Procesando resultado: 85 *
2026-08-31 12:16:13,878 INFO AVS_ZohoIntegration.Program - Product_Code: C00006
2026-08-31 12:16:13,879 INFO AVS_ZohoIntegration.Program - Product_Name: Gigabit Network Card
2026-08-31 12:16:13,880 INFO AVS_ZohoIntegration.Program - Product_Active: true
2026-08-31 12:16:13,881 INFO AVS_ZohoIntegration.Program - Unit_Price: 2878.43
2026-08-31 12:16:13,882 INFO AVS_ZohoIntegration.Program - Tax: 
2026-08-31 12:16:13,883 INFO AVS_ZohoIntegration.Program - Usage_Unit: 
2026-08-31 12:16:13,884 INFO AVS_ZohoIntegration.Program - Qty_in_Stock: 983.7
2026-08-31 12:16:13,885 INFO AVS_ZohoIntegration.Program - Taxable: true
2026-08-31 12:16:13,886 INFO AVS_ZohoIntegration.Program - * Procesando resultado: 86 *
2026-08-31 12:16:13,887 INFO AVS_ZohoIntegration.Program - Product_Code: C00007
2026-08-31 12:16:13,888 INFO AVS_ZohoIntegration.Program - Product_Name: Hard Disk 3TB
2026-08-31 12:16:13,889 INFO AVS_ZohoIntegration.Program - Product_Active: true
2026-08-31 12:16:13,890 INFO AVS_ZohoIntegration.Program - Unit_Price: 95946.4
2026-08-31 12:16:13,891 INFO AVS_ZohoIntegration.Program - Tax: 
2026-08-31 12:16:13,892 INFO AVS_ZohoIntegration.Program - Usage_Unit: 
2026-08-31 12:16:13,893 INFO AVS_ZohoIntegration.Program - Qty_in_Stock: 1081.7
2026-08-31 12:16:13,894 INFO AVS_ZohoIntegration.Program - Taxable: true
2026-08-31 12:16:13,895 INFO AVS_ZohoIntegration.Program - * Procesando resultado: 87 *
2026-08-31 12:16:13,896 INFO AVS_ZohoIntegration.Program - Product_Code: C00008
2026-08-31 12:16:13,897 INFO AVS_ZohoIntegration.Program - Product_Name: Computer Monitor 24" HDMI
2026-08-31 12:16:13,898 INFO AVS_ZohoIntegration.Program - Product_Active: true
2026-08-31 12:16:13,899 INFO AVS_ZohoIntegration.Program - Unit_Price: 38378.59
2026-08-31 12:16:13,900 INFO AVS_ZohoIntegration.Program - Tax: 
2026-08-31 12:16:13,901 INFO AVS_ZohoIntegration.Program - Usage_Unit: 
2026-08-31 12:16:13,902 INFO AVS_ZohoIntegration.Program - Qty_in_Stock: 1046.7
2026-08-31 12:16:13,903 INFO AVS_ZohoIntegration.Program - Taxable: true
2026-08-31 12:16:13,903 INFO AVS_ZohoIntegration.Program - * Procesando resultado: 88 *
2026-08-31 12:16:13,904 INFO AVS_ZohoIntegration.Program - Product_Code: C00009
2026-08-31 12:16:13,906 INFO AVS_ZohoIntegration.Program - Product_Name: Keyboard Comfort USB
2026-08-31 12:16:13,907 INFO AVS_ZohoIntegration.Program - Product_Active: true
2026-08-31 12:16:13,908 INFO AVS_ZohoIntegration.Program - Unit_Price: 3837.9
2026-08-31 12:16:13,909 INFO AVS_ZohoIntegration.Program - Tax: 
2026-08-31 12:16:13,910 INFO AVS_ZohoIntegration.Program - Usage_Unit: 
2026-08-31 12:16:13,911 INFO AVS_ZohoIntegration.Program - Qty_in_Stock: 1032.7
2026-08-31 12:16:13,913 INFO AVS_ZohoIntegration.Program - Taxable: true
2026-08-31 12:16:13,914 INFO AVS_ZohoIntegration.Program - * Procesando resultado: 89 *
2026-08-31 12:16:13,915 INFO AVS_ZohoIntegration.Program - Product_Code: C00010
2026-08-31 12:16:13,916 INFO AVS_ZohoIntegration.Program - Product_Name: Mouse USB
2026-08-31 12:16:13,917 INFO AVS_ZohoIntegration.Program - Product_Active: true
2026-08-31 12:16:13,917 INFO AVS_ZohoIntegration.Program - Unit_Price: 3837.9
2026-08-31 12:16:13,919 INFO AVS_ZohoIntegration.Program - Tax: 
2026-08-31 12:16:13,920 INFO AVS_ZohoIntegration.Program - Usage_Unit: 
2026-08-31 12:16:13,921 INFO AVS_ZohoIntegration.Program - Qty_in_Stock: 1065.7
2026-08-31 12:16:13,922 INFO AVS_ZohoIntegration.Program - Taxable: true
2026-08-31 12:16:13,923 INFO AVS_ZohoIntegration.Program - * Procesando resultado: 90 *
2026-08-31 12:16:13,925 INFO AVS_ZohoIntegration.Program - Product_Code: C00011
2026-08-31 12:16:13,926 INFO AVS_ZohoIntegration.Program - Product_Name: Memory DDR RAM 8GB
2026-08-31 12:16:13,927 INFO AVS_ZohoIntegration.Program - Product_Active: true
2026-08-31 12:16:13,928 INFO AVS_ZohoIntegration.Program - Unit_Price: 7675.66
2026-08-31 12:16:13,929 INFO AVS_ZohoIntegration.Program - Tax: 
2026-08-31 12:16:13,930 INFO AVS_ZohoIntegration.Program - Usage_Unit: 
2026-08-31 12:16:13,931 INFO AVS_ZohoIntegration.Program - Qty_in_Stock: 12.7
2026-08-31 12:16:13,932 INFO AVS_ZohoIntegration.Program - Taxable: true
2026-08-31 12:16:13,933 INFO AVS_ZohoIntegration.Program - * Procesando resultado: 91 *
2026-08-31 12:16:13,934 INFO AVS_ZohoIntegration.Program - Product_Code: C00012
2026-08-31 12:16:13,936 INFO AVS_ZohoIntegration.Program - Product_Name: Cabinet for external HD
2026-08-31 12:16:13,937 INFO AVS_ZohoIntegration.Program - Product_Active: true
2026-08-31 12:16:13,938 INFO AVS_ZohoIntegration.Program - Unit_Price: 6500
2026-08-31 12:16:13,939 INFO AVS_ZohoIntegration.Program - Tax: 
2026-08-31 12:16:13,940 INFO AVS_ZohoIntegration.Program - Usage_Unit: 
2026-08-31 12:16:13,941 INFO AVS_ZohoIntegration.Program - Qty_in_Stock: 463
2026-08-31 12:16:13,942 INFO AVS_ZohoIntegration.Program - Taxable: true
2026-08-31 12:16:13,943 INFO AVS_ZohoIntegration.Program - * Procesando resultado: 92 *
2026-08-31 12:16:13,944 INFO AVS_ZohoIntegration.Program - Product_Code: C00013
2026-08-31 12:16:13,945 INFO AVS_ZohoIntegration.Program - Product_Name: 1 TB disk for external HD
2026-08-31 12:16:13,946 INFO AVS_ZohoIntegration.Program - Product_Active: true
2026-08-31 12:16:13,947 INFO AVS_ZohoIntegration.Program - Unit_Price: 3400
2026-08-31 12:16:13,948 INFO AVS_ZohoIntegration.Program - Tax: 
2026-08-31 12:16:13,948 INFO AVS_ZohoIntegration.Program - Usage_Unit: 
2026-08-31 12:16:13,949 INFO AVS_ZohoIntegration.Program - Qty_in_Stock: 479
2026-08-31 12:16:13,951 INFO AVS_ZohoIntegration.Program - Taxable: true
2026-08-31 12:16:13,952 INFO AVS_ZohoIntegration.Program - * Procesando resultado: 93 *
2026-08-31 12:16:13,953 INFO AVS_ZohoIntegration.Program - Product_Code: C00014
2026-08-31 12:16:13,954 INFO AVS_ZohoIntegration.Program - Product_Name: Laptop case
2026-08-31 12:16:13,955 INFO AVS_ZohoIntegration.Program - Product_Active: true
2026-08-31 12:16:13,956 INFO AVS_ZohoIntegration.Program - Unit_Price: 2100
2026-08-31 12:16:13,956 INFO AVS_ZohoIntegration.Program - Tax: 
2026-08-31 12:16:13,957 INFO AVS_ZohoIntegration.Program - Usage_Unit: 
2026-08-31 12:16:13,959 INFO AVS_ZohoIntegration.Program - Qty_in_Stock: 434
2026-08-31 12:16:13,960 INFO AVS_ZohoIntegration.Program - Taxable: true
2026-08-31 12:16:13,961 INFO AVS_ZohoIntegration.Program - * Procesando resultado: 94 *
2026-08-31 12:16:13,963 INFO AVS_ZohoIntegration.Program - Product_Code: D00001
2026-08-31 12:16:13,964 INFO AVS_ZohoIntegration.Program - Product_Name: Portable Hard Disk 1TB
2026-08-31 12:16:13,964 INFO AVS_ZohoIntegration.Program - Product_Active: true
2026-08-31 12:16:13,966 INFO AVS_ZohoIntegration.Program - Unit_Price: 3400
2026-08-31 12:16:13,969 INFO AVS_ZohoIntegration.Program - Tax: 
2026-08-31 12:16:13,970 INFO AVS_ZohoIntegration.Program - Usage_Unit: 
2026-08-31 12:16:13,971 INFO AVS_ZohoIntegration.Program - Qty_in_Stock: 435
2026-08-31 12:16:13,972 INFO AVS_ZohoIntegration.Program - Taxable: true
2026-08-31 12:16:13,973 INFO AVS_ZohoIntegration.Program - * Procesando resultado: 95 *
2026-08-31 12:16:13,974 INFO AVS_ZohoIntegration.Program - Product_Code: D00002
2026-08-31 12:16:13,975 INFO AVS_ZohoIntegration.Program - Product_Name: Portable Hard Disk 2TB
2026-08-31 12:16:13,976 INFO AVS_ZohoIntegration.Program - Product_Active: true
2026-08-31 12:16:13,977 INFO AVS_ZohoIntegration.Program - Unit_Price: 6233
2026-08-31 12:16:13,978 INFO AVS_ZohoIntegration.Program - Tax: 
2026-08-31 12:16:13,980 INFO AVS_ZohoIntegration.Program - Usage_Unit: 
2026-08-31 12:16:13,981 INFO AVS_ZohoIntegration.Program - Qty_in_Stock: 420
2026-08-31 12:16:13,984 INFO AVS_ZohoIntegration.Program - Taxable: true
2026-08-31 12:16:13,986 INFO AVS_ZohoIntegration.Program - * Procesando resultado: 96 *
2026-08-31 12:16:13,987 INFO AVS_ZohoIntegration.Program - Product_Code: E00001
2026-08-31 12:16:13,988 INFO AVS_ZohoIntegration.Program - Product_Name: Secondhand Tablets
2026-08-31 12:16:13,990 INFO AVS_ZohoIntegration.Program - Product_Active: true
2026-08-31 12:16:13,991 INFO AVS_ZohoIntegration.Program - Unit_Price: 4100
2026-08-31 12:16:13,992 INFO AVS_ZohoIntegration.Program - Tax: 
2026-08-31 12:16:13,993 INFO AVS_ZohoIntegration.Program - Usage_Unit: 
2026-08-31 12:16:13,994 INFO AVS_ZohoIntegration.Program - Qty_in_Stock: 500
2026-08-31 12:16:13,996 INFO AVS_ZohoIntegration.Program - Taxable: true
2026-08-31 12:16:13,998 INFO AVS_ZohoIntegration.Program - * Procesando resultado: 97 *
2026-08-31 12:16:13,999 INFO AVS_ZohoIntegration.Program - Product_Code: EMP0001
2026-08-31 12:16:14,000 INFO AVS_ZohoIntegration.Program - Product_Name: Empaque 01
2026-08-31 12:16:14,001 INFO AVS_ZohoIntegration.Program - Product_Active: true
2026-08-31 12:16:14,002 INFO AVS_ZohoIntegration.Program - Unit_Price: 0
2026-08-31 12:16:14,004 INFO AVS_ZohoIntegration.Program - Tax: 
2026-08-31 12:16:14,005 INFO AVS_ZohoIntegration.Program - Usage_Unit: 
2026-08-31 12:16:14,006 INFO AVS_ZohoIntegration.Program - Qty_in_Stock: 463.877
2026-08-31 12:16:14,006 INFO AVS_ZohoIntegration.Program - Taxable: true
2026-08-31 12:16:14,008 INFO AVS_ZohoIntegration.Program - * Procesando resultado: 98 *
2026-08-31 12:16:14,009 INFO AVS_ZohoIntegration.Program - Product_Code: EMP0002
2026-08-31 12:16:14,010 INFO AVS_ZohoIntegration.Program - Product_Name: Empaque 02
2026-08-31 12:16:14,010 INFO AVS_ZohoIntegration.Program - Product_Active: true
2026-08-31 12:16:14,012 INFO AVS_ZohoIntegration.Program - Unit_Price: 0
2026-08-31 12:16:14,015 INFO AVS_ZohoIntegration.Program - Tax: 
2026-08-31 12:16:14,016 INFO AVS_ZohoIntegration.Program - Usage_Unit: 
2026-08-31 12:16:14,017 INFO AVS_ZohoIntegration.Program - Qty_in_Stock: 461.5
2026-08-31 12:16:14,018 INFO AVS_ZohoIntegration.Program - Taxable: true
2026-08-31 12:16:14,019 INFO AVS_ZohoIntegration.Program - * Procesando resultado: 99 *
2026-08-31 12:16:14,020 INFO AVS_ZohoIntegration.Program - Product_Code: EMP0003
2026-08-31 12:16:14,021 INFO AVS_ZohoIntegration.Program - Product_Name: Empaque 03
2026-08-31 12:16:14,022 INFO AVS_ZohoIntegration.Program - Product_Active: true
2026-08-31 12:16:14,023 INFO AVS_ZohoIntegration.Program - Unit_Price: 0
2026-08-31 12:16:14,024 INFO AVS_ZohoIntegration.Program - Tax: 
2026-08-31 12:16:14,025 INFO AVS_ZohoIntegration.Program - Usage_Unit: 
2026-08-31 12:16:14,026 INFO AVS_ZohoIntegration.Program - Qty_in_Stock: 424
2026-08-31 12:16:14,027 INFO AVS_ZohoIntegration.Program - Taxable: true
2026-08-31 12:16:14,028 INFO AVS_ZohoIntegration.Program - * Procesando resultado: 100 *
2026-08-31 12:16:14,030 INFO AVS_ZohoIntegration.Program - Product_Code: FLR001
2026-08-31 12:16:14,032 INFO AVS_ZohoIntegration.Program - Product_Name: Ramo de Flores 1
2026-08-31 12:16:14,033 INFO AVS_ZohoIntegration.Program - Product_Active: true
2026-08-31 12:16:14,034 INFO AVS_ZohoIntegration.Program - Unit_Price: 0
2026-08-31 12:16:14,035 INFO AVS_ZohoIntegration.Program - Tax: 
2026-08-31 12:16:14,036 INFO AVS_ZohoIntegration.Program - Usage_Unit: 
2026-08-31 12:16:14,037 INFO AVS_ZohoIntegration.Program - Qty_in_Stock: 124
2026-08-31 12:16:14,038 INFO AVS_ZohoIntegration.Program - Taxable: true
2026-08-31 12:16:14,039 INFO AVS_ZohoIntegration.Program - * Procesando resultado: 101 *
2026-08-31 12:16:14,040 INFO AVS_ZohoIntegration.Program - Product_Code: FLR001-GIRASOL
2026-08-31 12:16:14,041 INFO AVS_ZohoIntegration.Program - Product_Name: 
2026-08-31 12:16:14,042 INFO AVS_ZohoIntegration.Program - Product_Active: true
2026-08-31 12:16:14,043 INFO AVS_ZohoIntegration.Program - Unit_Price: 0
2026-08-31 12:16:14,044 INFO AVS_ZohoIntegration.Program - Tax: 
2026-08-31 12:16:14,046 INFO AVS_ZohoIntegration.Program - Usage_Unit: 
2026-08-31 12:16:14,047 INFO AVS_ZohoIntegration.Program - Qty_in_Stock: 93
2026-08-31 12:16:14,048 INFO AVS_ZohoIntegration.Program - Taxable: true
2026-08-31 12:16:14,048 INFO AVS_ZohoIntegration.Program - * Procesando resultado: 102 *
2026-08-31 12:16:14,049 INFO AVS_ZohoIntegration.Program - Product_Code: FLR001-LIRIO
2026-08-31 12:16:14,050 INFO AVS_ZohoIntegration.Program - Product_Name: 
2026-08-31 12:16:14,051 INFO AVS_ZohoIntegration.Program - Product_Active: true
2026-08-31 12:16:14,052 INFO AVS_ZohoIntegration.Program - Unit_Price: 0
2026-08-31 12:16:14,053 INFO AVS_ZohoIntegration.Program - Tax: 
2026-08-31 12:16:14,054 INFO AVS_ZohoIntegration.Program - Usage_Unit: 
2026-08-31 12:16:14,055 INFO AVS_ZohoIntegration.Program - Qty_in_Stock: 77
2026-08-31 12:16:14,056 INFO AVS_ZohoIntegration.Program - Taxable: true
2026-08-31 12:16:14,057 INFO AVS_ZohoIntegration.Program - * Procesando resultado: 103 *
2026-08-31 12:16:14,058 INFO AVS_ZohoIntegration.Program - Product_Code: FLR001-ROSA
2026-08-31 12:16:14,059 INFO AVS_ZohoIntegration.Program - Product_Name: 
2026-08-31 12:16:14,061 INFO AVS_ZohoIntegration.Program - Product_Active: true
2026-08-31 12:16:14,062 INFO AVS_ZohoIntegration.Program - Unit_Price: 0
2026-08-31 12:16:14,063 INFO AVS_ZohoIntegration.Program - Tax: 
2026-08-31 12:16:14,064 INFO AVS_ZohoIntegration.Program - Usage_Unit: 
2026-08-31 12:16:14,065 INFO AVS_ZohoIntegration.Program - Qty_in_Stock: 96
2026-08-31 12:16:14,066 INFO AVS_ZohoIntegration.Program - Taxable: true
2026-08-31 12:16:14,067 INFO AVS_ZohoIntegration.Program - * Procesando resultado: 104 *
2026-08-31 12:16:14,068 INFO AVS_ZohoIntegration.Program - Product_Code: FLR002
2026-08-31 12:16:14,069 INFO AVS_ZohoIntegration.Program - Product_Name: Ramo de Flores 2
2026-08-31 12:16:14,070 INFO AVS_ZohoIntegration.Program - Product_Active: true
2026-08-31 12:16:14,071 INFO AVS_ZohoIntegration.Program - Unit_Price: 0
2026-08-31 12:16:14,073 INFO AVS_ZohoIntegration.Program - Tax: 
2026-08-31 12:16:14,074 INFO AVS_ZohoIntegration.Program - Usage_Unit: 
2026-08-31 12:16:14,075 INFO AVS_ZohoIntegration.Program - Qty_in_Stock: 146
2026-08-31 12:16:14,076 INFO AVS_ZohoIntegration.Program - Taxable: true
2026-08-31 12:16:14,077 INFO AVS_ZohoIntegration.Program - * Procesando resultado: 105 *
2026-08-31 12:16:14,078 INFO AVS_ZohoIntegration.Program - Product_Code: FLR002-MARGARITAS
2026-08-31 12:16:14,079 INFO AVS_ZohoIntegration.Program - Product_Name: 
2026-08-31 12:16:14,080 INFO AVS_ZohoIntegration.Program - Product_Active: true
2026-08-31 12:16:14,081 INFO AVS_ZohoIntegration.Program - Unit_Price: 0
2026-08-31 12:16:14,082 INFO AVS_ZohoIntegration.Program - Tax: 
2026-08-31 12:16:14,083 INFO AVS_ZohoIntegration.Program - Usage_Unit: 
2026-08-31 12:16:14,084 INFO AVS_ZohoIntegration.Program - Qty_in_Stock: 95
2026-08-31 12:16:14,085 INFO AVS_ZohoIntegration.Program - Taxable: true
2026-08-31 12:16:14,086 INFO AVS_ZohoIntegration.Program - * Procesando resultado: 106 *
2026-08-31 12:16:14,088 INFO AVS_ZohoIntegration.Program - Product_Code: FLR002-ROSAS
2026-08-31 12:16:14,089 INFO AVS_ZohoIntegration.Program - Product_Name: 
2026-08-31 12:16:14,091 INFO AVS_ZohoIntegration.Program - Product_Active: true
2026-08-31 12:16:14,091 INFO AVS_ZohoIntegration.Program - Unit_Price: 0
2026-08-31 12:16:14,092 INFO AVS_ZohoIntegration.Program - Tax: 
2026-08-31 12:16:14,094 INFO AVS_ZohoIntegration.Program - Usage_Unit: 
2026-08-31 12:16:14,094 INFO AVS_ZohoIntegration.Program - Qty_in_Stock: 11
2026-08-31 12:16:14,096 INFO AVS_ZohoIntegration.Program - Taxable: true
2026-08-31 12:16:14,097 INFO AVS_ZohoIntegration.Program - * Procesando resultado: 107 *
2026-08-31 12:16:14,097 INFO AVS_ZohoIntegration.Program - Product_Code: FLR002-TULIPANES
2026-08-31 12:16:14,099 INFO AVS_ZohoIntegration.Program - Product_Name: 
2026-08-31 12:16:14,100 INFO AVS_ZohoIntegration.Program - Product_Active: true
2026-08-31 12:16:14,100 INFO AVS_ZohoIntegration.Program - Unit_Price: 0
2026-08-31 12:16:14,102 INFO AVS_ZohoIntegration.Program - Tax: 
2026-08-31 12:16:14,102 INFO AVS_ZohoIntegration.Program - Usage_Unit: 
2026-08-31 12:16:14,103 INFO AVS_ZohoIntegration.Program - Qty_in_Stock: 146
2026-08-31 12:16:14,105 INFO AVS_ZohoIntegration.Program - Taxable: true
2026-08-31 12:16:14,105 INFO AVS_ZohoIntegration.Program - * Procesando resultado: 108 *
2026-08-31 12:16:14,106 INFO AVS_ZohoIntegration.Program - Product_Code: I00001
2026-08-31 12:16:14,108 INFO AVS_ZohoIntegration.Program - Product_Name: Blu-Ray Disc 10-Pack
2026-08-31 12:16:14,109 INFO AVS_ZohoIntegration.Program - Product_Active: true
2026-08-31 12:16:14,109 INFO AVS_ZohoIntegration.Program - Unit_Price: 575.71
2026-08-31 12:16:14,111 INFO AVS_ZohoIntegration.Program - Tax: 
2026-08-31 12:16:14,113 INFO AVS_ZohoIntegration.Program - Usage_Unit: 
2026-08-31 12:16:14,114 INFO AVS_ZohoIntegration.Program - Qty_in_Stock: 1003
2026-08-31 12:16:14,115 INFO AVS_ZohoIntegration.Program - Taxable: true
2026-08-31 12:16:14,116 INFO AVS_ZohoIntegration.Program - * Procesando resultado: 109 *
2026-08-31 12:16:14,117 INFO AVS_ZohoIntegration.Program - Product_Code: I00002
2026-08-31 12:16:14,118 INFO AVS_ZohoIntegration.Program - Product_Name: Blu-Ray DL Disc 10-Pack
2026-08-31 12:16:14,119 INFO AVS_ZohoIntegration.Program - Product_Active: true
2026-08-31 12:16:14,120 INFO AVS_ZohoIntegration.Program - Unit_Price: 2302.71
2026-08-31 12:16:14,121 INFO AVS_ZohoIntegration.Program - Tax: 
2026-08-31 12:16:14,122 INFO AVS_ZohoIntegration.Program - Usage_Unit: 
2026-08-31 12:16:14,123 INFO AVS_ZohoIntegration.Program - Qty_in_Stock: 906
2026-08-31 12:16:14,124 INFO AVS_ZohoIntegration.Program - Taxable: true
2026-08-31 12:16:14,125 INFO AVS_ZohoIntegration.Program - * Procesando resultado: 110 *
2026-08-31 12:16:14,126 INFO AVS_ZohoIntegration.Program - Product_Code: I00003
2026-08-31 12:16:14,127 INFO AVS_ZohoIntegration.Program - Product_Name: USB Flashdrive 128GB
2026-08-31 12:16:14,129 INFO AVS_ZohoIntegration.Program - Product_Active: true
2026-08-31 12:16:14,130 INFO AVS_ZohoIntegration.Program - Unit_Price: 3837.9
2026-08-31 12:16:14,131 INFO AVS_ZohoIntegration.Program - Tax: 
2026-08-31 12:16:14,132 INFO AVS_ZohoIntegration.Program - Usage_Unit: 
2026-08-31 12:16:14,132 INFO AVS_ZohoIntegration.Program - Qty_in_Stock: 931
2026-08-31 12:16:14,133 INFO AVS_ZohoIntegration.Program - Taxable: true
2026-08-31 12:16:14,134 INFO AVS_ZohoIntegration.Program - * Procesando resultado: 111 *
2026-08-31 12:16:14,135 INFO AVS_ZohoIntegration.Program - Product_Code: I00004
2026-08-31 12:16:14,136 INFO AVS_ZohoIntegration.Program - Product_Name: USB Flashdrive 256GB
2026-08-31 12:16:14,138 INFO AVS_ZohoIntegration.Program - Product_Active: true
2026-08-31 12:16:14,139 INFO AVS_ZohoIntegration.Program - Unit_Price: 5756.85
2026-08-31 12:16:14,140 INFO AVS_ZohoIntegration.Program - Tax: 
2026-08-31 12:16:14,140 INFO AVS_ZohoIntegration.Program - Usage_Unit: 
2026-08-31 12:16:14,141 INFO AVS_ZohoIntegration.Program - Qty_in_Stock: 852
2026-08-31 12:16:14,142 INFO AVS_ZohoIntegration.Program - Taxable: true
2026-08-31 12:16:14,143 INFO AVS_ZohoIntegration.Program - * Procesando resultado: 112 *
2026-08-31 12:16:14,144 INFO AVS_ZohoIntegration.Program - Product_Code: I00005
2026-08-31 12:16:14,146 INFO AVS_ZohoIntegration.Program - Product_Name: J.B. Laptop Batteries X1 series
2026-08-31 12:16:14,147 INFO AVS_ZohoIntegration.Program - Product_Active: true
2026-08-31 12:16:14,148 INFO AVS_ZohoIntegration.Program - Unit_Price: 17270.41
2026-08-31 12:16:14,150 INFO AVS_ZohoIntegration.Program - Tax: 
2026-08-31 12:16:14,151 INFO AVS_ZohoIntegration.Program - Usage_Unit: 
2026-08-31 12:16:14,152 INFO AVS_ZohoIntegration.Program - Qty_in_Stock: 1001
2026-08-31 12:16:14,153 INFO AVS_ZohoIntegration.Program - Taxable: true
2026-08-31 12:16:14,154 INFO AVS_ZohoIntegration.Program - * Procesando resultado: 113 *
2026-08-31 12:16:14,156 INFO AVS_ZohoIntegration.Program - Product_Code: I00006
2026-08-31 12:16:14,157 INFO AVS_ZohoIntegration.Program - Product_Name: J.B. Laptop Batteries X2 series
2026-08-31 12:16:14,158 INFO AVS_ZohoIntegration.Program - Product_Active: true
2026-08-31 12:16:14,159 INFO AVS_ZohoIntegration.Program - Unit_Price: 15351.46
2026-08-31 12:16:14,160 INFO AVS_ZohoIntegration.Program - Tax: 
2026-08-31 12:16:14,160 INFO AVS_ZohoIntegration.Program - Usage_Unit: 
2026-08-31 12:16:14,161 INFO AVS_ZohoIntegration.Program - Qty_in_Stock: 918
2026-08-31 12:16:14,163 INFO AVS_ZohoIntegration.Program - Taxable: true
2026-08-31 12:16:14,164 INFO AVS_ZohoIntegration.Program - * Procesando resultado: 114 *
2026-08-31 12:16:14,165 INFO AVS_ZohoIntegration.Program - Product_Code: I00007
2026-08-31 12:16:14,166 INFO AVS_ZohoIntegration.Program - Product_Name: Rainbow Printer 9.5 Inkjet Cartridge
2026-08-31 12:16:14,167 INFO AVS_ZohoIntegration.Program - Product_Active: true
2026-08-31 12:16:14,168 INFO AVS_ZohoIntegration.Program - Unit_Price: 5372.95
2026-08-31 12:16:14,169 INFO AVS_ZohoIntegration.Program - Tax: 
2026-08-31 12:16:14,170 INFO AVS_ZohoIntegration.Program - Usage_Unit: 
2026-08-31 12:16:14,171 INFO AVS_ZohoIntegration.Program - Qty_in_Stock: 929
2026-08-31 12:16:14,172 INFO AVS_ZohoIntegration.Program - Taxable: true
2026-08-31 12:16:14,173 INFO AVS_ZohoIntegration.Program - * Procesando resultado: 115 *
2026-08-31 12:16:14,173 INFO AVS_ZohoIntegration.Program - Product_Code: I00008
2026-08-31 12:16:14,174 INFO AVS_ZohoIntegration.Program - Product_Name: Rainbow Nuance Ink 6-Pack and Photo Paper Kit
2026-08-31 12:16:14,175 INFO AVS_ZohoIntegration.Program - Product_Active: true
2026-08-31 12:16:14,176 INFO AVS_ZohoIntegration.Program - Unit_Price: 7483.85
2026-08-31 12:16:14,177 INFO AVS_ZohoIntegration.Program - Tax: 
2026-08-31 12:16:14,178 INFO AVS_ZohoIntegration.Program - Usage_Unit: 
2026-08-31 12:16:14,179 INFO AVS_ZohoIntegration.Program - Qty_in_Stock: 936
2026-08-31 12:16:14,180 INFO AVS_ZohoIntegration.Program - Taxable: true
2026-08-31 12:16:14,181 INFO AVS_ZohoIntegration.Program - * Procesando resultado: 116 *
2026-08-31 12:16:14,182 INFO AVS_ZohoIntegration.Program - Product_Code: I00009
2026-08-31 12:16:14,183 INFO AVS_ZohoIntegration.Program - Product_Name: SLR PreciseShot PX1500
2026-08-31 12:16:14,184 INFO AVS_ZohoIntegration.Program - Product_Active: true
2026-08-31 12:16:14,185 INFO AVS_ZohoIntegration.Program - Unit_Price: 28783.98
2026-08-31 12:16:14,186 INFO AVS_ZohoIntegration.Program - Tax: 
2026-08-31 12:16:14,187 INFO AVS_ZohoIntegration.Program - Usage_Unit: 
2026-08-31 12:16:14,189 INFO AVS_ZohoIntegration.Program - Qty_in_Stock: 951
2026-08-31 12:16:14,190 INFO AVS_ZohoIntegration.Program - Taxable: true
2026-08-31 12:16:14,191 INFO AVS_ZohoIntegration.Program - * Procesando resultado: 117 *
2026-08-31 12:16:14,192 INFO AVS_ZohoIntegration.Program - Product_Code: I00010
2026-08-31 12:16:14,193 INFO AVS_ZohoIntegration.Program - Product_Name: SLR M-CAM 40C
2026-08-31 12:16:14,195 INFO AVS_ZohoIntegration.Program - Product_Active: true
2026-08-31 12:16:14,196 INFO AVS_ZohoIntegration.Program - Unit_Price: 115135.76
2026-08-31 12:16:14,197 INFO AVS_ZohoIntegration.Program - Tax: 
2026-08-31 12:16:14,198 INFO AVS_ZohoIntegration.Program - Usage_Unit: 
2026-08-31 12:16:14,199 INFO AVS_ZohoIntegration.Program - Qty_in_Stock: 1048
2026-08-31 12:16:14,200 INFO AVS_ZohoIntegration.Program - Taxable: true
2026-08-31 12:16:14,201 INFO AVS_ZohoIntegration.Program - * Procesando resultado: 118 *
2026-08-31 12:16:14,202 INFO AVS_ZohoIntegration.Program - Product_Code: I00011
2026-08-31 12:16:14,203 INFO AVS_ZohoIntegration.Program - Product_Name: KG USB Travel Hub
2026-08-31 12:16:14,204 INFO AVS_ZohoIntegration.Program - Product_Active: true
2026-08-31 12:16:14,205 INFO AVS_ZohoIntegration.Program - Unit_Price: 2302.71
2026-08-31 12:16:14,206 INFO AVS_ZohoIntegration.Program - Tax: 
2026-08-31 12:16:14,207 INFO AVS_ZohoIntegration.Program - Usage_Unit: 
2026-08-31 12:16:14,208 INFO AVS_ZohoIntegration.Program - Qty_in_Stock: 1061
2026-08-31 12:16:14,209 INFO AVS_ZohoIntegration.Program - Taxable: true
2026-08-31 12:16:14,211 INFO AVS_ZohoIntegration.Program - * Procesando resultado: 119 *
2026-08-31 12:16:14,212 INFO AVS_ZohoIntegration.Program - Product_Code: I00012
2026-08-31 12:16:14,213 INFO AVS_ZohoIntegration.Program - Product_Name: KG PC-to-Mac Transfer Kit
2026-08-31 12:16:14,214 INFO AVS_ZohoIntegration.Program - Product_Active: true
2026-08-31 12:16:14,215 INFO AVS_ZohoIntegration.Program - Unit_Price: 8635.14
2026-08-31 12:16:14,216 INFO AVS_ZohoIntegration.Program - Tax: 
2026-08-31 12:16:14,217 INFO AVS_ZohoIntegration.Program - Usage_Unit: 
2026-08-31 12:16:14,218 INFO AVS_ZohoIntegration.Program - Qty_in_Stock: 1013
2026-08-31 12:16:14,219 INFO AVS_ZohoIntegration.Program - Taxable: true
2026-08-31 12:16:14,220 INFO AVS_ZohoIntegration.Program - * Procesando resultado: 120 *
2026-08-31 12:16:14,222 INFO AVS_ZohoIntegration.Program - Product_Code: I00013
2026-08-31 12:16:14,223 INFO AVS_ZohoIntegration.Program - Product_Name: SDHC 64 GB Class 10
2026-08-31 12:16:14,224 INFO AVS_ZohoIntegration.Program - Product_Active: true
2026-08-31 12:16:14,225 INFO AVS_ZohoIntegration.Program - Unit_Price: 30
2026-08-31 12:16:14,226 INFO AVS_ZohoIntegration.Program - Tax: 
2026-08-31 12:16:14,227 INFO AVS_ZohoIntegration.Program - Usage_Unit: 
2026-08-31 12:16:14,228 INFO AVS_ZohoIntegration.Program - Qty_in_Stock: 501
2026-08-31 12:16:14,229 INFO AVS_ZohoIntegration.Program - Taxable: true
2026-08-31 12:16:14,230 INFO AVS_ZohoIntegration.Program - * Procesando resultado: 121 *
2026-08-31 12:16:14,231 INFO AVS_ZohoIntegration.Program - Product_Code: ITEM0001
2026-08-31 12:16:14,232 INFO AVS_ZohoIntegration.Program - Product_Name: 
2026-08-31 12:16:14,232 INFO AVS_ZohoIntegration.Program - Product_Active: true
2026-08-31 12:16:14,234 INFO AVS_ZohoIntegration.Program - Unit_Price: 0
2026-08-31 12:16:14,235 INFO AVS_ZohoIntegration.Program - Tax: 
2026-08-31 12:16:14,236 INFO AVS_ZohoIntegration.Program - Usage_Unit: 
2026-08-31 12:16:14,238 INFO AVS_ZohoIntegration.Program - Qty_in_Stock: 0
2026-08-31 12:16:14,239 INFO AVS_ZohoIntegration.Program - Taxable: true
2026-08-31 12:16:14,240 INFO AVS_ZohoIntegration.Program - * Procesando resultado: 122 *
2026-08-31 12:16:14,241 INFO AVS_ZohoIntegration.Program - Product_Code: ITEM0002
2026-08-31 12:16:14,242 INFO AVS_ZohoIntegration.Program - Product_Name: 
2026-08-31 12:16:14,243 INFO AVS_ZohoIntegration.Program - Product_Active: true
2026-08-31 12:16:14,243 INFO AVS_ZohoIntegration.Program - Unit_Price: 0
2026-08-31 12:16:14,244 INFO AVS_ZohoIntegration.Program - Tax: 
2026-08-31 12:16:14,245 INFO AVS_ZohoIntegration.Program - Usage_Unit: 
2026-08-31 12:16:14,247 INFO AVS_ZohoIntegration.Program - Qty_in_Stock: 0
2026-08-31 12:16:14,248 INFO AVS_ZohoIntegration.Program - Taxable: true
2026-08-31 12:16:14,249 INFO AVS_ZohoIntegration.Program - * Procesando resultado: 123 *
2026-08-31 12:16:14,249 INFO AVS_ZohoIntegration.Program - Product_Code: L10001
2026-08-31 12:16:14,250 INFO AVS_ZohoIntegration.Program - Product_Name: Labor Hours Production
2026-08-31 12:16:14,251 INFO AVS_ZohoIntegration.Program - Product_Active: true
2026-08-31 12:16:14,252 INFO AVS_ZohoIntegration.Program - Unit_Price: 65
2026-08-31 12:16:14,253 INFO AVS_ZohoIntegration.Program - Tax: 
2026-08-31 12:16:14,254 INFO AVS_ZohoIntegration.Program - Usage_Unit: 
2026-08-31 12:16:14,255 INFO AVS_ZohoIntegration.Program - Qty_in_Stock: 0
2026-08-31 12:16:14,256 INFO AVS_ZohoIntegration.Program - Taxable: true
2026-08-31 12:16:14,256 INFO AVS_ZohoIntegration.Program - * Procesando resultado: 124 *
2026-08-31 12:16:14,257 INFO AVS_ZohoIntegration.Program - Product_Code: LB0001
2026-08-31 12:16:14,258 INFO AVS_ZohoIntegration.Program - Product_Name: Daily Service Labor Charge
2026-08-31 12:16:14,259 INFO AVS_ZohoIntegration.Program - Product_Active: true
2026-08-31 12:16:14,260 INFO AVS_ZohoIntegration.Program - Unit_Price: 2400
2026-08-31 12:16:14,261 INFO AVS_ZohoIntegration.Program - Tax: 
2026-08-31 12:16:14,262 INFO AVS_ZohoIntegration.Program - Usage_Unit: 
2026-08-31 12:16:14,263 INFO AVS_ZohoIntegration.Program - Qty_in_Stock: 0
2026-08-31 12:16:14,264 INFO AVS_ZohoIntegration.Program - Taxable: true
2026-08-31 12:16:14,265 INFO AVS_ZohoIntegration.Program - * Procesando resultado: 125 *
2026-08-31 12:16:14,266 INFO AVS_ZohoIntegration.Program - Product_Code: LB0002
2026-08-31 12:16:14,267 INFO AVS_ZohoIntegration.Program - Product_Name: Hourly Service Labor Charge
2026-08-31 12:16:14,268 INFO AVS_ZohoIntegration.Program - Product_Active: true
2026-08-31 12:16:14,269 INFO AVS_ZohoIntegration.Program - Unit_Price: 600
2026-08-31 12:16:14,270 INFO AVS_ZohoIntegration.Program - Tax: 
2026-08-31 12:16:14,271 INFO AVS_ZohoIntegration.Program - Usage_Unit: 
2026-08-31 12:16:14,272 INFO AVS_ZohoIntegration.Program - Qty_in_Stock: 0
2026-08-31 12:16:14,273 INFO AVS_ZohoIntegration.Program - Taxable: true
2026-08-31 12:16:14,274 INFO AVS_ZohoIntegration.Program - * Procesando resultado: 126 *
2026-08-31 12:16:14,275 INFO AVS_ZohoIntegration.Program - Product_Code: LM4029
2026-08-31 12:16:14,276 INFO AVS_ZohoIntegration.Program - Product_Name: LeMon 4029 Printer
2026-08-31 12:16:14,277 INFO AVS_ZohoIntegration.Program - Product_Active: true
2026-08-31 12:16:14,278 INFO AVS_ZohoIntegration.Program - Unit_Price: 46054.25
2026-08-31 12:16:14,279 INFO AVS_ZohoIntegration.Program - Tax: 
2026-08-31 12:16:14,280 INFO AVS_ZohoIntegration.Program - Usage_Unit: 
2026-08-31 12:16:14,281 INFO AVS_ZohoIntegration.Program - Qty_in_Stock: 829.5
2026-08-31 12:16:14,283 INFO AVS_ZohoIntegration.Program - Taxable: true
2026-08-31 12:16:14,284 INFO AVS_ZohoIntegration.Program - * Procesando resultado: 127 *
2026-08-31 12:16:14,285 INFO AVS_ZohoIntegration.Program - Product_Code: LM4029ACA
2026-08-31 12:16:14,285 INFO AVS_ZohoIntegration.Program - Product_Name: LeMon 4029 Printer AC Adapter
2026-08-31 12:16:14,287 INFO AVS_ZohoIntegration.Program - Product_Active: true
2026-08-31 12:16:14,288 INFO AVS_ZohoIntegration.Program - Unit_Price: 1918.95
2026-08-31 12:16:14,288 INFO AVS_ZohoIntegration.Program - Tax: 
2026-08-31 12:16:14,289 INFO AVS_ZohoIntegration.Program - Usage_Unit: 
2026-08-31 12:16:14,290 INFO AVS_ZohoIntegration.Program - Qty_in_Stock: 532
2026-08-31 12:16:14,291 INFO AVS_ZohoIntegration.Program - Taxable: true
2026-08-31 12:16:14,292 INFO AVS_ZohoIntegration.Program - * Procesando resultado: 128 *
2026-08-31 12:16:14,293 INFO AVS_ZohoIntegration.Program - Product_Code: LM4029APCD
2026-08-31 12:16:14,294 INFO AVS_ZohoIntegration.Program - Product_Name: LeMon 4029 Printer AC Power Cord
2026-08-31 12:16:14,296 INFO AVS_ZohoIntegration.Program - Product_Active: true
2026-08-31 12:16:14,298 INFO AVS_ZohoIntegration.Program - Unit_Price: 959.48
2026-08-31 12:16:14,299 INFO AVS_ZohoIntegration.Program - Tax: 
2026-08-31 12:16:14,300 INFO AVS_ZohoIntegration.Program - Usage_Unit: 
2026-08-31 12:16:14,301 INFO AVS_ZohoIntegration.Program - Qty_in_Stock: 557
2026-08-31 12:16:14,302 INFO AVS_ZohoIntegration.Program - Taxable: true
2026-08-31 12:16:14,303 INFO AVS_ZohoIntegration.Program - * Procesando resultado: 129 *
2026-08-31 12:16:14,304 INFO AVS_ZohoIntegration.Program - Product_Code: LM4029D
2026-08-31 12:16:14,305 INFO AVS_ZohoIntegration.Program - Product_Name: LeMon 4029 500 sheet paper drawer
2026-08-31 12:16:14,306 INFO AVS_ZohoIntegration.Program - Product_Active: true
2026-08-31 12:16:14,307 INFO AVS_ZohoIntegration.Program - Unit_Price: 6716.19
2026-08-31 12:16:14,308 INFO AVS_ZohoIntegration.Program - Tax: 
2026-08-31 12:16:14,309 INFO AVS_ZohoIntegration.Program - Usage_Unit: 
2026-08-31 12:16:14,309 INFO AVS_ZohoIntegration.Program - Qty_in_Stock: 693
2026-08-31 12:16:14,310 INFO AVS_ZohoIntegration.Program - Taxable: true
2026-08-31 12:16:14,312 INFO AVS_ZohoIntegration.Program - * Procesando resultado: 130 *
2026-08-31 12:16:14,314 INFO AVS_ZohoIntegration.Program - Product_Code: LM4029MC
2026-08-31 12:16:14,315 INFO AVS_ZohoIntegration.Program - Product_Name: Memory Chip
2026-08-31 12:16:14,316 INFO AVS_ZohoIntegration.Program - Product_Active: true
2026-08-31 12:16:14,317 INFO AVS_ZohoIntegration.Program - Unit_Price: 9594.61
2026-08-31 12:16:14,318 INFO AVS_ZohoIntegration.Program - Tax: 
2026-08-31 12:16:14,319 INFO AVS_ZohoIntegration.Program - Usage_Unit: 
2026-08-31 12:16:14,319 INFO AVS_ZohoIntegration.Program - Qty_in_Stock: 421
2026-08-31 12:16:14,320 INFO AVS_ZohoIntegration.Program - Taxable: true
2026-08-31 12:16:14,321 INFO AVS_ZohoIntegration.Program - * Procesando resultado: 131 *
2026-08-31 12:16:14,322 INFO AVS_ZohoIntegration.Program - Product_Code: LM4029PH
2026-08-31 12:16:14,323 INFO AVS_ZohoIntegration.Program - Product_Name: LeMon 4029 Printer Head
2026-08-31 12:16:14,324 INFO AVS_ZohoIntegration.Program - Product_Active: true
2026-08-31 12:16:14,325 INFO AVS_ZohoIntegration.Program - Unit_Price: 3837.9
2026-08-31 12:16:14,326 INFO AVS_ZohoIntegration.Program - Tax: 
2026-08-31 12:16:14,327 INFO AVS_ZohoIntegration.Program - Usage_Unit: 
2026-08-31 12:16:14,328 INFO AVS_ZohoIntegration.Program - Qty_in_Stock: 664
2026-08-31 12:16:14,329 INFO AVS_ZohoIntegration.Program - Taxable: true
2026-08-31 12:16:14,330 INFO AVS_ZohoIntegration.Program - * Procesando resultado: 132 *
2026-08-31 12:16:14,331 INFO AVS_ZohoIntegration.Program - Product_Code: LM4029PS
2026-08-31 12:16:14,332 INFO AVS_ZohoIntegration.Program - Product_Name: LeMon 4029 Printer Power Supply
2026-08-31 12:16:14,333 INFO AVS_ZohoIntegration.Program - Product_Active: true
2026-08-31 12:16:14,334 INFO AVS_ZohoIntegration.Program - Unit_Price: 3837.9
2026-08-31 12:16:14,335 INFO AVS_ZohoIntegration.Program - Tax: 
2026-08-31 12:16:14,336 INFO AVS_ZohoIntegration.Program - Usage_Unit: 
2026-08-31 12:16:14,336 INFO AVS_ZohoIntegration.Program - Qty_in_Stock: 523
2026-08-31 12:16:14,337 INFO AVS_ZohoIntegration.Program - Taxable: true
2026-08-31 12:16:14,339 INFO AVS_ZohoIntegration.Program - * Procesando resultado: 133 *
2026-08-31 12:16:14,339 INFO AVS_ZohoIntegration.Program - Product_Code: LM4029-R
2026-08-31 12:16:14,340 INFO AVS_ZohoIntegration.Program - Product_Name: Articulo de reproceso
2026-08-31 12:16:14,342 INFO AVS_ZohoIntegration.Program - Product_Active: true
2026-08-31 12:16:14,343 INFO AVS_ZohoIntegration.Program - Unit_Price: 0
2026-08-31 12:16:14,343 INFO AVS_ZohoIntegration.Program - Tax: 
2026-08-31 12:16:14,345 INFO AVS_ZohoIntegration.Program - Usage_Unit: 
2026-08-31 12:16:14,345 INFO AVS_ZohoIntegration.Program - Qty_in_Stock: 1000
2026-08-31 12:16:14,346 INFO AVS_ZohoIntegration.Program - Taxable: true
2026-08-31 12:16:14,348 INFO AVS_ZohoIntegration.Program - * Procesando resultado: 134 *
2026-08-31 12:16:14,348 INFO AVS_ZohoIntegration.Program - Product_Code: LM4029SB
2026-08-31 12:16:14,350 INFO AVS_ZohoIntegration.Program - Product_Name: LeMon 4029 Printer System Board
2026-08-31 12:16:14,351 INFO AVS_ZohoIntegration.Program - Product_Active: true
2026-08-31 12:16:14,351 INFO AVS_ZohoIntegration.Program - Unit_Price: 19189.23
2026-08-31 12:16:14,353 INFO AVS_ZohoIntegration.Program - Tax: 
2026-08-31 12:16:14,354 INFO AVS_ZohoIntegration.Program - Usage_Unit: 
2026-08-31 12:16:14,354 INFO AVS_ZohoIntegration.Program - Qty_in_Stock: 606
2026-08-31 12:16:14,356 INFO AVS_ZohoIntegration.Program - Taxable: true
2026-08-31 12:16:14,357 INFO AVS_ZohoIntegration.Program - * Procesando resultado: 135 *
2026-08-31 12:16:14,358 INFO AVS_ZohoIntegration.Program - Product_Code: MRP_BOM
2026-08-31 12:16:14,359 INFO AVS_ZohoIntegration.Program - Product_Name: MRP_BOM
2026-08-31 12:16:14,360 INFO AVS_ZohoIntegration.Program - Product_Active: true
2026-08-31 12:16:14,361 INFO AVS_ZohoIntegration.Program - Unit_Price: 25
2026-08-31 12:16:14,362 INFO AVS_ZohoIntegration.Program - Tax: 
2026-08-31 12:16:14,363 INFO AVS_ZohoIntegration.Program - Usage_Unit: 
2026-08-31 12:16:14,364 INFO AVS_ZohoIntegration.Program - Qty_in_Stock: 483
2026-08-31 12:16:14,365 INFO AVS_ZohoIntegration.Program - Taxable: true
2026-08-31 12:16:14,366 INFO AVS_ZohoIntegration.Program - * Procesando resultado: 136 *
2026-08-31 12:16:14,367 INFO AVS_ZohoIntegration.Program - Product_Code: MRP_Child1
2026-08-31 12:16:14,368 INFO AVS_ZohoIntegration.Program - Product_Name: MRP_Hijo1
2026-08-31 12:16:14,368 INFO AVS_ZohoIntegration.Program - Product_Active: true
2026-08-31 12:16:14,369 INFO AVS_ZohoIntegration.Program - Unit_Price: 5
2026-08-31 12:16:14,370 INFO AVS_ZohoIntegration.Program - Tax: 
2026-08-31 12:16:14,371 INFO AVS_ZohoIntegration.Program - Usage_Unit: 
2026-08-31 12:16:14,372 INFO AVS_ZohoIntegration.Program - Qty_in_Stock: 471
2026-08-31 12:16:14,373 INFO AVS_ZohoIntegration.Program - Taxable: true
2026-08-31 12:16:14,374 INFO AVS_ZohoIntegration.Program - * Procesando resultado: 137 *
2026-08-31 12:16:14,375 INFO AVS_ZohoIntegration.Program - Product_Code: MRP_Child2
2026-08-31 12:16:14,376 INFO AVS_ZohoIntegration.Program - Product_Name: MRP_Hijo2
2026-08-31 12:16:14,377 INFO AVS_ZohoIntegration.Program - Product_Active: true
2026-08-31 12:16:14,378 INFO AVS_ZohoIntegration.Program - Unit_Price: 5
2026-08-31 12:16:14,379 INFO AVS_ZohoIntegration.Program - Tax: 
2026-08-31 12:16:14,379 INFO AVS_ZohoIntegration.Program - Usage_Unit: 
2026-08-31 12:16:14,380 INFO AVS_ZohoIntegration.Program - Qty_in_Stock: 460
2026-08-31 12:16:14,381 INFO AVS_ZohoIntegration.Program - Taxable: true
2026-08-31 12:16:14,382 INFO AVS_ZohoIntegration.Program - * Procesando resultado: 138 *
2026-08-31 12:16:14,383 INFO AVS_ZohoIntegration.Program - Product_Code: MRP_GranChild
2026-08-31 12:16:14,384 INFO AVS_ZohoIntegration.Program - Product_Name: MRP_Nieto
2026-08-31 12:16:14,385 INFO AVS_ZohoIntegration.Program - Product_Active: true
2026-08-31 12:16:14,386 INFO AVS_ZohoIntegration.Program - Unit_Price: 3
2026-08-31 12:16:14,386 INFO AVS_ZohoIntegration.Program - Tax: 
2026-08-31 12:16:14,387 INFO AVS_ZohoIntegration.Program - Usage_Unit: 
2026-08-31 12:16:14,388 INFO AVS_ZohoIntegration.Program - Qty_in_Stock: 451
2026-08-31 12:16:14,389 INFO AVS_ZohoIntegration.Program - Taxable: true
2026-08-31 12:16:14,390 INFO AVS_ZohoIntegration.Program - * Procesando resultado: 139 *
2026-08-31 12:16:14,391 INFO AVS_ZohoIntegration.Program - Product_Code: MRP_Item1
2026-08-31 12:16:14,392 INFO AVS_ZohoIntegration.Program - Product_Name: MRP_Articulo1
2026-08-31 12:16:14,393 INFO AVS_ZohoIntegration.Program - Product_Active: true
2026-08-31 12:16:14,394 INFO AVS_ZohoIntegration.Program - Unit_Price: 20
2026-08-31 12:16:14,395 INFO AVS_ZohoIntegration.Program - Tax: 
2026-08-31 12:16:14,396 INFO AVS_ZohoIntegration.Program - Usage_Unit: 
2026-08-31 12:16:14,397 INFO AVS_ZohoIntegration.Program - Qty_in_Stock: 294
2026-08-31 12:16:14,398 INFO AVS_ZohoIntegration.Program - Taxable: true
2026-08-31 12:16:14,399 INFO AVS_ZohoIntegration.Program - * Procesando resultado: 140 *
2026-08-31 12:16:14,400 INFO AVS_ZohoIntegration.Program - Product_Code: MRP_Item2
2026-08-31 12:16:14,401 INFO AVS_ZohoIntegration.Program - Product_Name: MRP_Articulo2
2026-08-31 12:16:14,402 INFO AVS_ZohoIntegration.Program - Product_Active: true
2026-08-31 12:16:14,403 INFO AVS_ZohoIntegration.Program - Unit_Price: 20
2026-08-31 12:16:14,404 INFO AVS_ZohoIntegration.Program - Tax: 
2026-08-31 12:16:14,405 INFO AVS_ZohoIntegration.Program - Usage_Unit: 
2026-08-31 12:16:14,406 INFO AVS_ZohoIntegration.Program - Qty_in_Stock: 391
2026-08-31 12:16:14,407 INFO AVS_ZohoIntegration.Program - Taxable: true
2026-08-31 12:16:14,408 INFO AVS_ZohoIntegration.Program - * Procesando resultado: 141 *
2026-08-31 12:16:14,408 INFO AVS_ZohoIntegration.Program - Product_Code: MRP_Item3
2026-08-31 12:16:14,410 INFO AVS_ZohoIntegration.Program - Product_Name: MRP_Articulo3
2026-08-31 12:16:14,410 INFO AVS_ZohoIntegration.Program - Product_Active: true
2026-08-31 12:16:14,411 INFO AVS_ZohoIntegration.Program - Unit_Price: 20
2026-08-31 12:16:14,412 INFO AVS_ZohoIntegration.Program - Tax: 
2026-08-31 12:16:14,414 INFO AVS_ZohoIntegration.Program - Usage_Unit: 
2026-08-31 12:16:14,414 INFO AVS_ZohoIntegration.Program - Qty_in_Stock: 337
2026-08-31 12:16:14,415 INFO AVS_ZohoIntegration.Program - Taxable: true
2026-08-31 12:16:14,416 INFO AVS_ZohoIntegration.Program - * Procesando resultado: 142 *
2026-08-31 12:16:14,417 INFO AVS_ZohoIntegration.Program - Product_Code: MRP_Item4
2026-08-31 12:16:14,419 INFO AVS_ZohoIntegration.Program - Product_Name: MRP_Articulo4
2026-08-31 12:16:14,420 INFO AVS_ZohoIntegration.Program - Product_Active: true
2026-08-31 12:16:14,421 INFO AVS_ZohoIntegration.Program - Unit_Price: 20
2026-08-31 12:16:14,421 INFO AVS_ZohoIntegration.Program - Tax: 
2026-08-31 12:16:14,422 INFO AVS_ZohoIntegration.Program - Usage_Unit: 
2026-08-31 12:16:14,423 INFO AVS_ZohoIntegration.Program - Qty_in_Stock: 345
2026-08-31 12:16:14,424 INFO AVS_ZohoIntegration.Program - Taxable: true
2026-08-31 12:16:14,425 INFO AVS_ZohoIntegration.Program - * Procesando resultado: 143 *
2026-08-31 12:16:14,426 INFO AVS_ZohoIntegration.Program - Product_Code: MRP_Item5
2026-08-31 12:16:14,427 INFO AVS_ZohoIntegration.Program - Product_Name: MRP_Articulo5
2026-08-31 12:16:14,428 INFO AVS_ZohoIntegration.Program - Product_Active: true
2026-08-31 12:16:14,429 INFO AVS_ZohoIntegration.Program - Unit_Price: 20
2026-08-31 12:16:14,430 INFO AVS_ZohoIntegration.Program - Tax: 
2026-08-31 12:16:14,431 INFO AVS_ZohoIntegration.Program - Usage_Unit: 
2026-08-31 12:16:14,432 INFO AVS_ZohoIntegration.Program - Qty_in_Stock: 441
2026-08-31 12:16:14,434 INFO AVS_ZohoIntegration.Program - Taxable: true
2026-08-31 12:16:14,435 INFO AVS_ZohoIntegration.Program - * Procesando resultado: 144 *
2026-08-31 12:16:14,435 INFO AVS_ZohoIntegration.Program - Product_Code: P10001
2026-08-31 12:16:14,436 INFO AVS_ZohoIntegration.Program - Product_Name: PC - 8x core, DDR 32GB, 2TB HDD
2026-08-31 12:16:14,437 INFO AVS_ZohoIntegration.Program - Product_Active: true
2026-08-31 12:16:14,438 INFO AVS_ZohoIntegration.Program - Unit_Price: 272747.89
2026-08-31 12:16:14,439 INFO AVS_ZohoIntegration.Program - Tax: 
2026-08-31 12:16:14,440 INFO AVS_ZohoIntegration.Program - Usage_Unit: 
2026-08-31 12:16:14,441 INFO AVS_ZohoIntegration.Program - Qty_in_Stock: 501.1
2026-08-31 12:16:14,442 INFO AVS_ZohoIntegration.Program - Taxable: true
2026-08-31 12:16:14,443 INFO AVS_ZohoIntegration.Program - * Procesando resultado: 145 *
2026-08-31 12:16:14,444 INFO AVS_ZohoIntegration.Program - Product_Code: P10001_D
2026-08-31 12:16:14,445 INFO AVS_ZohoIntegration.Program - Product_Name: PC - 8x core, DDR 32GB, 2TB HDD Reproceso
2026-08-31 12:16:14,446 INFO AVS_ZohoIntegration.Program - Product_Active: true
2026-08-31 12:16:14,447 INFO AVS_ZohoIntegration.Program - Unit_Price: 272747.89
2026-08-31 12:16:14,448 INFO AVS_ZohoIntegration.Program - Tax: 
2026-08-31 12:16:14,448 INFO AVS_ZohoIntegration.Program - Usage_Unit: 
2026-08-31 12:16:14,450 INFO AVS_ZohoIntegration.Program - Qty_in_Stock: -44
2026-08-31 12:16:14,451 INFO AVS_ZohoIntegration.Program - Taxable: true
2026-08-31 12:16:14,452 INFO AVS_ZohoIntegration.Program - * Procesando resultado: 146 *
2026-08-31 12:16:14,453 INFO AVS_ZohoIntegration.Program - Product_Code: P10001_L
2026-08-31 12:16:14,454 INFO AVS_ZohoIntegration.Program - Product_Name: PC - 8x core, DDR 32GB, 2TB HDD
2026-08-31 12:16:14,455 INFO AVS_ZohoIntegration.Program - Product_Active: true
2026-08-31 12:16:14,455 INFO AVS_ZohoIntegration.Program - Unit_Price: 272747.89
2026-08-31 12:16:14,456 INFO AVS_ZohoIntegration.Program - Tax: 
2026-08-31 12:16:14,457 INFO AVS_ZohoIntegration.Program - Usage_Unit: 
2026-08-31 12:16:14,458 INFO AVS_ZohoIntegration.Program - Qty_in_Stock: 173.5
2026-08-31 12:16:14,459 INFO AVS_ZohoIntegration.Program - Taxable: true
2026-08-31 12:16:14,460 INFO AVS_ZohoIntegration.Program - * Procesando resultado: 147 *
2026-08-31 12:16:14,461 INFO AVS_ZohoIntegration.Program - Product_Code: P10001-R
2026-08-31 12:16:14,462 INFO AVS_ZohoIntegration.Program - Product_Name: Articulo de reproceso
2026-08-31 12:16:14,463 INFO AVS_ZohoIntegration.Program - Product_Active: true
2026-08-31 12:16:14,465 INFO AVS_ZohoIntegration.Program - Unit_Price: 272747.89
2026-08-31 12:16:14,466 INFO AVS_ZohoIntegration.Program - Tax: 
2026-08-31 12:16:14,467 INFO AVS_ZohoIntegration.Program - Usage_Unit: 
2026-08-31 12:16:14,467 INFO AVS_ZohoIntegration.Program - Qty_in_Stock: 2011
2026-08-31 12:16:14,468 INFO AVS_ZohoIntegration.Program - Taxable: true
2026-08-31 12:16:14,469 INFO AVS_ZohoIntegration.Program - * Procesando resultado: 148 *
2026-08-31 12:16:14,470 INFO AVS_ZohoIntegration.Program - Product_Code: P10002
2026-08-31 12:16:14,471 INFO AVS_ZohoIntegration.Program - Product_Name: PC - 12x core, 64GB, 5 x 150GB SSD
2026-08-31 12:16:14,472 INFO AVS_ZohoIntegration.Program - Product_Active: true
2026-08-31 12:16:14,473 INFO AVS_ZohoIntegration.Program - Unit_Price: 261234.18
2026-08-31 12:16:14,474 INFO AVS_ZohoIntegration.Program - Tax: 
2026-08-31 12:16:14,475 INFO AVS_ZohoIntegration.Program - Usage_Unit: 
2026-08-31 12:16:14,476 INFO AVS_ZohoIntegration.Program - Qty_in_Stock: 457
2026-08-31 12:16:14,477 INFO AVS_ZohoIntegration.Program - Taxable: true
2026-08-31 12:16:14,478 INFO AVS_ZohoIntegration.Program - * Procesando resultado: 149 *
2026-08-31 12:16:14,479 INFO AVS_ZohoIntegration.Program - Product_Code: P10003
2026-08-31 12:16:14,480 INFO AVS_ZohoIntegration.Program - Product_Name: PC Set 1
2026-08-31 12:16:14,481 INFO AVS_ZohoIntegration.Program - Product_Active: true
2026-08-31 12:16:14,483 INFO AVS_ZohoIntegration.Program - Unit_Price: 57632.81
2026-08-31 12:16:14,484 INFO AVS_ZohoIntegration.Program - Tax: 
2026-08-31 12:16:14,485 INFO AVS_ZohoIntegration.Program - Usage_Unit: 
2026-08-31 12:16:14,485 INFO AVS_ZohoIntegration.Program - Qty_in_Stock: 483
2026-08-31 12:16:14,486 INFO AVS_ZohoIntegration.Program - Taxable: true
2026-08-31 12:16:14,487 INFO AVS_ZohoIntegration.Program - * Procesando resultado: 150 *
2026-08-31 12:16:14,488 INFO AVS_ZohoIntegration.Program - Product_Code: P10004
2026-08-31 12:16:14,489 INFO AVS_ZohoIntegration.Program - Product_Name: PC Set 2
2026-08-31 12:16:14,490 INFO AVS_ZohoIntegration.Program - Product_Active: true
2026-08-31 12:16:14,491 INFO AVS_ZohoIntegration.Program - Unit_Price: 96011.4
2026-08-31 12:16:14,492 INFO AVS_ZohoIntegration.Program - Tax: 
2026-08-31 12:16:14,493 INFO AVS_ZohoIntegration.Program - Usage_Unit: 
2026-08-31 12:16:14,494 INFO AVS_ZohoIntegration.Program - Qty_in_Stock: 364
2026-08-31 12:16:14,495 INFO AVS_ZohoIntegration.Program - Taxable: true
2026-08-31 12:16:14,495 INFO AVS_ZohoIntegration.Program - * Procesando resultado: 151 *
2026-08-31 12:16:14,496 INFO AVS_ZohoIntegration.Program - Product_Code: P20001
2026-08-31 12:16:14,498 INFO AVS_ZohoIntegration.Program - Product_Name: 4GB Memory Server
2026-08-31 12:16:14,499 INFO AVS_ZohoIntegration.Program - Product_Active: true
2026-08-31 12:16:14,500 INFO AVS_ZohoIntegration.Program - Unit_Price: 45632
2026-08-31 12:16:14,501 INFO AVS_ZohoIntegration.Program - Tax: 
2026-08-31 12:16:14,502 INFO AVS_ZohoIntegration.Program - Usage_Unit: 
2026-08-31 12:16:14,503 INFO AVS_ZohoIntegration.Program - Qty_in_Stock: 455
2026-08-31 12:16:14,504 INFO AVS_ZohoIntegration.Program - Taxable: true
2026-08-31 12:16:14,505 INFO AVS_ZohoIntegration.Program - * Procesando resultado: 152 *
2026-08-31 12:16:14,506 INFO AVS_ZohoIntegration.Program - Product_Code: P20002
2026-08-31 12:16:14,507 INFO AVS_ZohoIntegration.Program - Product_Name: 32GB Memory Server
2026-08-31 12:16:14,508 INFO AVS_ZohoIntegration.Program - Product_Active: true
2026-08-31 12:16:14,509 INFO AVS_ZohoIntegration.Program - Unit_Price: 29453
2026-08-31 12:16:14,510 INFO AVS_ZohoIntegration.Program - Tax: 
2026-08-31 12:16:14,511 INFO AVS_ZohoIntegration.Program - Usage_Unit: 
2026-08-31 12:16:14,512 INFO AVS_ZohoIntegration.Program - Qty_in_Stock: 491
2026-08-31 12:16:14,514 INFO AVS_ZohoIntegration.Program - Taxable: true
2026-08-31 12:16:14,515 INFO AVS_ZohoIntegration.Program - * Procesando resultado: 153 *
2026-08-31 12:16:14,516 INFO AVS_ZohoIntegration.Program - Product_Code: P20003
2026-08-31 12:16:14,516 INFO AVS_ZohoIntegration.Program - Product_Name: External HD
2026-08-31 12:16:14,517 INFO AVS_ZohoIntegration.Program - Product_Active: true
2026-08-31 12:16:14,519 INFO AVS_ZohoIntegration.Program - Unit_Price: 175699
2026-08-31 12:16:14,520 INFO AVS_ZohoIntegration.Program - Tax: 
2026-08-31 12:16:14,521 INFO AVS_ZohoIntegration.Program - Usage_Unit: 
2026-08-31 12:16:14,522 INFO AVS_ZohoIntegration.Program - Qty_in_Stock: 500
2026-08-31 12:16:14,523 INFO AVS_ZohoIntegration.Program - Taxable: true
2026-08-31 12:16:14,524 INFO AVS_ZohoIntegration.Program - * Procesando resultado: 154 *
2026-08-31 12:16:14,525 INFO AVS_ZohoIntegration.Program - Product_Code: PR00001
2026-08-31 12:16:14,526 INFO AVS_ZohoIntegration.Program - Product_Name: Articulo de prueba
2026-08-31 12:16:14,527 INFO AVS_ZohoIntegration.Program - Product_Active: true
2026-08-31 12:16:14,528 INFO AVS_ZohoIntegration.Program - Unit_Price: 300
2026-08-31 12:16:14,530 INFO AVS_ZohoIntegration.Program - Tax: 
2026-08-31 12:16:14,531 INFO AVS_ZohoIntegration.Program - Usage_Unit: 
2026-08-31 12:16:14,532 INFO AVS_ZohoIntegration.Program - Qty_in_Stock: 0
2026-08-31 12:16:14,533 INFO AVS_ZohoIntegration.Program - Taxable: true
2026-08-31 12:16:14,534 INFO AVS_ZohoIntegration.Program - * Procesando resultado: 155 *
2026-08-31 12:16:14,535 INFO AVS_ZohoIntegration.Program - Product_Code: R00001
2026-08-31 12:16:14,536 INFO AVS_ZohoIntegration.Program - Product_Name: Papel Blanco para Impresora Tamaño A4
2026-08-31 12:16:14,537 INFO AVS_ZohoIntegration.Program - Product_Active: true
2026-08-31 12:16:14,538 INFO AVS_ZohoIntegration.Program - Unit_Price: 5
2026-08-31 12:16:14,539 INFO AVS_ZohoIntegration.Program - Tax: 
2026-08-31 12:16:14,540 INFO AVS_ZohoIntegration.Program - Usage_Unit: Paquete  de 6 pzas
2026-08-31 12:16:14,541 INFO AVS_ZohoIntegration.Program - Qty_in_Stock: 500
2026-08-31 12:16:14,542 INFO AVS_ZohoIntegration.Program - Taxable: true
2026-08-31 12:16:14,543 INFO AVS_ZohoIntegration.Program - * Procesando resultado: 156 *
2026-08-31 12:16:14,545 INFO AVS_ZohoIntegration.Program - Product_Code: R00002
2026-08-31 12:16:14,546 INFO AVS_ZohoIntegration.Program - Product_Name: Papel Reciclado para Impresora Tamaño A4
2026-08-31 12:16:14,547 INFO AVS_ZohoIntegration.Program - Product_Active: true
2026-08-31 12:16:14,548 INFO AVS_ZohoIntegration.Program - Unit_Price: 3
2026-08-31 12:16:14,549 INFO AVS_ZohoIntegration.Program - Tax: 
2026-08-31 12:16:14,550 INFO AVS_ZohoIntegration.Program - Usage_Unit: Paquete
2026-08-31 12:16:14,551 INFO AVS_ZohoIntegration.Program - Qty_in_Stock: 500
2026-08-31 12:16:14,552 INFO AVS_ZohoIntegration.Program - Taxable: true
2026-08-31 12:16:14,552 INFO AVS_ZohoIntegration.Program - * Procesando resultado: 157 *
2026-08-31 12:16:14,553 INFO AVS_ZohoIntegration.Program - Product_Code: S10000
2026-08-31 12:16:14,554 INFO AVS_ZohoIntegration.Program - Product_Name: Server Point 10000
2026-08-31 12:16:14,555 INFO AVS_ZohoIntegration.Program - Product_Active: true
2026-08-31 12:16:14,556 INFO AVS_ZohoIntegration.Program - Unit_Price: 354042.43
2026-08-31 12:16:14,557 INFO AVS_ZohoIntegration.Program - Tax: B00
2026-08-31 12:16:14,558 INFO AVS_ZohoIntegration.Program - Usage_Unit: 
2026-08-31 12:16:14,559 INFO AVS_ZohoIntegration.Program - Qty_in_Stock: 500
2026-08-31 12:16:14,560 INFO AVS_ZohoIntegration.Program - Taxable: true
2026-08-31 12:16:14,561 INFO AVS_ZohoIntegration.Program - * Procesando resultado: 158 *
2026-08-31 12:16:14,562 INFO AVS_ZohoIntegration.Program - Product_Code: TR0001
2026-08-31 12:16:14,563 INFO AVS_ZohoIntegration.Program - Product_Name: Travel Expense per 100 miles
2026-08-31 12:16:14,564 INFO AVS_ZohoIntegration.Program - Product_Active: true
2026-08-31 12:16:14,565 INFO AVS_ZohoIntegration.Program - Unit_Price: 600
2026-08-31 12:16:14,566 INFO AVS_ZohoIntegration.Program - Tax: 
2026-08-31 12:16:14,567 INFO AVS_ZohoIntegration.Program - Usage_Unit: 
2026-08-31 12:16:14,568 INFO AVS_ZohoIntegration.Program - Qty_in_Stock: 0
2026-08-31 12:16:14,569 INFO AVS_ZohoIntegration.Program - Taxable: true
2026-08-31 12:16:14,570 INFO AVS_ZohoIntegration.Program - * Procesando resultado: 159 *
2026-08-31 12:16:14,571 INFO AVS_ZohoIntegration.Program - Product_Code: Z00001
2026-08-31 12:16:14,572 INFO AVS_ZohoIntegration.Program - Product_Name: Tablet PC 64GB Negra
2026-08-31 12:16:14,573 INFO AVS_ZohoIntegration.Program - Product_Active: true
2026-08-31 12:16:14,574 INFO AVS_ZohoIntegration.Program - Unit_Price: 700
2026-08-31 12:16:14,574 INFO AVS_ZohoIntegration.Program - Tax: 
2026-08-31 12:16:14,576 INFO AVS_ZohoIntegration.Program - Usage_Unit: 
2026-08-31 12:16:14,577 INFO AVS_ZohoIntegration.Program - Qty_in_Stock: 524
2026-08-31 12:16:14,578 INFO AVS_ZohoIntegration.Program - Taxable: true
2026-08-31 12:16:14,578 INFO AVS_ZohoIntegration.Program - * Procesando resultado: 160 *
2026-08-31 12:16:14,579 INFO AVS_ZohoIntegration.Program - Product_Code: Z00002
2026-08-31 12:16:14,580 INFO AVS_ZohoIntegration.Program - Product_Name: Tablet PC 64GB Blanca
2026-08-31 12:16:14,581 INFO AVS_ZohoIntegration.Program - Product_Active: true
2026-08-31 12:16:14,582 INFO AVS_ZohoIntegration.Program - Unit_Price: 700
2026-08-31 12:16:14,583 INFO AVS_ZohoIntegration.Program - Tax: 
2026-08-31 12:16:14,584 INFO AVS_ZohoIntegration.Program - Usage_Unit: 
2026-08-31 12:16:14,585 INFO AVS_ZohoIntegration.Program - Qty_in_Stock: 523
2026-08-31 12:16:14,586 INFO AVS_ZohoIntegration.Program - Taxable: true
2026-08-31 12:16:14,713 INFO AVS_ZohoIntegration.Program - {"data":[{"Product_Code":"A00001","Product_Name":"J.B. Officeprint 1420","Product_Active":"true","Unit_Price":"76757.3","Tax":"","Usage_Unit":"","Qty_in_Stock":"743","Taxable":"true"},{"Product_Code":"A00002","Product_Name":"J.B. Officeprint 1111","Product_Active":"true","Unit_Price":"0","Tax":"","Usage_Unit":"","Qty_in_Stock":"949","Taxable":"true"},{"Product_Code":"A00003","Product_Name":"J.B. Officeprint 1186","Product_Active":"true","Unit_Price":"57567.81","Tax":"","Usage_Unit":"","Qty_in_Stock":"1123","Taxable":"true"},{"Product_Code":"A00004","Product_Name":"Rainbow Color Printer 5.0","Product_Active":"true","Unit_Price":"95946.4","Tax":"","Usage_Unit":"","Qty_in_Stock":"1106","Taxable":"true"},{"Product_Code":"A00005","Product_Name":"Rainbow Color Printer 7.5","Product_Active":"true","Unit_Price":"50","Tax":"","Usage_Unit":"","Qty_in_Stock":"1187","Taxable":"true"},{"Product_Code":"A00006","Product_Name":"Rainbow 1200 Laser Series","Product_Active":"true","Unit_Price":"76757.18","Tax":"","Usage_Unit":"","Qty_in_Stock":"528","Taxable":"true"},{"Product_Code":"A00007","Product_Name":"Rainbow 1200 Laser Series","Product_Active":"true","Unit_Price":"76757.18","Tax":"","Usage_Unit":"","Qty_in_Stock":"0","Taxable":"true"},{"Product_Code":"A00008","Product_Name":"Rainbow 1200 Laser Series","Product_Active":"true","Unit_Price":"76757.18","Tax":"","Usage_Unit":"","Qty_in_Stock":"0","Taxable":"true"},{"Product_Code":"A00009","Product_Name":"Rainbow 1200 Laser Series","Product_Active":"true","Unit_Price":"76757.18","Tax":"","Usage_Unit":"","Qty_in_Stock":"0","Taxable":"true"},{"Product_Code":"A00010","Product_Name":"Rainbow 1200 Laser Series","Product_Active":"true","Unit_Price":"76757.18","Tax":"","Usage_Unit":"","Qty_in_Stock":"0","Taxable":"true"},{"Product_Code":"A00011","Product_Name":"Rainbow 1200 Laser Series","Product_Active":"true","Unit_Price":"76757.18","Tax":"","Usage_Unit":"","Qty_in_Stock":"0","Taxable":"true"},{"Product_Code":"A00012","Product_Name":"Rainbow 1200 Laser Series","Product_Active":"true","Unit_Price":"76757.18","Tax":"","Usage_Unit":"","Qty_in_Stock":"0","Taxable":"true"},{"Product_Code":"A00013","Product_Name":"Rainbow 1200 Laser Series","Product_Active":"true","Unit_Price":"76757.18","Tax":"","Usage_Unit":"","Qty_in_Stock":"0","Taxable":"true"},{"Product_Code":"A00014","Product_Name":"Rainbow 1200 Laser Series","Product_Active":"true","Unit_Price":"76757.18","Tax":"","Usage_Unit":"","Qty_in_Stock":"0","Taxable":"true"},{"Product_Code":"A00015","Product_Name":"Rainbow 1200 Laser Series","Product_Active":"true","Unit_Price":"76757.18","Tax":"","Usage_Unit":"","Qty_in_Stock":"0","Taxable":"true"},{"Product_Code":"A00016","Product_Name":"Rainbow 1200 Laser Series","Product_Active":"true","Unit_Price":"76757.18","Tax":"","Usage_Unit":"","Qty_in_Stock":"0","Taxable":"true"},{"Product_Code":"A00017","Product_Name":"Rainbow 1200 Laser Series","Product_Active":"true","Unit_Price":"76757.18","Tax":"","Usage_Unit":"","Qty_in_Stock":"0","Taxable":"true"},{"Product_Code":"A00018","Product_Name":"Rainbow 1200 Laser Series","Product_Active":"true","Unit_Price":"76757.18","Tax":"","Usage_Unit":"","Qty_in_Stock":"0","Taxable":"true"},{"Product_Code":"A00019","Product_Name":"Rainbow 1200 Laser Series","Product_Active":"true","Unit_Price":"76757.18","Tax":"","Usage_Unit":"","Qty_in_Stock":"0","Taxable":"true"},{"Product_Code":"A00020","Product_Name":"J.B. Officeprint 1420","Product_Active":"true","Unit_Price":"76757.18","Tax":"","Usage_Unit":"","Qty_in_Stock":"0","Taxable":"true"},{"Product_Code":"A00021","Product_Name":"J.B. Officeprint 1420","Product_Active":"true","Unit_Price":"76757.18","Tax":"","Usage_Unit":"","Qty_in_Stock":"0","Taxable":"true"},{"Product_Code":"A00022","Product_Name":"J.B. Officeprint 1420","Product_Active":"true","Unit_Price":"76757.18","Tax":"","Usage_Unit":"","Qty_in_Stock":"0","Taxable":"true"},{"Product_Code":"A00023","Product_Name":"J.B. Officeprint 1420","Product_Active":"true","Unit_Price":"76757.18","Tax":"","Usage_Unit":"","Qty_in_Stock":"0","Taxable":"true"},{"Product_Code":"A00024","Product_Name":"J.B. Officeprint 1420","Product_Active":"true","Unit_Price":"76757.18","Tax":"","Usage_Unit":"","Qty_in_Stock":"0","Taxable":"true"},{"Product_Code":"A00025","Product_Name":"J.B. Officeprint 1420","Product_Active":"true","Unit_Price":"76757.18","Tax":"","Usage_Unit":"","Qty_in_Stock":"0","Taxable":"true"},{"Product_Code":"A00026","Product_Name":"J.B. Officeprint 1420","Product_Active":"true","Unit_Price":"76757.18","Tax":"","Usage_Unit":"","Qty_in_Stock":"0","Taxable":"true"},{"Product_Code":"A00027","Product_Name":"J.B. Officeprint 1420","Product_Active":"true","Unit_Price":"76757.18","Tax":"","Usage_Unit":"","Qty_in_Stock":"0","Taxable":"true"},{"Product_Code":"A00028","Product_Name":"J.B. Officeprint 1420","Product_Active":"true","Unit_Price":"76757.18","Tax":"","Usage_Unit":"","Qty_in_Stock":"0","Taxable":"true"},{"Product_Code":"A00029","Product_Name":"J.B. Officeprint 1420","Product_Active":"true","Unit_Price":"76757.18","Tax":"","Usage_Unit":"","Qty_in_Stock":"0","Taxable":"true"},{"Product_Code":"A00030","Product_Name":"J.B. Officeprint 1420","Product_Active":"true","Unit_Price":"76757.18","Tax":"","Usage_Unit":"","Qty_in_Stock":"0","Taxable":"true"},{"Product_Code":"A00031","Product_Name":"J.B. Officeprint 1420","Product_Active":"true","Unit_Price":"76757.18","Tax":"","Usage_Unit":"","Qty_in_Stock":"0","Taxable":"true"},{"Product_Code":"A00032","Product_Name":"J.B. Officeprint 1420","Product_Active":"true","Unit_Price":"76757.18","Tax":"","Usage_Unit":"","Qty_in_Stock":"0","Taxable":"true"},{"Product_Code":"A00033","Product_Name":"J.B. Officeprint 1420","Product_Active":"true","Unit_Price":"76757.18","Tax":"","Usage_Unit":"","Qty_in_Stock":"0","Taxable":"true"},{"Product_Code":"A00034","Product_Name":"J.B. Officeprint 1420","Product_Active":"true","Unit_Price":"76757.18","Tax":"","Usage_Unit":"","Qty_in_Stock":"0","Taxable":"true"},{"Product_Code":"A00035","Product_Name":"J.B. Officeprint 1420","Product_Active":"true","Unit_Price":"76757.18","Tax":"","Usage_Unit":"","Qty_in_Stock":"0","Taxable":"true"},{"Product_Code":"A00036","Product_Name":"J.B. Officeprint 1420","Product_Active":"true","Unit_Price":"76757.18","Tax":"","Usage_Unit":"","Qty_in_Stock":"0","Taxable":"true"},{"Product_Code":"A00037","Product_Name":"J.B. Officeprint 1420","Product_Active":"true","Unit_Price":"76757.18","Tax":"","Usage_Unit":"","Qty_in_Stock":"0","Taxable":"true"},{"Product_Code":"A00038","Product_Name":"J.B. Officeprint 1420","Product_Active":"true","Unit_Price":"76757.18","Tax":"","Usage_Unit":"","Qty_in_Stock":"0","Taxable":"true"},{"Product_Code":"A00039","Product_Name":"J.B. Officeprint 1420","Product_Active":"true","Unit_Price":"76757.18","Tax":"","Usage_Unit":"","Qty_in_Stock":"0","Taxable":"true"},{"Product_Code":"A00040","Product_Name":"J.B. Officeprint 1420","Product_Active":"true","Unit_Price":"76757.18","Tax":"","Usage_Unit":"","Qty_in_Stock":"0","Taxable":"true"},{"Product_Code":"A00041","Product_Name":"J.B. Officeprint 1420","Product_Active":"true","Unit_Price":"76757.18","Tax":"","Usage_Unit":"","Qty_in_Stock":"0","Taxable":"true"},{"Product_Code":"A00042","Product_Name":"J.B. Officeprint 1420","Product_Active":"true","Unit_Price":"76757.18","Tax":"","Usage_Unit":"","Qty_in_Stock":"0","Taxable":"true"},{"Product_Code":"A00043","Product_Name":"J.B. Officeprint 1420","Product_Active":"true","Unit_Price":"76757.18","Tax":"","Usage_Unit":"","Qty_in_Stock":"0","Taxable":"true"},{"Product_Code":"A00044","Product_Name":"J.B. Officeprint 1420","Product_Active":"true","Unit_Price":"76757.18","Tax":"","Usage_Unit":"","Qty_in_Stock":"0","Taxable":"true"},{"Product_Code":"A00045","Product_Name":"J.B. Officeprint 1420","Product_Active":"true","Unit_Price":"76757.18","Tax":"","Usage_Unit":"","Qty_in_Stock":"0","Taxable":"true"},{"Product_Code":"A00046","Product_Name":"J.B. Officeprint 1420","Product_Active":"true","Unit_Price":"76757.18","Tax":"","Usage_Unit":"","Qty_in_Stock":"0","Taxable":"true"},{"Product_Code":"A00047","Product_Name":"J.B. Officeprint 1420","Product_Active":"true","Unit_Price":"76757.18","Tax":"","Usage_Unit":"","Qty_in_Stock":"0","Taxable":"true"},{"Product_Code":"A00048","Product_Name":"J.B. Officeprint 1420","Product_Active":"true","Unit_Price":"76757.18","Tax":"","Usage_Unit":"","Qty_in_Stock":"0","Taxable":"true"},{"Product_Code":"A00049","Product_Name":"J.B. Officeprint 1420","Product_Active":"true","Unit_Price":"76757.18","Tax":"","Usage_Unit":"","Qty_in_Stock":"0","Taxable":"true"},{"Product_Code":"A00050","Product_Name":"J.B. Officeprint 1420","Product_Active":"true","Unit_Price":"76757.18","Tax":"","Usage_Unit":"","Qty_in_Stock":"0","Taxable":"true"},{"Product_Code":"A00051","Product_Name":"J.B. Officeprint 1420","Product_Active":"true","Unit_Price":"76757.18","Tax":"","Usage_Unit":"","Qty_in_Stock":"0","Taxable":"true"},{"Product_Code":"A00052","Product_Name":"J.B. Officeprint 1420","Product_Active":"true","Unit_Price":"76757.18","Tax":"","Usage_Unit":"","Qty_in_Stock":"0","Taxable":"true"},{"Product_Code":"A00053","Product_Name":"J.B. Officeprint 1420","Product_Active":"true","Unit_Price":"76757.18","Tax":"","Usage_Unit":"","Qty_in_Stock":"0","Taxable":"true"},{"Product_Code":"A00054","Product_Name":"J.B. Officeprint 1420","Product_Active":"true","Unit_Price":"76757.18","Tax":"","Usage_Unit":"","Qty_in_Stock":"0","Taxable":"true"},{"Product_Code":"A00055","Product_Name":"J.B. Officeprint 1420","Product_Active":"true","Unit_Price":"76757.18","Tax":"","Usage_Unit":"","Qty_in_Stock":"0","Taxable":"true"},{"Product_Code":"A00056","Product_Name":"J.B. Officeprint 1420","Product_Active":"true","Unit_Price":"76757.18","Tax":"","Usage_Unit":"","Qty_in_Stock":"0","Taxable":"true"},{"Product_Code":"A00057","Product_Name":"J.B. Officeprint 1420","Product_Active":"true","Unit_Price":"76757.18","Tax":"","Usage_Unit":"","Qty_in_Stock":"0","Taxable":"true"},{"Product_Code":"A00058","Product_Name":"J.B. Officeprint 1420","Product_Active":"true","Unit_Price":"76757.18","Tax":"","Usage_Unit":"","Qty_in_Stock":"0","Taxable":"true"},{"Product_Code":"A00059","Product_Name":"J.B. Officeprint 1420","Product_Active":"true","Unit_Price":"76757.18","Tax":"","Usage_Unit":"","Qty_in_Stock":"0","Taxable":"true"},{"Product_Code":"A00060","Product_Name":"J.B. Officeprint 1420","Product_Active":"true","Unit_Price":"76757.18","Tax":"","Usage_Unit":"","Qty_in_Stock":"0","Taxable":"true"},{"Product_Code":"A00061","Product_Name":"J.B. Officeprint 1420","Product_Active":"true","Unit_Price":"76757.18","Tax":"","Usage_Unit":"","Qty_in_Stock":"0","Taxable":"true"},{"Product_Code":"A00062","Product_Name":"J.B. Officeprint 1420","Product_Active":"true","Unit_Price":"76757.18","Tax":"","Usage_Unit":"","Qty_in_Stock":"0","Taxable":"true"},{"Product_Code":"A00063","Product_Name":"J.B. Officeprint 1420","Product_Active":"true","Unit_Price":"76757.18","Tax":"","Usage_Unit":"","Qty_in_Stock":"0","Taxable":"true"},{"Product_Code":"A00064","Product_Name":"J.B. Officeprint 1420","Product_Active":"true","Unit_Price":"76757.18","Tax":"","Usage_Unit":"","Qty_in_Stock":"0","Taxable":"true"},{"Product_Code":"A00065","Product_Name":"J.B. Officeprint 1420","Product_Active":"true","Unit_Price":"76757.18","Tax":"","Usage_Unit":"","Qty_in_Stock":"0","Taxable":"true"},{"Product_Code":"A00066","Product_Name":"J.B. Officeprint 1420","Product_Active":"true","Unit_Price":"76757.18","Tax":"","Usage_Unit":"","Qty_in_Stock":"0","Taxable":"true"},{"Product_Code":"A00067","Product_Name":"J.B. Officeprint 1420","Product_Active":"true","Unit_Price":"76757.18","Tax":"","Usage_Unit":"","Qty_in_Stock":"0","Taxable":"true"},{"Product_Code":"A00068","Product_Name":"J.B. Officeprint 1420","Product_Active":"true","Unit_Price":"76757.18","Tax":"","Usage_Unit":"","Qty_in_Stock":"0","Taxable":"true"},{"Product_Code":"A00069","Product_Name":"J.B. Officeprint 1420","Product_Active":"true","Unit_Price":"76757.18","Tax":"","Usage_Unit":"","Qty_in_Stock":"0","Taxable":"true"},{"Product_Code":"A00070","Product_Name":"J.B. Officeprint 1420","Product_Active":"true","Unit_Price":"76757.18","Tax":"","Usage_Unit":"","Qty_in_Stock":"0","Taxable":"true"},{"Product_Code":"A00071","Product_Name":"J.B. Officeprint 1420","Product_Active":"true","Unit_Price":"76757.18","Tax":"","Usage_Unit":"","Qty_in_Stock":"0","Taxable":"true"},{"Product_Code":"A00072","Product_Name":"J.B. Officeprint 1420","Product_Active":"true","Unit_Price":"76757.18","Tax":"","Usage_Unit":"","Qty_in_Stock":"0","Taxable":"true"},{"Product_Code":"B10000","Product_Name":"Printer Label","Product_Active":"true","Unit_Price":"191.95","Tax":"","Usage_Unit":"","Qty_in_Stock":"1628.5","Taxable":"true"},{"Product_Code":"B10001","Product_Name":"Articulo de Prueba para Lotes","Product_Active":"true","Unit_Price":"100","Tax":"","Usage_Unit":"","Qty_in_Stock":"1131","Taxable":"true"},{"Product_Code":"B11000","Product_Name":"Printer Label","Product_Active":"true","Unit_Price":"191.95","Tax":"","Usage_Unit":"","Qty_in_Stock":"0","Taxable":"true"},{"Product_Code":"B12000","Product_Name":"Printer Label","Product_Active":"true","Unit_Price":"191.95","Tax":"","Usage_Unit":"","Qty_in_Stock":"-8.5","Taxable":"true"},{"Product_Code":"B13000","Product_Name":"Printer Label","Product_Active":"true","Unit_Price":"191.95","Tax":"","Usage_Unit":"","Qty_in_Stock":"0","Taxable":"true"},{"Product_Code":"B20000","Product_Name":"Prueba de series","Product_Active":"true","Unit_Price":"100","Tax":"","Usage_Unit":"","Qty_in_Stock":"2","Taxable":"true"},{"Product_Code":"B21000","Product_Name":"Prueba de series","Product_Active":"true","Unit_Price":"100","Tax":"","Usage_Unit":"","Qty_in_Stock":"0","Taxable":"true"},{"Product_Code":"C00001","Product_Name":"Motherboard BTX","Product_Active":"true","Unit_Price":"76757.18","Tax":"","Usage_Unit":"","Qty_in_Stock":"1367.7","Taxable":"true"},{"Product_Code":"C00002","Product_Name":"Motherboard MicroATX","Product_Active":"true","Unit_Price":"57567.81","Tax":"","Usage_Unit":"","Qty_in_Stock":"1648","Taxable":"true"},{"Product_Code":"C00003","Product_Name":"Quadcore CPU 3.4 GHz","Product_Active":"true","Unit_Price":"24946.08","Tax":"","Usage_Unit":"","Qty_in_Stock":"1140.7","Taxable":"true"},{"Product_Code":"C00004","Product_Name":"Tower Case with Power supply","Product_Active":"true","Unit_Price":"6716.19","Tax":"","Usage_Unit":"","Qty_in_Stock":"1103.7","Taxable":"true"},{"Product_Code":"C00005","Product_Name":"WLAN Card","Product_Active":"true","Unit_Price":"11513.56","Tax":"","Usage_Unit":"","Qty_in_Stock":"1036.7","Taxable":"true"},{"Product_Code":"C00006","Product_Name":"Gigabit Network Card","Product_Active":"true","Unit_Price":"2878.43","Tax":"","Usage_Unit":"","Qty_in_Stock":"983.7","Taxable":"true"},{"Product_Code":"C00007","Product_Name":"Hard Disk 3TB","Product_Active":"true","Unit_Price":"95946.4","Tax":"","Usage_Unit":"","Qty_in_Stock":"1081.7","Taxable":"true"},{"Product_Code":"C00008","Product_Name":"Computer Monitor 24\" HDMI","Product_Active":"true","Unit_Price":"38378.59","Tax":"","Usage_Unit":"","Qty_in_Stock":"1046.7","Taxable":"true"},{"Product_Code":"C00009","Product_Name":"Keyboard Comfort USB","Product_Active":"true","Unit_Price":"3837.9","Tax":"","Usage_Unit":"","Qty_in_Stock":"1032.7","Taxable":"true"},{"Product_Code":"C00010","Product_Name":"Mouse USB","Product_Active":"true","Unit_Price":"3837.9","Tax":"","Usage_Unit":"","Qty_in_Stock":"1065.7","Taxable":"true"},{"Product_Code":"C00011","Product_Name":"Memory DDR RAM 8GB","Product_Active":"true","Unit_Price":"7675.66","Tax":"","Usage_Unit":"","Qty_in_Stock":"12.7","Taxable":"true"},{"Product_Code":"C00012","Product_Name":"Cabinet for external HD","Product_Active":"true","Unit_Price":"6500","Tax":"","Usage_Unit":"","Qty_in_Stock":"463","Taxable":"true"},{"Product_Code":"C00013","Product_Name":"1 TB disk for external HD","Product_Active":"true","Unit_Price":"3400","Tax":"","Usage_Unit":"","Qty_in_Stock":"479","Taxable":"true"},{"Product_Code":"C00014","Product_Name":"Laptop case","Product_Active":"true","Unit_Price":"2100","Tax":"","Usage_Unit":"","Qty_in_Stock":"434","Taxable":"true"},{"Product_Code":"D00001","Product_Name":"Portable Hard Disk 1TB","Product_Active":"true","Unit_Price":"3400","Tax":"","Usage_Unit":"","Qty_in_Stock":"435","Taxable":"true"},{"Product_Code":"D00002","Product_Name":"Portable Hard Disk 2TB","Product_Active":"true","Unit_Price":"6233","Tax":"","Usage_Unit":"","Qty_in_Stock":"420","Taxable":"true"},{"Product_Code":"E00001","Product_Name":"Secondhand Tablets","Product_Active":"true","Unit_Price":"4100","Tax":"","Usage_Unit":"","Qty_in_Stock":"500","Taxable":"true"},{"Product_Code":"EMP0001","Product_Name":"Empaque 01","Product_Active":"true","Unit_Price":"0","Tax":"","Usage_Unit":"","Qty_in_Stock":"463.877","Taxable":"true"},{"Product_Code":"EMP0002","Product_Name":"Empaque 02","Product_Active":"true","Unit_Price":"0","Tax":"","Usage_Unit":"","Qty_in_Stock":"461.5","Taxable":"true"},{"Product_Code":"EMP0003","Product_Name":"Empaque 03","Product_Active":"true","Unit_Price":"0","Tax":"","Usage_Unit":"","Qty_in_Stock":"424","Taxable":"true"},{"Product_Code":"FLR001","Product_Name":"Ramo de Flores 1","Product_Active":"true","Unit_Price":"0","Tax":"","Usage_Unit":"","Qty_in_Stock":"124","Taxable":"true"},{"Product_Code":"FLR001-GIRASOL","Product_Name":"","Product_Active":"true","Unit_Price":"0","Tax":"","Usage_Unit":"","Qty_in_Stock":"93","Taxable":"true"},{"Product_Code":"FLR001-LIRIO","Product_Name":"","Product_Active":"true","Unit_Price":"0","Tax":"","Usage_Unit":"","Qty_in_Stock":"77","Taxable":"true"},{"Product_Code":"FLR001-ROSA","Product_Name":"","Product_Active":"true","Unit_Price":"0","Tax":"","Usage_Unit":"","Qty_in_Stock":"96","Taxable":"true"},{"Product_Code":"FLR002","Product_Name":"Ramo de Flores 2","Product_Active":"true","Unit_Price":"0","Tax":"","Usage_Unit":"","Qty_in_Stock":"146","Taxable":"true"},{"Product_Code":"FLR002-MARGARITAS","Product_Name":"","Product_Active":"true","Unit_Price":"0","Tax":"","Usage_Unit":"","Qty_in_Stock":"95","Taxable":"true"},{"Product_Code":"FLR002-ROSAS","Product_Name":"","Product_Active":"true","Unit_Price":"0","Tax":"","Usage_Unit":"","Qty_in_Stock":"11","Taxable":"true"},{"Product_Code":"FLR002-TULIPANES","Product_Name":"","Product_Active":"true","Unit_Price":"0","Tax":"","Usage_Unit":"","Qty_in_Stock":"146","Taxable":"true"},{"Product_Code":"I00001","Product_Name":"Blu-Ray Disc 10-Pack","Product_Active":"true","Unit_Price":"575.71","Tax":"","Usage_Unit":"","Qty_in_Stock":"1003","Taxable":"true"},{"Product_Code":"I00002","Product_Name":"Blu-Ray DL Disc 10-Pack","Product_Active":"true","Unit_Price":"2302.71","Tax":"","Usage_Unit":"","Qty_in_Stock":"906","Taxable":"true"},{"Product_Code":"I00003","Product_Name":"USB Flashdrive 128GB","Product_Active":"true","Unit_Price":"3837.9","Tax":"","Usage_Unit":"","Qty_in_Stock":"931","Taxable":"true"},{"Product_Code":"I00004","Product_Name":"USB Flashdrive 256GB","Product_Active":"true","Unit_Price":"5756.85","Tax":"","Usage_Unit":"","Qty_in_Stock":"852","Taxable":"true"},{"Product_Code":"I00005","Product_Name":"J.B. Laptop Batteries X1 series","Product_Active":"true","Unit_Price":"17270.41","Tax":"","Usage_Unit":"","Qty_in_Stock":"1001","Taxable":"true"},{"Product_Code":"I00006","Product_Name":"J.B. Laptop Batteries X2 series","Product_Active":"true","Unit_Price":"15351.46","Tax":"","Usage_Unit":"","Qty_in_Stock":"918","Taxable":"true"},{"Product_Code":"I00007","Product_Name":"Rainbow Printer 9.5 Inkjet Cartridge","Product_Active":"true","Unit_Price":"5372.95","Tax":"","Usage_Unit":"","Qty_in_Stock":"929","Taxable":"true"},{"Product_Code":"I00008","Product_Name":"Rainbow Nuance Ink 6-Pack and Photo Paper Kit","Product_Active":"true","Unit_Price":"7483.85","Tax":"","Usage_Unit":"","Qty_in_Stock":"936","Taxable":"true"},{"Product_Code":"I00009","Product_Name":"SLR PreciseShot PX1500","Product_Active":"true","Unit_Price":"28783.98","Tax":"","Usage_Unit":"","Qty_in_Stock":"951","Taxable":"true"},{"Product_Code":"I00010","Product_Name":"SLR M-CAM 40C","Product_Active":"true","Unit_Price":"115135.76","Tax":"","Usage_Unit":"","Qty_in_Stock":"1048","Taxable":"true"},{"Product_Code":"I00011","Product_Name":"KG USB Travel Hub","Product_Active":"true","Unit_Price":"2302.71","Tax":"","Usage_Unit":"","Qty_in_Stock":"1061","Taxable":"true"},{"Product_Code":"I00012","Product_Name":"KG PC-to-Mac Transfer Kit","Product_Active":"true","Unit_Price":"8635.14","Tax":"","Usage_Unit":"","Qty_in_Stock":"1013","Taxable":"true"},{"Product_Code":"I00013","Product_Name":"SDHC 64 GB Class 10","Product_Active":"true","Unit_Price":"30","Tax":"","Usage_Unit":"","Qty_in_Stock":"501","Taxable":"true"},{"Product_Code":"ITEM0001","Product_Name":"","Product_Active":"true","Unit_Price":"0","Tax":"","Usage_Unit":"","Qty_in_Stock":"0","Taxable":"true"},{"Product_Code":"ITEM0002","Product_Name":"","Product_Active":"true","Unit_Price":"0","Tax":"","Usage_Unit":"","Qty_in_Stock":"0","Taxable":"true"},{"Product_Code":"L10001","Product_Name":"Labor Hours Production","Product_Active":"true","Unit_Price":"65","Tax":"","Usage_Unit":"","Qty_in_Stock":"0","Taxable":"true"},{"Product_Code":"LB0001","Product_Name":"Daily Service Labor Charge","Product_Active":"true","Unit_Price":"2400","Tax":"","Usage_Unit":"","Qty_in_Stock":"0","Taxable":"true"},{"Product_Code":"LB0002","Product_Name":"Hourly Service Labor Charge","Product_Active":"true","Unit_Price":"600","Tax":"","Usage_Unit":"","Qty_in_Stock":"0","Taxable":"true"},{"Product_Code":"LM4029","Product_Name":"LeMon 4029 Printer","Product_Active":"true","Unit_Price":"46054.25","Tax":"","Usage_Unit":"","Qty_in_Stock":"829.5","Taxable":"true"},{"Product_Code":"LM4029ACA","Product_Name":"LeMon 4029 Printer AC Adapter","Product_Active":"true","Unit_Price":"1918.95","Tax":"","Usage_Unit":"","Qty_in_Stock":"532","Taxable":"true"},{"Product_Code":"LM4029APCD","Product_Name":"LeMon 4029 Printer AC Power Cord","Product_Active":"true","Unit_Price":"959.48","Tax":"","Usage_Unit":"","Qty_in_Stock":"557","Taxable":"true"},{"Product_Code":"LM4029D","Product_Name":"LeMon 4029 500 sheet paper drawer","Product_Active":"true","Unit_Price":"6716.19","Tax":"","Usage_Unit":"","Qty_in_Stock":"693","Taxable":"true"},{"Product_Code":"LM4029MC","Product_Name":"Memory Chip","Product_Active":"true","Unit_Price":"9594.61","Tax":"","Usage_Unit":"","Qty_in_Stock":"421","Taxable":"true"},{"Product_Code":"LM4029PH","Product_Name":"LeMon 4029 Printer Head","Product_Active":"true","Unit_Price":"3837.9","Tax":"","Usage_Unit":"","Qty_in_Stock":"664","Taxable":"true"},{"Product_Code":"LM4029PS","Product_Name":"LeMon 4029 Printer Power Supply","Product_Active":"true","Unit_Price":"3837.9","Tax":"","Usage_Unit":"","Qty_in_Stock":"523","Taxable":"true"},{"Product_Code":"LM4029-R","Product_Name":"Articulo de reproceso","Product_Active":"true","Unit_Price":"0","Tax":"","Usage_Unit":"","Qty_in_Stock":"1000","Taxable":"true"},{"Product_Code":"LM4029SB","Product_Name":"LeMon 4029 Printer System Board","Product_Active":"true","Unit_Price":"19189.23","Tax":"","Usage_Unit":"","Qty_in_Stock":"606","Taxable":"true"},{"Product_Code":"MRP_BOM","Product_Name":"MRP_BOM","Product_Active":"true","Unit_Price":"25","Tax":"","Usage_Unit":"","Qty_in_Stock":"483","Taxable":"true"},{"Product_Code":"MRP_Child1","Product_Name":"MRP_Hijo1","Product_Active":"true","Unit_Price":"5","Tax":"","Usage_Unit":"","Qty_in_Stock":"471","Taxable":"true"},{"Product_Code":"MRP_Child2","Product_Name":"MRP_Hijo2","Product_Active":"true","Unit_Price":"5","Tax":"","Usage_Unit":"","Qty_in_Stock":"460","Taxable":"true"},{"Product_Code":"MRP_GranChild","Product_Name":"MRP_Nieto","Product_Active":"true","Unit_Price":"3","Tax":"","Usage_Unit":"","Qty_in_Stock":"451","Taxable":"true"},{"Product_Code":"MRP_Item1","Product_Name":"MRP_Articulo1","Product_Active":"true","Unit_Price":"20","Tax":"","Usage_Unit":"","Qty_in_Stock":"294","Taxable":"true"},{"Product_Code":"MRP_Item2","Product_Name":"MRP_Articulo2","Product_Active":"true","Unit_Price":"20","Tax":"","Usage_Unit":"","Qty_in_Stock":"391","Taxable":"true"},{"Product_Code":"MRP_Item3","Product_Name":"MRP_Articulo3","Product_Active":"true","Unit_Price":"20","Tax":"","Usage_Unit":"","Qty_in_Stock":"337","Taxable":"true"},{"Product_Code":"MRP_Item4","Product_Name":"MRP_Articulo4","Product_Active":"true","Unit_Price":"20","Tax":"","Usage_Unit":"","Qty_in_Stock":"345","Taxable":"true"},{"Product_Code":"MRP_Item5","Product_Name":"MRP_Articulo5","Product_Active":"true","Unit_Price":"20","Tax":"","Usage_Unit":"","Qty_in_Stock":"441","Taxable":"true"},{"Product_Code":"P10001","Product_Name":"PC - 8x core, DDR 32GB, 2TB HDD","Product_Active":"true","Unit_Price":"272747.89","Tax":"","Usage_Unit":"","Qty_in_Stock":"501.1","Taxable":"true"},{"Product_Code":"P10001_D","Product_Name":"PC - 8x core, DDR 32GB, 2TB HDD Reproceso","Product_Active":"true","Unit_Price":"272747.89","Tax":"","Usage_Unit":"","Qty_in_Stock":"-44","Taxable":"true"},{"Product_Code":"P10001_L","Product_Name":"PC - 8x core, DDR 32GB, 2TB HDD","Product_Active":"true","Unit_Price":"272747.89","Tax":"","Usage_Unit":"","Qty_in_Stock":"173.5","Taxable":"true"},{"Product_Code":"P10001-R","Product_Name":"Articulo de reproceso","Product_Active":"true","Unit_Price":"272747.89","Tax":"","Usage_Unit":"","Qty_in_Stock":"2011","Taxable":"true"},{"Product_Code":"P10002","Product_Name":"PC - 12x core, 64GB, 5 x 150GB SSD","Product_Active":"true","Unit_Price":"261234.18","Tax":"","Usage_Unit":"","Qty_in_Stock":"457","Taxable":"true"},{"Product_Code":"P10003","Product_Name":"PC Set 1","Product_Active":"true","Unit_Price":"57632.81","Tax":"","Usage_Unit":"","Qty_in_Stock":"483","Taxable":"true"},{"Product_Code":"P10004","Product_Name":"PC Set 2","Product_Active":"true","Unit_Price":"96011.4","Tax":"","Usage_Unit":"","Qty_in_Stock":"364","Taxable":"true"},{"Product_Code":"P20001","Product_Name":"4GB Memory Server","Product_Active":"true","Unit_Price":"45632","Tax":"","Usage_Unit":"","Qty_in_Stock":"455","Taxable":"true"},{"Product_Code":"P20002","Product_Name":"32GB Memory Server","Product_Active":"true","Unit_Price":"29453","Tax":"","Usage_Unit":"","Qty_in_Stock":"491","Taxable":"true"},{"Product_Code":"P20003","Product_Name":"External HD","Product_Active":"true","Unit_Price":"175699","Tax":"","Usage_Unit":"","Qty_in_Stock":"500","Taxable":"true"},{"Product_Code":"PR00001","Product_Name":"Articulo de prueba","Product_Active":"true","Unit_Price":"300","Tax":"","Usage_Unit":"","Qty_in_Stock":"0","Taxable":"true"},{"Product_Code":"R00001","Product_Name":"Papel Blanco para Impresora Tamaño A4","Product_Active":"true","Unit_Price":"5","Tax":"","Usage_Unit":"Paquete  de 6 pzas","Qty_in_Stock":"500","Taxable":"true"},{"Product_Code":"R00002","Product_Name":"Papel Reciclado para Impresora Tamaño A4","Product_Active":"true","Unit_Price":"3","Tax":"","Usage_Unit":"Paquete","Qty_in_Stock":"500","Taxable":"true"},{"Product_Code":"S10000","Product_Name":"Server Point 10000","Product_Active":"true","Unit_Price":"354042.43","Tax":"B00","Usage_Unit":"","Qty_in_Stock":"500","Taxable":"true"},{"Product_Code":"TR0001","Product_Name":"Travel Expense per 100 miles","Product_Active":"true","Unit_Price":"600","Tax":"","Usage_Unit":"","Qty_in_Stock":"0","Taxable":"true"},{"Product_Code":"Z00001","Product_Name":"Tablet PC 64GB Negra","Product_Active":"true","Unit_Price":"700","Tax":"","Usage_Unit":"","Qty_in_Stock":"524","Taxable":"true"},{"Product_Code":"Z00002","Product_Name":"Tablet PC 64GB Blanca","Product_Active":"true","Unit_Price":"700","Tax":"","Usage_Unit":"","Qty_in_Stock":"523","Taxable":"true"}]}
2026-08-31 12:16:20,129 INFO AVS_ZohoIntegration.Program - ** 160 registros listos. Enviando a Zoho...
2026-08-31 12:16:20,143 INFO AVS_ZohoIntegration.Program - El Access Token de Zoho ha expirado o no existe. Solicitando uno nuevo...
2026-08-31 12:17:11,509 INFO AVS_ZohoIntegration.Program - Nuevo Access Token de Zoho obtenido correctamente.
2026-08-31 12:17:16,691 INFO AVS_ZohoIntegration.Program - Enviando solicitud POST a https://www.zohoapis.com/crm/v3/Products...
2026-08-31 13:47:39,715 INFO AVS_ZohoIntegration.Program - AVS SFTPSync Version [1.0.0.0]
2026-08-31 13:47:39,735 INFO AVS_ZohoIntegration.Program - Leyendo archivo de configuracion.
2026-08-31 13:47:40,077 ERROR AVS_ZohoIntegration.Program - Cannot deserialize the current JSON array (e.g. [1,2,3]) into type 'System.Collections.Generic.Dictionary`2[System.String,AVSSAPConector.DTO.ZohoEntityConfig]' because the type requires a JSON object (e.g. {"name":"value"}) to deserialize correctly.
To fix this error either change the JSON to a JSON object (e.g. {"name":"value"}) or change the deserialized type to an array or a type that implements a collection interface (e.g. ICollection, IList) like List<T> that can be deserialized from a JSON array. JsonArrayAttribute can also be added to the type to force it to deserialize from a JSON array.
Path '[0].Zoho_EntityConfig', line 17, position 29.
2026-08-31 13:47:50,196 INFO AVS_ZohoIntegration.Program - AVS SFTPSync Version [1.0.0.0]
2026-08-31 13:47:50,209 INFO AVS_ZohoIntegration.Program - Leyendo archivo de configuracion.
2026-08-31 13:48:54,676 INFO AVS_ZohoIntegration.Program - AVS SFTPSync Version [1.0.0.0]
2026-08-31 13:48:54,689 INFO AVS_ZohoIntegration.Program - Leyendo archivo de configuracion.
2026-08-31 13:49:53,650 INFO AVS_ZohoIntegration.Program - AVS SFTPSync Version [1.0.0.0]
2026-08-31 13:49:53,660 INFO AVS_ZohoIntegration.Program - Leyendo archivo de configuracion.
2026-08-31 13:49:56,255 INFO AVS_ZohoIntegration.Program - Archivo de configuracion leido correctamente.
2026-08-31 13:51:12,755 INFO AVS_ZohoIntegration.Program - AVS SFTPSync Version [1.0.0.0]
2026-08-31 13:51:12,769 INFO AVS_ZohoIntegration.Program - Leyendo archivo de configuracion.
2026-08-31 13:51:16,288 INFO AVS_ZohoIntegration.Program - Archivo de configuracion leido correctamente.
2026-08-31 13:51:16,289 DEBUG AVS_ZohoIntegration.Program - **************************************************************************
2026-08-31 13:51:16,290 DEBUG AVS_ZohoIntegration.Program - Ejecutando sincronizacion para: SBODemoMX
2026-08-31 13:51:22,798 DEBUG AVS_ZohoIntegration.Program - Validando licencia...
2026-08-31 13:51:22,799 INFO AVS_ZohoIntegration.Program - Licencia valida.
2026-08-31 13:51:22,800 INFO AVS_ZohoIntegration.Program - Comando recibido: SENDITEMS
2026-08-31 13:51:22,801 INFO AVS_ZohoIntegration.Program - Iniciando proceso de envío de artículos...
2026-08-31 13:51:32,444 INFO AVS_ZohoIntegration.Program - *** Obteniendo información de cabecera: Artículos (OITM) ***
2026-08-31 13:51:32,940 DEBUG AVS_ZohoIntegration.Program - Validar configuración antes de consultar la base de datos
2026-08-31 13:51:32,941 INFO AVS_ZohoIntegration.Program - SELECT T0.ItemCode AS 'Product_Code', T0.ItemName AS 'Product_Name', CASE T0.validFor WHEN 'Y' THEN 'true' ELSE 'false' END AS 'Product_Active', T1.Price AS 'Unit_Price', T0.TaxCodeAR AS 'Tax', T0.SalUnitMsr AS 'Usage_Unit', (T0.OnHand - T0.IsCommited + T0.OnOrder) AS 'Qty_in_Stock', CASE T0.VATLiable WHEN 'Y' THEN 'true' ELSE 'false' END AS 'Taxable' FROM OITM T0 INNER JOIN ITM1 T1 ON T0.ItemCode = T1.ItemCode WHERE T1.PriceList = 1
2026-08-31 13:51:33,741 DEBUG AVS_ZohoIntegration.Program - Validar si hay registros (Cláusula de guarda)
2026-08-31 13:51:33,742 INFO AVS_ZohoIntegration.Program - Se han obtenido 160 resultados pendientes de procesar.
2026-08-31 13:51:33,742 INFO AVS_ZohoIntegration.Program - * Procesando resultado: 1 *
2026-08-31 13:51:33,743 INFO AVS_ZohoIntegration.Program - Product_Code: A00001
2026-08-31 13:51:33,743 INFO AVS_ZohoIntegration.Program - Product_Name: J.B. Officeprint 1420
2026-08-31 13:51:33,743 INFO AVS_ZohoIntegration.Program - Product_Active: true
2026-08-31 13:51:33,745 INFO AVS_ZohoIntegration.Program - Unit_Price: 76757.3
2026-08-31 13:51:33,745 INFO AVS_ZohoIntegration.Program - Tax: 
2026-08-31 13:51:33,745 INFO AVS_ZohoIntegration.Program - Usage_Unit: 
2026-08-31 13:51:33,745 INFO AVS_ZohoIntegration.Program - Qty_in_Stock: 743
2026-08-31 13:51:33,745 INFO AVS_ZohoIntegration.Program - Taxable: true
2026-08-31 13:51:33,747 INFO AVS_ZohoIntegration.Program - * Procesando resultado: 2 *
2026-08-31 13:51:33,747 INFO AVS_ZohoIntegration.Program - Product_Code: A00002
2026-08-31 13:51:33,747 INFO AVS_ZohoIntegration.Program - Product_Name: J.B. Officeprint 1111
2026-08-31 13:51:33,748 INFO AVS_ZohoIntegration.Program - Product_Active: true
2026-08-31 13:51:33,749 INFO AVS_ZohoIntegration.Program - Unit_Price: 0
2026-08-31 13:51:33,749 INFO AVS_ZohoIntegration.Program - Tax: 
2026-08-31 13:51:33,749 INFO AVS_ZohoIntegration.Program - Usage_Unit: 
2026-08-31 13:51:33,749 INFO AVS_ZohoIntegration.Program - Qty_in_Stock: 949
2026-08-31 13:51:33,750 INFO AVS_ZohoIntegration.Program - Taxable: true
2026-08-31 13:51:33,750 INFO AVS_ZohoIntegration.Program - * Procesando resultado: 3 *
2026-08-31 13:51:33,750 INFO AVS_ZohoIntegration.Program - Product_Code: A00003
2026-08-31 13:51:33,751 INFO AVS_ZohoIntegration.Program - Product_Name: J.B. Officeprint 1186
2026-08-31 13:51:33,751 INFO AVS_ZohoIntegration.Program - Product_Active: true
2026-08-31 13:51:33,751 INFO AVS_ZohoIntegration.Program - Unit_Price: 57567.81
2026-08-31 13:51:33,751 INFO AVS_ZohoIntegration.Program - Tax: 
2026-08-31 13:51:33,753 INFO AVS_ZohoIntegration.Program - Usage_Unit: 
2026-08-31 13:51:33,753 INFO AVS_ZohoIntegration.Program - Qty_in_Stock: 1123
2026-08-31 13:51:33,754 INFO AVS_ZohoIntegration.Program - Taxable: true
2026-08-31 13:51:33,754 INFO AVS_ZohoIntegration.Program - * Procesando resultado: 4 *
2026-08-31 13:51:33,755 INFO AVS_ZohoIntegration.Program - Product_Code: A00004
2026-08-31 13:51:33,755 INFO AVS_ZohoIntegration.Program - Product_Name: Rainbow Color Printer 5.0
2026-08-31 13:51:33,756 INFO AVS_ZohoIntegration.Program - Product_Active: true
2026-08-31 13:51:33,757 INFO AVS_ZohoIntegration.Program - Unit_Price: 95946.4
2026-08-31 13:51:33,757 INFO AVS_ZohoIntegration.Program - Tax: 
2026-08-31 13:51:33,757 INFO AVS_ZohoIntegration.Program - Usage_Unit: 
2026-08-31 13:51:33,758 INFO AVS_ZohoIntegration.Program - Qty_in_Stock: 1106
2026-08-31 13:51:33,758 INFO AVS_ZohoIntegration.Program - Taxable: true
2026-08-31 13:51:33,758 INFO AVS_ZohoIntegration.Program - * Procesando resultado: 5 *
2026-08-31 13:51:33,759 INFO AVS_ZohoIntegration.Program - Product_Code: A00005
2026-08-31 13:51:33,759 INFO AVS_ZohoIntegration.Program - Product_Name: Rainbow Color Printer 7.5
2026-08-31 13:51:33,759 INFO AVS_ZohoIntegration.Program - Product_Active: true
2026-08-31 13:51:33,760 INFO AVS_ZohoIntegration.Program - Unit_Price: 50
2026-08-31 13:51:33,760 INFO AVS_ZohoIntegration.Program - Tax: 
2026-08-31 13:51:33,760 INFO AVS_ZohoIntegration.Program - Usage_Unit: 
2026-08-31 13:51:33,761 INFO AVS_ZohoIntegration.Program - Qty_in_Stock: 1187
2026-08-31 13:51:33,761 INFO AVS_ZohoIntegration.Program - Taxable: true
2026-08-31 13:51:33,761 INFO AVS_ZohoIntegration.Program - * Procesando resultado: 6 *
2026-08-31 13:51:33,761 INFO AVS_ZohoIntegration.Program - Product_Code: A00006
2026-08-31 13:51:33,762 INFO AVS_ZohoIntegration.Program - Product_Name: Rainbow 1200 Laser Series
2026-08-31 13:51:33,762 INFO AVS_ZohoIntegration.Program - Product_Active: true
2026-08-31 13:51:33,762 INFO AVS_ZohoIntegration.Program - Unit_Price: 76757.18
2026-08-31 13:51:33,762 INFO AVS_ZohoIntegration.Program - Tax: 
2026-08-31 13:51:33,764 INFO AVS_ZohoIntegration.Program - Usage_Unit: 
2026-08-31 13:51:33,764 INFO AVS_ZohoIntegration.Program - Qty_in_Stock: 528
2026-08-31 13:51:33,765 INFO AVS_ZohoIntegration.Program - Taxable: true
2026-08-31 13:51:33,765 INFO AVS_ZohoIntegration.Program - * Procesando resultado: 7 *
2026-08-31 13:51:33,766 INFO AVS_ZohoIntegration.Program - Product_Code: A00007
2026-08-31 13:51:33,766 INFO AVS_ZohoIntegration.Program - Product_Name: Rainbow 1200 Laser Series
2026-08-31 13:51:33,767 INFO AVS_ZohoIntegration.Program - Product_Active: true
2026-08-31 13:51:33,767 INFO AVS_ZohoIntegration.Program - Unit_Price: 76757.18
2026-08-31 13:51:33,768 INFO AVS_ZohoIntegration.Program - Tax: 
2026-08-31 13:51:33,768 INFO AVS_ZohoIntegration.Program - Usage_Unit: 
2026-08-31 13:51:33,769 INFO AVS_ZohoIntegration.Program - Qty_in_Stock: 0
2026-08-31 13:51:33,769 INFO AVS_ZohoIntegration.Program - Taxable: true
2026-08-31 13:51:33,769 INFO AVS_ZohoIntegration.Program - * Procesando resultado: 8 *
2026-08-31 13:51:33,771 INFO AVS_ZohoIntegration.Program - Product_Code: A00008
2026-08-31 13:51:33,772 INFO AVS_ZohoIntegration.Program - Product_Name: Rainbow 1200 Laser Series
2026-08-31 13:51:33,772 INFO AVS_ZohoIntegration.Program - Product_Active: true
2026-08-31 13:51:33,772 INFO AVS_ZohoIntegration.Program - Unit_Price: 76757.18
2026-08-31 13:51:33,773 INFO AVS_ZohoIntegration.Program - Tax: 
2026-08-31 13:51:33,773 INFO AVS_ZohoIntegration.Program - Usage_Unit: 
2026-08-31 13:51:33,774 INFO AVS_ZohoIntegration.Program - Qty_in_Stock: 0
2026-08-31 13:51:33,774 INFO AVS_ZohoIntegration.Program - Taxable: true
2026-08-31 13:51:33,775 INFO AVS_ZohoIntegration.Program - * Procesando resultado: 9 *
2026-08-31 13:51:33,775 INFO AVS_ZohoIntegration.Program - Product_Code: A00009
2026-08-31 13:51:33,776 INFO AVS_ZohoIntegration.Program - Product_Name: Rainbow 1200 Laser Series
2026-08-31 13:51:33,776 INFO AVS_ZohoIntegration.Program - Product_Active: true
2026-08-31 13:51:33,777 INFO AVS_ZohoIntegration.Program - Unit_Price: 76757.18
2026-08-31 13:51:33,777 INFO AVS_ZohoIntegration.Program - Tax: 
2026-08-31 13:51:33,777 INFO AVS_ZohoIntegration.Program - Usage_Unit: 
2026-08-31 13:51:33,777 INFO AVS_ZohoIntegration.Program - Qty_in_Stock: 0
2026-08-31 13:51:33,777 INFO AVS_ZohoIntegration.Program - Taxable: true
2026-08-31 13:51:33,778 INFO AVS_ZohoIntegration.Program - * Procesando resultado: 10 *
2026-08-31 13:51:33,778 INFO AVS_ZohoIntegration.Program - Product_Code: A00010
2026-08-31 13:51:33,779 INFO AVS_ZohoIntegration.Program - Product_Name: Rainbow 1200 Laser Series
2026-08-31 13:51:33,779 INFO AVS_ZohoIntegration.Program - Product_Active: true
2026-08-31 13:51:33,779 INFO AVS_ZohoIntegration.Program - Unit_Price: 76757.18
2026-08-31 13:51:33,779 INFO AVS_ZohoIntegration.Program - Tax: 
2026-08-31 13:51:33,780 INFO AVS_ZohoIntegration.Program - Usage_Unit: 
2026-08-31 13:51:33,780 INFO AVS_ZohoIntegration.Program - Qty_in_Stock: 0
2026-08-31 13:51:33,780 INFO AVS_ZohoIntegration.Program - Taxable: true
2026-08-31 13:51:33,782 INFO AVS_ZohoIntegration.Program - * Procesando resultado: 11 *
2026-08-31 13:51:33,782 INFO AVS_ZohoIntegration.Program - Product_Code: A00011
2026-08-31 13:51:33,782 INFO AVS_ZohoIntegration.Program - Product_Name: Rainbow 1200 Laser Series
2026-08-31 13:51:33,783 INFO AVS_ZohoIntegration.Program - Product_Active: true
2026-08-31 13:51:33,783 INFO AVS_ZohoIntegration.Program - Unit_Price: 76757.18
2026-08-31 13:51:33,784 INFO AVS_ZohoIntegration.Program - Tax: 
2026-08-31 13:51:33,784 INFO AVS_ZohoIntegration.Program - Usage_Unit: 
2026-08-31 13:51:33,785 INFO AVS_ZohoIntegration.Program - Qty_in_Stock: 0
2026-08-31 13:51:33,785 INFO AVS_ZohoIntegration.Program - Taxable: true
2026-08-31 13:51:33,786 INFO AVS_ZohoIntegration.Program - * Procesando resultado: 12 *
2026-08-31 13:51:33,786 INFO AVS_ZohoIntegration.Program - Product_Code: A00012
2026-08-31 13:51:33,787 INFO AVS_ZohoIntegration.Program - Product_Name: Rainbow 1200 Laser Series
2026-08-31 13:51:33,787 INFO AVS_ZohoIntegration.Program - Product_Active: true
2026-08-31 13:51:33,787 INFO AVS_ZohoIntegration.Program - Unit_Price: 76757.18
2026-08-31 13:51:33,789 INFO AVS_ZohoIntegration.Program - Tax: 
2026-08-31 13:51:33,789 INFO AVS_ZohoIntegration.Program - Usage_Unit: 
2026-08-31 13:51:33,790 INFO AVS_ZohoIntegration.Program - Qty_in_Stock: 0
2026-08-31 13:51:33,790 INFO AVS_ZohoIntegration.Program - Taxable: true
2026-08-31 13:51:33,791 INFO AVS_ZohoIntegration.Program - * Procesando resultado: 13 *
2026-08-31 13:51:33,791 INFO AVS_ZohoIntegration.Program - Product_Code: A00013
2026-08-31 13:51:33,792 INFO AVS_ZohoIntegration.Program - Product_Name: Rainbow 1200 Laser Series
2026-08-31 13:51:33,792 INFO AVS_ZohoIntegration.Program - Product_Active: true
2026-08-31 13:51:33,793 INFO AVS_ZohoIntegration.Program - Unit_Price: 76757.18
2026-08-31 13:51:33,793 INFO AVS_ZohoIntegration.Program - Tax: 
2026-08-31 13:51:33,794 INFO AVS_ZohoIntegration.Program - Usage_Unit: 
2026-08-31 13:51:33,794 INFO AVS_ZohoIntegration.Program - Qty_in_Stock: 0
2026-08-31 13:51:33,795 INFO AVS_ZohoIntegration.Program - Taxable: true
2026-08-31 13:51:33,795 INFO AVS_ZohoIntegration.Program - * Procesando resultado: 14 *
2026-08-31 13:51:33,796 INFO AVS_ZohoIntegration.Program - Product_Code: A00014
2026-08-31 13:51:33,796 INFO AVS_ZohoIntegration.Program - Product_Name: Rainbow 1200 Laser Series
2026-08-31 13:51:33,797 INFO AVS_ZohoIntegration.Program - Product_Active: true
2026-08-31 13:51:33,798 INFO AVS_ZohoIntegration.Program - Unit_Price: 76757.18
2026-08-31 13:51:33,798 INFO AVS_ZohoIntegration.Program - Tax: 
2026-08-31 13:51:33,799 INFO AVS_ZohoIntegration.Program - Usage_Unit: 
2026-08-31 13:51:33,799 INFO AVS_ZohoIntegration.Program - Qty_in_Stock: 0
2026-08-31 13:51:33,800 INFO AVS_ZohoIntegration.Program - Taxable: true
2026-08-31 13:51:33,800 INFO AVS_ZohoIntegration.Program - * Procesando resultado: 15 *
2026-08-31 13:51:33,802 INFO AVS_ZohoIntegration.Program - Product_Code: A00015
2026-08-31 13:51:33,802 INFO AVS_ZohoIntegration.Program - Product_Name: Rainbow 1200 Laser Series
2026-08-31 13:51:33,803 INFO AVS_ZohoIntegration.Program - Product_Active: true
2026-08-31 13:51:33,803 INFO AVS_ZohoIntegration.Program - Unit_Price: 76757.18
2026-08-31 13:51:33,804 INFO AVS_ZohoIntegration.Program - Tax: 
2026-08-31 13:51:33,804 INFO AVS_ZohoIntegration.Program - Usage_Unit: 
2026-08-31 13:51:33,805 INFO AVS_ZohoIntegration.Program - Qty_in_Stock: 0
2026-08-31 13:51:33,805 INFO AVS_ZohoIntegration.Program - Taxable: true
2026-08-31 13:51:33,806 INFO AVS_ZohoIntegration.Program - * Procesando resultado: 16 *
2026-08-31 13:51:33,806 INFO AVS_ZohoIntegration.Program - Product_Code: A00016
2026-08-31 13:51:33,807 INFO AVS_ZohoIntegration.Program - Product_Name: Rainbow 1200 Laser Series
2026-08-31 13:51:33,807 INFO AVS_ZohoIntegration.Program - Product_Active: true
2026-08-31 13:51:33,808 INFO AVS_ZohoIntegration.Program - Unit_Price: 76757.18
2026-08-31 13:51:33,808 INFO AVS_ZohoIntegration.Program - Tax: 
2026-08-31 13:51:33,808 INFO AVS_ZohoIntegration.Program - Usage_Unit: 
2026-08-31 13:51:33,809 INFO AVS_ZohoIntegration.Program - Qty_in_Stock: 0
2026-08-31 13:51:33,810 INFO AVS_ZohoIntegration.Program - Taxable: true
2026-08-31 13:51:33,810 INFO AVS_ZohoIntegration.Program - * Procesando resultado: 17 *
2026-08-31 13:51:33,811 INFO AVS_ZohoIntegration.Program - Product_Code: A00017
2026-08-31 13:51:33,811 INFO AVS_ZohoIntegration.Program - Product_Name: Rainbow 1200 Laser Series
2026-08-31 13:51:33,812 INFO AVS_ZohoIntegration.Program - Product_Active: true
2026-08-31 13:51:33,812 INFO AVS_ZohoIntegration.Program - Unit_Price: 76757.18
2026-08-31 13:51:33,812 INFO AVS_ZohoIntegration.Program - Tax: 
2026-08-31 13:51:33,813 INFO AVS_ZohoIntegration.Program - Usage_Unit: 
2026-08-31 13:51:33,813 INFO AVS_ZohoIntegration.Program - Qty_in_Stock: 0
2026-08-31 13:51:33,814 INFO AVS_ZohoIntegration.Program - Taxable: true
2026-08-31 13:51:33,814 INFO AVS_ZohoIntegration.Program - * Procesando resultado: 18 *
2026-08-31 13:51:33,815 INFO AVS_ZohoIntegration.Program - Product_Code: A00018
2026-08-31 13:51:33,816 INFO AVS_ZohoIntegration.Program - Product_Name: Rainbow 1200 Laser Series
2026-08-31 13:51:33,816 INFO AVS_ZohoIntegration.Program - Product_Active: true
2026-08-31 13:51:33,817 INFO AVS_ZohoIntegration.Program - Unit_Price: 76757.18
2026-08-31 13:51:33,818 INFO AVS_ZohoIntegration.Program - Tax: 
2026-08-31 13:51:33,818 INFO AVS_ZohoIntegration.Program - Usage_Unit: 
2026-08-31 13:51:33,819 INFO AVS_ZohoIntegration.Program - Qty_in_Stock: 0
2026-08-31 13:51:33,819 INFO AVS_ZohoIntegration.Program - Taxable: true
2026-08-31 13:51:33,820 INFO AVS_ZohoIntegration.Program - * Procesando resultado: 19 *
2026-08-31 13:51:33,820 INFO AVS_ZohoIntegration.Program - Product_Code: A00019
2026-08-31 13:51:33,822 INFO AVS_ZohoIntegration.Program - Product_Name: Rainbow 1200 Laser Series
2026-08-31 13:51:33,822 INFO AVS_ZohoIntegration.Program - Product_Active: true
2026-08-31 13:51:33,823 INFO AVS_ZohoIntegration.Program - Unit_Price: 76757.18
2026-08-31 13:51:33,823 INFO AVS_ZohoIntegration.Program - Tax: 
2026-08-31 13:51:33,824 INFO AVS_ZohoIntegration.Program - Usage_Unit: 
2026-08-31 13:51:33,824 INFO AVS_ZohoIntegration.Program - Qty_in_Stock: 0
2026-08-31 13:51:33,825 INFO AVS_ZohoIntegration.Program - Taxable: true
2026-08-31 13:51:33,825 INFO AVS_ZohoIntegration.Program - * Procesando resultado: 20 *
2026-08-31 13:51:33,826 INFO AVS_ZohoIntegration.Program - Product_Code: A00020
2026-08-31 13:51:33,826 INFO AVS_ZohoIntegration.Program - Product_Name: J.B. Officeprint 1420
2026-08-31 13:51:33,827 INFO AVS_ZohoIntegration.Program - Product_Active: true
2026-08-31 13:51:33,828 INFO AVS_ZohoIntegration.Program - Unit_Price: 76757.18
2026-08-31 13:51:33,828 INFO AVS_ZohoIntegration.Program - Tax: 
2026-08-31 13:51:33,829 INFO AVS_ZohoIntegration.Program - Usage_Unit: 
2026-08-31 13:51:33,829 INFO AVS_ZohoIntegration.Program - Qty_in_Stock: 0
2026-08-31 13:51:33,829 INFO AVS_ZohoIntegration.Program - Taxable: true
2026-08-31 13:51:33,830 INFO AVS_ZohoIntegration.Program - * Procesando resultado: 21 *
2026-08-31 13:51:33,830 INFO AVS_ZohoIntegration.Program - Product_Code: A00021
2026-08-31 13:51:33,831 INFO AVS_ZohoIntegration.Program - Product_Name: J.B. Officeprint 1420
2026-08-31 13:51:33,832 INFO AVS_ZohoIntegration.Program - Product_Active: true
2026-08-31 13:51:33,832 INFO AVS_ZohoIntegration.Program - Unit_Price: 76757.18
2026-08-31 13:51:33,833 INFO AVS_ZohoIntegration.Program - Tax: 
2026-08-31 13:51:33,833 INFO AVS_ZohoIntegration.Program - Usage_Unit: 
2026-08-31 13:51:33,834 INFO AVS_ZohoIntegration.Program - Qty_in_Stock: 0
2026-08-31 13:51:33,834 INFO AVS_ZohoIntegration.Program - Taxable: true
2026-08-31 13:51:33,835 INFO AVS_ZohoIntegration.Program - * Procesando resultado: 22 *
2026-08-31 13:51:33,836 INFO AVS_ZohoIntegration.Program - Product_Code: A00022
2026-08-31 13:51:33,836 INFO AVS_ZohoIntegration.Program - Product_Name: J.B. Officeprint 1420
2026-08-31 13:51:33,837 INFO AVS_ZohoIntegration.Program - Product_Active: true
2026-08-31 13:51:33,838 INFO AVS_ZohoIntegration.Program - Unit_Price: 76757.18
2026-08-31 13:51:33,838 INFO AVS_ZohoIntegration.Program - Tax: 
2026-08-31 13:51:33,839 INFO AVS_ZohoIntegration.Program - Usage_Unit: 
2026-08-31 13:51:33,839 INFO AVS_ZohoIntegration.Program - Qty_in_Stock: 0
2026-08-31 13:51:33,840 INFO AVS_ZohoIntegration.Program - Taxable: true
2026-08-31 13:51:33,840 INFO AVS_ZohoIntegration.Program - * Procesando resultado: 23 *
2026-08-31 13:51:33,841 INFO AVS_ZohoIntegration.Program - Product_Code: A00023
2026-08-31 13:51:33,842 INFO AVS_ZohoIntegration.Program - Product_Name: J.B. Officeprint 1420
2026-08-31 13:51:33,842 INFO AVS_ZohoIntegration.Program - Product_Active: true
2026-08-31 13:51:33,843 INFO AVS_ZohoIntegration.Program - Unit_Price: 76757.18
2026-08-31 13:51:33,843 INFO AVS_ZohoIntegration.Program - Tax: 
2026-08-31 13:51:33,843 INFO AVS_ZohoIntegration.Program - Usage_Unit: 
2026-08-31 13:51:33,844 INFO AVS_ZohoIntegration.Program - Qty_in_Stock: 0
2026-08-31 13:51:33,844 INFO AVS_ZohoIntegration.Program - Taxable: true
2026-08-31 13:51:33,845 INFO AVS_ZohoIntegration.Program - * Procesando resultado: 24 *
2026-08-31 13:51:33,845 INFO AVS_ZohoIntegration.Program - Product_Code: A00024
2026-08-31 13:51:33,846 INFO AVS_ZohoIntegration.Program - Product_Name: J.B. Officeprint 1420
2026-08-31 13:51:33,847 INFO AVS_ZohoIntegration.Program - Product_Active: true
2026-08-31 13:51:33,847 INFO AVS_ZohoIntegration.Program - Unit_Price: 76757.18
2026-08-31 13:51:33,848 INFO AVS_ZohoIntegration.Program - Tax: 
2026-08-31 13:51:33,848 INFO AVS_ZohoIntegration.Program - Usage_Unit: 
2026-08-31 13:51:33,849 INFO AVS_ZohoIntegration.Program - Qty_in_Stock: 0
2026-08-31 13:51:33,850 INFO AVS_ZohoIntegration.Program - Taxable: true
2026-08-31 13:51:33,850 INFO AVS_ZohoIntegration.Program - * Procesando resultado: 25 *
2026-08-31 13:51:33,851 INFO AVS_ZohoIntegration.Program - Product_Code: A00025
2026-08-31 13:51:33,851 INFO AVS_ZohoIntegration.Program - Product_Name: J.B. Officeprint 1420
2026-08-31 13:51:33,852 INFO AVS_ZohoIntegration.Program - Product_Active: true
2026-08-31 13:51:33,853 INFO AVS_ZohoIntegration.Program - Unit_Price: 76757.18
2026-08-31 13:51:33,853 INFO AVS_ZohoIntegration.Program - Tax: 
2026-08-31 13:51:33,853 INFO AVS_ZohoIntegration.Program - Usage_Unit: 
2026-08-31 13:51:33,855 INFO AVS_ZohoIntegration.Program - Qty_in_Stock: 0
2026-08-31 13:51:33,855 INFO AVS_ZohoIntegration.Program - Taxable: true
2026-08-31 13:51:33,856 INFO AVS_ZohoIntegration.Program - * Procesando resultado: 26 *
2026-08-31 13:51:33,856 INFO AVS_ZohoIntegration.Program - Product_Code: A00026
2026-08-31 13:51:33,857 INFO AVS_ZohoIntegration.Program - Product_Name: J.B. Officeprint 1420
2026-08-31 13:51:33,857 INFO AVS_ZohoIntegration.Program - Product_Active: true
2026-08-31 13:51:33,858 INFO AVS_ZohoIntegration.Program - Unit_Price: 76757.18
2026-08-31 13:51:33,858 INFO AVS_ZohoIntegration.Program - Tax: 
2026-08-31 13:51:33,859 INFO AVS_ZohoIntegration.Program - Usage_Unit: 
2026-08-31 13:51:33,859 INFO AVS_ZohoIntegration.Program - Qty_in_Stock: 0
2026-08-31 13:51:33,860 INFO AVS_ZohoIntegration.Program - Taxable: true
2026-08-31 13:51:33,860 INFO AVS_ZohoIntegration.Program - * Procesando resultado: 27 *
2026-08-31 13:51:33,861 INFO AVS_ZohoIntegration.Program - Product_Code: A00027
2026-08-31 13:51:33,861 INFO AVS_ZohoIntegration.Program - Product_Name: J.B. Officeprint 1420
2026-08-31 13:51:33,862 INFO AVS_ZohoIntegration.Program - Product_Active: true
2026-08-31 13:51:33,862 INFO AVS_ZohoIntegration.Program - Unit_Price: 76757.18
2026-08-31 13:51:33,863 INFO AVS_ZohoIntegration.Program - Tax: 
2026-08-31 13:51:33,863 INFO AVS_ZohoIntegration.Program - Usage_Unit: 
2026-08-31 13:51:33,863 INFO AVS_ZohoIntegration.Program - Qty_in_Stock: 0
2026-08-31 13:51:33,864 INFO AVS_ZohoIntegration.Program - Taxable: true
2026-08-31 13:51:33,864 INFO AVS_ZohoIntegration.Program - * Procesando resultado: 28 *
2026-08-31 13:51:33,865 INFO AVS_ZohoIntegration.Program - Product_Code: A00028
2026-08-31 13:51:33,865 INFO AVS_ZohoIntegration.Program - Product_Name: J.B. Officeprint 1420
2026-08-31 13:51:33,866 INFO AVS_ZohoIntegration.Program - Product_Active: true
2026-08-31 13:51:33,866 INFO AVS_ZohoIntegration.Program - Unit_Price: 76757.18
2026-08-31 13:51:33,866 INFO AVS_ZohoIntegration.Program - Tax: 
2026-08-31 13:51:33,868 INFO AVS_ZohoIntegration.Program - Usage_Unit: 
2026-08-31 13:51:33,868 INFO AVS_ZohoIntegration.Program - Qty_in_Stock: 0
2026-08-31 13:51:33,868 INFO AVS_ZohoIntegration.Program - Taxable: true
2026-08-31 13:51:33,869 INFO AVS_ZohoIntegration.Program - * Procesando resultado: 29 *
2026-08-31 13:51:33,869 INFO AVS_ZohoIntegration.Program - Product_Code: A00029
2026-08-31 13:51:33,870 INFO AVS_ZohoIntegration.Program - Product_Name: J.B. Officeprint 1420
2026-08-31 13:51:33,871 INFO AVS_ZohoIntegration.Program - Product_Active: true
2026-08-31 13:51:33,871 INFO AVS_ZohoIntegration.Program - Unit_Price: 76757.18
2026-08-31 13:51:33,872 INFO AVS_ZohoIntegration.Program - Tax: 
2026-08-31 13:51:33,872 INFO AVS_ZohoIntegration.Program - Usage_Unit: 
2026-08-31 13:51:33,873 INFO AVS_ZohoIntegration.Program - Qty_in_Stock: 0
2026-08-31 13:51:33,874 INFO AVS_ZohoIntegration.Program - Taxable: true
2026-08-31 13:51:33,874 INFO AVS_ZohoIntegration.Program - * Procesando resultado: 30 *
2026-08-31 13:51:33,875 INFO AVS_ZohoIntegration.Program - Product_Code: A00030
2026-08-31 13:51:33,875 INFO AVS_ZohoIntegration.Program - Product_Name: J.B. Officeprint 1420
2026-08-31 13:51:33,877 INFO AVS_ZohoIntegration.Program - Product_Active: true
2026-08-31 13:51:33,877 INFO AVS_ZohoIntegration.Program - Unit_Price: 76757.18
2026-08-31 13:51:33,878 INFO AVS_ZohoIntegration.Program - Tax: 
2026-08-31 13:51:33,878 INFO AVS_ZohoIntegration.Program - Usage_Unit: 
2026-08-31 13:51:33,879 INFO AVS_ZohoIntegration.Program - Qty_in_Stock: 0
2026-08-31 13:51:33,880 INFO AVS_ZohoIntegration.Program - Taxable: true
2026-08-31 13:51:33,880 INFO AVS_ZohoIntegration.Program - * Procesando resultado: 31 *
2026-08-31 13:51:33,881 INFO AVS_ZohoIntegration.Program - Product_Code: A00031
2026-08-31 13:51:33,881 INFO AVS_ZohoIntegration.Program - Product_Name: J.B. Officeprint 1420
2026-08-31 13:51:33,882 INFO AVS_ZohoIntegration.Program - Product_Active: true
2026-08-31 13:51:33,882 INFO AVS_ZohoIntegration.Program - Unit_Price: 76757.18
2026-08-31 13:51:33,883 INFO AVS_ZohoIntegration.Program - Tax: 
2026-08-31 13:51:33,883 INFO AVS_ZohoIntegration.Program - Usage_Unit: 
2026-08-31 13:51:33,884 INFO AVS_ZohoIntegration.Program - Qty_in_Stock: 0
2026-08-31 13:51:33,885 INFO AVS_ZohoIntegration.Program - Taxable: true
2026-08-31 13:51:33,885 INFO AVS_ZohoIntegration.Program - * Procesando resultado: 32 *
2026-08-31 13:51:33,886 INFO AVS_ZohoIntegration.Program - Product_Code: A00032
2026-08-31 13:51:33,887 INFO AVS_ZohoIntegration.Program - Product_Name: J.B. Officeprint 1420
2026-08-31 13:51:33,887 INFO AVS_ZohoIntegration.Program - Product_Active: true
2026-08-31 13:51:33,888 INFO AVS_ZohoIntegration.Program - Unit_Price: 76757.18
2026-08-31 13:51:33,888 INFO AVS_ZohoIntegration.Program - Tax: 
2026-08-31 13:51:33,890 INFO AVS_ZohoIntegration.Program - Usage_Unit: 
2026-08-31 13:51:33,890 INFO AVS_ZohoIntegration.Program - Qty_in_Stock: 0
2026-08-31 13:51:33,891 INFO AVS_ZohoIntegration.Program - Taxable: true
2026-08-31 13:51:33,891 INFO AVS_ZohoIntegration.Program - * Procesando resultado: 33 *
2026-08-31 13:51:33,892 INFO AVS_ZohoIntegration.Program - Product_Code: A00033
2026-08-31 13:51:33,893 INFO AVS_ZohoIntegration.Program - Product_Name: J.B. Officeprint 1420
2026-08-31 13:51:33,893 INFO AVS_ZohoIntegration.Program - Product_Active: true
2026-08-31 13:51:33,894 INFO AVS_ZohoIntegration.Program - Unit_Price: 76757.18
2026-08-31 13:51:33,894 INFO AVS_ZohoIntegration.Program - Tax: 
2026-08-31 13:51:33,895 INFO AVS_ZohoIntegration.Program - Usage_Unit: 
2026-08-31 13:51:33,895 INFO AVS_ZohoIntegration.Program - Qty_in_Stock: 0
2026-08-31 13:51:33,895 INFO AVS_ZohoIntegration.Program - Taxable: true
2026-08-31 13:51:33,896 INFO AVS_ZohoIntegration.Program - * Procesando resultado: 34 *
2026-08-31 13:51:33,897 INFO AVS_ZohoIntegration.Program - Product_Code: A00034
2026-08-31 13:51:33,897 INFO AVS_ZohoIntegration.Program - Product_Name: J.B. Officeprint 1420
2026-08-31 13:51:33,898 INFO AVS_ZohoIntegration.Program - Product_Active: true
2026-08-31 13:51:33,899 INFO AVS_ZohoIntegration.Program - Unit_Price: 76757.18
2026-08-31 13:51:33,899 INFO AVS_ZohoIntegration.Program - Tax: 
2026-08-31 13:51:33,900 INFO AVS_ZohoIntegration.Program - Usage_Unit: 
2026-08-31 13:51:33,900 INFO AVS_ZohoIntegration.Program - Qty_in_Stock: 0
2026-08-31 13:51:33,901 INFO AVS_ZohoIntegration.Program - Taxable: true
2026-08-31 13:51:33,902 INFO AVS_ZohoIntegration.Program - * Procesando resultado: 35 *
2026-08-31 13:51:33,902 INFO AVS_ZohoIntegration.Program - Product_Code: A00035
2026-08-31 13:51:33,903 INFO AVS_ZohoIntegration.Program - Product_Name: J.B. Officeprint 1420
2026-08-31 13:51:33,904 INFO AVS_ZohoIntegration.Program - Product_Active: true
2026-08-31 13:51:33,904 INFO AVS_ZohoIntegration.Program - Unit_Price: 76757.18
2026-08-31 13:51:33,905 INFO AVS_ZohoIntegration.Program - Tax: 
2026-08-31 13:51:33,905 INFO AVS_ZohoIntegration.Program - Usage_Unit: 
2026-08-31 13:51:33,906 INFO AVS_ZohoIntegration.Program - Qty_in_Stock: 0
2026-08-31 13:51:33,906 INFO AVS_ZohoIntegration.Program - Taxable: true
2026-08-31 13:51:33,907 INFO AVS_ZohoIntegration.Program - * Procesando resultado: 36 *
2026-08-31 13:51:33,908 INFO AVS_ZohoIntegration.Program - Product_Code: A00036
2026-08-31 13:51:33,908 INFO AVS_ZohoIntegration.Program - Product_Name: J.B. Officeprint 1420
2026-08-31 13:51:33,909 INFO AVS_ZohoIntegration.Program - Product_Active: true
2026-08-31 13:51:33,909 INFO AVS_ZohoIntegration.Program - Unit_Price: 76757.18
2026-08-31 13:51:33,910 INFO AVS_ZohoIntegration.Program - Tax: 
2026-08-31 13:51:33,910 INFO AVS_ZohoIntegration.Program - Usage_Unit: 
2026-08-31 13:51:33,911 INFO AVS_ZohoIntegration.Program - Qty_in_Stock: 0
2026-08-31 13:51:33,911 INFO AVS_ZohoIntegration.Program - Taxable: true
2026-08-31 13:51:33,912 INFO AVS_ZohoIntegration.Program - * Procesando resultado: 37 *
2026-08-31 13:51:33,912 INFO AVS_ZohoIntegration.Program - Product_Code: A00037
2026-08-31 13:51:33,913 INFO AVS_ZohoIntegration.Program - Product_Name: J.B. Officeprint 1420
2026-08-31 13:51:33,914 INFO AVS_ZohoIntegration.Program - Product_Active: true
2026-08-31 13:51:33,914 INFO AVS_ZohoIntegration.Program - Unit_Price: 76757.18
2026-08-31 13:51:33,915 INFO AVS_ZohoIntegration.Program - Tax: 
2026-08-31 13:51:33,915 INFO AVS_ZohoIntegration.Program - Usage_Unit: 
2026-08-31 13:51:33,916 INFO AVS_ZohoIntegration.Program - Qty_in_Stock: 0
2026-08-31 13:51:33,916 INFO AVS_ZohoIntegration.Program - Taxable: true
2026-08-31 13:51:33,917 INFO AVS_ZohoIntegration.Program - * Procesando resultado: 38 *
2026-08-31 13:51:33,917 INFO AVS_ZohoIntegration.Program - Product_Code: A00038
2026-08-31 13:51:33,918 INFO AVS_ZohoIntegration.Program - Product_Name: J.B. Officeprint 1420
2026-08-31 13:51:33,919 INFO AVS_ZohoIntegration.Program - Product_Active: true
2026-08-31 13:51:33,919 INFO AVS_ZohoIntegration.Program - Unit_Price: 76757.18
2026-08-31 13:51:33,920 INFO AVS_ZohoIntegration.Program - Tax: 
2026-08-31 13:51:33,920 INFO AVS_ZohoIntegration.Program - Usage_Unit: 
2026-08-31 13:51:33,921 INFO AVS_ZohoIntegration.Program - Qty_in_Stock: 0
2026-08-31 13:51:33,922 INFO AVS_ZohoIntegration.Program - Taxable: true
2026-08-31 13:51:33,922 INFO AVS_ZohoIntegration.Program - * Procesando resultado: 39 *
2026-08-31 13:51:33,923 INFO AVS_ZohoIntegration.Program - Product_Code: A00039
2026-08-31 13:51:33,923 INFO AVS_ZohoIntegration.Program - Product_Name: J.B. Officeprint 1420
2026-08-31 13:51:33,924 INFO AVS_ZohoIntegration.Program - Product_Active: true
2026-08-31 13:51:33,925 INFO AVS_ZohoIntegration.Program - Unit_Price: 76757.18
2026-08-31 13:51:33,925 INFO AVS_ZohoIntegration.Program - Tax: 
2026-08-31 13:51:33,926 INFO AVS_ZohoIntegration.Program - Usage_Unit: 
2026-08-31 13:51:33,926 INFO AVS_ZohoIntegration.Program - Qty_in_Stock: 0
2026-08-31 13:51:33,927 INFO AVS_ZohoIntegration.Program - Taxable: true
2026-08-31 13:51:33,927 INFO AVS_ZohoIntegration.Program - * Procesando resultado: 40 *
2026-08-31 13:51:33,928 INFO AVS_ZohoIntegration.Program - Product_Code: A00040
2026-08-31 13:51:33,928 INFO AVS_ZohoIntegration.Program - Product_Name: J.B. Officeprint 1420
2026-08-31 13:51:33,929 INFO AVS_ZohoIntegration.Program - Product_Active: true
2026-08-31 13:51:33,930 INFO AVS_ZohoIntegration.Program - Unit_Price: 76757.18
2026-08-31 13:51:33,930 INFO AVS_ZohoIntegration.Program - Tax: 
2026-08-31 13:51:33,930 INFO AVS_ZohoIntegration.Program - Usage_Unit: 
2026-08-31 13:51:33,931 INFO AVS_ZohoIntegration.Program - Qty_in_Stock: 0
2026-08-31 13:51:33,931 INFO AVS_ZohoIntegration.Program - Taxable: true
2026-08-31 13:51:33,932 INFO AVS_ZohoIntegration.Program - * Procesando resultado: 41 *
2026-08-31 13:51:33,933 INFO AVS_ZohoIntegration.Program - Product_Code: A00041
2026-08-31 13:51:33,933 INFO AVS_ZohoIntegration.Program - Product_Name: J.B. Officeprint 1420
2026-08-31 13:51:33,934 INFO AVS_ZohoIntegration.Program - Product_Active: true
2026-08-31 13:51:33,935 INFO AVS_ZohoIntegration.Program - Unit_Price: 76757.18
2026-08-31 13:51:33,935 INFO AVS_ZohoIntegration.Program - Tax: 
2026-08-31 13:51:33,936 INFO AVS_ZohoIntegration.Program - Usage_Unit: 
2026-08-31 13:51:33,936 INFO AVS_ZohoIntegration.Program - Qty_in_Stock: 0
2026-08-31 13:51:33,937 INFO AVS_ZohoIntegration.Program - Taxable: true
2026-08-31 13:51:33,937 INFO AVS_ZohoIntegration.Program - * Procesando resultado: 42 *
2026-08-31 13:51:33,938 INFO AVS_ZohoIntegration.Program - Product_Code: A00042
2026-08-31 13:51:33,938 INFO AVS_ZohoIntegration.Program - Product_Name: J.B. Officeprint 1420
2026-08-31 13:51:33,939 INFO AVS_ZohoIntegration.Program - Product_Active: true
2026-08-31 13:51:33,939 INFO AVS_ZohoIntegration.Program - Unit_Price: 76757.18
2026-08-31 13:51:33,940 INFO AVS_ZohoIntegration.Program - Tax: 
2026-08-31 13:51:33,941 INFO AVS_ZohoIntegration.Program - Usage_Unit: 
2026-08-31 13:51:33,941 INFO AVS_ZohoIntegration.Program - Qty_in_Stock: 0
2026-08-31 13:51:33,942 INFO AVS_ZohoIntegration.Program - Taxable: true
2026-08-31 13:51:33,942 INFO AVS_ZohoIntegration.Program - * Procesando resultado: 43 *
2026-08-31 13:51:33,942 INFO AVS_ZohoIntegration.Program - Product_Code: A00043
2026-08-31 13:51:33,943 INFO AVS_ZohoIntegration.Program - Product_Name: J.B. Officeprint 1420
2026-08-31 13:51:33,944 INFO AVS_ZohoIntegration.Program - Product_Active: true
2026-08-31 13:51:33,944 INFO AVS_ZohoIntegration.Program - Unit_Price: 76757.18
2026-08-31 13:51:33,945 INFO AVS_ZohoIntegration.Program - Tax: 
2026-08-31 13:51:33,945 INFO AVS_ZohoIntegration.Program - Usage_Unit: 
2026-08-31 13:51:33,946 INFO AVS_ZohoIntegration.Program - Qty_in_Stock: 0
2026-08-31 13:51:33,946 INFO AVS_ZohoIntegration.Program - Taxable: true
2026-08-31 13:51:33,947 INFO AVS_ZohoIntegration.Program - * Procesando resultado: 44 *
2026-08-31 13:51:33,947 INFO AVS_ZohoIntegration.Program - Product_Code: A00044
2026-08-31 13:51:33,948 INFO AVS_ZohoIntegration.Program - Product_Name: J.B. Officeprint 1420
2026-08-31 13:51:33,948 INFO AVS_ZohoIntegration.Program - Product_Active: true
2026-08-31 13:51:33,948 INFO AVS_ZohoIntegration.Program - Unit_Price: 76757.18
2026-08-31 13:51:33,950 INFO AVS_ZohoIntegration.Program - Tax: 
2026-08-31 13:51:33,950 INFO AVS_ZohoIntegration.Program - Usage_Unit: 
2026-08-31 13:51:33,950 INFO AVS_ZohoIntegration.Program - Qty_in_Stock: 0
2026-08-31 13:51:33,950 INFO AVS_ZohoIntegration.Program - Taxable: true
2026-08-31 13:51:33,951 INFO AVS_ZohoIntegration.Program - * Procesando resultado: 45 *
2026-08-31 13:51:33,951 INFO AVS_ZohoIntegration.Program - Product_Code: A00045
2026-08-31 13:51:33,951 INFO AVS_ZohoIntegration.Program - Product_Name: J.B. Officeprint 1420
2026-08-31 13:51:33,952 INFO AVS_ZohoIntegration.Program - Product_Active: true
2026-08-31 13:51:33,952 INFO AVS_ZohoIntegration.Program - Unit_Price: 76757.18
2026-08-31 13:51:33,952 INFO AVS_ZohoIntegration.Program - Tax: 
2026-08-31 13:51:33,953 INFO AVS_ZohoIntegration.Program - Usage_Unit: 
2026-08-31 13:51:33,953 INFO AVS_ZohoIntegration.Program - Qty_in_Stock: 0
2026-08-31 13:51:33,955 INFO AVS_ZohoIntegration.Program - Taxable: true
2026-08-31 13:51:33,955 INFO AVS_ZohoIntegration.Program - * Procesando resultado: 46 *
2026-08-31 13:51:33,956 INFO AVS_ZohoIntegration.Program - Product_Code: A00046
2026-08-31 13:51:33,956 INFO AVS_ZohoIntegration.Program - Product_Name: J.B. Officeprint 1420
2026-08-31 13:51:33,957 INFO AVS_ZohoIntegration.Program - Product_Active: true
2026-08-31 13:51:33,957 INFO AVS_ZohoIntegration.Program - Unit_Price: 76757.18
2026-08-31 13:51:33,958 INFO AVS_ZohoIntegration.Program - Tax: 
2026-08-31 13:51:33,959 INFO AVS_ZohoIntegration.Program - Usage_Unit: 
2026-08-31 13:51:33,959 INFO AVS_ZohoIntegration.Program - Qty_in_Stock: 0
2026-08-31 13:51:33,959 INFO AVS_ZohoIntegration.Program - Taxable: true
2026-08-31 13:51:33,961 INFO AVS_ZohoIntegration.Program - * Procesando resultado: 47 *
2026-08-31 13:51:33,961 INFO AVS_ZohoIntegration.Program - Product_Code: A00047
2026-08-31 13:51:33,962 INFO AVS_ZohoIntegration.Program - Product_Name: J.B. Officeprint 1420
2026-08-31 13:51:33,962 INFO AVS_ZohoIntegration.Program - Product_Active: true
2026-08-31 13:51:33,963 INFO AVS_ZohoIntegration.Program - Unit_Price: 76757.18
2026-08-31 13:51:33,963 INFO AVS_ZohoIntegration.Program - Tax: 
2026-08-31 13:51:33,963 INFO AVS_ZohoIntegration.Program - Usage_Unit: 
2026-08-31 13:51:33,964 INFO AVS_ZohoIntegration.Program - Qty_in_Stock: 0
2026-08-31 13:51:33,964 INFO AVS_ZohoIntegration.Program - Taxable: true
2026-08-31 13:51:33,965 INFO AVS_ZohoIntegration.Program - * Procesando resultado: 48 *
2026-08-31 13:51:33,965 INFO AVS_ZohoIntegration.Program - Product_Code: A00048
2026-08-31 13:51:33,965 INFO AVS_ZohoIntegration.Program - Product_Name: J.B. Officeprint 1420
2026-08-31 13:51:33,966 INFO AVS_ZohoIntegration.Program - Product_Active: true
2026-08-31 13:51:33,966 INFO AVS_ZohoIntegration.Program - Unit_Price: 76757.18
2026-08-31 13:51:33,966 INFO AVS_ZohoIntegration.Program - Tax: 
2026-08-31 13:51:33,966 INFO AVS_ZohoIntegration.Program - Usage_Unit: 
2026-08-31 13:51:33,968 INFO AVS_ZohoIntegration.Program - Qty_in_Stock: 0
2026-08-31 13:51:33,968 INFO AVS_ZohoIntegration.Program - Taxable: true
2026-08-31 13:51:33,968 INFO AVS_ZohoIntegration.Program - * Procesando resultado: 49 *
2026-08-31 13:51:33,969 INFO AVS_ZohoIntegration.Program - Product_Code: A00049
2026-08-31 13:51:33,969 INFO AVS_ZohoIntegration.Program - Product_Name: J.B. Officeprint 1420
2026-08-31 13:51:33,969 INFO AVS_ZohoIntegration.Program - Product_Active: true
2026-08-31 13:51:33,970 INFO AVS_ZohoIntegration.Program - Unit_Price: 76757.18
2026-08-31 13:51:33,970 INFO AVS_ZohoIntegration.Program - Tax: 
2026-08-31 13:51:33,970 INFO AVS_ZohoIntegration.Program - Usage_Unit: 
2026-08-31 13:51:33,971 INFO AVS_ZohoIntegration.Program - Qty_in_Stock: 0
2026-08-31 13:51:33,971 INFO AVS_ZohoIntegration.Program - Taxable: true
2026-08-31 13:51:33,971 INFO AVS_ZohoIntegration.Program - * Procesando resultado: 50 *
2026-08-31 13:51:33,972 INFO AVS_ZohoIntegration.Program - Product_Code: A00050
2026-08-31 13:51:33,972 INFO AVS_ZohoIntegration.Program - Product_Name: J.B. Officeprint 1420
2026-08-31 13:51:33,973 INFO AVS_ZohoIntegration.Program - Product_Active: true
2026-08-31 13:51:33,974 INFO AVS_ZohoIntegration.Program - Unit_Price: 76757.18
2026-08-31 13:51:33,974 INFO AVS_ZohoIntegration.Program - Tax: 
2026-08-31 13:51:33,974 INFO AVS_ZohoIntegration.Program - Usage_Unit: 
2026-08-31 13:51:33,975 INFO AVS_ZohoIntegration.Program - Qty_in_Stock: 0
2026-08-31 13:51:33,975 INFO AVS_ZohoIntegration.Program - Taxable: true
2026-08-31 13:51:33,975 INFO AVS_ZohoIntegration.Program - * Procesando resultado: 51 *
2026-08-31 13:51:33,976 INFO AVS_ZohoIntegration.Program - Product_Code: A00051
2026-08-31 13:51:33,976 INFO AVS_ZohoIntegration.Program - Product_Name: J.B. Officeprint 1420
2026-08-31 13:51:33,977 INFO AVS_ZohoIntegration.Program - Product_Active: true
2026-08-31 13:51:33,977 INFO AVS_ZohoIntegration.Program - Unit_Price: 76757.18
2026-08-31 13:51:33,978 INFO AVS_ZohoIntegration.Program - Tax: 
2026-08-31 13:51:33,978 INFO AVS_ZohoIntegration.Program - Usage_Unit: 
2026-08-31 13:51:33,979 INFO AVS_ZohoIntegration.Program - Qty_in_Stock: 0
2026-08-31 13:51:33,979 INFO AVS_ZohoIntegration.Program - Taxable: true
2026-08-31 13:51:33,979 INFO AVS_ZohoIntegration.Program - * Procesando resultado: 52 *
2026-08-31 13:51:33,980 INFO AVS_ZohoIntegration.Program - Product_Code: A00052
2026-08-31 13:51:33,980 INFO AVS_ZohoIntegration.Program - Product_Name: J.B. Officeprint 1420
2026-08-31 13:51:33,980 INFO AVS_ZohoIntegration.Program - Product_Active: true
2026-08-31 13:51:33,982 INFO AVS_ZohoIntegration.Program - Unit_Price: 76757.18
2026-08-31 13:51:33,982 INFO AVS_ZohoIntegration.Program - Tax: 
2026-08-31 13:51:33,982 INFO AVS_ZohoIntegration.Program - Usage_Unit: 
2026-08-31 13:51:33,983 INFO AVS_ZohoIntegration.Program - Qty_in_Stock: 0
2026-08-31 13:51:33,983 INFO AVS_ZohoIntegration.Program - Taxable: true
2026-08-31 13:51:33,983 INFO AVS_ZohoIntegration.Program - * Procesando resultado: 53 *
2026-08-31 13:51:33,983 INFO AVS_ZohoIntegration.Program - Product_Code: A00053
2026-08-31 13:51:33,984 INFO AVS_ZohoIntegration.Program - Product_Name: J.B. Officeprint 1420
2026-08-31 13:51:33,984 INFO AVS_ZohoIntegration.Program - Product_Active: true
2026-08-31 13:51:33,984 INFO AVS_ZohoIntegration.Program - Unit_Price: 76757.18
2026-08-31 13:51:33,986 INFO AVS_ZohoIntegration.Program - Tax: 
2026-08-31 13:51:33,986 INFO AVS_ZohoIntegration.Program - Usage_Unit: 
2026-08-31 13:51:33,986 INFO AVS_ZohoIntegration.Program - Qty_in_Stock: 0
2026-08-31 13:51:33,986 INFO AVS_ZohoIntegration.Program - Taxable: true
2026-08-31 13:51:33,987 INFO AVS_ZohoIntegration.Program - * Procesando resultado: 54 *
2026-08-31 13:51:33,987 INFO AVS_ZohoIntegration.Program - Product_Code: A00054
2026-08-31 13:51:33,988 INFO AVS_ZohoIntegration.Program - Product_Name: J.B. Officeprint 1420
2026-08-31 13:51:33,989 INFO AVS_ZohoIntegration.Program - Product_Active: true
2026-08-31 13:51:33,989 INFO AVS_ZohoIntegration.Program - Unit_Price: 76757.18
2026-08-31 13:51:33,989 INFO AVS_ZohoIntegration.Program - Tax: 
2026-08-31 13:51:33,991 INFO AVS_ZohoIntegration.Program - Usage_Unit: 
2026-08-31 13:51:33,991 INFO AVS_ZohoIntegration.Program - Qty_in_Stock: 0
2026-08-31 13:51:33,992 INFO AVS_ZohoIntegration.Program - Taxable: true
2026-08-31 13:51:33,993 INFO AVS_ZohoIntegration.Program - * Procesando resultado: 55 *
2026-08-31 13:51:33,993 INFO AVS_ZohoIntegration.Program - Product_Code: A00055
2026-08-31 13:51:33,994 INFO AVS_ZohoIntegration.Program - Product_Name: J.B. Officeprint 1420
2026-08-31 13:51:33,994 INFO AVS_ZohoIntegration.Program - Product_Active: true
2026-08-31 13:51:33,995 INFO AVS_ZohoIntegration.Program - Unit_Price: 76757.18
2026-08-31 13:51:33,996 INFO AVS_ZohoIntegration.Program - Tax: 
2026-08-31 13:51:33,996 INFO AVS_ZohoIntegration.Program - Usage_Unit: 
2026-08-31 13:51:33,997 INFO AVS_ZohoIntegration.Program - Qty_in_Stock: 0
2026-08-31 13:51:33,997 INFO AVS_ZohoIntegration.Program - Taxable: true
2026-08-31 13:51:33,998 INFO AVS_ZohoIntegration.Program - * Procesando resultado: 56 *
2026-08-31 13:51:33,998 INFO AVS_ZohoIntegration.Program - Product_Code: A00056
2026-08-31 13:51:33,998 INFO AVS_ZohoIntegration.Program - Product_Name: J.B. Officeprint 1420
2026-08-31 13:51:33,999 INFO AVS_ZohoIntegration.Program - Product_Active: true
2026-08-31 13:51:33,999 INFO AVS_ZohoIntegration.Program - Unit_Price: 76757.18
2026-08-31 13:51:33,999 INFO AVS_ZohoIntegration.Program - Tax: 
2026-08-31 13:51:34,000 INFO AVS_ZohoIntegration.Program - Usage_Unit: 
2026-08-31 13:51:34,000 INFO AVS_ZohoIntegration.Program - Qty_in_Stock: 0
2026-08-31 13:51:34,000 INFO AVS_ZohoIntegration.Program - Taxable: true
2026-08-31 13:51:34,001 INFO AVS_ZohoIntegration.Program - * Procesando resultado: 57 *
2026-08-31 13:51:34,001 INFO AVS_ZohoIntegration.Program - Product_Code: A00057
2026-08-31 13:51:34,001 INFO AVS_ZohoIntegration.Program - Product_Name: J.B. Officeprint 1420
2026-08-31 13:51:34,001 INFO AVS_ZohoIntegration.Program - Product_Active: true
2026-08-31 13:51:34,002 INFO AVS_ZohoIntegration.Program - Unit_Price: 76757.18
2026-08-31 13:51:34,002 INFO AVS_ZohoIntegration.Program - Tax: 
2026-08-31 13:51:34,003 INFO AVS_ZohoIntegration.Program - Usage_Unit: 
2026-08-31 13:51:34,003 INFO AVS_ZohoIntegration.Program - Qty_in_Stock: 0
2026-08-31 13:51:34,003 INFO AVS_ZohoIntegration.Program - Taxable: true
2026-08-31 13:51:34,004 INFO AVS_ZohoIntegration.Program - * Procesando resultado: 58 *
2026-08-31 13:51:34,004 INFO AVS_ZohoIntegration.Program - Product_Code: A00058
2026-08-31 13:51:34,004 INFO AVS_ZohoIntegration.Program - Product_Name: J.B. Officeprint 1420
2026-08-31 13:51:34,005 INFO AVS_ZohoIntegration.Program - Product_Active: true
2026-08-31 13:51:34,005 INFO AVS_ZohoIntegration.Program - Unit_Price: 76757.18
2026-08-31 13:51:34,005 INFO AVS_ZohoIntegration.Program - Tax: 
2026-08-31 13:51:34,006 INFO AVS_ZohoIntegration.Program - Usage_Unit: 
2026-08-31 13:51:34,006 INFO AVS_ZohoIntegration.Program - Qty_in_Stock: 0
2026-08-31 13:51:34,007 INFO AVS_ZohoIntegration.Program - Taxable: true
2026-08-31 13:51:34,007 INFO AVS_ZohoIntegration.Program - * Procesando resultado: 59 *
2026-08-31 13:51:34,007 INFO AVS_ZohoIntegration.Program - Product_Code: A00059
2026-08-31 13:51:34,008 INFO AVS_ZohoIntegration.Program - Product_Name: J.B. Officeprint 1420
2026-08-31 13:51:34,008 INFO AVS_ZohoIntegration.Program - Product_Active: true
2026-08-31 13:51:34,009 INFO AVS_ZohoIntegration.Program - Unit_Price: 76757.18
2026-08-31 13:51:34,009 INFO AVS_ZohoIntegration.Program - Tax: 
2026-08-31 13:51:34,010 INFO AVS_ZohoIntegration.Program - Usage_Unit: 
2026-08-31 13:51:34,010 INFO AVS_ZohoIntegration.Program - Qty_in_Stock: 0
2026-08-31 13:51:34,011 INFO AVS_ZohoIntegration.Program - Taxable: true
2026-08-31 13:51:34,011 INFO AVS_ZohoIntegration.Program - * Procesando resultado: 60 *
2026-08-31 13:51:34,012 INFO AVS_ZohoIntegration.Program - Product_Code: A00060
2026-08-31 13:51:34,012 INFO AVS_ZohoIntegration.Program - Product_Name: J.B. Officeprint 1420
2026-08-31 13:51:34,013 INFO AVS_ZohoIntegration.Program - Product_Active: true
2026-08-31 13:51:34,013 INFO AVS_ZohoIntegration.Program - Unit_Price: 76757.18
2026-08-31 13:51:34,014 INFO AVS_ZohoIntegration.Program - Tax: 
2026-08-31 13:51:34,014 INFO AVS_ZohoIntegration.Program - Usage_Unit: 
2026-08-31 13:51:34,014 INFO AVS_ZohoIntegration.Program - Qty_in_Stock: 0
2026-08-31 13:51:34,016 INFO AVS_ZohoIntegration.Program - Taxable: true
2026-08-31 13:51:34,016 INFO AVS_ZohoIntegration.Program - * Procesando resultado: 61 *
2026-08-31 13:51:34,016 INFO AVS_ZohoIntegration.Program - Product_Code: A00061
2026-08-31 13:51:34,017 INFO AVS_ZohoIntegration.Program - Product_Name: J.B. Officeprint 1420
2026-08-31 13:51:34,017 INFO AVS_ZohoIntegration.Program - Product_Active: true
2026-08-31 13:51:34,018 INFO AVS_ZohoIntegration.Program - Unit_Price: 76757.18
2026-08-31 13:51:34,018 INFO AVS_ZohoIntegration.Program - Tax: 
2026-08-31 13:51:34,019 INFO AVS_ZohoIntegration.Program - Usage_Unit: 
2026-08-31 13:51:34,019 INFO AVS_ZohoIntegration.Program - Qty_in_Stock: 0
2026-08-31 13:51:34,020 INFO AVS_ZohoIntegration.Program - Taxable: true
2026-08-31 13:51:34,020 INFO AVS_ZohoIntegration.Program - * Procesando resultado: 62 *
2026-08-31 13:51:34,020 INFO AVS_ZohoIntegration.Program - Product_Code: A00062
2026-08-31 13:51:34,021 INFO AVS_ZohoIntegration.Program - Product_Name: J.B. Officeprint 1420
2026-08-31 13:51:34,021 INFO AVS_ZohoIntegration.Program - Product_Active: true
2026-08-31 13:51:34,022 INFO AVS_ZohoIntegration.Program - Unit_Price: 76757.18
2026-08-31 13:51:34,022 INFO AVS_ZohoIntegration.Program - Tax: 
2026-08-31 13:51:34,023 INFO AVS_ZohoIntegration.Program - Usage_Unit: 
2026-08-31 13:51:34,024 INFO AVS_ZohoIntegration.Program - Qty_in_Stock: 0
2026-08-31 13:51:34,024 INFO AVS_ZohoIntegration.Program - Taxable: true
2026-08-31 13:51:34,025 INFO AVS_ZohoIntegration.Program - * Procesando resultado: 63 *
2026-08-31 13:51:34,025 INFO AVS_ZohoIntegration.Program - Product_Code: A00063
2026-08-31 13:51:34,026 INFO AVS_ZohoIntegration.Program - Product_Name: J.B. Officeprint 1420
2026-08-31 13:51:34,026 INFO AVS_ZohoIntegration.Program - Product_Active: true
2026-08-31 13:51:34,026 INFO AVS_ZohoIntegration.Program - Unit_Price: 76757.18
2026-08-31 13:51:34,027 INFO AVS_ZohoIntegration.Program - Tax: 
2026-08-31 13:51:34,027 INFO AVS_ZohoIntegration.Program - Usage_Unit: 
2026-08-31 13:51:34,029 INFO AVS_ZohoIntegration.Program - Qty_in_Stock: 0
2026-08-31 13:51:34,029 INFO AVS_ZohoIntegration.Program - Taxable: true
2026-08-31 13:51:34,030 INFO AVS_ZohoIntegration.Program - * Procesando resultado: 64 *
2026-08-31 13:51:34,030 INFO AVS_ZohoIntegration.Program - Product_Code: A00064
2026-08-31 13:51:34,031 INFO AVS_ZohoIntegration.Program - Product_Name: J.B. Officeprint 1420
2026-08-31 13:51:34,031 INFO AVS_ZohoIntegration.Program - Product_Active: true
2026-08-31 13:51:34,031 INFO AVS_ZohoIntegration.Program - Unit_Price: 76757.18
2026-08-31 13:51:34,032 INFO AVS_ZohoIntegration.Program - Tax: 
2026-08-31 13:51:34,032 INFO AVS_ZohoIntegration.Program - Usage_Unit: 
2026-08-31 13:51:34,032 INFO AVS_ZohoIntegration.Program - Qty_in_Stock: 0
2026-08-31 13:51:34,033 INFO AVS_ZohoIntegration.Program - Taxable: true
2026-08-31 13:51:34,033 INFO AVS_ZohoIntegration.Program - * Procesando resultado: 65 *
2026-08-31 13:51:34,035 INFO AVS_ZohoIntegration.Program - Product_Code: A00065
2026-08-31 13:51:34,035 INFO AVS_ZohoIntegration.Program - Product_Name: J.B. Officeprint 1420
2026-08-31 13:51:34,035 INFO AVS_ZohoIntegration.Program - Product_Active: true
2026-08-31 13:51:34,036 INFO AVS_ZohoIntegration.Program - Unit_Price: 76757.18
2026-08-31 13:51:34,036 INFO AVS_ZohoIntegration.Program - Tax: 
2026-08-31 13:51:34,037 INFO AVS_ZohoIntegration.Program - Usage_Unit: 
2026-08-31 13:51:34,037 INFO AVS_ZohoIntegration.Program - Qty_in_Stock: 0
2026-08-31 13:51:34,038 INFO AVS_ZohoIntegration.Program - Taxable: true
2026-08-31 13:51:34,038 INFO AVS_ZohoIntegration.Program - * Procesando resultado: 66 *
2026-08-31 13:51:34,039 INFO AVS_ZohoIntegration.Program - Product_Code: A00066
2026-08-31 13:51:34,039 INFO AVS_ZohoIntegration.Program - Product_Name: J.B. Officeprint 1420
2026-08-31 13:51:34,040 INFO AVS_ZohoIntegration.Program - Product_Active: true
2026-08-31 13:51:34,040 INFO AVS_ZohoIntegration.Program - Unit_Price: 76757.18
2026-08-31 13:51:34,041 INFO AVS_ZohoIntegration.Program - Tax: 
2026-08-31 13:51:34,041 INFO AVS_ZohoIntegration.Program - Usage_Unit: 
2026-08-31 13:51:34,042 INFO AVS_ZohoIntegration.Program - Qty_in_Stock: 0
2026-08-31 13:51:34,042 INFO AVS_ZohoIntegration.Program - Taxable: true
2026-08-31 13:51:34,042 INFO AVS_ZohoIntegration.Program - * Procesando resultado: 67 *
2026-08-31 13:51:34,043 INFO AVS_ZohoIntegration.Program - Product_Code: A00067
2026-08-31 13:51:34,043 INFO AVS_ZohoIntegration.Program - Product_Name: J.B. Officeprint 1420
2026-08-31 13:51:34,044 INFO AVS_ZohoIntegration.Program - Product_Active: true
2026-08-31 13:51:34,044 INFO AVS_ZohoIntegration.Program - Unit_Price: 76757.18
2026-08-31 13:51:34,045 INFO AVS_ZohoIntegration.Program - Tax: 
2026-08-31 13:51:34,045 INFO AVS_ZohoIntegration.Program - Usage_Unit: 
2026-08-31 13:51:34,046 INFO AVS_ZohoIntegration.Program - Qty_in_Stock: 0
2026-08-31 13:51:34,046 INFO AVS_ZohoIntegration.Program - Taxable: true
2026-08-31 13:51:34,047 INFO AVS_ZohoIntegration.Program - * Procesando resultado: 68 *
2026-08-31 13:51:34,047 INFO AVS_ZohoIntegration.Program - Product_Code: A00068
2026-08-31 13:51:34,048 INFO AVS_ZohoIntegration.Program - Product_Name: J.B. Officeprint 1420
2026-08-31 13:51:34,048 INFO AVS_ZohoIntegration.Program - Product_Active: true
2026-08-31 13:51:34,049 INFO AVS_ZohoIntegration.Program - Unit_Price: 76757.18
2026-08-31 13:51:34,049 INFO AVS_ZohoIntegration.Program - Tax: 
2026-08-31 13:51:34,049 INFO AVS_ZohoIntegration.Program - Usage_Unit: 
2026-08-31 13:51:34,050 INFO AVS_ZohoIntegration.Program - Qty_in_Stock: 0
2026-08-31 13:51:34,050 INFO AVS_ZohoIntegration.Program - Taxable: true
2026-08-31 13:51:34,051 INFO AVS_ZohoIntegration.Program - * Procesando resultado: 69 *
2026-08-31 13:51:34,051 INFO AVS_ZohoIntegration.Program - Product_Code: A00069
2026-08-31 13:51:34,051 INFO AVS_ZohoIntegration.Program - Product_Name: J.B. Officeprint 1420
2026-08-31 13:51:34,052 INFO AVS_ZohoIntegration.Program - Product_Active: true
2026-08-31 13:51:34,052 INFO AVS_ZohoIntegration.Program - Unit_Price: 76757.18
2026-08-31 13:51:34,053 INFO AVS_ZohoIntegration.Program - Tax: 
2026-08-31 13:51:34,053 INFO AVS_ZohoIntegration.Program - Usage_Unit: 
2026-08-31 13:51:34,054 INFO AVS_ZohoIntegration.Program - Qty_in_Stock: 0
2026-08-31 13:51:34,054 INFO AVS_ZohoIntegration.Program - Taxable: true
2026-08-31 13:51:34,055 INFO AVS_ZohoIntegration.Program - * Procesando resultado: 70 *
2026-08-31 13:51:34,055 INFO AVS_ZohoIntegration.Program - Product_Code: A00070
2026-08-31 13:51:34,056 INFO AVS_ZohoIntegration.Program - Product_Name: J.B. Officeprint 1420
2026-08-31 13:51:34,056 INFO AVS_ZohoIntegration.Program - Product_Active: true
2026-08-31 13:51:34,057 INFO AVS_ZohoIntegration.Program - Unit_Price: 76757.18
2026-08-31 13:51:34,058 INFO AVS_ZohoIntegration.Program - Tax: 
2026-08-31 13:51:34,064 INFO AVS_ZohoIntegration.Program - Usage_Unit: 
2026-08-31 13:51:34,065 INFO AVS_ZohoIntegration.Program - Qty_in_Stock: 0
2026-08-31 13:51:34,065 INFO AVS_ZohoIntegration.Program - Taxable: true
2026-08-31 13:51:34,066 INFO AVS_ZohoIntegration.Program - * Procesando resultado: 71 *
2026-08-31 13:51:34,066 INFO AVS_ZohoIntegration.Program - Product_Code: A00071
2026-08-31 13:51:34,066 INFO AVS_ZohoIntegration.Program - Product_Name: J.B. Officeprint 1420
2026-08-31 13:51:34,067 INFO AVS_ZohoIntegration.Program - Product_Active: true
2026-08-31 13:51:34,067 INFO AVS_ZohoIntegration.Program - Unit_Price: 76757.18
2026-08-31 13:51:34,067 INFO AVS_ZohoIntegration.Program - Tax: 
2026-08-31 13:51:34,068 INFO AVS_ZohoIntegration.Program - Usage_Unit: 
2026-08-31 13:51:34,069 INFO AVS_ZohoIntegration.Program - Qty_in_Stock: 0
2026-08-31 13:51:34,069 INFO AVS_ZohoIntegration.Program - Taxable: true
2026-08-31 13:51:34,069 INFO AVS_ZohoIntegration.Program - * Procesando resultado: 72 *
2026-08-31 13:51:34,070 INFO AVS_ZohoIntegration.Program - Product_Code: A00072
2026-08-31 13:51:34,070 INFO AVS_ZohoIntegration.Program - Product_Name: J.B. Officeprint 1420
2026-08-31 13:51:34,070 INFO AVS_ZohoIntegration.Program - Product_Active: true
2026-08-31 13:51:34,071 INFO AVS_ZohoIntegration.Program - Unit_Price: 76757.18
2026-08-31 13:51:34,071 INFO AVS_ZohoIntegration.Program - Tax: 
2026-08-31 13:51:34,071 INFO AVS_ZohoIntegration.Program - Usage_Unit: 
2026-08-31 13:51:34,072 INFO AVS_ZohoIntegration.Program - Qty_in_Stock: 0
2026-08-31 13:51:34,072 INFO AVS_ZohoIntegration.Program - Taxable: true
2026-08-31 13:51:34,073 INFO AVS_ZohoIntegration.Program - * Procesando resultado: 73 *
2026-08-31 13:51:34,073 INFO AVS_ZohoIntegration.Program - Product_Code: B10000
2026-08-31 13:51:34,074 INFO AVS_ZohoIntegration.Program - Product_Name: Printer Label
2026-08-31 13:51:34,074 INFO AVS_ZohoIntegration.Program - Product_Active: true
2026-08-31 13:51:34,075 INFO AVS_ZohoIntegration.Program - Unit_Price: 191.95
2026-08-31 13:51:34,075 INFO AVS_ZohoIntegration.Program - Tax: 
2026-08-31 13:51:34,076 INFO AVS_ZohoIntegration.Program - Usage_Unit: 
2026-08-31 13:51:34,076 INFO AVS_ZohoIntegration.Program - Qty_in_Stock: 1628.5
2026-08-31 13:51:34,077 INFO AVS_ZohoIntegration.Program - Taxable: true
2026-08-31 13:51:34,077 INFO AVS_ZohoIntegration.Program - * Procesando resultado: 74 *
2026-08-31 13:51:34,078 INFO AVS_ZohoIntegration.Program - Product_Code: B10001
2026-08-31 13:51:34,078 INFO AVS_ZohoIntegration.Program - Product_Name: Articulo de Prueba para Lotes
2026-08-31 13:51:34,079 INFO AVS_ZohoIntegration.Program - Product_Active: true
2026-08-31 13:51:34,080 INFO AVS_ZohoIntegration.Program - Unit_Price: 100
2026-08-31 13:51:34,080 INFO AVS_ZohoIntegration.Program - Tax: 
2026-08-31 13:51:34,081 INFO AVS_ZohoIntegration.Program - Usage_Unit: 
2026-08-31 13:51:34,081 INFO AVS_ZohoIntegration.Program - Qty_in_Stock: 1131
2026-08-31 13:51:34,081 INFO AVS_ZohoIntegration.Program - Taxable: true
2026-08-31 13:51:34,082 INFO AVS_ZohoIntegration.Program - * Procesando resultado: 75 *
2026-08-31 13:51:34,082 INFO AVS_ZohoIntegration.Program - Product_Code: B11000
2026-08-31 13:51:34,082 INFO AVS_ZohoIntegration.Program - Product_Name: Printer Label
2026-08-31 13:51:34,083 INFO AVS_ZohoIntegration.Program - Product_Active: true
2026-08-31 13:51:34,083 INFO AVS_ZohoIntegration.Program - Unit_Price: 191.95
2026-08-31 13:51:34,083 INFO AVS_ZohoIntegration.Program - Tax: 
2026-08-31 13:51:34,084 INFO AVS_ZohoIntegration.Program - Usage_Unit: 
2026-08-31 13:51:34,084 INFO AVS_ZohoIntegration.Program - Qty_in_Stock: 0
2026-08-31 13:51:34,084 INFO AVS_ZohoIntegration.Program - Taxable: true
2026-08-31 13:51:34,085 INFO AVS_ZohoIntegration.Program - * Procesando resultado: 76 *
2026-08-31 13:51:34,085 INFO AVS_ZohoIntegration.Program - Product_Code: B12000
2026-08-31 13:51:34,085 INFO AVS_ZohoIntegration.Program - Product_Name: Printer Label
2026-08-31 13:51:34,085 INFO AVS_ZohoIntegration.Program - Product_Active: true
2026-08-31 13:51:34,086 INFO AVS_ZohoIntegration.Program - Unit_Price: 191.95
2026-08-31 13:51:34,086 INFO AVS_ZohoIntegration.Program - Tax: 
2026-08-31 13:51:34,086 INFO AVS_ZohoIntegration.Program - Usage_Unit: 
2026-08-31 13:51:34,086 INFO AVS_ZohoIntegration.Program - Qty_in_Stock: -8.5
2026-08-31 13:51:34,087 INFO AVS_ZohoIntegration.Program - Taxable: true
2026-08-31 13:51:34,087 INFO AVS_ZohoIntegration.Program - * Procesando resultado: 77 *
2026-08-31 13:51:34,087 INFO AVS_ZohoIntegration.Program - Product_Code: B13000
2026-08-31 13:51:34,087 INFO AVS_ZohoIntegration.Program - Product_Name: Printer Label
2026-08-31 13:51:34,088 INFO AVS_ZohoIntegration.Program - Product_Active: true
2026-08-31 13:51:34,088 INFO AVS_ZohoIntegration.Program - Unit_Price: 191.95
2026-08-31 13:51:34,088 INFO AVS_ZohoIntegration.Program - Tax: 
2026-08-31 13:51:34,088 INFO AVS_ZohoIntegration.Program - Usage_Unit: 
2026-08-31 13:51:34,089 INFO AVS_ZohoIntegration.Program - Qty_in_Stock: 0
2026-08-31 13:51:34,089 INFO AVS_ZohoIntegration.Program - Taxable: true
2026-08-31 13:51:34,090 INFO AVS_ZohoIntegration.Program - * Procesando resultado: 78 *
2026-08-31 13:51:34,090 INFO AVS_ZohoIntegration.Program - Product_Code: B20000
2026-08-31 13:51:34,090 INFO AVS_ZohoIntegration.Program - Product_Name: Prueba de series
2026-08-31 13:51:34,091 INFO AVS_ZohoIntegration.Program - Product_Active: true
2026-08-31 13:51:34,091 INFO AVS_ZohoIntegration.Program - Unit_Price: 100
2026-08-31 13:51:34,092 INFO AVS_ZohoIntegration.Program - Tax: 
2026-08-31 13:51:34,092 INFO AVS_ZohoIntegration.Program - Usage_Unit: 
2026-08-31 13:51:34,093 INFO AVS_ZohoIntegration.Program - Qty_in_Stock: 2
2026-08-31 13:51:34,093 INFO AVS_ZohoIntegration.Program - Taxable: true
2026-08-31 13:51:34,093 INFO AVS_ZohoIntegration.Program - * Procesando resultado: 79 *
2026-08-31 13:51:34,094 INFO AVS_ZohoIntegration.Program - Product_Code: B21000
2026-08-31 13:51:34,094 INFO AVS_ZohoIntegration.Program - Product_Name: Prueba de series
2026-08-31 13:51:34,095 INFO AVS_ZohoIntegration.Program - Product_Active: true
2026-08-31 13:51:34,095 INFO AVS_ZohoIntegration.Program - Unit_Price: 100
2026-08-31 13:51:34,095 INFO AVS_ZohoIntegration.Program - Tax: 
2026-08-31 13:51:34,095 INFO AVS_ZohoIntegration.Program - Usage_Unit: 
2026-08-31 13:51:34,097 INFO AVS_ZohoIntegration.Program - Qty_in_Stock: 0
2026-08-31 13:51:34,097 INFO AVS_ZohoIntegration.Program - Taxable: true
2026-08-31 13:51:34,097 INFO AVS_ZohoIntegration.Program - * Procesando resultado: 80 *
2026-08-31 13:51:34,098 INFO AVS_ZohoIntegration.Program - Product_Code: C00001
2026-08-31 13:51:34,098 INFO AVS_ZohoIntegration.Program - Product_Name: Motherboard BTX
2026-08-31 13:51:34,098 INFO AVS_ZohoIntegration.Program - Product_Active: true
2026-08-31 13:51:34,099 INFO AVS_ZohoIntegration.Program - Unit_Price: 76757.18
2026-08-31 13:51:34,099 INFO AVS_ZohoIntegration.Program - Tax: 
2026-08-31 13:51:34,099 INFO AVS_ZohoIntegration.Program - Usage_Unit: 
2026-08-31 13:51:34,100 INFO AVS_ZohoIntegration.Program - Qty_in_Stock: 1367.7
2026-08-31 13:51:34,100 INFO AVS_ZohoIntegration.Program - Taxable: true
2026-08-31 13:51:34,100 INFO AVS_ZohoIntegration.Program - * Procesando resultado: 81 *
2026-08-31 13:51:34,100 INFO AVS_ZohoIntegration.Program - Product_Code: C00002
2026-08-31 13:51:34,101 INFO AVS_ZohoIntegration.Program - Product_Name: Motherboard MicroATX
2026-08-31 13:51:34,101 INFO AVS_ZohoIntegration.Program - Product_Active: true
2026-08-31 13:51:34,101 INFO AVS_ZohoIntegration.Program - Unit_Price: 57567.81
2026-08-31 13:51:34,102 INFO AVS_ZohoIntegration.Program - Tax: 
2026-08-31 13:51:34,102 INFO AVS_ZohoIntegration.Program - Usage_Unit: 
2026-08-31 13:51:34,102 INFO AVS_ZohoIntegration.Program - Qty_in_Stock: 1648
2026-08-31 13:51:34,103 INFO AVS_ZohoIntegration.Program - Taxable: true
2026-08-31 13:51:34,103 INFO AVS_ZohoIntegration.Program - * Procesando resultado: 82 *
2026-08-31 13:51:34,103 INFO AVS_ZohoIntegration.Program - Product_Code: C00003
2026-08-31 13:51:34,104 INFO AVS_ZohoIntegration.Program - Product_Name: Quadcore CPU 3.4 GHz
2026-08-31 13:51:34,104 INFO AVS_ZohoIntegration.Program - Product_Active: true
2026-08-31 13:51:34,104 INFO AVS_ZohoIntegration.Program - Unit_Price: 24946.08
2026-08-31 13:51:34,104 INFO AVS_ZohoIntegration.Program - Tax: 
2026-08-31 13:51:34,105 INFO AVS_ZohoIntegration.Program - Usage_Unit: 
2026-08-31 13:51:34,105 INFO AVS_ZohoIntegration.Program - Qty_in_Stock: 1140.7
2026-08-31 13:51:34,105 INFO AVS_ZohoIntegration.Program - Taxable: true
2026-08-31 13:51:34,105 INFO AVS_ZohoIntegration.Program - * Procesando resultado: 83 *
2026-08-31 13:51:34,106 INFO AVS_ZohoIntegration.Program - Product_Code: C00004
2026-08-31 13:51:34,106 INFO AVS_ZohoIntegration.Program - Product_Name: Tower Case with Power supply
2026-08-31 13:51:34,108 INFO AVS_ZohoIntegration.Program - Product_Active: true
2026-08-31 13:51:34,108 INFO AVS_ZohoIntegration.Program - Unit_Price: 6716.19
2026-08-31 13:51:34,108 INFO AVS_ZohoIntegration.Program - Tax: 
2026-08-31 13:51:34,108 INFO AVS_ZohoIntegration.Program - Usage_Unit: 
2026-08-31 13:51:34,108 INFO AVS_ZohoIntegration.Program - Qty_in_Stock: 1103.7
2026-08-31 13:51:34,109 INFO AVS_ZohoIntegration.Program - Taxable: true
2026-08-31 13:51:34,109 INFO AVS_ZohoIntegration.Program - * Procesando resultado: 84 *
2026-08-31 13:51:34,110 INFO AVS_ZohoIntegration.Program - Product_Code: C00005
2026-08-31 13:51:34,110 INFO AVS_ZohoIntegration.Program - Product_Name: WLAN Card
2026-08-31 13:51:34,110 INFO AVS_ZohoIntegration.Program - Product_Active: true
2026-08-31 13:51:34,111 INFO AVS_ZohoIntegration.Program - Unit_Price: 11513.56
2026-08-31 13:51:34,111 INFO AVS_ZohoIntegration.Program - Tax: 
2026-08-31 13:51:34,111 INFO AVS_ZohoIntegration.Program - Usage_Unit: 
2026-08-31 13:51:34,113 INFO AVS_ZohoIntegration.Program - Qty_in_Stock: 1036.7
2026-08-31 13:51:34,113 INFO AVS_ZohoIntegration.Program - Taxable: true
2026-08-31 13:51:34,113 INFO AVS_ZohoIntegration.Program - * Procesando resultado: 85 *
2026-08-31 13:51:34,113 INFO AVS_ZohoIntegration.Program - Product_Code: C00006
2026-08-31 13:51:34,114 INFO AVS_ZohoIntegration.Program - Product_Name: Gigabit Network Card
2026-08-31 13:51:34,114 INFO AVS_ZohoIntegration.Program - Product_Active: true
2026-08-31 13:51:34,114 INFO AVS_ZohoIntegration.Program - Unit_Price: 2878.43
2026-08-31 13:51:34,114 INFO AVS_ZohoIntegration.Program - Tax: 
2026-08-31 13:51:34,114 INFO AVS_ZohoIntegration.Program - Usage_Unit: 
2026-08-31 13:51:34,116 INFO AVS_ZohoIntegration.Program - Qty_in_Stock: 983.7
2026-08-31 13:51:34,116 INFO AVS_ZohoIntegration.Program - Taxable: true
2026-08-31 13:51:34,116 INFO AVS_ZohoIntegration.Program - * Procesando resultado: 86 *
2026-08-31 13:51:34,116 INFO AVS_ZohoIntegration.Program - Product_Code: C00007
2026-08-31 13:51:34,117 INFO AVS_ZohoIntegration.Program - Product_Name: Hard Disk 3TB
2026-08-31 13:51:34,117 INFO AVS_ZohoIntegration.Program - Product_Active: true
2026-08-31 13:51:34,117 INFO AVS_ZohoIntegration.Program - Unit_Price: 95946.4
2026-08-31 13:51:34,117 INFO AVS_ZohoIntegration.Program - Tax: 
2026-08-31 13:51:34,117 INFO AVS_ZohoIntegration.Program - Usage_Unit: 
2026-08-31 13:51:34,118 INFO AVS_ZohoIntegration.Program - Qty_in_Stock: 1081.7
2026-08-31 13:51:34,118 INFO AVS_ZohoIntegration.Program - Taxable: true
2026-08-31 13:51:34,118 INFO AVS_ZohoIntegration.Program - * Procesando resultado: 87 *
2026-08-31 13:51:34,118 INFO AVS_ZohoIntegration.Program - Product_Code: C00008
2026-08-31 13:51:34,119 INFO AVS_ZohoIntegration.Program - Product_Name: Computer Monitor 24" HDMI
2026-08-31 13:51:34,119 INFO AVS_ZohoIntegration.Program - Product_Active: true
2026-08-31 13:51:34,119 INFO AVS_ZohoIntegration.Program - Unit_Price: 38378.59
2026-08-31 13:51:34,120 INFO AVS_ZohoIntegration.Program - Tax: 
2026-08-31 13:51:34,120 INFO AVS_ZohoIntegration.Program - Usage_Unit: 
2026-08-31 13:51:34,121 INFO AVS_ZohoIntegration.Program - Qty_in_Stock: 1046.7
2026-08-31 13:51:34,121 INFO AVS_ZohoIntegration.Program - Taxable: true
2026-08-31 13:51:34,122 INFO AVS_ZohoIntegration.Program - * Procesando resultado: 88 *
2026-08-31 13:51:34,122 INFO AVS_ZohoIntegration.Program - Product_Code: C00009
2026-08-31 13:51:34,123 INFO AVS_ZohoIntegration.Program - Product_Name: Keyboard Comfort USB
2026-08-31 13:51:34,123 INFO AVS_ZohoIntegration.Program - Product_Active: true
2026-08-31 13:51:34,124 INFO AVS_ZohoIntegration.Program - Unit_Price: 3837.9
2026-08-31 13:51:34,124 INFO AVS_ZohoIntegration.Program - Tax: 
2026-08-31 13:51:34,125 INFO AVS_ZohoIntegration.Program - Usage_Unit: 
2026-08-31 13:51:34,125 INFO AVS_ZohoIntegration.Program - Qty_in_Stock: 1032.7
2026-08-31 13:51:34,126 INFO AVS_ZohoIntegration.Program - Taxable: true
2026-08-31 13:51:34,126 INFO AVS_ZohoIntegration.Program - * Procesando resultado: 89 *
2026-08-31 13:51:34,127 INFO AVS_ZohoIntegration.Program - Product_Code: C00010
2026-08-31 13:51:34,127 INFO AVS_ZohoIntegration.Program - Product_Name: Mouse USB
2026-08-31 13:51:34,128 INFO AVS_ZohoIntegration.Program - Product_Active: true
2026-08-31 13:51:34,128 INFO AVS_ZohoIntegration.Program - Unit_Price: 3837.9
2026-08-31 13:51:34,128 INFO AVS_ZohoIntegration.Program - Tax: 
2026-08-31 13:51:34,130 INFO AVS_ZohoIntegration.Program - Usage_Unit: 
2026-08-31 13:51:34,130 INFO AVS_ZohoIntegration.Program - Qty_in_Stock: 1065.7
2026-08-31 13:51:34,130 INFO AVS_ZohoIntegration.Program - Taxable: true
2026-08-31 13:51:34,131 INFO AVS_ZohoIntegration.Program - * Procesando resultado: 90 *
2026-08-31 13:51:34,131 INFO AVS_ZohoIntegration.Program - Product_Code: C00011
2026-08-31 13:51:34,131 INFO AVS_ZohoIntegration.Program - Product_Name: Memory DDR RAM 8GB
2026-08-31 13:51:34,131 INFO AVS_ZohoIntegration.Program - Product_Active: true
2026-08-31 13:51:34,132 INFO AVS_ZohoIntegration.Program - Unit_Price: 7675.66
2026-08-31 13:51:34,132 INFO AVS_ZohoIntegration.Program - Tax: 
2026-08-31 13:51:34,132 INFO AVS_ZohoIntegration.Program - Usage_Unit: 
2026-08-31 13:51:34,132 INFO AVS_ZohoIntegration.Program - Qty_in_Stock: 12.7
2026-08-31 13:51:34,133 INFO AVS_ZohoIntegration.Program - Taxable: true
2026-08-31 13:51:34,133 INFO AVS_ZohoIntegration.Program - * Procesando resultado: 91 *
2026-08-31 13:51:34,133 INFO AVS_ZohoIntegration.Program - Product_Code: C00012
2026-08-31 13:51:34,133 INFO AVS_ZohoIntegration.Program - Product_Name: Cabinet for external HD
2026-08-31 13:51:34,134 INFO AVS_ZohoIntegration.Program - Product_Active: true
2026-08-31 13:51:34,134 INFO AVS_ZohoIntegration.Program - Unit_Price: 6500
2026-08-31 13:51:34,134 INFO AVS_ZohoIntegration.Program - Tax: 
2026-08-31 13:51:34,135 INFO AVS_ZohoIntegration.Program - Usage_Unit: 
2026-08-31 13:51:34,135 INFO AVS_ZohoIntegration.Program - Qty_in_Stock: 463
2026-08-31 13:51:34,135 INFO AVS_ZohoIntegration.Program - Taxable: true
2026-08-31 13:51:34,135 INFO AVS_ZohoIntegration.Program - * Procesando resultado: 92 *
2026-08-31 13:51:34,135 INFO AVS_ZohoIntegration.Program - Product_Code: C00013
2026-08-31 13:51:34,135 INFO AVS_ZohoIntegration.Program - Product_Name: 1 TB disk for external HD
2026-08-31 13:51:34,136 INFO AVS_ZohoIntegration.Program - Product_Active: true
2026-08-31 13:51:34,136 INFO AVS_ZohoIntegration.Program - Unit_Price: 3400
2026-08-31 13:51:34,136 INFO AVS_ZohoIntegration.Program - Tax: 
2026-08-31 13:51:34,136 INFO AVS_ZohoIntegration.Program - Usage_Unit: 
2026-08-31 13:51:34,137 INFO AVS_ZohoIntegration.Program - Qty_in_Stock: 479
2026-08-31 13:51:34,137 INFO AVS_ZohoIntegration.Program - Taxable: true
2026-08-31 13:51:34,137 INFO AVS_ZohoIntegration.Program - * Procesando resultado: 93 *
2026-08-31 13:51:34,137 INFO AVS_ZohoIntegration.Program - Product_Code: C00014
2026-08-31 13:51:34,138 INFO AVS_ZohoIntegration.Program - Product_Name: Laptop case
2026-08-31 13:51:34,138 INFO AVS_ZohoIntegration.Program - Product_Active: true
2026-08-31 13:51:34,138 INFO AVS_ZohoIntegration.Program - Unit_Price: 2100
2026-08-31 13:51:34,139 INFO AVS_ZohoIntegration.Program - Tax: 
2026-08-31 13:51:34,139 INFO AVS_ZohoIntegration.Program - Usage_Unit: 
2026-08-31 13:51:34,140 INFO AVS_ZohoIntegration.Program - Qty_in_Stock: 434
2026-08-31 13:51:34,140 INFO AVS_ZohoIntegration.Program - Taxable: true
2026-08-31 13:51:34,140 INFO AVS_ZohoIntegration.Program - * Procesando resultado: 94 *
2026-08-31 13:51:34,141 INFO AVS_ZohoIntegration.Program - Product_Code: D00001
2026-08-31 13:51:34,141 INFO AVS_ZohoIntegration.Program - Product_Name: Portable Hard Disk 1TB
2026-08-31 13:51:34,142 INFO AVS_ZohoIntegration.Program - Product_Active: true
2026-08-31 13:51:34,142 INFO AVS_ZohoIntegration.Program - Unit_Price: 3400
2026-08-31 13:51:34,143 INFO AVS_ZohoIntegration.Program - Tax: 
2026-08-31 13:51:34,143 INFO AVS_ZohoIntegration.Program - Usage_Unit: 
2026-08-31 13:51:34,144 INFO AVS_ZohoIntegration.Program - Qty_in_Stock: 435
2026-08-31 13:51:34,144 INFO AVS_ZohoIntegration.Program - Taxable: true
2026-08-31 13:51:34,144 INFO AVS_ZohoIntegration.Program - * Procesando resultado: 95 *
2026-08-31 13:51:34,145 INFO AVS_ZohoIntegration.Program - Product_Code: D00002
2026-08-31 13:51:34,145 INFO AVS_ZohoIntegration.Program - Product_Name: Portable Hard Disk 2TB
2026-08-31 13:51:34,146 INFO AVS_ZohoIntegration.Program - Product_Active: true
2026-08-31 13:51:34,146 INFO AVS_ZohoIntegration.Program - Unit_Price: 6233
2026-08-31 13:51:34,147 INFO AVS_ZohoIntegration.Program - Tax: 
2026-08-31 13:51:34,147 INFO AVS_ZohoIntegration.Program - Usage_Unit: 
2026-08-31 13:51:34,147 INFO AVS_ZohoIntegration.Program - Qty_in_Stock: 420
2026-08-31 13:51:34,148 INFO AVS_ZohoIntegration.Program - Taxable: true
2026-08-31 13:51:34,148 INFO AVS_ZohoIntegration.Program - * Procesando resultado: 96 *
2026-08-31 13:51:34,148 INFO AVS_ZohoIntegration.Program - Product_Code: E00001
2026-08-31 13:51:34,148 INFO AVS_ZohoIntegration.Program - Product_Name: Secondhand Tablets
2026-08-31 13:51:34,149 INFO AVS_ZohoIntegration.Program - Product_Active: true
2026-08-31 13:51:34,149 INFO AVS_ZohoIntegration.Program - Unit_Price: 4100
2026-08-31 13:51:34,150 INFO AVS_ZohoIntegration.Program - Tax: 
2026-08-31 13:51:34,150 INFO AVS_ZohoIntegration.Program - Usage_Unit: 
2026-08-31 13:51:34,150 INFO AVS_ZohoIntegration.Program - Qty_in_Stock: 500
2026-08-31 13:51:34,151 INFO AVS_ZohoIntegration.Program - Taxable: true
2026-08-31 13:51:34,151 INFO AVS_ZohoIntegration.Program - * Procesando resultado: 97 *
2026-08-31 13:51:34,151 INFO AVS_ZohoIntegration.Program - Product_Code: EMP0001
2026-08-31 13:51:34,151 INFO AVS_ZohoIntegration.Program - Product_Name: Empaque 01
2026-08-31 13:51:34,152 INFO AVS_ZohoIntegration.Program - Product_Active: true
2026-08-31 13:51:34,152 INFO AVS_ZohoIntegration.Program - Unit_Price: 0
2026-08-31 13:51:34,152 INFO AVS_ZohoIntegration.Program - Tax: 
2026-08-31 13:51:34,153 INFO AVS_ZohoIntegration.Program - Usage_Unit: 
2026-08-31 13:51:34,153 INFO AVS_ZohoIntegration.Program - Qty_in_Stock: 463.877
2026-08-31 13:51:34,153 INFO AVS_ZohoIntegration.Program - Taxable: true
2026-08-31 13:51:34,153 INFO AVS_ZohoIntegration.Program - * Procesando resultado: 98 *
2026-08-31 13:51:34,154 INFO AVS_ZohoIntegration.Program - Product_Code: EMP0002
2026-08-31 13:51:34,154 INFO AVS_ZohoIntegration.Program - Product_Name: Empaque 02
2026-08-31 13:51:34,154 INFO AVS_ZohoIntegration.Program - Product_Active: true
2026-08-31 13:51:34,155 INFO AVS_ZohoIntegration.Program - Unit_Price: 0
2026-08-31 13:51:34,155 INFO AVS_ZohoIntegration.Program - Tax: 
2026-08-31 13:51:34,156 INFO AVS_ZohoIntegration.Program - Usage_Unit: 
2026-08-31 13:51:34,156 INFO AVS_ZohoIntegration.Program - Qty_in_Stock: 461.5
2026-08-31 13:51:34,157 INFO AVS_ZohoIntegration.Program - Taxable: true
2026-08-31 13:51:34,157 INFO AVS_ZohoIntegration.Program - * Procesando resultado: 99 *
2026-08-31 13:51:34,157 INFO AVS_ZohoIntegration.Program - Product_Code: EMP0003
2026-08-31 13:51:34,159 INFO AVS_ZohoIntegration.Program - Product_Name: Empaque 03
2026-08-31 13:51:34,159 INFO AVS_ZohoIntegration.Program - Product_Active: true
2026-08-31 13:51:34,160 INFO AVS_ZohoIntegration.Program - Unit_Price: 0
2026-08-31 13:51:34,160 INFO AVS_ZohoIntegration.Program - Tax: 
2026-08-31 13:51:34,160 INFO AVS_ZohoIntegration.Program - Usage_Unit: 
2026-08-31 13:51:34,160 INFO AVS_ZohoIntegration.Program - Qty_in_Stock: 424
2026-08-31 13:51:34,161 INFO AVS_ZohoIntegration.Program - Taxable: true
2026-08-31 13:51:34,161 INFO AVS_ZohoIntegration.Program - * Procesando resultado: 100 *
2026-08-31 13:51:34,161 INFO AVS_ZohoIntegration.Program - Product_Code: FLR001
2026-08-31 13:51:34,162 INFO AVS_ZohoIntegration.Program - Product_Name: Ramo de Flores 1
2026-08-31 13:51:34,162 INFO AVS_ZohoIntegration.Program - Product_Active: true
2026-08-31 13:51:34,162 INFO AVS_ZohoIntegration.Program - Unit_Price: 0
2026-08-31 13:51:34,162 INFO AVS_ZohoIntegration.Program - Tax: 
2026-08-31 13:51:34,163 INFO AVS_ZohoIntegration.Program - Usage_Unit: 
2026-08-31 13:51:34,163 INFO AVS_ZohoIntegration.Program - Qty_in_Stock: 124
2026-08-31 13:51:34,163 INFO AVS_ZohoIntegration.Program - Taxable: true
2026-08-31 13:51:34,163 INFO AVS_ZohoIntegration.Program - * Procesando resultado: 101 *
2026-08-31 13:51:34,164 INFO AVS_ZohoIntegration.Program - Product_Code: FLR001-GIRASOL
2026-08-31 13:51:34,165 INFO AVS_ZohoIntegration.Program - Product_Name: 
2026-08-31 13:51:34,165 INFO AVS_ZohoIntegration.Program - Product_Active: true
2026-08-31 13:51:34,166 INFO AVS_ZohoIntegration.Program - Unit_Price: 0
2026-08-31 13:51:34,166 INFO AVS_ZohoIntegration.Program - Tax: 
2026-08-31 13:51:34,166 INFO AVS_ZohoIntegration.Program - Usage_Unit: 
2026-08-31 13:51:34,167 INFO AVS_ZohoIntegration.Program - Qty_in_Stock: 93
2026-08-31 13:51:34,167 INFO AVS_ZohoIntegration.Program - Taxable: true
2026-08-31 13:51:34,167 INFO AVS_ZohoIntegration.Program - * Procesando resultado: 102 *
2026-08-31 13:51:34,168 INFO AVS_ZohoIntegration.Program - Product_Code: FLR001-LIRIO
2026-08-31 13:51:34,168 INFO AVS_ZohoIntegration.Program - Product_Name: 
2026-08-31 13:51:34,168 INFO AVS_ZohoIntegration.Program - Product_Active: true
2026-08-31 13:51:34,169 INFO AVS_ZohoIntegration.Program - Unit_Price: 0
2026-08-31 13:51:34,169 INFO AVS_ZohoIntegration.Program - Tax: 
2026-08-31 13:51:34,170 INFO AVS_ZohoIntegration.Program - Usage_Unit: 
2026-08-31 13:51:34,170 INFO AVS_ZohoIntegration.Program - Qty_in_Stock: 77
2026-08-31 13:51:34,170 INFO AVS_ZohoIntegration.Program - Taxable: true
2026-08-31 13:51:34,170 INFO AVS_ZohoIntegration.Program - * Procesando resultado: 103 *
2026-08-31 13:51:34,171 INFO AVS_ZohoIntegration.Program - Product_Code: FLR001-ROSA
2026-08-31 13:51:34,171 INFO AVS_ZohoIntegration.Program - Product_Name: 
2026-08-31 13:51:34,172 INFO AVS_ZohoIntegration.Program - Product_Active: true
2026-08-31 13:51:34,173 INFO AVS_ZohoIntegration.Program - Unit_Price: 0
2026-08-31 13:51:34,173 INFO AVS_ZohoIntegration.Program - Tax: 
2026-08-31 13:51:34,174 INFO AVS_ZohoIntegration.Program - Usage_Unit: 
2026-08-31 13:51:34,174 INFO AVS_ZohoIntegration.Program - Qty_in_Stock: 96
2026-08-31 13:51:34,175 INFO AVS_ZohoIntegration.Program - Taxable: true
2026-08-31 13:51:34,175 INFO AVS_ZohoIntegration.Program - * Procesando resultado: 104 *
2026-08-31 13:51:34,176 INFO AVS_ZohoIntegration.Program - Product_Code: FLR002
2026-08-31 13:51:34,176 INFO AVS_ZohoIntegration.Program - Product_Name: Ramo de Flores 2
2026-08-31 13:51:34,177 INFO AVS_ZohoIntegration.Program - Product_Active: true
2026-08-31 13:51:34,177 INFO AVS_ZohoIntegration.Program - Unit_Price: 0
2026-08-31 13:51:34,178 INFO AVS_ZohoIntegration.Program - Tax: 
2026-08-31 13:51:34,178 INFO AVS_ZohoIntegration.Program - Usage_Unit: 
2026-08-31 13:51:34,178 INFO AVS_ZohoIntegration.Program - Qty_in_Stock: 146
2026-08-31 13:51:34,180 INFO AVS_ZohoIntegration.Program - Taxable: true
2026-08-31 13:51:34,180 INFO AVS_ZohoIntegration.Program - * Procesando resultado: 105 *
2026-08-31 13:51:34,180 INFO AVS_ZohoIntegration.Program - Product_Code: FLR002-MARGARITAS
2026-08-31 13:51:34,180 INFO AVS_ZohoIntegration.Program - Product_Name: 
2026-08-31 13:51:34,181 INFO AVS_ZohoIntegration.Program - Product_Active: true
2026-08-31 13:51:34,181 INFO AVS_ZohoIntegration.Program - Unit_Price: 0
2026-08-31 13:51:34,181 INFO AVS_ZohoIntegration.Program - Tax: 
2026-08-31 13:51:34,182 INFO AVS_ZohoIntegration.Program - Usage_Unit: 
2026-08-31 13:51:34,182 INFO AVS_ZohoIntegration.Program - Qty_in_Stock: 95
2026-08-31 13:51:34,182 INFO AVS_ZohoIntegration.Program - Taxable: true
2026-08-31 13:51:34,182 INFO AVS_ZohoIntegration.Program - * Procesando resultado: 106 *
2026-08-31 13:51:34,183 INFO AVS_ZohoIntegration.Program - Product_Code: FLR002-ROSAS
2026-08-31 13:51:34,183 INFO AVS_ZohoIntegration.Program - Product_Name: 
2026-08-31 13:51:34,183 INFO AVS_ZohoIntegration.Program - Product_Active: true
2026-08-31 13:51:34,183 INFO AVS_ZohoIntegration.Program - Unit_Price: 0
2026-08-31 13:51:34,184 INFO AVS_ZohoIntegration.Program - Tax: 
2026-08-31 13:51:34,184 INFO AVS_ZohoIntegration.Program - Usage_Unit: 
2026-08-31 13:51:34,184 INFO AVS_ZohoIntegration.Program - Qty_in_Stock: 11
2026-08-31 13:51:34,184 INFO AVS_ZohoIntegration.Program - Taxable: true
2026-08-31 13:51:34,184 INFO AVS_ZohoIntegration.Program - * Procesando resultado: 107 *
2026-08-31 13:51:34,185 INFO AVS_ZohoIntegration.Program - Product_Code: FLR002-TULIPANES
2026-08-31 13:51:34,185 INFO AVS_ZohoIntegration.Program - Product_Name: 
2026-08-31 13:51:34,185 INFO AVS_ZohoIntegration.Program - Product_Active: true
2026-08-31 13:51:34,186 INFO AVS_ZohoIntegration.Program - Unit_Price: 0
2026-08-31 13:51:34,186 INFO AVS_ZohoIntegration.Program - Tax: 
2026-08-31 13:51:34,186 INFO AVS_ZohoIntegration.Program - Usage_Unit: 
2026-08-31 13:51:34,187 INFO AVS_ZohoIntegration.Program - Qty_in_Stock: 146
2026-08-31 13:51:34,187 INFO AVS_ZohoIntegration.Program - Taxable: true
2026-08-31 13:51:34,187 INFO AVS_ZohoIntegration.Program - * Procesando resultado: 108 *
2026-08-31 13:51:34,187 INFO AVS_ZohoIntegration.Program - Product_Code: I00001
2026-08-31 13:51:34,188 INFO AVS_ZohoIntegration.Program - Product_Name: Blu-Ray Disc 10-Pack
2026-08-31 13:51:34,188 INFO AVS_ZohoIntegration.Program - Product_Active: true
2026-08-31 13:51:34,189 INFO AVS_ZohoIntegration.Program - Unit_Price: 575.71
2026-08-31 13:51:34,189 INFO AVS_ZohoIntegration.Program - Tax: 
2026-08-31 13:51:34,190 INFO AVS_ZohoIntegration.Program - Usage_Unit: 
2026-08-31 13:51:34,190 INFO AVS_ZohoIntegration.Program - Qty_in_Stock: 1003
2026-08-31 13:51:34,190 INFO AVS_ZohoIntegration.Program - Taxable: true
2026-08-31 13:51:34,191 INFO AVS_ZohoIntegration.Program - * Procesando resultado: 109 *
2026-08-31 13:51:34,191 INFO AVS_ZohoIntegration.Program - Product_Code: I00002
2026-08-31 13:51:34,192 INFO AVS_ZohoIntegration.Program - Product_Name: Blu-Ray DL Disc 10-Pack
2026-08-31 13:51:34,192 INFO AVS_ZohoIntegration.Program - Product_Active: true
2026-08-31 13:51:34,192 INFO AVS_ZohoIntegration.Program - Unit_Price: 2302.71
2026-08-31 13:51:34,193 INFO AVS_ZohoIntegration.Program - Tax: 
2026-08-31 13:51:34,193 INFO AVS_ZohoIntegration.Program - Usage_Unit: 
2026-08-31 13:51:34,193 INFO AVS_ZohoIntegration.Program - Qty_in_Stock: 906
2026-08-31 13:51:34,194 INFO AVS_ZohoIntegration.Program - Taxable: true
2026-08-31 13:51:34,194 INFO AVS_ZohoIntegration.Program - * Procesando resultado: 110 *
2026-08-31 13:51:34,194 INFO AVS_ZohoIntegration.Program - Product_Code: I00003
2026-08-31 13:51:34,194 INFO AVS_ZohoIntegration.Program - Product_Name: USB Flashdrive 128GB
2026-08-31 13:51:34,195 INFO AVS_ZohoIntegration.Program - Product_Active: true
2026-08-31 13:51:34,195 INFO AVS_ZohoIntegration.Program - Unit_Price: 3837.9
2026-08-31 13:51:34,196 INFO AVS_ZohoIntegration.Program - Tax: 
2026-08-31 13:51:34,196 INFO AVS_ZohoIntegration.Program - Usage_Unit: 
2026-08-31 13:51:34,196 INFO AVS_ZohoIntegration.Program - Qty_in_Stock: 931
2026-08-31 13:51:34,197 INFO AVS_ZohoIntegration.Program - Taxable: true
2026-08-31 13:51:34,197 INFO AVS_ZohoIntegration.Program - * Procesando resultado: 111 *
2026-08-31 13:51:34,198 INFO AVS_ZohoIntegration.Program - Product_Code: I00004
2026-08-31 13:51:34,198 INFO AVS_ZohoIntegration.Program - Product_Name: USB Flashdrive 256GB
2026-08-31 13:51:34,199 INFO AVS_ZohoIntegration.Program - Product_Active: true
2026-08-31 13:51:34,199 INFO AVS_ZohoIntegration.Program - Unit_Price: 5756.85
2026-08-31 13:51:34,199 INFO AVS_ZohoIntegration.Program - Tax: 
2026-08-31 13:51:34,200 INFO AVS_ZohoIntegration.Program - Usage_Unit: 
2026-08-31 13:51:34,200 INFO AVS_ZohoIntegration.Program - Qty_in_Stock: 852
2026-08-31 13:51:34,200 INFO AVS_ZohoIntegration.Program - Taxable: true
2026-08-31 13:51:34,200 INFO AVS_ZohoIntegration.Program - * Procesando resultado: 112 *
2026-08-31 13:51:34,202 INFO AVS_ZohoIntegration.Program - Product_Code: I00005
2026-08-31 13:51:34,203 INFO AVS_ZohoIntegration.Program - Product_Name: J.B. Laptop Batteries X1 series
2026-08-31 13:51:34,203 INFO AVS_ZohoIntegration.Program - Product_Active: true
2026-08-31 13:51:34,203 INFO AVS_ZohoIntegration.Program - Unit_Price: 17270.41
2026-08-31 13:51:34,203 INFO AVS_ZohoIntegration.Program - Tax: 
2026-08-31 13:51:34,204 INFO AVS_ZohoIntegration.Program - Usage_Unit: 
2026-08-31 13:51:34,204 INFO AVS_ZohoIntegration.Program - Qty_in_Stock: 1001
2026-08-31 13:51:34,204 INFO AVS_ZohoIntegration.Program - Taxable: true
2026-08-31 13:51:34,205 INFO AVS_ZohoIntegration.Program - * Procesando resultado: 113 *
2026-08-31 13:51:34,205 INFO AVS_ZohoIntegration.Program - Product_Code: I00006
2026-08-31 13:51:34,206 INFO AVS_ZohoIntegration.Program - Product_Name: J.B. Laptop Batteries X2 series
2026-08-31 13:51:34,207 INFO AVS_ZohoIntegration.Program - Product_Active: true
2026-08-31 13:51:34,207 INFO AVS_ZohoIntegration.Program - Unit_Price: 15351.46
2026-08-31 13:51:34,208 INFO AVS_ZohoIntegration.Program - Tax: 
2026-08-31 13:51:34,208 INFO AVS_ZohoIntegration.Program - Usage_Unit: 
2026-08-31 13:51:34,209 INFO AVS_ZohoIntegration.Program - Qty_in_Stock: 918
2026-08-31 13:51:34,209 INFO AVS_ZohoIntegration.Program - Taxable: true
2026-08-31 13:51:34,210 INFO AVS_ZohoIntegration.Program - * Procesando resultado: 114 *
2026-08-31 13:51:34,210 INFO AVS_ZohoIntegration.Program - Product_Code: I00007
2026-08-31 13:51:34,211 INFO AVS_ZohoIntegration.Program - Product_Name: Rainbow Printer 9.5 Inkjet Cartridge
2026-08-31 13:51:34,211 INFO AVS_ZohoIntegration.Program - Product_Active: true
2026-08-31 13:51:34,212 INFO AVS_ZohoIntegration.Program - Unit_Price: 5372.95
2026-08-31 13:51:34,212 INFO AVS_ZohoIntegration.Program - Tax: 
2026-08-31 13:51:34,212 INFO AVS_ZohoIntegration.Program - Usage_Unit: 
2026-08-31 13:51:34,214 INFO AVS_ZohoIntegration.Program - Qty_in_Stock: 929
2026-08-31 13:51:34,214 INFO AVS_ZohoIntegration.Program - Taxable: true
2026-08-31 13:51:34,214 INFO AVS_ZohoIntegration.Program - * Procesando resultado: 115 *
2026-08-31 13:51:34,215 INFO AVS_ZohoIntegration.Program - Product_Code: I00008
2026-08-31 13:51:34,215 INFO AVS_ZohoIntegration.Program - Product_Name: Rainbow Nuance Ink 6-Pack and Photo Paper Kit
2026-08-31 13:51:34,215 INFO AVS_ZohoIntegration.Program - Product_Active: true
2026-08-31 13:51:34,215 INFO AVS_ZohoIntegration.Program - Unit_Price: 7483.85
2026-08-31 13:51:34,216 INFO AVS_ZohoIntegration.Program - Tax: 
2026-08-31 13:51:34,216 INFO AVS_ZohoIntegration.Program - Usage_Unit: 
2026-08-31 13:51:34,216 INFO AVS_ZohoIntegration.Program - Qty_in_Stock: 936
2026-08-31 13:51:34,216 INFO AVS_ZohoIntegration.Program - Taxable: true
2026-08-31 13:51:34,217 INFO AVS_ZohoIntegration.Program - * Procesando resultado: 116 *
2026-08-31 13:51:34,217 INFO AVS_ZohoIntegration.Program - Product_Code: I00009
2026-08-31 13:51:34,217 INFO AVS_ZohoIntegration.Program - Product_Name: SLR PreciseShot PX1500
2026-08-31 13:51:34,218 INFO AVS_ZohoIntegration.Program - Product_Active: true
2026-08-31 13:51:34,218 INFO AVS_ZohoIntegration.Program - Unit_Price: 28783.98
2026-08-31 13:51:34,218 INFO AVS_ZohoIntegration.Program - Tax: 
2026-08-31 13:51:34,219 INFO AVS_ZohoIntegration.Program - Usage_Unit: 
2026-08-31 13:51:34,219 INFO AVS_ZohoIntegration.Program - Qty_in_Stock: 951
2026-08-31 13:51:34,219 INFO AVS_ZohoIntegration.Program - Taxable: true
2026-08-31 13:51:34,220 INFO AVS_ZohoIntegration.Program - * Procesando resultado: 117 *
2026-08-31 13:51:34,220 INFO AVS_ZohoIntegration.Program - Product_Code: I00010
2026-08-31 13:51:34,220 INFO AVS_ZohoIntegration.Program - Product_Name: SLR M-CAM 40C
2026-08-31 13:51:34,221 INFO AVS_ZohoIntegration.Program - Product_Active: true
2026-08-31 13:51:34,221 INFO AVS_ZohoIntegration.Program - Unit_Price: 115135.76
2026-08-31 13:51:34,221 INFO AVS_ZohoIntegration.Program - Tax: 
2026-08-31 13:51:34,221 INFO AVS_ZohoIntegration.Program - Usage_Unit: 
2026-08-31 13:51:34,222 INFO AVS_ZohoIntegration.Program - Qty_in_Stock: 1048
2026-08-31 13:51:34,222 INFO AVS_ZohoIntegration.Program - Taxable: true
2026-08-31 13:51:34,223 INFO AVS_ZohoIntegration.Program - * Procesando resultado: 118 *
2026-08-31 13:51:34,223 INFO AVS_ZohoIntegration.Program - Product_Code: I00011
2026-08-31 13:51:34,224 INFO AVS_ZohoIntegration.Program - Product_Name: KG USB Travel Hub
2026-08-31 13:51:34,224 INFO AVS_ZohoIntegration.Program - Product_Active: true
2026-08-31 13:51:34,224 INFO AVS_ZohoIntegration.Program - Unit_Price: 2302.71
2026-08-31 13:51:34,225 INFO AVS_ZohoIntegration.Program - Tax: 
2026-08-31 13:51:34,225 INFO AVS_ZohoIntegration.Program - Usage_Unit: 
2026-08-31 13:51:34,226 INFO AVS_ZohoIntegration.Program - Qty_in_Stock: 1061
2026-08-31 13:51:34,226 INFO AVS_ZohoIntegration.Program - Taxable: true
2026-08-31 13:51:34,226 INFO AVS_ZohoIntegration.Program - * Procesando resultado: 119 *
2026-08-31 13:51:34,227 INFO AVS_ZohoIntegration.Program - Product_Code: I00012
2026-08-31 13:51:34,227 INFO AVS_ZohoIntegration.Program - Product_Name: KG PC-to-Mac Transfer Kit
2026-08-31 13:51:34,227 INFO AVS_ZohoIntegration.Program - Product_Active: true
2026-08-31 13:51:34,228 INFO AVS_ZohoIntegration.Program - Unit_Price: 8635.14
2026-08-31 13:51:34,228 INFO AVS_ZohoIntegration.Program - Tax: 
2026-08-31 13:51:34,228 INFO AVS_ZohoIntegration.Program - Usage_Unit: 
2026-08-31 13:51:34,229 INFO AVS_ZohoIntegration.Program - Qty_in_Stock: 1013
2026-08-31 13:51:34,229 INFO AVS_ZohoIntegration.Program - Taxable: true
2026-08-31 13:51:34,229 INFO AVS_ZohoIntegration.Program - * Procesando resultado: 120 *
2026-08-31 13:51:34,230 INFO AVS_ZohoIntegration.Program - Product_Code: I00013
2026-08-31 13:51:34,230 INFO AVS_ZohoIntegration.Program - Product_Name: SDHC 64 GB Class 10
2026-08-31 13:51:34,230 INFO AVS_ZohoIntegration.Program - Product_Active: true
2026-08-31 13:51:34,231 INFO AVS_ZohoIntegration.Program - Unit_Price: 30
2026-08-31 13:51:34,231 INFO AVS_ZohoIntegration.Program - Tax: 
2026-08-31 13:51:34,231 INFO AVS_ZohoIntegration.Program - Usage_Unit: 
2026-08-31 13:51:34,231 INFO AVS_ZohoIntegration.Program - Qty_in_Stock: 501
2026-08-31 13:51:34,232 INFO AVS_ZohoIntegration.Program - Taxable: true
2026-08-31 13:51:34,232 INFO AVS_ZohoIntegration.Program - * Procesando resultado: 121 *
2026-08-31 13:51:34,232 INFO AVS_ZohoIntegration.Program - Product_Code: ITEM0001
2026-08-31 13:51:34,233 INFO AVS_ZohoIntegration.Program - Product_Name: 
2026-08-31 13:51:34,233 INFO AVS_ZohoIntegration.Program - Product_Active: true
2026-08-31 13:51:34,233 INFO AVS_ZohoIntegration.Program - Unit_Price: 0
2026-08-31 13:51:34,234 INFO AVS_ZohoIntegration.Program - Tax: 
2026-08-31 13:51:34,234 INFO AVS_ZohoIntegration.Program - Usage_Unit: 
2026-08-31 13:51:34,234 INFO AVS_ZohoIntegration.Program - Qty_in_Stock: 0
2026-08-31 13:51:34,234 INFO AVS_ZohoIntegration.Program - Taxable: true
2026-08-31 13:51:34,235 INFO AVS_ZohoIntegration.Program - * Procesando resultado: 122 *
2026-08-31 13:51:34,235 INFO AVS_ZohoIntegration.Program - Product_Code: ITEM0002
2026-08-31 13:51:34,235 INFO AVS_ZohoIntegration.Program - Product_Name: 
2026-08-31 13:51:34,235 INFO AVS_ZohoIntegration.Program - Product_Active: true
2026-08-31 13:51:34,236 INFO AVS_ZohoIntegration.Program - Unit_Price: 0
2026-08-31 13:51:34,236 INFO AVS_ZohoIntegration.Program - Tax: 
2026-08-31 13:51:34,236 INFO AVS_ZohoIntegration.Program - Usage_Unit: 
2026-08-31 13:51:34,237 INFO AVS_ZohoIntegration.Program - Qty_in_Stock: 0
2026-08-31 13:51:34,237 INFO AVS_ZohoIntegration.Program - Taxable: true
2026-08-31 13:51:34,237 INFO AVS_ZohoIntegration.Program - * Procesando resultado: 123 *
2026-08-31 13:51:34,237 INFO AVS_ZohoIntegration.Program - Product_Code: L10001
2026-08-31 13:51:34,237 INFO AVS_ZohoIntegration.Program - Product_Name: Labor Hours Production
2026-08-31 13:51:34,238 INFO AVS_ZohoIntegration.Program - Product_Active: true
2026-08-31 13:51:34,238 INFO AVS_ZohoIntegration.Program - Unit_Price: 65
2026-08-31 13:51:34,238 INFO AVS_ZohoIntegration.Program - Tax: 
2026-08-31 13:51:34,238 INFO AVS_ZohoIntegration.Program - Usage_Unit: 
2026-08-31 13:51:34,239 INFO AVS_ZohoIntegration.Program - Qty_in_Stock: 0
2026-08-31 13:51:34,239 INFO AVS_ZohoIntegration.Program - Taxable: true
2026-08-31 13:51:34,240 INFO AVS_ZohoIntegration.Program - * Procesando resultado: 124 *
2026-08-31 13:51:34,241 INFO AVS_ZohoIntegration.Program - Product_Code: LB0001
2026-08-31 13:51:34,241 INFO AVS_ZohoIntegration.Program - Product_Name: Daily Service Labor Charge
2026-08-31 13:51:34,242 INFO AVS_ZohoIntegration.Program - Product_Active: true
2026-08-31 13:51:34,242 INFO AVS_ZohoIntegration.Program - Unit_Price: 2400
2026-08-31 13:51:34,243 INFO AVS_ZohoIntegration.Program - Tax: 
2026-08-31 13:51:34,243 INFO AVS_ZohoIntegration.Program - Usage_Unit: 
2026-08-31 13:51:34,244 INFO AVS_ZohoIntegration.Program - Qty_in_Stock: 0
2026-08-31 13:51:34,244 INFO AVS_ZohoIntegration.Program - Taxable: true
2026-08-31 13:51:34,244 INFO AVS_ZohoIntegration.Program - * Procesando resultado: 125 *
2026-08-31 13:51:34,245 INFO AVS_ZohoIntegration.Program - Product_Code: LB0002
2026-08-31 13:51:34,245 INFO AVS_ZohoIntegration.Program - Product_Name: Hourly Service Labor Charge
2026-08-31 13:51:34,246 INFO AVS_ZohoIntegration.Program - Product_Active: true
2026-08-31 13:51:34,246 INFO AVS_ZohoIntegration.Program - Unit_Price: 600
2026-08-31 13:51:34,246 INFO AVS_ZohoIntegration.Program - Tax: 
2026-08-31 13:51:34,247 INFO AVS_ZohoIntegration.Program - Usage_Unit: 
2026-08-31 13:51:34,247 INFO AVS_ZohoIntegration.Program - Qty_in_Stock: 0
2026-08-31 13:51:34,248 INFO AVS_ZohoIntegration.Program - Taxable: true
2026-08-31 13:51:34,248 INFO AVS_ZohoIntegration.Program - * Procesando resultado: 126 *
2026-08-31 13:51:34,248 INFO AVS_ZohoIntegration.Program - Product_Code: LM4029
2026-08-31 13:51:34,249 INFO AVS_ZohoIntegration.Program - Product_Name: LeMon 4029 Printer
2026-08-31 13:51:34,250 INFO AVS_ZohoIntegration.Program - Product_Active: true
2026-08-31 13:51:34,250 INFO AVS_ZohoIntegration.Program - Unit_Price: 46054.25
2026-08-31 13:51:34,250 INFO AVS_ZohoIntegration.Program - Tax: 
2026-08-31 13:51:34,251 INFO AVS_ZohoIntegration.Program - Usage_Unit: 
2026-08-31 13:51:34,251 INFO AVS_ZohoIntegration.Program - Qty_in_Stock: 829.5
2026-08-31 13:51:34,252 INFO AVS_ZohoIntegration.Program - Taxable: true
2026-08-31 13:51:34,252 INFO AVS_ZohoIntegration.Program - * Procesando resultado: 127 *
2026-08-31 13:51:34,252 INFO AVS_ZohoIntegration.Program - Product_Code: LM4029ACA
2026-08-31 13:51:34,253 INFO AVS_ZohoIntegration.Program - Product_Name: LeMon 4029 Printer AC Adapter
2026-08-31 13:51:34,253 INFO AVS_ZohoIntegration.Program - Product_Active: true
2026-08-31 13:51:34,253 INFO AVS_ZohoIntegration.Program - Unit_Price: 1918.95
2026-08-31 13:51:34,254 INFO AVS_ZohoIntegration.Program - Tax: 
2026-08-31 13:51:34,254 INFO AVS_ZohoIntegration.Program - Usage_Unit: 
2026-08-31 13:51:34,254 INFO AVS_ZohoIntegration.Program - Qty_in_Stock: 532
2026-08-31 13:51:34,255 INFO AVS_ZohoIntegration.Program - Taxable: true
2026-08-31 13:51:34,255 INFO AVS_ZohoIntegration.Program - * Procesando resultado: 128 *
2026-08-31 13:51:34,255 INFO AVS_ZohoIntegration.Program - Product_Code: LM4029APCD
2026-08-31 13:51:34,256 INFO AVS_ZohoIntegration.Program - Product_Name: LeMon 4029 Printer AC Power Cord
2026-08-31 13:51:34,256 INFO AVS_ZohoIntegration.Program - Product_Active: true
2026-08-31 13:51:34,256 INFO AVS_ZohoIntegration.Program - Unit_Price: 959.48
2026-08-31 13:51:34,257 INFO AVS_ZohoIntegration.Program - Tax: 
2026-08-31 13:51:34,257 INFO AVS_ZohoIntegration.Program - Usage_Unit: 
2026-08-31 13:51:34,258 INFO AVS_ZohoIntegration.Program - Qty_in_Stock: 557
2026-08-31 13:51:34,258 INFO AVS_ZohoIntegration.Program - Taxable: true
2026-08-31 13:51:34,260 INFO AVS_ZohoIntegration.Program - * Procesando resultado: 129 *
2026-08-31 13:51:34,260 INFO AVS_ZohoIntegration.Program - Product_Code: LM4029D
2026-08-31 13:51:34,261 INFO AVS_ZohoIntegration.Program - Product_Name: LeMon 4029 500 sheet paper drawer
2026-08-31 13:51:34,261 INFO AVS_ZohoIntegration.Program - Product_Active: true
2026-08-31 13:51:34,261 INFO AVS_ZohoIntegration.Program - Unit_Price: 6716.19
2026-08-31 13:51:34,261 INFO AVS_ZohoIntegration.Program - Tax: 
2026-08-31 13:51:34,261 INFO AVS_ZohoIntegration.Program - Usage_Unit: 
2026-08-31 13:51:34,262 INFO AVS_ZohoIntegration.Program - Qty_in_Stock: 693
2026-08-31 13:51:34,262 INFO AVS_ZohoIntegration.Program - Taxable: true
2026-08-31 13:51:34,263 INFO AVS_ZohoIntegration.Program - * Procesando resultado: 130 *
2026-08-31 13:51:34,263 INFO AVS_ZohoIntegration.Program - Product_Code: LM4029MC
2026-08-31 13:51:34,263 INFO AVS_ZohoIntegration.Program - Product_Name: Memory Chip
2026-08-31 13:51:34,264 INFO AVS_ZohoIntegration.Program - Product_Active: true
2026-08-31 13:51:34,264 INFO AVS_ZohoIntegration.Program - Unit_Price: 9594.61
2026-08-31 13:51:34,264 INFO AVS_ZohoIntegration.Program - Tax: 
2026-08-31 13:51:34,265 INFO AVS_ZohoIntegration.Program - Usage_Unit: 
2026-08-31 13:51:34,265 INFO AVS_ZohoIntegration.Program - Qty_in_Stock: 421
2026-08-31 13:51:34,265 INFO AVS_ZohoIntegration.Program - Taxable: true
2026-08-31 13:51:34,266 INFO AVS_ZohoIntegration.Program - * Procesando resultado: 131 *
2026-08-31 13:51:34,266 INFO AVS_ZohoIntegration.Program - Product_Code: LM4029PH
2026-08-31 13:51:34,266 INFO AVS_ZohoIntegration.Program - Product_Name: LeMon 4029 Printer Head
2026-08-31 13:51:34,267 INFO AVS_ZohoIntegration.Program - Product_Active: true
2026-08-31 13:51:34,267 INFO AVS_ZohoIntegration.Program - Unit_Price: 3837.9
2026-08-31 13:51:34,267 INFO AVS_ZohoIntegration.Program - Tax: 
2026-08-31 13:51:34,267 INFO AVS_ZohoIntegration.Program - Usage_Unit: 
2026-08-31 13:51:34,268 INFO AVS_ZohoIntegration.Program - Qty_in_Stock: 664
2026-08-31 13:51:34,269 INFO AVS_ZohoIntegration.Program - Taxable: true
2026-08-31 13:51:34,269 INFO AVS_ZohoIntegration.Program - * Procesando resultado: 132 *
2026-08-31 13:51:34,269 INFO AVS_ZohoIntegration.Program - Product_Code: LM4029PS
2026-08-31 13:51:34,270 INFO AVS_ZohoIntegration.Program - Product_Name: LeMon 4029 Printer Power Supply
2026-08-31 13:51:34,270 INFO AVS_ZohoIntegration.Program - Product_Active: true
2026-08-31 13:51:34,270 INFO AVS_ZohoIntegration.Program - Unit_Price: 3837.9
2026-08-31 13:51:34,271 INFO AVS_ZohoIntegration.Program - Tax: 
2026-08-31 13:51:34,271 INFO AVS_ZohoIntegration.Program - Usage_Unit: 
2026-08-31 13:51:34,271 INFO AVS_ZohoIntegration.Program - Qty_in_Stock: 523
2026-08-31 13:51:34,272 INFO AVS_ZohoIntegration.Program - Taxable: true
2026-08-31 13:51:34,272 INFO AVS_ZohoIntegration.Program - * Procesando resultado: 133 *
2026-08-31 13:51:34,273 INFO AVS_ZohoIntegration.Program - Product_Code: LM4029-R
2026-08-31 13:51:34,273 INFO AVS_ZohoIntegration.Program - Product_Name: Articulo de reproceso
2026-08-31 13:51:34,274 INFO AVS_ZohoIntegration.Program - Product_Active: true
2026-08-31 13:51:34,274 INFO AVS_ZohoIntegration.Program - Unit_Price: 0
2026-08-31 13:51:34,274 INFO AVS_ZohoIntegration.Program - Tax: 
2026-08-31 13:51:34,276 INFO AVS_ZohoIntegration.Program - Usage_Unit: 
2026-08-31 13:51:34,276 INFO AVS_ZohoIntegration.Program - Qty_in_Stock: 1000
2026-08-31 13:51:34,276 INFO AVS_ZohoIntegration.Program - Taxable: true
2026-08-31 13:51:34,277 INFO AVS_ZohoIntegration.Program - * Procesando resultado: 134 *
2026-08-31 13:51:34,277 INFO AVS_ZohoIntegration.Program - Product_Code: LM4029SB
2026-08-31 13:51:34,278 INFO AVS_ZohoIntegration.Program - Product_Name: LeMon 4029 Printer System Board
2026-08-31 13:51:34,278 INFO AVS_ZohoIntegration.Program - Product_Active: true
2026-08-31 13:51:34,279 INFO AVS_ZohoIntegration.Program - Unit_Price: 19189.23
2026-08-31 13:51:34,279 INFO AVS_ZohoIntegration.Program - Tax: 
2026-08-31 13:51:34,279 INFO AVS_ZohoIntegration.Program - Usage_Unit: 
2026-08-31 13:51:34,280 INFO AVS_ZohoIntegration.Program - Qty_in_Stock: 606
2026-08-31 13:51:34,280 INFO AVS_ZohoIntegration.Program - Taxable: true
2026-08-31 13:51:34,281 INFO AVS_ZohoIntegration.Program - * Procesando resultado: 135 *
2026-08-31 13:51:34,281 INFO AVS_ZohoIntegration.Program - Product_Code: MRP_BOM
2026-08-31 13:51:34,281 INFO AVS_ZohoIntegration.Program - Product_Name: MRP_BOM
2026-08-31 13:51:34,282 INFO AVS_ZohoIntegration.Program - Product_Active: true
2026-08-31 13:51:34,282 INFO AVS_ZohoIntegration.Program - Unit_Price: 25
2026-08-31 13:51:34,282 INFO AVS_ZohoIntegration.Program - Tax: 
2026-08-31 13:51:34,283 INFO AVS_ZohoIntegration.Program - Usage_Unit: 
2026-08-31 13:51:34,283 INFO AVS_ZohoIntegration.Program - Qty_in_Stock: 483
2026-08-31 13:51:34,284 INFO AVS_ZohoIntegration.Program - Taxable: true
2026-08-31 13:51:34,284 INFO AVS_ZohoIntegration.Program - * Procesando resultado: 136 *
2026-08-31 13:51:34,284 INFO AVS_ZohoIntegration.Program - Product_Code: MRP_Child1
2026-08-31 13:51:34,284 INFO AVS_ZohoIntegration.Program - Product_Name: MRP_Hijo1
2026-08-31 13:51:34,285 INFO AVS_ZohoIntegration.Program - Product_Active: true
2026-08-31 13:51:34,285 INFO AVS_ZohoIntegration.Program - Unit_Price: 5
2026-08-31 13:51:34,285 INFO AVS_ZohoIntegration.Program - Tax: 
2026-08-31 13:51:34,286 INFO AVS_ZohoIntegration.Program - Usage_Unit: 
2026-08-31 13:51:34,286 INFO AVS_ZohoIntegration.Program - Qty_in_Stock: 471
2026-08-31 13:51:34,287 INFO AVS_ZohoIntegration.Program - Taxable: true
2026-08-31 13:51:34,288 INFO AVS_ZohoIntegration.Program - * Procesando resultado: 137 *
2026-08-31 13:51:34,288 INFO AVS_ZohoIntegration.Program - Product_Code: MRP_Child2
2026-08-31 13:51:34,288 INFO AVS_ZohoIntegration.Program - Product_Name: MRP_Hijo2
2026-08-31 13:51:34,288 INFO AVS_ZohoIntegration.Program - Product_Active: true
2026-08-31 13:51:34,289 INFO AVS_ZohoIntegration.Program - Unit_Price: 5
2026-08-31 13:51:34,289 INFO AVS_ZohoIntegration.Program - Tax: 
2026-08-31 13:51:34,291 INFO AVS_ZohoIntegration.Program - Usage_Unit: 
2026-08-31 13:51:34,291 INFO AVS_ZohoIntegration.Program - Qty_in_Stock: 460
2026-08-31 13:51:34,291 INFO AVS_ZohoIntegration.Program - Taxable: true
2026-08-31 13:51:34,291 INFO AVS_ZohoIntegration.Program - * Procesando resultado: 138 *
2026-08-31 13:51:34,292 INFO AVS_ZohoIntegration.Program - Product_Code: MRP_GranChild
2026-08-31 13:51:34,292 INFO AVS_ZohoIntegration.Program - Product_Name: MRP_Nieto
2026-08-31 13:51:34,293 INFO AVS_ZohoIntegration.Program - Product_Active: true
2026-08-31 13:51:34,293 INFO AVS_ZohoIntegration.Program - Unit_Price: 3
2026-08-31 13:51:34,293 INFO AVS_ZohoIntegration.Program - Tax: 
2026-08-31 13:51:34,294 INFO AVS_ZohoIntegration.Program - Usage_Unit: 
2026-08-31 13:51:34,294 INFO AVS_ZohoIntegration.Program - Qty_in_Stock: 451
2026-08-31 13:51:34,294 INFO AVS_ZohoIntegration.Program - Taxable: true
2026-08-31 13:51:34,295 INFO AVS_ZohoIntegration.Program - * Procesando resultado: 139 *
2026-08-31 13:51:34,295 INFO AVS_ZohoIntegration.Program - Product_Code: MRP_Item1
2026-08-31 13:51:34,295 INFO AVS_ZohoIntegration.Program - Product_Name: MRP_Articulo1
2026-08-31 13:51:34,295 INFO AVS_ZohoIntegration.Program - Product_Active: true
2026-08-31 13:51:34,297 INFO AVS_ZohoIntegration.Program - Unit_Price: 20
2026-08-31 13:51:34,297 INFO AVS_ZohoIntegration.Program - Tax: 
2026-08-31 13:51:34,297 INFO AVS_ZohoIntegration.Program - Usage_Unit: 
2026-08-31 13:51:34,298 INFO AVS_ZohoIntegration.Program - Qty_in_Stock: 294
2026-08-31 13:51:34,298 INFO AVS_ZohoIntegration.Program - Taxable: true
2026-08-31 13:51:34,298 INFO AVS_ZohoIntegration.Program - * Procesando resultado: 140 *
2026-08-31 13:51:34,298 INFO AVS_ZohoIntegration.Program - Product_Code: MRP_Item2
2026-08-31 13:51:34,299 INFO AVS_ZohoIntegration.Program - Product_Name: MRP_Articulo2
2026-08-31 13:51:34,299 INFO AVS_ZohoIntegration.Program - Product_Active: true
2026-08-31 13:51:34,299 INFO AVS_ZohoIntegration.Program - Unit_Price: 20
2026-08-31 13:51:34,300 INFO AVS_ZohoIntegration.Program - Tax: 
2026-08-31 13:51:34,300 INFO AVS_ZohoIntegration.Program - Usage_Unit: 
2026-08-31 13:51:34,300 INFO AVS_ZohoIntegration.Program - Qty_in_Stock: 391
2026-08-31 13:51:34,301 INFO AVS_ZohoIntegration.Program - Taxable: true
2026-08-31 13:51:34,301 INFO AVS_ZohoIntegration.Program - * Procesando resultado: 141 *
2026-08-31 13:51:34,301 INFO AVS_ZohoIntegration.Program - Product_Code: MRP_Item3
2026-08-31 13:51:34,302 INFO AVS_ZohoIntegration.Program - Product_Name: MRP_Articulo3
2026-08-31 13:51:34,302 INFO AVS_ZohoIntegration.Program - Product_Active: true
2026-08-31 13:51:34,303 INFO AVS_ZohoIntegration.Program - Unit_Price: 20
2026-08-31 13:51:34,303 INFO AVS_ZohoIntegration.Program - Tax: 
2026-08-31 13:51:34,304 INFO AVS_ZohoIntegration.Program - Usage_Unit: 
2026-08-31 13:51:34,304 INFO AVS_ZohoIntegration.Program - Qty_in_Stock: 337
2026-08-31 13:51:34,304 INFO AVS_ZohoIntegration.Program - Taxable: true
2026-08-31 13:51:34,305 INFO AVS_ZohoIntegration.Program - * Procesando resultado: 142 *
2026-08-31 13:51:34,305 INFO AVS_ZohoIntegration.Program - Product_Code: MRP_Item4
2026-08-31 13:51:34,305 INFO AVS_ZohoIntegration.Program - Product_Name: MRP_Articulo4
2026-08-31 13:51:34,306 INFO AVS_ZohoIntegration.Program - Product_Active: true
2026-08-31 13:51:34,306 INFO AVS_ZohoIntegration.Program - Unit_Price: 20
2026-08-31 13:51:34,306 INFO AVS_ZohoIntegration.Program - Tax: 
2026-08-31 13:51:34,307 INFO AVS_ZohoIntegration.Program - Usage_Unit: 
2026-08-31 13:51:34,308 INFO AVS_ZohoIntegration.Program - Qty_in_Stock: 345
2026-08-31 13:51:34,308 INFO AVS_ZohoIntegration.Program - Taxable: true
2026-08-31 13:51:34,309 INFO AVS_ZohoIntegration.Program - * Procesando resultado: 143 *
2026-08-31 13:51:34,309 INFO AVS_ZohoIntegration.Program - Product_Code: MRP_Item5
2026-08-31 13:51:34,309 INFO AVS_ZohoIntegration.Program - Product_Name: MRP_Articulo5
2026-08-31 13:51:34,310 INFO AVS_ZohoIntegration.Program - Product_Active: true
2026-08-31 13:51:34,310 INFO AVS_ZohoIntegration.Program - Unit_Price: 20
2026-08-31 13:51:34,310 INFO AVS_ZohoIntegration.Program - Tax: 
2026-08-31 13:51:34,311 INFO AVS_ZohoIntegration.Program - Usage_Unit: 
2026-08-31 13:51:34,311 INFO AVS_ZohoIntegration.Program - Qty_in_Stock: 441
2026-08-31 13:51:34,311 INFO AVS_ZohoIntegration.Program - Taxable: true
2026-08-31 13:51:34,312 INFO AVS_ZohoIntegration.Program - * Procesando resultado: 144 *
2026-08-31 13:51:34,312 INFO AVS_ZohoIntegration.Program - Product_Code: P10001
2026-08-31 13:51:34,313 INFO AVS_ZohoIntegration.Program - Product_Name: PC - 8x core, DDR 32GB, 2TB HDD
2026-08-31 13:51:34,313 INFO AVS_ZohoIntegration.Program - Product_Active: true
2026-08-31 13:51:34,314 INFO AVS_ZohoIntegration.Program - Unit_Price: 272747.89
2026-08-31 13:51:34,314 INFO AVS_ZohoIntegration.Program - Tax: 
2026-08-31 13:51:34,314 INFO AVS_ZohoIntegration.Program - Usage_Unit: 
2026-08-31 13:51:34,314 INFO AVS_ZohoIntegration.Program - Qty_in_Stock: 501.1
2026-08-31 13:51:34,315 INFO AVS_ZohoIntegration.Program - Taxable: true
2026-08-31 13:51:34,315 INFO AVS_ZohoIntegration.Program - * Procesando resultado: 145 *
2026-08-31 13:51:34,315 INFO AVS_ZohoIntegration.Program - Product_Code: P10001_D
2026-08-31 13:51:34,316 INFO AVS_ZohoIntegration.Program - Product_Name: PC - 8x core, DDR 32GB, 2TB HDD Reproceso
2026-08-31 13:51:34,316 INFO AVS_ZohoIntegration.Program - Product_Active: true
2026-08-31 13:51:34,316 INFO AVS_ZohoIntegration.Program - Unit_Price: 272747.89
2026-08-31 13:51:34,316 INFO AVS_ZohoIntegration.Program - Tax: 
2026-08-31 13:51:34,317 INFO AVS_ZohoIntegration.Program - Usage_Unit: 
2026-08-31 13:51:34,317 INFO AVS_ZohoIntegration.Program - Qty_in_Stock: -44
2026-08-31 13:51:34,317 INFO AVS_ZohoIntegration.Program - Taxable: true
2026-08-31 13:51:34,317 INFO AVS_ZohoIntegration.Program - * Procesando resultado: 146 *
2026-08-31 13:51:34,318 INFO AVS_ZohoIntegration.Program - Product_Code: P10001_L
2026-08-31 13:51:34,318 INFO AVS_ZohoIntegration.Program - Product_Name: PC - 8x core, DDR 32GB, 2TB HDD
2026-08-31 13:51:34,318 INFO AVS_ZohoIntegration.Program - Product_Active: true
2026-08-31 13:51:34,318 INFO AVS_ZohoIntegration.Program - Unit_Price: 272747.89
2026-08-31 13:51:34,319 INFO AVS_ZohoIntegration.Program - Tax: 
2026-08-31 13:51:34,319 INFO AVS_ZohoIntegration.Program - Usage_Unit: 
2026-08-31 13:51:34,319 INFO AVS_ZohoIntegration.Program - Qty_in_Stock: 173.5
2026-08-31 13:51:34,319 INFO AVS_ZohoIntegration.Program - Taxable: true
2026-08-31 13:51:34,320 INFO AVS_ZohoIntegration.Program - * Procesando resultado: 147 *
2026-08-31 13:51:34,320 INFO AVS_ZohoIntegration.Program - Product_Code: P10001-R
2026-08-31 13:51:34,320 INFO AVS_ZohoIntegration.Program - Product_Name: Articulo de reproceso
2026-08-31 13:51:34,321 INFO AVS_ZohoIntegration.Program - Product_Active: true
2026-08-31 13:51:34,321 INFO AVS_ZohoIntegration.Program - Unit_Price: 272747.89
2026-08-31 13:51:34,321 INFO AVS_ZohoIntegration.Program - Tax: 
2026-08-31 13:51:34,322 INFO AVS_ZohoIntegration.Program - Usage_Unit: 
2026-08-31 13:51:34,322 INFO AVS_ZohoIntegration.Program - Qty_in_Stock: 2011
2026-08-31 13:51:34,323 INFO AVS_ZohoIntegration.Program - Taxable: true
2026-08-31 13:51:34,323 INFO AVS_ZohoIntegration.Program - * Procesando resultado: 148 *
2026-08-31 13:51:34,323 INFO AVS_ZohoIntegration.Program - Product_Code: P10002
2026-08-31 13:51:34,324 INFO AVS_ZohoIntegration.Program - Product_Name: PC - 12x core, 64GB, 5 x 150GB SSD
2026-08-31 13:51:34,324 INFO AVS_ZohoIntegration.Program - Product_Active: true
2026-08-31 13:51:34,324 INFO AVS_ZohoIntegration.Program - Unit_Price: 261234.18
2026-08-31 13:51:34,324 INFO AVS_ZohoIntegration.Program - Tax: 
2026-08-31 13:51:34,325 INFO AVS_ZohoIntegration.Program - Usage_Unit: 
2026-08-31 13:51:34,325 INFO AVS_ZohoIntegration.Program - Qty_in_Stock: 457
2026-08-31 13:51:34,325 INFO AVS_ZohoIntegration.Program - Taxable: true
2026-08-31 13:51:34,325 INFO AVS_ZohoIntegration.Program - * Procesando resultado: 149 *
2026-08-31 13:51:34,325 INFO AVS_ZohoIntegration.Program - Product_Code: P10003
2026-08-31 13:51:34,325 INFO AVS_ZohoIntegration.Program - Product_Name: PC Set 1
2026-08-31 13:51:34,327 INFO AVS_ZohoIntegration.Program - Product_Active: true
2026-08-31 13:51:34,327 INFO AVS_ZohoIntegration.Program - Unit_Price: 57632.81
2026-08-31 13:51:34,327 INFO AVS_ZohoIntegration.Program - Tax: 
2026-08-31 13:51:34,327 INFO AVS_ZohoIntegration.Program - Usage_Unit: 
2026-08-31 13:51:34,328 INFO AVS_ZohoIntegration.Program - Qty_in_Stock: 483
2026-08-31 13:51:34,328 INFO AVS_ZohoIntegration.Program - Taxable: true
2026-08-31 13:51:34,328 INFO AVS_ZohoIntegration.Program - * Procesando resultado: 150 *
2026-08-31 13:51:34,328 INFO AVS_ZohoIntegration.Program - Product_Code: P10004
2026-08-31 13:51:34,329 INFO AVS_ZohoIntegration.Program - Product_Name: PC Set 2
2026-08-31 13:51:34,329 INFO AVS_ZohoIntegration.Program - Product_Active: true
2026-08-31 13:51:34,330 INFO AVS_ZohoIntegration.Program - Unit_Price: 96011.4
2026-08-31 13:51:34,330 INFO AVS_ZohoIntegration.Program - Tax: 
2026-08-31 13:51:34,331 INFO AVS_ZohoIntegration.Program - Usage_Unit: 
2026-08-31 13:51:34,331 INFO AVS_ZohoIntegration.Program - Qty_in_Stock: 364
2026-08-31 13:51:34,331 INFO AVS_ZohoIntegration.Program - Taxable: true
2026-08-31 13:51:34,332 INFO AVS_ZohoIntegration.Program - * Procesando resultado: 151 *
2026-08-31 13:51:34,332 INFO AVS_ZohoIntegration.Program - Product_Code: P20001
2026-08-31 13:51:34,332 INFO AVS_ZohoIntegration.Program - Product_Name: 4GB Memory Server
2026-08-31 13:51:34,333 INFO AVS_ZohoIntegration.Program - Product_Active: true
2026-08-31 13:51:34,333 INFO AVS_ZohoIntegration.Program - Unit_Price: 45632
2026-08-31 13:51:34,334 INFO AVS_ZohoIntegration.Program - Tax: 
2026-08-31 13:51:34,334 INFO AVS_ZohoIntegration.Program - Usage_Unit: 
2026-08-31 13:51:34,334 INFO AVS_ZohoIntegration.Program - Qty_in_Stock: 455
2026-08-31 13:51:34,335 INFO AVS_ZohoIntegration.Program - Taxable: true
2026-08-31 13:51:34,335 INFO AVS_ZohoIntegration.Program - * Procesando resultado: 152 *
2026-08-31 13:51:34,335 INFO AVS_ZohoIntegration.Program - Product_Code: P20002
2026-08-31 13:51:34,336 INFO AVS_ZohoIntegration.Program - Product_Name: 32GB Memory Server
2026-08-31 13:51:34,336 INFO AVS_ZohoIntegration.Program - Product_Active: true
2026-08-31 13:51:34,336 INFO AVS_ZohoIntegration.Program - Unit_Price: 29453
2026-08-31 13:51:34,337 INFO AVS_ZohoIntegration.Program - Tax: 
2026-08-31 13:51:34,337 INFO AVS_ZohoIntegration.Program - Usage_Unit: 
2026-08-31 13:51:34,337 INFO AVS_ZohoIntegration.Program - Qty_in_Stock: 491
2026-08-31 13:51:34,338 INFO AVS_ZohoIntegration.Program - Taxable: true
2026-08-31 13:51:34,338 INFO AVS_ZohoIntegration.Program - * Procesando resultado: 153 *
2026-08-31 13:51:34,338 INFO AVS_ZohoIntegration.Program - Product_Code: P20003
2026-08-31 13:51:34,339 INFO AVS_ZohoIntegration.Program - Product_Name: External HD
2026-08-31 13:51:34,339 INFO AVS_ZohoIntegration.Program - Product_Active: true
2026-08-31 13:51:34,339 INFO AVS_ZohoIntegration.Program - Unit_Price: 175699
2026-08-31 13:51:34,339 INFO AVS_ZohoIntegration.Program - Tax: 
2026-08-31 13:51:34,340 INFO AVS_ZohoIntegration.Program - Usage_Unit: 
2026-08-31 13:51:34,340 INFO AVS_ZohoIntegration.Program - Qty_in_Stock: 500
2026-08-31 13:51:34,340 INFO AVS_ZohoIntegration.Program - Taxable: true
2026-08-31 13:51:34,340 INFO AVS_ZohoIntegration.Program - * Procesando resultado: 154 *
2026-08-31 13:51:34,341 INFO AVS_ZohoIntegration.Program - Product_Code: PR00001
2026-08-31 13:51:34,341 INFO AVS_ZohoIntegration.Program - Product_Name: Articulo de prueba
2026-08-31 13:51:34,341 INFO AVS_ZohoIntegration.Program - Product_Active: true
2026-08-31 13:51:34,342 INFO AVS_ZohoIntegration.Program - Unit_Price: 300
2026-08-31 13:51:34,342 INFO AVS_ZohoIntegration.Program - Tax: 
2026-08-31 13:51:34,342 INFO AVS_ZohoIntegration.Program - Usage_Unit: 
2026-08-31 13:51:34,342 INFO AVS_ZohoIntegration.Program - Qty_in_Stock: 0
2026-08-31 13:51:34,343 INFO AVS_ZohoIntegration.Program - Taxable: true
2026-08-31 13:51:34,343 INFO AVS_ZohoIntegration.Program - * Procesando resultado: 155 *
2026-08-31 13:51:34,343 INFO AVS_ZohoIntegration.Program - Product_Code: R00001
2026-08-31 13:51:34,343 INFO AVS_ZohoIntegration.Program - Product_Name: Papel Blanco para Impresora Tamaño A4
2026-08-31 13:51:34,344 INFO AVS_ZohoIntegration.Program - Product_Active: true
2026-08-31 13:51:34,344 INFO AVS_ZohoIntegration.Program - Unit_Price: 5
2026-08-31 13:51:34,344 INFO AVS_ZohoIntegration.Program - Tax: 
2026-08-31 13:51:34,344 INFO AVS_ZohoIntegration.Program - Usage_Unit: Paquete  de 6 pzas
2026-08-31 13:51:34,345 INFO AVS_ZohoIntegration.Program - Qty_in_Stock: 500
2026-08-31 13:51:34,345 INFO AVS_ZohoIntegration.Program - Taxable: true
2026-08-31 13:51:34,345 INFO AVS_ZohoIntegration.Program - * Procesando resultado: 156 *
2026-08-31 13:51:34,345 INFO AVS_ZohoIntegration.Program - Product_Code: R00002
2026-08-31 13:51:34,346 INFO AVS_ZohoIntegration.Program - Product_Name: Papel Reciclado para Impresora Tamaño A4
2026-08-31 13:51:34,346 INFO AVS_ZohoIntegration.Program - Product_Active: true
2026-08-31 13:51:34,346 INFO AVS_ZohoIntegration.Program - Unit_Price: 3
2026-08-31 13:51:34,347 INFO AVS_ZohoIntegration.Program - Tax: 
2026-08-31 13:51:34,347 INFO AVS_ZohoIntegration.Program - Usage_Unit: Paquete
2026-08-31 13:51:34,347 INFO AVS_ZohoIntegration.Program - Qty_in_Stock: 500
2026-08-31 13:51:34,347 INFO AVS_ZohoIntegration.Program - Taxable: true
2026-08-31 13:51:34,347 INFO AVS_ZohoIntegration.Program - * Procesando resultado: 157 *
2026-08-31 13:51:34,348 INFO AVS_ZohoIntegration.Program - Product_Code: S10000
2026-08-31 13:51:34,348 INFO AVS_ZohoIntegration.Program - Product_Name: Server Point 10000
2026-08-31 13:51:34,348 INFO AVS_ZohoIntegration.Program - Product_Active: true
2026-08-31 13:51:34,349 INFO AVS_ZohoIntegration.Program - Unit_Price: 354042.43
2026-08-31 13:51:34,349 INFO AVS_ZohoIntegration.Program - Tax: B00
2026-08-31 13:51:34,349 INFO AVS_ZohoIntegration.Program - Usage_Unit: 
2026-08-31 13:51:34,349 INFO AVS_ZohoIntegration.Program - Qty_in_Stock: 500
2026-08-31 13:51:34,350 INFO AVS_ZohoIntegration.Program - Taxable: true
2026-08-31 13:51:34,350 INFO AVS_ZohoIntegration.Program - * Procesando resultado: 158 *
2026-08-31 13:51:34,350 INFO AVS_ZohoIntegration.Program - Product_Code: TR0001
2026-08-31 13:51:34,350 INFO AVS_ZohoIntegration.Program - Product_Name: Travel Expense per 100 miles
2026-08-31 13:51:34,351 INFO AVS_ZohoIntegration.Program - Product_Active: true
2026-08-31 13:51:34,351 INFO AVS_ZohoIntegration.Program - Unit_Price: 600
2026-08-31 13:51:34,351 INFO AVS_ZohoIntegration.Program - Tax: 
2026-08-31 13:51:34,351 INFO AVS_ZohoIntegration.Program - Usage_Unit: 
2026-08-31 13:51:34,352 INFO AVS_ZohoIntegration.Program - Qty_in_Stock: 0
2026-08-31 13:51:34,352 INFO AVS_ZohoIntegration.Program - Taxable: true
2026-08-31 13:51:34,352 INFO AVS_ZohoIntegration.Program - * Procesando resultado: 159 *
2026-08-31 13:51:34,352 INFO AVS_ZohoIntegration.Program - Product_Code: Z00001
2026-08-31 13:51:34,353 INFO AVS_ZohoIntegration.Program - Product_Name: Tablet PC 64GB Negra
2026-08-31 13:51:34,353 INFO AVS_ZohoIntegration.Program - Product_Active: true
2026-08-31 13:51:34,353 INFO AVS_ZohoIntegration.Program - Unit_Price: 700
2026-08-31 13:51:34,354 INFO AVS_ZohoIntegration.Program - Tax: 
2026-08-31 13:51:34,354 INFO AVS_ZohoIntegration.Program - Usage_Unit: 
2026-08-31 13:51:34,354 INFO AVS_ZohoIntegration.Program - Qty_in_Stock: 524
2026-08-31 13:51:34,355 INFO AVS_ZohoIntegration.Program - Taxable: true
2026-08-31 13:51:34,355 INFO AVS_ZohoIntegration.Program - * Procesando resultado: 160 *
2026-08-31 13:51:34,355 INFO AVS_ZohoIntegration.Program - Product_Code: Z00002
2026-08-31 13:51:34,355 INFO AVS_ZohoIntegration.Program - Product_Name: Tablet PC 64GB Blanca
2026-08-31 13:51:34,356 INFO AVS_ZohoIntegration.Program - Product_Active: true
2026-08-31 13:51:34,356 INFO AVS_ZohoIntegration.Program - Unit_Price: 700
2026-08-31 13:51:34,356 INFO AVS_ZohoIntegration.Program - Tax: 
2026-08-31 13:51:34,356 INFO AVS_ZohoIntegration.Program - Usage_Unit: 
2026-08-31 13:51:34,357 INFO AVS_ZohoIntegration.Program - Qty_in_Stock: 523
2026-08-31 13:51:34,357 INFO AVS_ZohoIntegration.Program - Taxable: true
2026-08-31 15:47:22,692 INFO AVS_ZohoIntegration.Program - AVS ZohoIntegration Version [1.0.0.0]
2026-08-31 15:47:22,708 INFO AVS_ZohoIntegration.Program - Leyendo archivo de configuracion.
2026-08-31 15:47:23,053 INFO AVS_ZohoIntegration.Program - Archivo de configuracion leido correctamente.
2026-08-31 15:47:23,054 DEBUG AVS_ZohoIntegration.Program - **************************************************************************
2026-08-31 15:47:23,055 DEBUG AVS_ZohoIntegration.Program - Ejecutando sincronizacion para: SBODemoMX
2026-08-31 15:47:28,669 DEBUG AVS_ZohoIntegration.Program - Validando licencia...
2026-08-31 15:47:28,670 INFO AVS_ZohoIntegration.Program - Licencia valida.
2026-08-31 15:47:28,671 INFO AVS_ZohoIntegration.Program - Comando recibido: SENDITEMS
2026-08-31 15:47:28,672 INFO AVS_ZohoIntegration.Program - Iniciando proceso de envío de artículos...
2026-08-31 15:47:33,080 INFO AVS_ZohoIntegration.Program - Obteniendo ultima fecha de sincronización
2026-08-31 15:48:16,433 INFO AVS_ZohoIntegration.Program - AVS ZohoIntegration Version [1.0.0.0]
2026-08-31 15:48:16,447 INFO AVS_ZohoIntegration.Program - Leyendo archivo de configuracion.
2026-08-31 15:48:16,760 INFO AVS_ZohoIntegration.Program - Archivo de configuracion leido correctamente.
2026-08-31 15:48:16,761 DEBUG AVS_ZohoIntegration.Program - **************************************************************************
2026-08-31 15:48:16,762 DEBUG AVS_ZohoIntegration.Program - Ejecutando sincronizacion para: SBODemoMX
2026-08-31 15:48:20,855 DEBUG AVS_ZohoIntegration.Program - Validando licencia...
2026-08-31 15:48:20,856 INFO AVS_ZohoIntegration.Program - Licencia valida.
2026-08-31 15:48:20,857 INFO AVS_ZohoIntegration.Program - Comando recibido: SENDITEMS
2026-08-31 15:48:20,858 INFO AVS_ZohoIntegration.Program - Iniciando proceso de envío de artículos...
2026-08-31 15:48:25,939 INFO AVS_ZohoIntegration.Program - Obteniendo ultima fecha de sincronización
2026-08-31 15:49:06,360 INFO AVS_ZohoIntegration.Program - AVS ZohoIntegration Version [1.0.0.0]
2026-08-31 15:49:06,384 INFO AVS_ZohoIntegration.Program - Leyendo archivo de configuracion.
2026-08-31 15:49:06,713 INFO AVS_ZohoIntegration.Program - Archivo de configuracion leido correctamente.
2026-08-31 15:49:06,715 DEBUG AVS_ZohoIntegration.Program - **************************************************************************
2026-08-31 15:49:06,716 DEBUG AVS_ZohoIntegration.Program - Ejecutando sincronizacion para: SBODemoMX
2026-08-31 15:49:11,312 DEBUG AVS_ZohoIntegration.Program - Validando licencia...
2026-08-31 15:49:11,313 INFO AVS_ZohoIntegration.Program - Licencia valida.
2026-08-31 15:49:11,314 INFO AVS_ZohoIntegration.Program - Comando recibido: SENDITEMS
2026-08-31 15:49:11,323 INFO AVS_ZohoIntegration.Program - Iniciando proceso de envío de artículos...
2026-08-31 15:49:11,328 INFO AVS_ZohoIntegration.Program - Obteniendo ultima fecha de sincronización
2026-08-31 15:49:40,739 WARN AVS_ZohoIntegration.Program - No se encontró fecha de última sincronización para OITM. Aplicando fallback de seguridad: 2026-08-30 15:49:31
2026-08-31 15:50:51,353 INFO AVS_ZohoIntegration.Program - AVS ZohoIntegration Version [1.0.0.0]
2026-08-31 15:50:51,364 INFO AVS_ZohoIntegration.Program - Leyendo archivo de configuracion.
2026-08-31 15:50:51,556 INFO AVS_ZohoIntegration.Program - Archivo de configuracion leido correctamente.
2026-08-31 15:50:51,557 DEBUG AVS_ZohoIntegration.Program - **************************************************************************
2026-08-31 15:50:51,557 DEBUG AVS_ZohoIntegration.Program - Ejecutando sincronizacion para: SBODemoMX
2026-08-31 15:50:58,111 DEBUG AVS_ZohoIntegration.Program - Validando licencia...
2026-08-31 15:50:58,113 INFO AVS_ZohoIntegration.Program - Licencia valida.
2026-08-31 15:50:58,115 INFO AVS_ZohoIntegration.Program - Comando recibido: SENDITEMS
2026-08-31 15:50:58,116 INFO AVS_ZohoIntegration.Program - Iniciando proceso de envío de artículos...
2026-08-31 15:50:58,123 INFO AVS_ZohoIntegration.Program - Obteniendo ultima fecha de sincronización
2026-08-31 15:50:58,224 WARN AVS_ZohoIntegration.Program - No se encontró fecha de última sincronización para OITM. Aplicando fallback de seguridad: 2026-08-30 15:50:58
2026-08-31 15:50:58,226 INFO AVS_ZohoIntegration.Program - *** Obteniendo información de cabecera: Artículos (OITM) ***
2026-08-31 15:50:58,228 DEBUG AVS_ZohoIntegration.Program - Validar configuración antes de consultar la base de datos
2026-08-31 15:50:58,229 INFO AVS_ZohoIntegration.Program - SELECT T0.ItemName AS 'Product_Name', T0.ItemCode AS 'Product_Code', CASE WHEN T0.validFor = 'Y' THEN 'true' ELSE 'false' END AS 'Product_Active', COALESCE(T1.Price, 0) AS 'Unit_Price', T0.TaxCodeAR AS 'Tax' , T0.SalUnitMsr AS 'Usage_Unit', T2.OnHand - T2.IsCommited + T2.OnOrder AS 'Qty_in_Stock', CASE WHEN T0.TaxType = 'Y' THEN 'true' ELSE 'false' END AS 'Taxable' FROM OITM T0 INNER JOIN ITM1 T1 ON T0.ItemCode = T1.ItemCode AND T1.PriceList = 1 INNER JOIN OITW T2 ON T0.ItemCode = T2.ItemCode AND T2.WhsCode = '05' LEFT JOIN OCRD T3 ON T0.CardCode = T3.CardCode WHERE T0.SellItem = 'Y' AND T0.validFor = 'Y' AND T0.U_AVS_Zoho_Sync = '0' AND (T0.UpdateDate >= '2026-08-30 15:50:58' OR T2.UpdateDate >= '2026-08-30 15:50:58')
2026-08-31 15:50:58,347 DEBUG AVS_ZohoIntegration.Program - Validar si hay registros (Cláusula de guarda)
2026-08-31 15:50:58,348 INFO AVS_ZohoIntegration.Program - No se encontraron resultados pendientes de procesar (OITM).
2026-08-31 15:51:03,964 INFO AVS_ZohoIntegration.Program - ** No hay registros pendientes de OITM para procesar.
2026-08-31 15:51:03,965 INFO AVS_ZohoIntegration.Program - Proceso finalizado.
2026-08-31 15:51:03,968 INFO AVS_ZohoIntegration.Program - Cerrando conexión con SAP
2026-08-31 15:51:05,988 INFO AVS_ZohoIntegration.Program - Conexión SAP cerrada correctamente.
2026-08-31 15:51:05,989 INFO AVS_ZohoIntegration.Program - **************************************************************************
2026-08-31 15:51:37,395 INFO AVS_ZohoIntegration.Program - AVS ZohoIntegration Version [1.0.0.0]
2026-08-31 15:51:37,416 INFO AVS_ZohoIntegration.Program - Leyendo archivo de configuracion.
2026-08-31 15:51:37,753 INFO AVS_ZohoIntegration.Program - Archivo de configuracion leido correctamente.
2026-08-31 15:51:37,755 DEBUG AVS_ZohoIntegration.Program - **************************************************************************
2026-08-31 15:51:37,757 DEBUG AVS_ZohoIntegration.Program - Ejecutando sincronizacion para: SBODemoMX
2026-08-31 15:51:41,951 DEBUG AVS_ZohoIntegration.Program - Validando licencia...
2026-08-31 15:51:41,952 INFO AVS_ZohoIntegration.Program - Licencia valida.
2026-08-31 15:51:41,952 INFO AVS_ZohoIntegration.Program - Comando recibido: SENDITEMS
2026-08-31 15:51:41,953 INFO AVS_ZohoIntegration.Program - Iniciando proceso de envío de artículos...
2026-08-31 15:51:41,958 INFO AVS_ZohoIntegration.Program - Obteniendo ultima fecha de sincronización
2026-08-31 15:51:42,038 WARN AVS_ZohoIntegration.Program - No se encontró fecha de última sincronización para OITM. Aplicando fallback de seguridad: 2026-08-30 15:51:42
2026-08-31 15:51:42,038 INFO AVS_ZohoIntegration.Program - *** Obteniendo información de cabecera: Artículos (OITM) ***
2026-08-31 15:51:42,040 DEBUG AVS_ZohoIntegration.Program - Validar configuración antes de consultar la base de datos
2026-08-31 15:51:42,040 INFO AVS_ZohoIntegration.Program - SELECT T0.ItemName AS 'Product_Name', T0.ItemCode AS 'Product_Code', CASE WHEN T0.validFor = 'Y' THEN 'true' ELSE 'false' END AS 'Product_Active', COALESCE(T1.Price, 0) AS 'Unit_Price', T0.TaxCodeAR AS 'Tax' , T0.SalUnitMsr AS 'Usage_Unit', T2.OnHand - T2.IsCommited + T2.OnOrder AS 'Qty_in_Stock', CASE WHEN T0.TaxType = 'Y' THEN 'true' ELSE 'false' END AS 'Taxable' FROM OITM T0 INNER JOIN ITM1 T1 ON T0.ItemCode = T1.ItemCode AND T1.PriceList = 1 INNER JOIN OITW T2 ON T0.ItemCode = T2.ItemCode AND T2.WhsCode = '05' LEFT JOIN OCRD T3 ON T0.CardCode = T3.CardCode WHERE T0.SellItem = 'Y' AND T0.validFor = 'Y' AND T0.U_AVS_Zoho_Sync = '0' AND (T0.UpdateDate >= '2026-08-30 15:51:42' OR T2.UpdateDate >= '2026-08-30 15:51:42')
2026-08-31 15:51:42,233 DEBUG AVS_ZohoIntegration.Program - Validar si hay registros (Cláusula de guarda)
2026-08-31 15:51:42,234 INFO AVS_ZohoIntegration.Program - Se han obtenido 1 resultados pendientes de procesar.
2026-08-31 15:51:42,235 INFO AVS_ZohoIntegration.Program - * Procesando resultado: 1 *
2026-08-31 15:51:42,235 INFO AVS_ZohoIntegration.Program - Product_Name: J.B. Officeprint 1420
2026-08-31 15:51:42,236 INFO AVS_ZohoIntegration.Program - Product_Code: A00001
2026-08-31 15:51:42,236 INFO AVS_ZohoIntegration.Program - Product_Active: true
2026-08-31 15:51:42,237 INFO AVS_ZohoIntegration.Program - Unit_Price: 76757.3
2026-08-31 15:51:42,237 INFO AVS_ZohoIntegration.Program - Tax: 
2026-08-31 15:51:42,238 INFO AVS_ZohoIntegration.Program - Usage_Unit: 
2026-08-31 15:51:42,238 INFO AVS_ZohoIntegration.Program - Qty_in_Stock: 0
2026-08-31 15:51:42,239 INFO AVS_ZohoIntegration.Program - Taxable: true
2026-08-31 15:55:50,725 INFO AVS_ZohoIntegration.Program - AVS ZohoIntegration Version [1.0.0.0]
2026-08-31 15:55:50,735 INFO AVS_ZohoIntegration.Program - Leyendo archivo de configuracion.
2026-08-31 15:55:50,925 INFO AVS_ZohoIntegration.Program - Archivo de configuracion leido correctamente.
2026-08-31 15:55:50,926 DEBUG AVS_ZohoIntegration.Program - **************************************************************************
2026-08-31 15:55:50,927 DEBUG AVS_ZohoIntegration.Program - Ejecutando sincronizacion para: SBODemoMX
2026-08-31 15:55:56,535 DEBUG AVS_ZohoIntegration.Program - Validando licencia...
2026-08-31 15:55:56,536 INFO AVS_ZohoIntegration.Program - Licencia valida.
2026-08-31 15:55:56,537 INFO AVS_ZohoIntegration.Program - Comando recibido: SENDITEMS
2026-08-31 15:55:56,538 INFO AVS_ZohoIntegration.Program - Iniciando proceso de envío de artículos...
2026-08-31 15:55:56,542 INFO AVS_ZohoIntegration.Program - Obteniendo ultima fecha de sincronización
2026-08-31 15:55:56,635 WARN AVS_ZohoIntegration.Program - No se encontró fecha de última sincronización para OITM. Aplicando fallback de seguridad: 2026-08-30 15:55:56
2026-08-31 15:55:56,636 INFO AVS_ZohoIntegration.Program - *** Obteniendo información de cabecera: Artículos (OITM) ***
2026-08-31 15:55:56,637 DEBUG AVS_ZohoIntegration.Program - Validar configuración antes de consultar la base de datos
2026-08-31 15:55:56,638 INFO AVS_ZohoIntegration.Program - SELECT T0.ItemName AS 'Product_Name', T0.ItemCode AS 'Product_Code', CASE WHEN T0.validFor = 'Y' THEN 'true' ELSE 'false' END AS 'Product_Active', COALESCE(T1.Price, 0) AS 'Unit_Price', T0.TaxCodeAR AS 'Tax' , T0.SalUnitMsr AS 'Usage_Unit', T2.OnHand - T2.IsCommited + T2.OnOrder AS 'Qty_in_Stock', CASE WHEN T0.TaxType = 'Y' THEN 'true' ELSE 'false' END AS 'Taxable' FROM OITM T0 INNER JOIN ITM1 T1 ON T0.ItemCode = T1.ItemCode AND T1.PriceList = 1 INNER JOIN OITW T2 ON T0.ItemCode = T2.ItemCode AND T2.WhsCode = '05' LEFT JOIN OCRD T3 ON T0.CardCode = T3.CardCode WHERE T0.SellItem = 'Y' AND T0.validFor = 'Y' AND T0.U_AVS_Zoho_Sync = '0' AND (T0.UpdateDate >= '2026-08-30 15:55:56' OR T2.UpdateDate >= '2026-08-30 15:55:56')
2026-08-31 15:55:56,840 DEBUG AVS_ZohoIntegration.Program - Validar si hay registros (Cláusula de guarda)
2026-08-31 15:55:56,841 INFO AVS_ZohoIntegration.Program - Se han obtenido 1 resultados pendientes de procesar.
2026-08-31 15:55:56,841 INFO AVS_ZohoIntegration.Program - * Procesando resultado: 1 *
2026-08-31 15:55:56,842 INFO AVS_ZohoIntegration.Program - Product_Name: J.B. Officeprint 1420
2026-08-31 15:55:56,843 INFO AVS_ZohoIntegration.Program - Product_Code: A00001
2026-08-31 15:55:56,843 INFO AVS_ZohoIntegration.Program - Product_Active: true
2026-08-31 15:55:56,844 INFO AVS_ZohoIntegration.Program - Unit_Price: 76757.3
2026-08-31 15:55:56,844 INFO AVS_ZohoIntegration.Program - Tax: 
2026-08-31 15:55:56,845 INFO AVS_ZohoIntegration.Program - Usage_Unit: Piezas
2026-08-31 15:55:56,845 INFO AVS_ZohoIntegration.Program - Qty_in_Stock: 100
2026-08-31 15:55:56,845 INFO AVS_ZohoIntegration.Program - Taxable: true
2026-08-31 15:56:03,860 INFO AVS_ZohoIntegration.Program - ** 1 registros listos para Upsert. Enviando a Zoho...
2026-08-31 15:57:28,781 DEBUG AVS_ZohoIntegration.Program - Se obtiene el token (Si ya es válido, te lo da instantáneo; si no, va a Zoho por uno nuevo)
2026-08-31 15:57:28,784 INFO AVS_ZohoIntegration.Program - El Access Token de Zoho ha expirado o no existe. Solicitando uno nuevo...
2026-08-31 15:57:29,373 INFO AVS_ZohoIntegration.Program - Nuevo Access Token de Zoho obtenido correctamente.
2026-08-31 15:57:29,374 DEBUG AVS_ZohoIntegration.Program - Inyectar el token en el HttpClient
2026-08-31 15:57:29,375 INFO AVS_ZohoIntegration.Program - Enviando solicitud POST a https://www.zohoapis.com/crm/v3/Products/upsert...
2026-08-31 15:57:30,331 WARN AVS_ZohoIntegration.Program - Respuesta fallida de Zoho (BadRequest): {"data":[{"code":"INVALID_DATA","details":{"expected_data_type":"boolean","api_name":"Product_Active","json_path":"$.data[0].Product_Active"},"message":"invalid data","status":"error"}]}
2026-08-31 16:02:32,832 INFO AVS_ZohoIntegration.Program - AVS ZohoIntegration Version [1.0.0.0]
2026-08-31 16:02:32,855 INFO AVS_ZohoIntegration.Program - Leyendo archivo de configuracion.
2026-08-31 16:02:33,185 INFO AVS_ZohoIntegration.Program - Archivo de configuracion leido correctamente.
2026-08-31 16:02:33,186 DEBUG AVS_ZohoIntegration.Program - **************************************************************************
2026-08-31 16:02:33,187 DEBUG AVS_ZohoIntegration.Program - Ejecutando sincronizacion para: SBODemoMX
2026-08-31 16:02:38,065 DEBUG AVS_ZohoIntegration.Program - Validando licencia...
2026-08-31 16:02:38,066 INFO AVS_ZohoIntegration.Program - Licencia valida.
2026-08-31 16:02:38,067 INFO AVS_ZohoIntegration.Program - Comando recibido: SENDITEMS
2026-08-31 16:02:38,068 INFO AVS_ZohoIntegration.Program - Iniciando proceso de envío de artículos...
2026-08-31 16:02:38,073 INFO AVS_ZohoIntegration.Program - Obteniendo ultima fecha de sincronización
2026-08-31 16:02:38,167 WARN AVS_ZohoIntegration.Program - No se encontró fecha de última sincronización para OITM. Aplicando fallback de seguridad: 2026-08-30 16:02:38
2026-08-31 16:02:38,168 INFO AVS_ZohoIntegration.Program - *** Obteniendo información de cabecera: Artículos (OITM) ***
2026-08-31 16:02:38,170 DEBUG AVS_ZohoIntegration.Program - Validar configuración antes de consultar la base de datos
2026-08-31 16:02:38,170 INFO AVS_ZohoIntegration.Program - SELECT T0.ItemName AS 'Product_Name', T0.ItemCode AS 'Product_Code', CASE WHEN T0.validFor = 'Y' THEN 'true' ELSE 'false' END AS 'Product_Active', COALESCE(T1.Price, 0) AS 'Unit_Price', T0.TaxCodeAR AS 'Tax' , T0.SalUnitMsr AS 'Usage_Unit', T2.OnHand - T2.IsCommited + T2.OnOrder AS 'Qty_in_Stock', CASE WHEN T0.TaxType = 'Y' THEN 'true' ELSE 'false' END AS 'Taxable' FROM OITM T0 INNER JOIN ITM1 T1 ON T0.ItemCode = T1.ItemCode AND T1.PriceList = 1 INNER JOIN OITW T2 ON T0.ItemCode = T2.ItemCode AND T2.WhsCode = '05' LEFT JOIN OCRD T3 ON T0.CardCode = T3.CardCode WHERE T0.SellItem = 'Y' AND T0.validFor = 'Y' AND T0.U_AVS_Zoho_Sync = '0' AND (T0.UpdateDate >= '2026-08-30 16:02:38' OR T2.UpdateDate >= '2026-08-30 16:02:38')
2026-08-31 16:02:38,409 DEBUG AVS_ZohoIntegration.Program - Validar si hay registros (Cláusula de guarda)
2026-08-31 16:02:38,410 INFO AVS_ZohoIntegration.Program - Se han obtenido 1 resultados pendientes de procesar.
2026-08-31 16:02:38,411 INFO AVS_ZohoIntegration.Program - * Procesando resultado: 1 *
2026-08-31 16:02:38,411 INFO AVS_ZohoIntegration.Program - Product_Name: J.B. Officeprint 1420
2026-08-31 16:02:38,412 INFO AVS_ZohoIntegration.Program - Product_Code: A00001
2026-08-31 16:02:38,412 INFO AVS_ZohoIntegration.Program - Product_Active: true
2026-08-31 16:02:38,413 INFO AVS_ZohoIntegration.Program - Unit_Price: 76757.3
2026-08-31 16:02:38,414 INFO AVS_ZohoIntegration.Program - Tax: 
2026-08-31 16:02:38,415 INFO AVS_ZohoIntegration.Program - Usage_Unit: Piezas
2026-08-31 16:02:38,415 INFO AVS_ZohoIntegration.Program - Qty_in_Stock: 100
2026-08-31 16:02:38,416 INFO AVS_ZohoIntegration.Program - Taxable: true
2026-08-31 16:04:03,376 INFO AVS_ZohoIntegration.Program - ** 1 registros listos para Upsert. Enviando a Zoho...
2026-08-31 16:04:05,007 DEBUG AVS_ZohoIntegration.Program - Se obtiene el token (Si ya es válido, te lo da instantáneo; si no, va a Zoho por uno nuevo)
2026-08-31 16:04:05,011 INFO AVS_ZohoIntegration.Program - El Access Token de Zoho ha expirado o no existe. Solicitando uno nuevo...
2026-08-31 16:04:05,631 INFO AVS_ZohoIntegration.Program - Nuevo Access Token de Zoho obtenido correctamente.
2026-08-31 16:04:05,633 DEBUG AVS_ZohoIntegration.Program - Inyectar el token en el HttpClient
2026-08-31 16:04:05,635 INFO AVS_ZohoIntegration.Program - Enviando solicitud POST a https://www.crmsandbox.zoho.com/crm/v8/Products/upsert...
2026-08-31 16:04:05,758 ERROR AVS_ZohoIntegration.Program - Error de red al consumir API POST https://www.crmsandbox.zoho.com/crm/v8/Products/upsert: Error al enviar la solicitud.
2026-08-31 16:04:31,302 INFO AVS_ZohoIntegration.Program - AVS ZohoIntegration Version [1.0.0.0]
2026-08-31 16:04:31,317 INFO AVS_ZohoIntegration.Program - Leyendo archivo de configuracion.
2026-08-31 16:04:31,524 INFO AVS_ZohoIntegration.Program - Archivo de configuracion leido correctamente.
2026-08-31 16:04:31,525 DEBUG AVS_ZohoIntegration.Program - **************************************************************************
2026-08-31 16:04:31,525 DEBUG AVS_ZohoIntegration.Program - Ejecutando sincronizacion para: SBODemoMX
2026-08-31 16:04:36,198 DEBUG AVS_ZohoIntegration.Program - Validando licencia...
2026-08-31 16:04:36,199 INFO AVS_ZohoIntegration.Program - Licencia valida.
2026-08-31 16:04:36,199 INFO AVS_ZohoIntegration.Program - Comando recibido: SENDITEMS
2026-08-31 16:04:36,200 INFO AVS_ZohoIntegration.Program - Iniciando proceso de envío de artículos...
2026-08-31 16:04:36,203 INFO AVS_ZohoIntegration.Program - Obteniendo ultima fecha de sincronización
2026-08-31 16:04:36,300 WARN AVS_ZohoIntegration.Program - No se encontró fecha de última sincronización para OITM. Aplicando fallback de seguridad: 2026-08-30 16:04:36
2026-08-31 16:04:36,300 INFO AVS_ZohoIntegration.Program - *** Obteniendo información de cabecera: Artículos (OITM) ***
2026-08-31 16:04:36,302 DEBUG AVS_ZohoIntegration.Program - Validar configuración antes de consultar la base de datos
2026-08-31 16:04:36,302 INFO AVS_ZohoIntegration.Program - SELECT T0.ItemName AS 'Product_Name', T0.ItemCode AS 'Product_Code', CASE WHEN T0.validFor = 'Y' THEN 'true' ELSE 'false' END AS 'Product_Active', COALESCE(T1.Price, 0) AS 'Unit_Price', T0.TaxCodeAR AS 'Tax' , T0.SalUnitMsr AS 'Usage_Unit', T2.OnHand - T2.IsCommited + T2.OnOrder AS 'Qty_in_Stock', CASE WHEN T0.TaxType = 'Y' THEN 'true' ELSE 'false' END AS 'Taxable' FROM OITM T0 INNER JOIN ITM1 T1 ON T0.ItemCode = T1.ItemCode AND T1.PriceList = 1 INNER JOIN OITW T2 ON T0.ItemCode = T2.ItemCode AND T2.WhsCode = '05' LEFT JOIN OCRD T3 ON T0.CardCode = T3.CardCode WHERE T0.SellItem = 'Y' AND T0.validFor = 'Y' AND T0.U_AVS_Zoho_Sync = '0' AND (T0.UpdateDate >= '2026-08-30 16:04:36' OR T2.UpdateDate >= '2026-08-30 16:04:36')
2026-08-31 16:04:36,530 DEBUG AVS_ZohoIntegration.Program - Validar si hay registros (Cláusula de guarda)
2026-08-31 16:04:36,531 INFO AVS_ZohoIntegration.Program - Se han obtenido 1 resultados pendientes de procesar.
2026-08-31 16:04:36,532 INFO AVS_ZohoIntegration.Program - * Procesando resultado: 1 *
2026-08-31 16:04:36,533 INFO AVS_ZohoIntegration.Program - Product_Name: J.B. Officeprint 1420
2026-08-31 16:04:36,533 INFO AVS_ZohoIntegration.Program - Product_Code: A00001
2026-08-31 16:04:36,533 INFO AVS_ZohoIntegration.Program - Product_Active: true
2026-08-31 16:04:36,535 INFO AVS_ZohoIntegration.Program - Unit_Price: 76757.3
2026-08-31 16:04:36,535 INFO AVS_ZohoIntegration.Program - Tax: 
2026-08-31 16:04:36,535 INFO AVS_ZohoIntegration.Program - Usage_Unit: Piezas
2026-08-31 16:04:36,536 INFO AVS_ZohoIntegration.Program - Qty_in_Stock: 100
2026-08-31 16:04:36,536 INFO AVS_ZohoIntegration.Program - Taxable: true
2026-08-31 16:04:43,499 INFO AVS_ZohoIntegration.Program - ** 1 registros listos para Upsert. Enviando a Zoho...
2026-08-31 16:04:45,561 DEBUG AVS_ZohoIntegration.Program - Se obtiene el token (Si ya es válido, te lo da instantáneo; si no, va a Zoho por uno nuevo)
2026-08-31 16:04:45,563 INFO AVS_ZohoIntegration.Program - El Access Token de Zoho ha expirado o no existe. Solicitando uno nuevo...
2026-08-31 16:04:46,095 INFO AVS_ZohoIntegration.Program - Nuevo Access Token de Zoho obtenido correctamente.
2026-08-31 16:04:46,096 DEBUG AVS_ZohoIntegration.Program - Inyectar el token en el HttpClient
2026-08-31 16:04:46,097 INFO AVS_ZohoIntegration.Program - Enviando solicitud POST a https://www.zohoapis.com/crm/v8/Products/upsert...
2026-08-31 16:04:46,711 WARN AVS_ZohoIntegration.Program - Respuesta fallida de Zoho (BadRequest): {"data":[{"code":"INVALID_DATA","details":{"expected_data_type":"boolean","api_name":"Product_Active","json_path":"$.data[0].Product_Active"},"message":"invalid data","status":"error"}]}
2026-08-31 16:09:30,075 INFO AVS_ZohoIntegration.Program - AVS ZohoIntegration Version [1.0.0.0]
2026-08-31 16:09:30,088 INFO AVS_ZohoIntegration.Program - Leyendo archivo de configuracion.
2026-08-31 16:09:30,335 INFO AVS_ZohoIntegration.Program - Archivo de configuracion leido correctamente.
2026-08-31 16:09:30,336 DEBUG AVS_ZohoIntegration.Program - **************************************************************************
2026-08-31 16:09:30,337 DEBUG AVS_ZohoIntegration.Program - Ejecutando sincronizacion para: SBODemoMX
2026-08-31 16:09:36,456 DEBUG AVS_ZohoIntegration.Program - Validando licencia...
2026-08-31 16:09:36,457 INFO AVS_ZohoIntegration.Program - Licencia valida.
2026-08-31 16:09:36,458 INFO AVS_ZohoIntegration.Program - Comando recibido: SENDITEMS
2026-08-31 16:09:36,459 INFO AVS_ZohoIntegration.Program - Iniciando proceso de envío de artículos...
2026-08-31 16:09:36,469 INFO AVS_ZohoIntegration.Program - Obteniendo ultima fecha de sincronización
2026-08-31 16:09:36,701 WARN AVS_ZohoIntegration.Program - No se encontró fecha de última sincronización para OITM. Aplicando fallback de seguridad: 2026-08-30 16:09:36
2026-08-31 16:09:36,703 INFO AVS_ZohoIntegration.Program - *** Obteniendo información de cabecera: Artículos (OITM) ***
2026-08-31 16:09:36,704 DEBUG AVS_ZohoIntegration.Program - Validar configuración antes de consultar la base de datos
2026-08-31 16:09:36,705 INFO AVS_ZohoIntegration.Program - SELECT T0.ItemName AS 'Product_Name', T0.ItemCode AS 'Product_Code', CASE WHEN T0.validFor = 'Y' THEN 'true' ELSE 'false' END AS 'Product_Active', COALESCE(T1.Price, 0) AS 'Unit_Price', T0.TaxCodeAR AS 'Tax' , T0.SalUnitMsr AS 'Usage_Unit', T2.OnHand - T2.IsCommited + T2.OnOrder AS 'Qty_in_Stock', CASE WHEN T0.TaxType = 'Y' THEN 'true' ELSE 'false' END AS 'Taxable' FROM OITM T0 INNER JOIN ITM1 T1 ON T0.ItemCode = T1.ItemCode AND T1.PriceList = 1 INNER JOIN OITW T2 ON T0.ItemCode = T2.ItemCode AND T2.WhsCode = '05' LEFT JOIN OCRD T3 ON T0.CardCode = T3.CardCode WHERE T0.SellItem = 'Y' AND T0.validFor = 'Y' AND T0.U_AVS_Zoho_Sync = '0' AND (T0.UpdateDate >= '2026-08-30 16:09:36' OR T2.UpdateDate >= '2026-08-30 16:09:36')
2026-08-31 16:09:37,553 DEBUG AVS_ZohoIntegration.Program - Validar si hay registros (Cláusula de guarda)
2026-08-31 16:09:37,555 INFO AVS_ZohoIntegration.Program - Se han obtenido 1 resultados pendientes de procesar.
2026-08-31 16:09:37,556 INFO AVS_ZohoIntegration.Program - * Procesando resultado: 1 *
2026-08-31 16:09:37,558 INFO AVS_ZohoIntegration.Program - Product_Name: J.B. Officeprint 1420
2026-08-31 16:09:37,559 INFO AVS_ZohoIntegration.Program - Product_Code: A00001
2026-08-31 16:09:37,560 INFO AVS_ZohoIntegration.Program - Product_Active: true
2026-08-31 16:09:37,562 INFO AVS_ZohoIntegration.Program - Unit_Price: 76757.3
2026-08-31 16:09:37,566 INFO AVS_ZohoIntegration.Program - Tax: 
2026-08-31 16:09:37,567 INFO AVS_ZohoIntegration.Program - Usage_Unit: Piezas
2026-08-31 16:09:37,568 INFO AVS_ZohoIntegration.Program - Qty_in_Stock: 100
2026-08-31 16:09:37,569 INFO AVS_ZohoIntegration.Program - Taxable: true
2026-08-31 16:10:23,625 INFO AVS_ZohoIntegration.Program - ** 1 registros listos para Upsert. Enviando a Zoho...
2026-08-31 16:10:23,628 DEBUG AVS_ZohoIntegration.Program - Se obtiene el token (Si ya es válido, te lo da instantáneo; si no, va a Zoho por uno nuevo)
2026-08-31 16:10:23,632 INFO AVS_ZohoIntegration.Program - El Access Token de Zoho ha expirado o no existe. Solicitando uno nuevo...
2026-08-31 16:10:24,239 INFO AVS_ZohoIntegration.Program - Nuevo Access Token de Zoho obtenido correctamente.
2026-08-31 16:10:24,240 DEBUG AVS_ZohoIntegration.Program - Inyectar el token en el HttpClient
2026-08-31 16:10:24,241 INFO AVS_ZohoIntegration.Program - Enviando solicitud POST a https://www.zohoapis.com/crm/v8/Products/upsert...
2026-08-31 16:10:24,943 WARN AVS_ZohoIntegration.Program - Respuesta fallida de Zoho (BadRequest): {"data":[{"code":"INVALID_DATA","details":{"expected_data_type":"jsonarray","api_name":"Tax","json_path":"$.data[0].Tax"},"message":"invalid data","status":"error"}]}
2026-08-31 16:25:51,224 INFO AVS_ZohoIntegration.Program - AVS ZohoIntegration Version [1.0.0.0]
2026-08-31 16:25:51,235 INFO AVS_ZohoIntegration.Program - Leyendo archivo de configuracion.
2026-08-31 16:25:51,450 INFO AVS_ZohoIntegration.Program - Archivo de configuracion leido correctamente.
2026-08-31 16:25:51,451 DEBUG AVS_ZohoIntegration.Program - **************************************************************************
2026-08-31 16:25:51,452 DEBUG AVS_ZohoIntegration.Program - Ejecutando sincronizacion para: SBODemoMX
2026-08-31 16:25:55,645 DEBUG AVS_ZohoIntegration.Program - Validando licencia...
2026-08-31 16:25:55,646 INFO AVS_ZohoIntegration.Program - Licencia valida.
2026-08-31 16:25:55,647 INFO AVS_ZohoIntegration.Program - Comando recibido: SENDITEMS
2026-08-31 16:25:55,648 INFO AVS_ZohoIntegration.Program - Iniciando proceso de envío de artículos...
2026-08-31 16:25:55,653 INFO AVS_ZohoIntegration.Program - Obteniendo ultima fecha de sincronización
2026-08-31 16:25:55,738 WARN AVS_ZohoIntegration.Program - No se encontró fecha de última sincronización para OITM. Aplicando fallback de seguridad: 2026-08-30 16:25:55
2026-08-31 16:25:55,739 INFO AVS_ZohoIntegration.Program - *** Obteniendo información de cabecera: Artículos (OITM) ***
2026-08-31 16:25:55,740 DEBUG AVS_ZohoIntegration.Program - Validar configuración antes de consultar la base de datos
2026-08-31 16:25:55,741 INFO AVS_ZohoIntegration.Program - SELECT T0.ItemName AS 'Product_Name', T0.ItemCode AS 'Product_Code', CASE WHEN T0.validFor = 'Y' THEN 'true' ELSE 'false' END AS 'Product_Active', COALESCE(T1.Price, 0) AS 'Unit_Price', T0.TaxCodeAR AS 'Tax' , T0.SalUnitMsr AS 'Usage_Unit', T2.OnHand - T2.IsCommited + T2.OnOrder AS 'Qty_in_Stock', CASE WHEN T0.TaxType = 'Y' THEN 'true' ELSE 'false' END AS 'Taxable' FROM OITM T0 INNER JOIN ITM1 T1 ON T0.ItemCode = T1.ItemCode AND T1.PriceList = 1 INNER JOIN OITW T2 ON T0.ItemCode = T2.ItemCode AND T2.WhsCode = '05' LEFT JOIN OCRD T3 ON T0.CardCode = T3.CardCode WHERE T0.SellItem = 'Y' AND T0.validFor = 'Y' AND T0.U_AVS_Zoho_Sync = '0' AND (T0.UpdateDate >= '2026-08-30 16:25:55' OR T2.UpdateDate >= '2026-08-30 16:25:55')
2026-08-31 16:25:55,987 DEBUG AVS_ZohoIntegration.Program - Validar si hay registros (Cláusula de guarda)
2026-08-31 16:25:55,987 INFO AVS_ZohoIntegration.Program - Se han obtenido 1 resultados pendientes de procesar.
2026-08-31 16:25:55,988 INFO AVS_ZohoIntegration.Program - * Procesando resultado: 1 *
2026-08-31 16:25:55,988 INFO AVS_ZohoIntegration.Program - Product_Name: J.B. Officeprint 1420
2026-08-31 16:25:55,989 INFO AVS_ZohoIntegration.Program - Product_Code: A00001
2026-08-31 16:25:55,990 INFO AVS_ZohoIntegration.Program - Product_Active: true
2026-08-31 16:25:55,990 INFO AVS_ZohoIntegration.Program - Unit_Price: 76757.3
2026-08-31 16:25:55,991 INFO AVS_ZohoIntegration.Program - Tax: 
2026-08-31 16:25:55,992 INFO AVS_ZohoIntegration.Program - Usage_Unit: Piezas
2026-08-31 16:25:55,993 INFO AVS_ZohoIntegration.Program - Qty_in_Stock: 100
2026-08-31 16:25:55,993 INFO AVS_ZohoIntegration.Program - Taxable: true
2026-08-31 16:25:58,546 INFO AVS_ZohoIntegration.Program - ** 1 registros listos para Upsert. Enviando a Zoho...
2026-08-31 16:25:58,549 DEBUG AVS_ZohoIntegration.Program - Se obtiene el token (Si ya es válido, te lo da instantáneo; si no, va a Zoho por uno nuevo)
2026-08-31 16:25:58,554 INFO AVS_ZohoIntegration.Program - El Access Token de Zoho ha expirado o no existe. Solicitando uno nuevo...
2026-08-31 16:25:59,103 INFO AVS_ZohoIntegration.Program - Nuevo Access Token de Zoho obtenido correctamente.
2026-08-31 16:25:59,104 DEBUG AVS_ZohoIntegration.Program - Inyectar el token en el HttpClient
2026-08-31 16:25:59,105 INFO AVS_ZohoIntegration.Program - Enviando solicitud POST a https://www.zohoapis.com/crm/v8/Products/upsert...
2026-08-31 16:25:59,776 WARN AVS_ZohoIntegration.Program - Respuesta fallida de Zoho (BadRequest): {"data":[{"code":"INVALID_DATA","details":{"expected_data_type":"jsonarray","api_name":"Tax","json_path":"$.data[0].Tax"},"message":"invalid data","status":"error"}]}
2026-08-31 16:29:04,192 INFO AVS_ZohoIntegration.Program - AVS ZohoIntegration Version [1.0.0.0]
2026-08-31 16:29:04,204 INFO AVS_ZohoIntegration.Program - Leyendo archivo de configuracion.
2026-08-31 16:29:04,404 INFO AVS_ZohoIntegration.Program - Archivo de configuracion leido correctamente.
2026-08-31 16:29:04,405 DEBUG AVS_ZohoIntegration.Program - **************************************************************************
2026-08-31 16:29:04,406 DEBUG AVS_ZohoIntegration.Program - Ejecutando sincronizacion para: SBODemoMX
2026-08-31 16:29:09,042 DEBUG AVS_ZohoIntegration.Program - Validando licencia...
2026-08-31 16:29:09,043 INFO AVS_ZohoIntegration.Program - Licencia valida.
2026-08-31 16:29:09,044 INFO AVS_ZohoIntegration.Program - Comando recibido: SENDITEMS
2026-08-31 16:29:09,044 INFO AVS_ZohoIntegration.Program - Iniciando proceso de envío de artículos...
2026-08-31 16:29:09,048 INFO AVS_ZohoIntegration.Program - Obteniendo ultima fecha de sincronización
2026-08-31 16:29:09,156 WARN AVS_ZohoIntegration.Program - No se encontró fecha de última sincronización para OITM. Aplicando fallback de seguridad: 2026-08-30 16:29:09
2026-08-31 16:29:09,157 INFO AVS_ZohoIntegration.Program - *** Obteniendo información de cabecera: Artículos (OITM) ***
2026-08-31 16:29:09,158 DEBUG AVS_ZohoIntegration.Program - Validar configuración antes de consultar la base de datos
2026-08-31 16:29:09,160 INFO AVS_ZohoIntegration.Program - SELECT T0.ItemName AS 'Product_Name', T0.ItemCode AS 'Product_Code', CASE WHEN T0.validFor = 'Y' THEN 'true' ELSE 'false' END AS 'Product_Active', COALESCE(T1.Price, 0) AS 'Unit_Price', T0.TaxCodeAR AS 'Tax' , T0.SalUnitMsr AS 'Usage_Unit', T2.OnHand - T2.IsCommited + T2.OnOrder AS 'Qty_in_Stock', CASE WHEN T0.TaxType = 'Y' THEN 'true' ELSE 'false' END AS 'Taxable' FROM OITM T0 INNER JOIN ITM1 T1 ON T0.ItemCode = T1.ItemCode AND T1.PriceList = 1 INNER JOIN OITW T2 ON T0.ItemCode = T2.ItemCode AND T2.WhsCode = '05' LEFT JOIN OCRD T3 ON T0.CardCode = T3.CardCode WHERE T0.SellItem = 'Y' AND T0.validFor = 'Y' AND T0.U_AVS_Zoho_Sync = '0' AND (T0.UpdateDate >= '2026-08-30 16:29:09' OR T2.UpdateDate >= '2026-08-30 16:29:09')
2026-08-31 16:29:09,415 DEBUG AVS_ZohoIntegration.Program - Validar si hay registros (Cláusula de guarda)
2026-08-31 16:29:09,415 INFO AVS_ZohoIntegration.Program - Se han obtenido 1 resultados pendientes de procesar.
2026-08-31 16:29:09,415 INFO AVS_ZohoIntegration.Program - * Procesando resultado: 1 *
2026-08-31 16:29:09,417 INFO AVS_ZohoIntegration.Program - Product_Name: J.B. Officeprint 1420
2026-08-31 16:29:09,417 INFO AVS_ZohoIntegration.Program - Product_Code: A00001
2026-08-31 16:29:09,418 INFO AVS_ZohoIntegration.Program - Product_Active: true
2026-08-31 16:29:09,418 INFO AVS_ZohoIntegration.Program - Unit_Price: 76757.3
2026-08-31 16:29:09,419 INFO AVS_ZohoIntegration.Program - Tax: 
2026-08-31 16:29:09,419 INFO AVS_ZohoIntegration.Program - Usage_Unit: Piezas
2026-08-31 16:29:09,420 INFO AVS_ZohoIntegration.Program - Qty_in_Stock: 100
2026-08-31 16:29:09,420 INFO AVS_ZohoIntegration.Program - Taxable: true
2026-08-31 16:29:09,465 INFO AVS_ZohoIntegration.Program - ** 1 registros listos para Upsert. Enviando a Zoho...
2026-08-31 16:29:09,468 DEBUG AVS_ZohoIntegration.Program - Se obtiene el token (Si ya es válido, te lo da instantáneo; si no, va a Zoho por uno nuevo)
2026-08-31 16:29:09,470 INFO AVS_ZohoIntegration.Program - El Access Token de Zoho ha expirado o no existe. Solicitando uno nuevo...
2026-08-31 16:29:09,970 INFO AVS_ZohoIntegration.Program - Nuevo Access Token de Zoho obtenido correctamente.
2026-08-31 16:29:09,970 DEBUG AVS_ZohoIntegration.Program - Inyectar el token en el HttpClient
2026-08-31 16:29:09,971 INFO AVS_ZohoIntegration.Program - Enviando solicitud POST a https://www.zohoapis.com/crm/v8/Products/upsert...
2026-08-31 16:29:10,576 WARN AVS_ZohoIntegration.Program - Respuesta fallida de Zoho (BadRequest): {"data":[{"code":"INVALID_DATA","details":{"expected_data_type":"jsonarray","api_name":"Tax","json_path":"$.data[0].Tax"},"message":"invalid data","status":"error"}]}
2026-08-31 16:35:14,472 INFO AVS_ZohoIntegration.Program - AVS ZohoIntegration Version [1.0.0.0]
2026-08-31 16:35:14,482 INFO AVS_ZohoIntegration.Program - Leyendo archivo de configuracion.
2026-08-31 16:35:14,666 INFO AVS_ZohoIntegration.Program - Archivo de configuracion leido correctamente.
2026-08-31 16:35:14,667 DEBUG AVS_ZohoIntegration.Program - **************************************************************************
2026-08-31 16:35:14,668 DEBUG AVS_ZohoIntegration.Program - Ejecutando sincronizacion para: SBODemoMX
2026-08-31 16:35:19,265 DEBUG AVS_ZohoIntegration.Program - Validando licencia...
2026-08-31 16:35:19,266 INFO AVS_ZohoIntegration.Program - Licencia valida.
2026-08-31 16:35:19,267 INFO AVS_ZohoIntegration.Program - Comando recibido: SENDITEMS
2026-08-31 16:35:19,267 INFO AVS_ZohoIntegration.Program - Iniciando proceso de envío de artículos...
2026-08-31 16:35:19,271 INFO AVS_ZohoIntegration.Program - Obteniendo ultima fecha de sincronización
2026-08-31 16:35:19,363 WARN AVS_ZohoIntegration.Program - No se encontró fecha de última sincronización para OITM. Aplicando fallback de seguridad: 2026-08-30 16:35:19
2026-08-31 16:35:19,364 INFO AVS_ZohoIntegration.Program - *** Obteniendo información de cabecera: Artículos (OITM) ***
2026-08-31 16:35:19,365 DEBUG AVS_ZohoIntegration.Program - Validar configuración antes de consultar la base de datos
2026-08-31 16:35:19,365 INFO AVS_ZohoIntegration.Program - SELECT T0.ItemName AS 'Product_Name', T0.ItemCode AS 'Product_Code', CASE WHEN T0.validFor = 'Y' THEN 'true' ELSE 'false' END AS 'Product_Active', COALESCE(T1.Price, 0) AS 'Unit_Price', T0.SalUnitMsr AS 'Usage_Unit', T2.OnHand - T2.IsCommited + T2.OnOrder AS 'Qty_in_Stock', CASE WHEN T0.TaxType = 'Y' THEN 'true' ELSE 'false' END AS 'Taxable' FROM OITM T0 INNER JOIN ITM1 T1 ON T0.ItemCode = T1.ItemCode AND T1.PriceList = 1 INNER JOIN OITW T2 ON T0.ItemCode = T2.ItemCode AND T2.WhsCode = '05' LEFT JOIN OCRD T3 ON T0.CardCode = T3.CardCode WHERE T0.SellItem = 'Y' AND T0.validFor = 'Y' AND T0.U_AVS_Zoho_Sync = '0' AND (T0.UpdateDate >= '2026-08-30 16:35:19' OR T2.UpdateDate >= '2026-08-30 16:35:19')
2026-08-31 16:35:19,606 DEBUG AVS_ZohoIntegration.Program - Validar si hay registros (Cláusula de guarda)
2026-08-31 16:35:19,606 INFO AVS_ZohoIntegration.Program - Se han obtenido 1 resultados pendientes de procesar.
2026-08-31 16:35:19,607 INFO AVS_ZohoIntegration.Program - * Procesando resultado: 1 *
2026-08-31 16:35:19,608 INFO AVS_ZohoIntegration.Program - Product_Name: J.B. Officeprint 1420
2026-08-31 16:35:19,608 INFO AVS_ZohoIntegration.Program - Product_Code: A00001
2026-08-31 16:35:19,608 INFO AVS_ZohoIntegration.Program - Product_Active: true
2026-08-31 16:35:19,609 INFO AVS_ZohoIntegration.Program - Unit_Price: 76757.3
2026-08-31 16:35:19,609 INFO AVS_ZohoIntegration.Program - Usage_Unit: Piezas
2026-08-31 16:35:19,609 INFO AVS_ZohoIntegration.Program - Qty_in_Stock: 100
2026-08-31 16:35:19,611 INFO AVS_ZohoIntegration.Program - Taxable: true
2026-08-31 16:35:19,611 INFO AVS_ZohoIntegration.Program - * Consultando sub-entidad [Tax] para OITM...
2026-08-31 16:35:19,645 INFO AVS_ZohoIntegration.Program - ** 1 registros listos para Upsert. Enviando a Zoho...
2026-08-31 16:35:19,648 DEBUG AVS_ZohoIntegration.Program - Se obtiene el token (Si ya es válido, te lo da instantáneo; si no, va a Zoho por uno nuevo)
2026-08-31 16:35:19,650 INFO AVS_ZohoIntegration.Program - El Access Token de Zoho ha expirado o no existe. Solicitando uno nuevo...
2026-08-31 16:35:20,135 INFO AVS_ZohoIntegration.Program - Nuevo Access Token de Zoho obtenido correctamente.
2026-08-31 16:35:20,136 DEBUG AVS_ZohoIntegration.Program - Inyectar el token en el HttpClient
2026-08-31 16:35:20,136 INFO AVS_ZohoIntegration.Program - Enviando solicitud POST a https://www.zohoapis.com/crm/v8/Products/upsert...
2026-08-31 16:35:48,155 INFO AVS_ZohoIntegration.Program - * Consultando sub-entidad [Tax] para OITM...
2026-08-31 16:36:23,689 DEBUG AVS_ZohoIntegration.Program - Validar configuración antes de consultar la base de datos
2026-08-31 16:36:23,690 INFO AVS_ZohoIntegration.Program - SELECT '7343678000000608530' AS 'id', 'IVA - 16.0 %' AS 'value'
2026-08-31 16:36:24,211 DEBUG AVS_ZohoIntegration.Program - Validar si hay registros (Cláusula de guarda)
2026-08-31 16:36:24,211 INFO AVS_ZohoIntegration.Program - Se han obtenido 1 resultados pendientes de procesar.
2026-08-31 16:36:24,212 INFO AVS_ZohoIntegration.Program - * Procesando resultado: 1 *
2026-08-31 16:36:24,214 INFO AVS_ZohoIntegration.Program - id: 7343678000000608530
2026-08-31 16:36:24,214 INFO AVS_ZohoIntegration.Program - value: IVA - 16.0 %
2026-08-31 16:37:04,938 ERROR AVS_ZohoIntegration.Program - Ocurrió un error general procesando el comando SENDITEMS:
System.Collections.Generic.KeyNotFoundException: La clave proporcionada no se encontró en el diccionario.
   en System.ThrowHelper.ThrowKeyNotFoundException()
   en System.Collections.Generic.Dictionary`2.get_Item(TKey key)
   en AVS_ZohoIntegration.Manager.ZohoIntegrationManager.<SendEntityToZohoAsync>d__9.MoveNext() en C:\ProyectosAvantis\AVANTIS.ZohoIntegration\AVS_ZohoIntegration\AVS_ZohoIntegration.Manager\ZohoIntegrationManager.cs:línea 194
--- Fin del seguimiento de la pila de la ubicación anterior donde se produjo la excepción ---
   en System.Runtime.ExceptionServices.ExceptionDispatchInfo.Throw()
   en System.Runtime.CompilerServices.TaskAwaiter.HandleNonSuccessAndDebuggerNotification(Task task)
   en System.Runtime.CompilerServices.TaskAwaiter.GetResult()
   en AVS_ZohoIntegration.Manager.ZohoIntegrationManager.IniciarProcesamientoDocumento(String comando) en C:\ProyectosAvantis\AVANTIS.ZohoIntegration\AVS_ZohoIntegration\AVS_ZohoIntegration.Manager\ZohoIntegrationManager.cs:línea 63
2026-08-31 16:37:05,139 INFO AVS_ZohoIntegration.Program - Proceso finalizado.
2026-08-31 16:37:05,141 INFO AVS_ZohoIntegration.Program - Cerrando conexión con SAP
2026-08-31 16:37:07,240 INFO AVS_ZohoIntegration.Program - Conexión SAP cerrada correctamente.
2026-08-31 16:37:07,240 INFO AVS_ZohoIntegration.Program - **************************************************************************
2026-08-31 16:37:28,188 INFO AVS_ZohoIntegration.Program - AVS ZohoIntegration Version [1.0.0.0]
2026-08-31 16:37:28,198 INFO AVS_ZohoIntegration.Program - Leyendo archivo de configuracion.
2026-08-31 16:37:28,402 INFO AVS_ZohoIntegration.Program - Archivo de configuracion leido correctamente.
2026-08-31 16:37:28,403 DEBUG AVS_ZohoIntegration.Program - **************************************************************************
2026-08-31 16:37:28,404 DEBUG AVS_ZohoIntegration.Program - Ejecutando sincronizacion para: SBODemoMX
2026-08-31 16:37:33,591 DEBUG AVS_ZohoIntegration.Program - Validando licencia...
2026-08-31 16:37:33,592 INFO AVS_ZohoIntegration.Program - Licencia valida.
2026-08-31 16:37:33,593 INFO AVS_ZohoIntegration.Program - Comando recibido: SENDITEMS
2026-08-31 16:37:33,593 INFO AVS_ZohoIntegration.Program - Iniciando proceso de envío de artículos...
2026-08-31 16:37:33,596 INFO AVS_ZohoIntegration.Program - Obteniendo ultima fecha de sincronización
2026-08-31 16:37:33,686 WARN AVS_ZohoIntegration.Program - No se encontró fecha de última sincronización para OITM. Aplicando fallback de seguridad: 2026-08-30 16:37:33
2026-08-31 16:37:33,686 INFO AVS_ZohoIntegration.Program - *** Obteniendo información de cabecera: Artículos (OITM) ***
2026-08-31 16:37:33,688 DEBUG AVS_ZohoIntegration.Program - Validar configuración antes de consultar la base de datos
2026-08-31 16:37:33,688 INFO AVS_ZohoIntegration.Program - SELECT T0.ItemName AS 'Product_Name', T0.ItemCode AS 'Product_Code', CASE WHEN T0.validFor = 'Y' THEN 'true' ELSE 'false' END AS 'Product_Active', COALESCE(T1.Price, 0) AS 'Unit_Price', T0.SalUnitMsr AS 'Usage_Unit', T2.OnHand - T2.IsCommited + T2.OnOrder AS 'Qty_in_Stock', CASE WHEN T0.TaxType = 'Y' THEN 'true' ELSE 'false' END AS 'Taxable' FROM OITM T0 INNER JOIN ITM1 T1 ON T0.ItemCode = T1.ItemCode AND T1.PriceList = 1 INNER JOIN OITW T2 ON T0.ItemCode = T2.ItemCode AND T2.WhsCode = '05' LEFT JOIN OCRD T3 ON T0.CardCode = T3.CardCode WHERE T0.SellItem = 'Y' AND T0.validFor = 'Y' AND T0.U_AVS_Zoho_Sync = '0' AND (T0.UpdateDate >= '2026-08-30 16:37:33' OR T2.UpdateDate >= '2026-08-30 16:37:33')
2026-08-31 16:37:33,909 DEBUG AVS_ZohoIntegration.Program - Validar si hay registros (Cláusula de guarda)
2026-08-31 16:37:33,910 INFO AVS_ZohoIntegration.Program - Se han obtenido 1 resultados pendientes de procesar.
2026-08-31 16:37:33,910 INFO AVS_ZohoIntegration.Program - * Procesando resultado: 1 *
2026-08-31 16:37:33,912 INFO AVS_ZohoIntegration.Program - Product_Name: J.B. Officeprint 1420
2026-08-31 16:37:33,912 INFO AVS_ZohoIntegration.Program - Product_Code: A00001
2026-08-31 16:37:33,913 INFO AVS_ZohoIntegration.Program - Product_Active: true
2026-08-31 16:37:33,913 INFO AVS_ZohoIntegration.Program - Unit_Price: 76757.3
2026-08-31 16:37:33,914 INFO AVS_ZohoIntegration.Program - Usage_Unit: Piezas
2026-08-31 16:37:33,914 INFO AVS_ZohoIntegration.Program - Qty_in_Stock: 100
2026-08-31 16:37:33,915 INFO AVS_ZohoIntegration.Program - Taxable: true
2026-08-31 16:37:33,915 INFO AVS_ZohoIntegration.Program - * Consultando sub-entidad [Tax] para OITM...
2026-08-31 16:37:33,916 DEBUG AVS_ZohoIntegration.Program - Validar configuración antes de consultar la base de datos
2026-08-31 16:37:33,916 INFO AVS_ZohoIntegration.Program - SELECT '7343678000000608530' AS 'id', 'IVA - 16.0 %' AS 'value'
2026-08-31 16:37:34,127 DEBUG AVS_ZohoIntegration.Program - Validar si hay registros (Cláusula de guarda)
2026-08-31 16:37:34,127 INFO AVS_ZohoIntegration.Program - Se han obtenido 1 resultados pendientes de procesar.
2026-08-31 16:37:34,128 INFO AVS_ZohoIntegration.Program - * Procesando resultado: 1 *
2026-08-31 16:37:34,128 INFO AVS_ZohoIntegration.Program - id: 7343678000000608530
2026-08-31 16:37:34,129 INFO AVS_ZohoIntegration.Program - value: IVA - 16.0 %
2026-08-31 16:37:34,162 INFO AVS_ZohoIntegration.Program - ** 1 registros listos para Upsert. Enviando a Zoho...
2026-08-31 16:37:34,165 DEBUG AVS_ZohoIntegration.Program - Se obtiene el token (Si ya es válido, te lo da instantáneo; si no, va a Zoho por uno nuevo)
2026-08-31 16:37:34,167 INFO AVS_ZohoIntegration.Program - El Access Token de Zoho ha expirado o no existe. Solicitando uno nuevo...
2026-08-31 16:37:34,695 INFO AVS_ZohoIntegration.Program - Nuevo Access Token de Zoho obtenido correctamente.
2026-08-31 16:37:34,696 DEBUG AVS_ZohoIntegration.Program - Inyectar el token en el HttpClient
2026-08-31 16:37:34,696 INFO AVS_ZohoIntegration.Program - Enviando solicitud POST a https://www.zohoapis.com/crm/v8/Products/upsert...
2026-08-31 16:37:57,916 INFO AVS_ZohoIntegration.Program - * Consultando sub-entidad [Tax] para OITM...
2026-08-31 16:38:11,125 DEBUG AVS_ZohoIntegration.Program - Validar configuración antes de consultar la base de datos
2026-08-31 16:38:11,126 INFO AVS_ZohoIntegration.Program - SELECT '7343678000000608530' AS 'id', 'IVA - 16.0 %' AS 'value'
2026-08-31 16:38:11,788 DEBUG AVS_ZohoIntegration.Program - Validar si hay registros (Cláusula de guarda)
2026-08-31 16:38:11,789 INFO AVS_ZohoIntegration.Program - Se han obtenido 1 resultados pendientes de procesar.
2026-08-31 16:38:11,789 INFO AVS_ZohoIntegration.Program - * Procesando resultado: 1 *
2026-08-31 16:38:11,791 INFO AVS_ZohoIntegration.Program - id: 7343678000000608530
2026-08-31 16:38:11,792 INFO AVS_ZohoIntegration.Program - value: IVA - 16.0 %
2026-08-31 16:40:55,884 INFO AVS_ZohoIntegration.Program - AVS ZohoIntegration Version [1.0.0.0]
2026-08-31 16:40:55,896 INFO AVS_ZohoIntegration.Program - Leyendo archivo de configuracion.
2026-08-31 16:40:56,087 INFO AVS_ZohoIntegration.Program - Archivo de configuracion leido correctamente.
2026-08-31 16:40:56,088 DEBUG AVS_ZohoIntegration.Program - **************************************************************************
2026-08-31 16:40:56,089 DEBUG AVS_ZohoIntegration.Program - Ejecutando sincronizacion para: SBODemoMX
2026-08-31 16:41:00,511 DEBUG AVS_ZohoIntegration.Program - Validando licencia...
2026-08-31 16:41:00,512 INFO AVS_ZohoIntegration.Program - Licencia valida.
2026-08-31 16:41:00,513 INFO AVS_ZohoIntegration.Program - Comando recibido: SENDITEMS
2026-08-31 16:41:00,514 INFO AVS_ZohoIntegration.Program - Iniciando proceso de envío de artículos...
2026-08-31 16:41:00,524 INFO AVS_ZohoIntegration.Program - Obteniendo ultima fecha de sincronización
2026-08-31 16:41:00,622 WARN AVS_ZohoIntegration.Program - No se encontró fecha de última sincronización para OITM. Aplicando fallback de seguridad: 2026-08-30 16:41:00
2026-08-31 16:41:00,624 INFO AVS_ZohoIntegration.Program - *** Obteniendo información de cabecera: Artículos (OITM) ***
2026-08-31 16:41:00,626 DEBUG AVS_ZohoIntegration.Program - Validar configuración antes de consultar la base de datos
2026-08-31 16:41:00,626 INFO AVS_ZohoIntegration.Program - SELECT T0.ItemName AS 'Product_Name', T0.ItemCode AS 'Product_Code', CASE WHEN T0.validFor = 'Y' THEN 'true' ELSE 'false' END AS 'Product_Active', COALESCE(T1.Price, 0) AS 'Unit_Price', T0.SalUnitMsr AS 'Usage_Unit', T2.OnHand - T2.IsCommited + T2.OnOrder AS 'Qty_in_Stock', CASE WHEN T0.TaxType = 'Y' THEN 'true' ELSE 'false' END AS 'Taxable' FROM OITM T0 INNER JOIN ITM1 T1 ON T0.ItemCode = T1.ItemCode AND T1.PriceList = 1 INNER JOIN OITW T2 ON T0.ItemCode = T2.ItemCode AND T2.WhsCode = '05' LEFT JOIN OCRD T3 ON T0.CardCode = T3.CardCode WHERE T0.SellItem = 'Y' AND T0.validFor = 'Y' AND T0.U_AVS_Zoho_Sync = '0' AND (T0.UpdateDate >= '2026-08-30 16:41:00' OR T2.UpdateDate >= '2026-08-30 16:41:00')
2026-08-31 16:41:00,886 DEBUG AVS_ZohoIntegration.Program - Validar si hay registros (Cláusula de guarda)
2026-08-31 16:41:00,886 INFO AVS_ZohoIntegration.Program - Se han obtenido 1 resultados pendientes de procesar.
2026-08-31 16:41:00,887 INFO AVS_ZohoIntegration.Program - * Procesando resultado: 1 *
2026-08-31 16:41:00,888 INFO AVS_ZohoIntegration.Program - Product_Name: J.B. Officeprint 1420
2026-08-31 16:41:00,889 INFO AVS_ZohoIntegration.Program - Product_Code: A00001
2026-08-31 16:41:00,889 INFO AVS_ZohoIntegration.Program - Product_Active: true
2026-08-31 16:41:00,890 INFO AVS_ZohoIntegration.Program - Unit_Price: 76757.3
2026-08-31 16:41:00,890 INFO AVS_ZohoIntegration.Program - Usage_Unit: Piezas
2026-08-31 16:41:00,891 INFO AVS_ZohoIntegration.Program - Qty_in_Stock: 100
2026-08-31 16:41:00,891 INFO AVS_ZohoIntegration.Program - Taxable: true
2026-08-31 16:41:00,892 INFO AVS_ZohoIntegration.Program - * Consultando sub-entidad [Tax] para OITM...
2026-08-31 16:41:00,894 DEBUG AVS_ZohoIntegration.Program - Validar configuración antes de consultar la base de datos
2026-08-31 16:41:00,895 INFO AVS_ZohoIntegration.Program - SELECT T0.ItemCode AS 'Product_Code', '7343678000000608530' AS 'id', 'IVA - 16.0 %' AS 'value' FROM OITM T0 WHERE T0.ItemCode IN ('A00001')
2026-08-31 16:41:01,054 DEBUG AVS_ZohoIntegration.Program - Validar si hay registros (Cláusula de guarda)
2026-08-31 16:41:01,055 INFO AVS_ZohoIntegration.Program - Se han obtenido 1 resultados pendientes de procesar.
2026-08-31 16:41:01,056 INFO AVS_ZohoIntegration.Program - * Procesando resultado: 1 *
2026-08-31 16:41:01,056 INFO AVS_ZohoIntegration.Program - Product_Code: A00001
2026-08-31 16:41:01,057 INFO AVS_ZohoIntegration.Program - id: 7343678000000608530
2026-08-31 16:41:01,058 INFO AVS_ZohoIntegration.Program - value: IVA - 16.0 %
2026-08-31 16:41:01,131 INFO AVS_ZohoIntegration.Program - ** 1 registros listos para Upsert. Enviando a Zoho...
2026-08-31 16:41:01,134 DEBUG AVS_ZohoIntegration.Program - Se obtiene el token (Si ya es válido, te lo da instantáneo; si no, va a Zoho por uno nuevo)
2026-08-31 16:41:01,137 INFO AVS_ZohoIntegration.Program - El Access Token de Zoho ha expirado o no existe. Solicitando uno nuevo...
2026-08-31 16:41:01,699 INFO AVS_ZohoIntegration.Program - Nuevo Access Token de Zoho obtenido correctamente.
2026-08-31 16:41:01,699 DEBUG AVS_ZohoIntegration.Program - Inyectar el token en el HttpClient
2026-08-31 16:41:01,701 INFO AVS_ZohoIntegration.Program - Enviando solicitud POST a https://www.zohoapis.com/crm/v8/Products/upsert...
2026-08-31 16:42:42,164 INFO AVS_ZohoIntegration.Program - Éxito [UPDATE] para el registro A00001. Zoho ID: 7343678000004945001
2026-08-31 16:49:45,578 INFO AVS_ZohoIntegration.Program - AVS ZohoIntegration Version [1.0.0.0]
2026-08-31 16:49:45,606 INFO AVS_ZohoIntegration.Program - Leyendo archivo de configuracion.
2026-08-31 16:49:46,113 INFO AVS_ZohoIntegration.Program - Archivo de configuracion leido correctamente.
2026-08-31 16:49:46,115 DEBUG AVS_ZohoIntegration.Program - **************************************************************************
2026-08-31 16:49:46,116 DEBUG AVS_ZohoIntegration.Program - Ejecutando sincronizacion para: SBODemoMX
2026-08-31 16:49:50,306 DEBUG AVS_ZohoIntegration.Program - Validando licencia...
2026-08-31 16:49:50,306 INFO AVS_ZohoIntegration.Program - Licencia valida.
2026-08-31 16:49:50,307 INFO AVS_ZohoIntegration.Program - Comando recibido: SENDITEMS
2026-08-31 16:49:50,308 INFO AVS_ZohoIntegration.Program - Iniciando proceso de envío de artículos...
2026-08-31 16:49:50,313 INFO AVS_ZohoIntegration.Program - Obteniendo ultima fecha de sincronización
2026-08-31 16:49:50,411 WARN AVS_ZohoIntegration.Program - No se encontró fecha de última sincronización para OITM. Aplicando fallback de seguridad: 2026-08-30 16:49:50
2026-08-31 16:49:50,412 INFO AVS_ZohoIntegration.Program - *** Obteniendo información de cabecera: Artículos (OITM) ***
2026-08-31 16:49:50,414 DEBUG AVS_ZohoIntegration.Program - Validar configuración antes de consultar la base de datos
2026-08-31 16:49:50,414 INFO AVS_ZohoIntegration.Program - SELECT T0.ItemName AS 'Product_Name', T0.ItemCode AS 'Product_Code', CASE WHEN T0.validFor = 'Y' THEN 'true' ELSE 'false' END AS 'Product_Active', COALESCE(T1.Price, 0) AS 'Unit_Price', T0.SalUnitMsr AS 'Usage_Unit', T2.OnHand - T2.IsCommited + T2.OnOrder AS 'Qty_in_Stock', CASE WHEN T0.TaxType = 'Y' THEN 'true' ELSE 'false' END AS 'Taxable' FROM OITM T0 INNER JOIN ITM1 T1 ON T0.ItemCode = T1.ItemCode AND T1.PriceList = 1 INNER JOIN OITW T2 ON T0.ItemCode = T2.ItemCode AND T2.WhsCode = '05' LEFT JOIN OCRD T3 ON T0.CardCode = T3.CardCode WHERE T0.SellItem = 'Y' AND T0.validFor = 'Y' AND T0.U_AVS_Zoho_Sync = '0' AND (T0.UpdateDate >= '2026-08-30 16:49:50' OR T2.UpdateDate >= '2026-08-30 16:49:50')
2026-08-31 16:49:50,697 DEBUG AVS_ZohoIntegration.Program - Validar si hay registros (Cláusula de guarda)
2026-08-31 16:49:50,698 INFO AVS_ZohoIntegration.Program - Se han obtenido 1 resultados pendientes de procesar.
2026-08-31 16:49:50,699 INFO AVS_ZohoIntegration.Program - * Procesando resultado: 1 *
2026-08-31 16:49:50,699 INFO AVS_ZohoIntegration.Program - Product_Name: J.B. Officeprint 1111
2026-08-31 16:49:50,700 INFO AVS_ZohoIntegration.Program - Product_Code: A00002
2026-08-31 16:49:50,700 INFO AVS_ZohoIntegration.Program - Product_Active: true
2026-08-31 16:49:50,701 INFO AVS_ZohoIntegration.Program - Unit_Price: 0
2026-08-31 16:49:50,701 INFO AVS_ZohoIntegration.Program - Usage_Unit: 
2026-08-31 16:49:50,702 INFO AVS_ZohoIntegration.Program - Qty_in_Stock: 0
2026-08-31 16:49:50,704 INFO AVS_ZohoIntegration.Program - Taxable: true
2026-08-31 16:49:50,704 INFO AVS_ZohoIntegration.Program - * Consultando sub-entidad [Tax] para OITM...
2026-08-31 16:49:50,706 DEBUG AVS_ZohoIntegration.Program - Validar configuración antes de consultar la base de datos
2026-08-31 16:49:50,707 INFO AVS_ZohoIntegration.Program - SELECT T0.ItemCode AS 'Product_Code', '7343678000000608530' AS 'id', 'IVA - 16.0 %' AS 'value' FROM OITM T0 WHERE T0.ItemCode IN ('A00002')
2026-08-31 16:49:50,867 DEBUG AVS_ZohoIntegration.Program - Validar si hay registros (Cláusula de guarda)
2026-08-31 16:49:50,868 INFO AVS_ZohoIntegration.Program - Se han obtenido 1 resultados pendientes de procesar.
2026-08-31 16:49:50,869 INFO AVS_ZohoIntegration.Program - * Procesando resultado: 1 *
2026-08-31 16:49:50,869 INFO AVS_ZohoIntegration.Program - Product_Code: A00002
2026-08-31 16:49:50,870 INFO AVS_ZohoIntegration.Program - id: 7343678000000608530
2026-08-31 16:49:50,870 INFO AVS_ZohoIntegration.Program - value: IVA - 16.0 %
2026-08-31 16:49:50,940 INFO AVS_ZohoIntegration.Program - ** 1 registros listos para Upsert. Enviando a Zoho...
2026-08-31 16:49:50,943 DEBUG AVS_ZohoIntegration.Program - Se obtiene el token (Si ya es válido, te lo da instantáneo; si no, va a Zoho por uno nuevo)
2026-08-31 16:49:50,946 INFO AVS_ZohoIntegration.Program - El Access Token de Zoho ha expirado o no existe. Solicitando uno nuevo...
2026-08-31 16:49:51,501 INFO AVS_ZohoIntegration.Program - Nuevo Access Token de Zoho obtenido correctamente.
2026-08-31 16:49:51,502 DEBUG AVS_ZohoIntegration.Program - Inyectar el token en el HttpClient
2026-08-31 16:49:51,503 INFO AVS_ZohoIntegration.Program - Enviando solicitud POST a https://www.zohoapis.com/crm/v8/Products/upsert...
2026-08-31 16:49:59,433 INFO AVS_ZohoIntegration.Program - Éxito [INSERT] para el registro A00002. Zoho ID: 7343678000004948001
