2026-06-25 11:22:38,998 INFO AVS_ZohoIntegration.Program - AVS SFTPSync Version [1.0.0.0]
2026-06-25 11:22:39,007 INFO AVS_ZohoIntegration.Program - Leyendo archivo de configuracion.
2026-06-25 11:22:39,060 INFO AVS_ZohoIntegration.Program - Archivo de configuracion leido correctamente.
2026-06-25 11:22:39,061 DEBUG AVS_ZohoIntegration.Program - **************************************************************************
2026-06-25 11:22:39,061 DEBUG AVS_ZohoIntegration.Program - Ejecutando sincronizacion para: SBODemoMX
2026-06-25 11:22:42,024 DEBUG AVS_ZohoIntegration.Program - Validando licencia...
2026-06-25 11:22:42,026 INFO AVS_ZohoIntegration.Program - Licencia valida.
2026-06-25 11:22:42,027 INFO AVS_ZohoIntegration.Program - Comando recibido: SENDITEMS
2026-06-25 11:22:42,027 INFO AVS_ZohoIntegration.Program - Iniciando proceso de envío de artículos...
2026-06-25 11:23:33,925 INFO AVS_ZohoIntegration.Program - *** Obteniendo información de cabecera: Artículos (OITM) ***
2026-06-25 11:23:34,810 INFO AVS_ZohoIntegration.Program - Se han obtenido 95 resultados pendientes de procesar.
2026-06-25 11:23:34,810 INFO AVS_ZohoIntegration.Program - * Procesando resultado: 1 *
2026-06-25 11:23:34,812 INFO AVS_ZohoIntegration.Program - ItemCode: FLR001-GIRASOL
2026-06-25 11:23:34,812 INFO AVS_ZohoIntegration.Program - ItemName: 
2026-06-25 11:23:34,812 INFO AVS_ZohoIntegration.Program - * Procesando resultado: 2 *
2026-06-25 11:23:34,813 INFO AVS_ZohoIntegration.Program - ItemCode: FLR001-LIRIO
2026-06-25 11:23:34,813 INFO AVS_ZohoIntegration.Program - ItemName: 
2026-06-25 11:23:34,813 INFO AVS_ZohoIntegration.Program - * Procesando resultado: 3 *
2026-06-25 11:23:34,813 INFO AVS_ZohoIntegration.Program - ItemCode: FLR001-ROSA
2026-06-25 11:23:34,813 INFO AVS_ZohoIntegration.Program - ItemName: 
2026-06-25 11:23:34,815 INFO AVS_ZohoIntegration.Program - * Procesando resultado: 4 *
2026-06-25 11:23:34,815 INFO AVS_ZohoIntegration.Program - ItemCode: FLR002-MARGARITAS
2026-06-25 11:23:34,816 INFO AVS_ZohoIntegration.Program - ItemName: 
2026-06-25 11:23:34,816 INFO AVS_ZohoIntegration.Program - * Procesando resultado: 5 *
2026-06-25 11:23:34,817 INFO AVS_ZohoIntegration.Program - ItemCode: FLR002-ROSAS
2026-06-25 11:23:34,817 INFO AVS_ZohoIntegration.Program - ItemName: 
2026-06-25 11:23:34,817 INFO AVS_ZohoIntegration.Program - * Procesando resultado: 6 *
2026-06-25 11:23:34,819 INFO AVS_ZohoIntegration.Program - ItemCode: FLR002-TULIPANES
2026-06-25 11:23:34,819 INFO AVS_ZohoIntegration.Program - ItemName: 
2026-06-25 11:23:34,819 INFO AVS_ZohoIntegration.Program - * Procesando resultado: 7 *
2026-06-25 11:23:34,819 INFO AVS_ZohoIntegration.Program - ItemCode: ITEM0001
2026-06-25 11:23:34,821 INFO AVS_ZohoIntegration.Program - ItemName: 
2026-06-25 11:23:34,821 INFO AVS_ZohoIntegration.Program - * Procesando resultado: 8 *
2026-06-25 11:23:34,821 INFO AVS_ZohoIntegration.Program - ItemCode: ITEM0002
2026-06-25 11:23:34,822 INFO AVS_ZohoIntegration.Program - ItemName: 
2026-06-25 11:23:34,823 INFO AVS_ZohoIntegration.Program - * Procesando resultado: 9 *
2026-06-25 11:23:34,823 INFO AVS_ZohoIntegration.Program - ItemCode: C00013
2026-06-25 11:23:34,824 INFO AVS_ZohoIntegration.Program - ItemName: 1 TB disk for external HD
2026-06-25 11:23:34,824 INFO AVS_ZohoIntegration.Program - * Procesando resultado: 10 *
2026-06-25 11:23:34,825 INFO AVS_ZohoIntegration.Program - ItemCode: P20002
2026-06-25 11:23:34,825 INFO AVS_ZohoIntegration.Program - ItemName: 32GB Memory Server
2026-06-25 11:23:34,825 INFO AVS_ZohoIntegration.Program - * Procesando resultado: 11 *
2026-06-25 11:23:34,826 INFO AVS_ZohoIntegration.Program - ItemCode: P20001
2026-06-25 11:23:34,826 INFO AVS_ZohoIntegration.Program - ItemName: 4GB Memory Server
2026-06-25 11:23:34,826 INFO AVS_ZohoIntegration.Program - * Procesando resultado: 12 *
2026-06-25 11:23:34,826 INFO AVS_ZohoIntegration.Program - ItemCode: PR00001
2026-06-25 11:23:34,828 INFO AVS_ZohoIntegration.Program - ItemName: Articulo de prueba
2026-06-25 11:23:34,828 INFO AVS_ZohoIntegration.Program - * Procesando resultado: 13 *
2026-06-25 11:23:34,829 INFO AVS_ZohoIntegration.Program - ItemCode: B10001
2026-06-25 11:23:34,829 INFO AVS_ZohoIntegration.Program - ItemName: Articulo de Prueba para Lotes
2026-06-25 11:23:34,829 INFO AVS_ZohoIntegration.Program - * Procesando resultado: 14 *
2026-06-25 11:23:34,830 INFO AVS_ZohoIntegration.Program - ItemCode: LM4029-R
2026-06-25 11:23:34,830 INFO AVS_ZohoIntegration.Program - ItemName: Articulo de reproceso
2026-06-25 11:23:34,830 INFO AVS_ZohoIntegration.Program - * Procesando resultado: 15 *
2026-06-25 11:23:34,832 INFO AVS_ZohoIntegration.Program - ItemCode: P10001-R
2026-06-25 11:23:34,833 INFO AVS_ZohoIntegration.Program - ItemName: Articulo de reproceso
2026-06-25 11:23:34,833 INFO AVS_ZohoIntegration.Program - * Procesando resultado: 16 *
2026-06-25 11:23:34,834 INFO AVS_ZohoIntegration.Program - ItemCode: I00001
2026-06-25 11:23:34,834 INFO AVS_ZohoIntegration.Program - ItemName: Blu-Ray Disc 10-Pack
2026-06-25 11:23:34,834 INFO AVS_ZohoIntegration.Program - * Procesando resultado: 17 *
2026-06-25 11:23:34,835 INFO AVS_ZohoIntegration.Program - ItemCode: I00002
2026-06-25 11:23:34,836 INFO AVS_ZohoIntegration.Program - ItemName: Blu-Ray DL Disc 10-Pack
2026-06-25 11:23:34,836 INFO AVS_ZohoIntegration.Program - * Procesando resultado: 18 *
2026-06-25 11:23:34,837 INFO AVS_ZohoIntegration.Program - ItemCode: C00012
2026-06-25 11:23:34,837 INFO AVS_ZohoIntegration.Program - ItemName: Cabinet for external HD
2026-06-25 11:23:34,838 INFO AVS_ZohoIntegration.Program - * Procesando resultado: 19 *
2026-06-25 11:23:34,838 INFO AVS_ZohoIntegration.Program - ItemCode: C00008
2026-06-25 11:23:34,838 INFO AVS_ZohoIntegration.Program - ItemName: Computer Monitor 24" HDMI
2026-06-25 11:23:34,839 INFO AVS_ZohoIntegration.Program - * Procesando resultado: 20 *
2026-06-25 11:23:34,839 INFO AVS_ZohoIntegration.Program - ItemCode: LB0001
2026-06-25 11:23:34,840 INFO AVS_ZohoIntegration.Program - ItemName: Daily Service Labor Charge
2026-06-25 11:23:34,840 INFO AVS_ZohoIntegration.Program - * Procesando resultado: 21 *
2026-06-25 11:23:34,841 INFO AVS_ZohoIntegration.Program - ItemCode: EMP0001
2026-06-25 11:23:34,842 INFO AVS_ZohoIntegration.Program - ItemName: Empaque 01
2026-06-25 11:23:34,842 INFO AVS_ZohoIntegration.Program - * Procesando resultado: 22 *
2026-06-25 11:23:34,842 INFO AVS_ZohoIntegration.Program - ItemCode: EMP0002
2026-06-25 11:23:34,843 INFO AVS_ZohoIntegration.Program - ItemName: Empaque 02
2026-06-25 11:23:34,843 INFO AVS_ZohoIntegration.Program - * Procesando resultado: 23 *
2026-06-25 11:23:34,845 INFO AVS_ZohoIntegration.Program - ItemCode: EMP0003
2026-06-25 11:23:34,846 INFO AVS_ZohoIntegration.Program - ItemName: Empaque 03
2026-06-25 11:23:34,846 INFO AVS_ZohoIntegration.Program - * Procesando resultado: 24 *
2026-06-25 11:23:34,847 INFO AVS_ZohoIntegration.Program - ItemCode: P20003
2026-06-25 11:23:34,847 INFO AVS_ZohoIntegration.Program - ItemName: External HD
2026-06-25 11:23:34,847 INFO AVS_ZohoIntegration.Program - * Procesando resultado: 25 *
2026-06-25 11:23:34,848 INFO AVS_ZohoIntegration.Program - ItemCode: C00006
2026-06-25 11:23:34,848 INFO AVS_ZohoIntegration.Program - ItemName: Gigabit Network Card
2026-06-25 11:23:34,849 INFO AVS_ZohoIntegration.Program - * Procesando resultado: 26 *
2026-06-25 11:23:34,849 INFO AVS_ZohoIntegration.Program - ItemCode: C00007
2026-06-25 11:23:34,849 INFO AVS_ZohoIntegration.Program - ItemName: Hard Disk 3TB
2026-06-25 11:23:34,850 INFO AVS_ZohoIntegration.Program - * Procesando resultado: 27 *
2026-06-25 11:23:34,850 INFO AVS_ZohoIntegration.Program - ItemCode: LB0002
2026-06-25 11:23:34,851 INFO AVS_ZohoIntegration.Program - ItemName: Hourly Service Labor Charge
2026-06-25 11:23:34,851 INFO AVS_ZohoIntegration.Program - * Procesando resultado: 28 *
2026-06-25 11:23:34,851 INFO AVS_ZohoIntegration.Program - ItemCode: I00005
2026-06-25 11:23:34,852 INFO AVS_ZohoIntegration.Program - ItemName: J.B. Laptop Batteries X1 series
2026-06-25 11:23:34,852 INFO AVS_ZohoIntegration.Program - * Procesando resultado: 29 *
2026-06-25 11:23:34,853 INFO AVS_ZohoIntegration.Program - ItemCode: I00006
2026-06-25 11:23:34,853 INFO AVS_ZohoIntegration.Program - ItemName: J.B. Laptop Batteries X2 series
2026-06-25 11:23:34,855 INFO AVS_ZohoIntegration.Program - * Procesando resultado: 30 *
2026-06-25 11:23:34,855 INFO AVS_ZohoIntegration.Program - ItemCode: A00002
2026-06-25 11:23:34,856 INFO AVS_ZohoIntegration.Program - ItemName: J.B. Officeprint 1111
2026-06-25 11:23:34,856 INFO AVS_ZohoIntegration.Program - * Procesando resultado: 31 *
2026-06-25 11:23:34,857 INFO AVS_ZohoIntegration.Program - ItemCode: A00003
2026-06-25 11:23:34,857 INFO AVS_ZohoIntegration.Program - ItemName: J.B. Officeprint 1186
2026-06-25 11:23:34,858 INFO AVS_ZohoIntegration.Program - * Procesando resultado: 32 *
2026-06-25 11:23:34,858 INFO AVS_ZohoIntegration.Program - ItemCode: A00001
2026-06-25 11:23:34,859 INFO AVS_ZohoIntegration.Program - ItemName: J.B. Officeprint 1420
2026-06-25 11:23:34,859 INFO AVS_ZohoIntegration.Program - * Procesando resultado: 33 *
2026-06-25 11:23:34,859 INFO AVS_ZohoIntegration.Program - ItemCode: A00020
2026-06-25 11:23:34,860 INFO AVS_ZohoIntegration.Program - ItemName: J.B. Officeprint 1420
2026-06-25 11:23:34,861 INFO AVS_ZohoIntegration.Program - * Procesando resultado: 34 *
2026-06-25 11:23:34,861 INFO AVS_ZohoIntegration.Program - ItemCode: C00009
2026-06-25 11:23:34,861 INFO AVS_ZohoIntegration.Program - ItemName: Keyboard Comfort USB
2026-06-25 11:23:34,862 INFO AVS_ZohoIntegration.Program - * Procesando resultado: 35 *
2026-06-25 11:23:34,862 INFO AVS_ZohoIntegration.Program - ItemCode: I00012
2026-06-25 11:23:34,862 INFO AVS_ZohoIntegration.Program - ItemName: KG PC-to-Mac Transfer Kit
2026-06-25 11:23:34,863 INFO AVS_ZohoIntegration.Program - * Procesando resultado: 36 *
2026-06-25 11:23:34,863 INFO AVS_ZohoIntegration.Program - ItemCode: I00011
2026-06-25 11:23:34,864 INFO AVS_ZohoIntegration.Program - ItemName: KG USB Travel Hub
2026-06-25 11:23:34,864 INFO AVS_ZohoIntegration.Program - * Procesando resultado: 37 *
2026-06-25 11:23:34,864 INFO AVS_ZohoIntegration.Program - ItemCode: L10001
2026-06-25 11:23:34,866 INFO AVS_ZohoIntegration.Program - ItemName: Labor Hours Production
2026-06-25 11:23:34,866 INFO AVS_ZohoIntegration.Program - * Procesando resultado: 38 *
2026-06-25 11:23:34,867 INFO AVS_ZohoIntegration.Program - ItemCode: C00014
2026-06-25 11:23:34,867 INFO AVS_ZohoIntegration.Program - ItemName: Laptop case
2026-06-25 11:23:34,868 INFO AVS_ZohoIntegration.Program - * Procesando resultado: 39 *
2026-06-25 11:23:34,868 INFO AVS_ZohoIntegration.Program - ItemCode: LM4029D
2026-06-25 11:23:34,869 INFO AVS_ZohoIntegration.Program - ItemName: LeMon 4029 500 sheet paper drawer
2026-06-25 11:23:34,869 INFO AVS_ZohoIntegration.Program - * Procesando resultado: 40 *
2026-06-25 11:23:34,869 INFO AVS_ZohoIntegration.Program - ItemCode: LM4029
2026-06-25 11:23:34,870 INFO AVS_ZohoIntegration.Program - ItemName: LeMon 4029 Printer
2026-06-25 11:23:34,870 INFO AVS_ZohoIntegration.Program - * Procesando resultado: 41 *
2026-06-25 11:23:34,871 INFO AVS_ZohoIntegration.Program - ItemCode: LM4029ACA
2026-06-25 11:23:34,871 INFO AVS_ZohoIntegration.Program - ItemName: LeMon 4029 Printer AC Adapter
2026-06-25 11:23:34,872 INFO AVS_ZohoIntegration.Program - * Procesando resultado: 42 *
2026-06-25 11:23:34,872 INFO AVS_ZohoIntegration.Program - ItemCode: LM4029APCD
2026-06-25 11:23:34,872 INFO AVS_ZohoIntegration.Program - ItemName: LeMon 4029 Printer AC Power Cord
2026-06-25 11:23:34,873 INFO AVS_ZohoIntegration.Program - * Procesando resultado: 43 *
2026-06-25 11:23:34,873 INFO AVS_ZohoIntegration.Program - ItemCode: LM4029PH
2026-06-25 11:23:34,874 INFO AVS_ZohoIntegration.Program - ItemName: LeMon 4029 Printer Head
2026-06-25 11:23:34,874 INFO AVS_ZohoIntegration.Program - * Procesando resultado: 44 *
2026-06-25 11:23:34,874 INFO AVS_ZohoIntegration.Program - ItemCode: LM4029PS
2026-06-25 11:23:34,875 INFO AVS_ZohoIntegration.Program - ItemName: LeMon 4029 Printer Power Supply
2026-06-25 11:23:34,875 INFO AVS_ZohoIntegration.Program - * Procesando resultado: 45 *
2026-06-25 11:23:34,876 INFO AVS_ZohoIntegration.Program - ItemCode: LM4029SB
2026-06-25 11:23:34,876 INFO AVS_ZohoIntegration.Program - ItemName: LeMon 4029 Printer System Board
2026-06-25 11:23:34,876 INFO AVS_ZohoIntegration.Program - * Procesando resultado: 46 *
2026-06-25 11:23:34,877 INFO AVS_ZohoIntegration.Program - ItemCode: LM4029MC
2026-06-25 11:23:34,877 INFO AVS_ZohoIntegration.Program - ItemName: Memory Chip
2026-06-25 11:23:34,877 INFO AVS_ZohoIntegration.Program - * Procesando resultado: 47 *
2026-06-25 11:23:34,878 INFO AVS_ZohoIntegration.Program - ItemCode: C00011
2026-06-25 11:23:34,878 INFO AVS_ZohoIntegration.Program - ItemName: Memory DDR RAM 8GB
2026-06-25 11:23:34,878 INFO AVS_ZohoIntegration.Program - * Procesando resultado: 48 *
2026-06-25 11:23:34,880 INFO AVS_ZohoIntegration.Program - ItemCode: C00001
2026-06-25 11:23:34,880 INFO AVS_ZohoIntegration.Program - ItemName: Motherboard BTX
2026-06-25 11:23:34,881 INFO AVS_ZohoIntegration.Program - * Procesando resultado: 49 *
2026-06-25 11:23:34,882 INFO AVS_ZohoIntegration.Program - ItemCode: C00002
2026-06-25 11:23:34,882 INFO AVS_ZohoIntegration.Program - ItemName: Motherboard MicroATX
2026-06-25 11:23:34,882 INFO AVS_ZohoIntegration.Program - * Procesando resultado: 50 *
2026-06-25 11:23:34,883 INFO AVS_ZohoIntegration.Program - ItemCode: C00010
2026-06-25 11:23:34,883 INFO AVS_ZohoIntegration.Program - ItemName: Mouse USB
2026-06-25 11:23:34,883 INFO AVS_ZohoIntegration.Program - * Procesando resultado: 51 *
2026-06-25 11:23:34,884 INFO AVS_ZohoIntegration.Program - ItemCode: MRP_Item1
2026-06-25 11:23:34,884 INFO AVS_ZohoIntegration.Program - ItemName: MRP_Articulo1
2026-06-25 11:23:34,885 INFO AVS_ZohoIntegration.Program - * Procesando resultado: 52 *
2026-06-25 11:23:34,885 INFO AVS_ZohoIntegration.Program - ItemCode: MRP_Item2
2026-06-25 11:23:34,886 INFO AVS_ZohoIntegration.Program - ItemName: MRP_Articulo2
2026-06-25 11:23:34,886 INFO AVS_ZohoIntegration.Program - * Procesando resultado: 53 *
2026-06-25 11:23:34,887 INFO AVS_ZohoIntegration.Program - ItemCode: MRP_Item3
2026-06-25 11:23:34,887 INFO AVS_ZohoIntegration.Program - ItemName: MRP_Articulo3
2026-06-25 11:23:34,888 INFO AVS_ZohoIntegration.Program - * Procesando resultado: 54 *
2026-06-25 11:23:34,888 INFO AVS_ZohoIntegration.Program - ItemCode: MRP_Item4
2026-06-25 11:23:34,889 INFO AVS_ZohoIntegration.Program - ItemName: MRP_Articulo4
2026-06-25 11:23:34,889 INFO AVS_ZohoIntegration.Program - * Procesando resultado: 55 *
2026-06-25 11:23:34,890 INFO AVS_ZohoIntegration.Program - ItemCode: MRP_Item5
2026-06-25 11:23:34,890 INFO AVS_ZohoIntegration.Program - ItemName: MRP_Articulo5
2026-06-25 11:23:34,890 INFO AVS_ZohoIntegration.Program - * Procesando resultado: 56 *
2026-06-25 11:23:34,890 INFO AVS_ZohoIntegration.Program - ItemCode: MRP_BOM
2026-06-25 11:23:34,892 INFO AVS_ZohoIntegration.Program - ItemName: MRP_BOM
2026-06-25 11:23:34,892 INFO AVS_ZohoIntegration.Program - * Procesando resultado: 57 *
2026-06-25 11:23:34,893 INFO AVS_ZohoIntegration.Program - ItemCode: MRP_Child1
2026-06-25 11:23:34,893 INFO AVS_ZohoIntegration.Program - ItemName: MRP_Hijo1
2026-06-25 11:23:34,894 INFO AVS_ZohoIntegration.Program - * Procesando resultado: 58 *
2026-06-25 11:23:34,894 INFO AVS_ZohoIntegration.Program - ItemCode: MRP_Child2
2026-06-25 11:23:34,895 INFO AVS_ZohoIntegration.Program - ItemName: MRP_Hijo2
2026-06-25 11:23:34,895 INFO AVS_ZohoIntegration.Program - * Procesando resultado: 59 *
2026-06-25 11:23:34,896 INFO AVS_ZohoIntegration.Program - ItemCode: MRP_GranChild
2026-06-25 11:23:34,896 INFO AVS_ZohoIntegration.Program - ItemName: MRP_Nieto
2026-06-25 11:23:34,896 INFO AVS_ZohoIntegration.Program - * Procesando resultado: 60 *
2026-06-25 11:23:34,897 INFO AVS_ZohoIntegration.Program - ItemCode: R00001
2026-06-25 11:23:34,897 INFO AVS_ZohoIntegration.Program - ItemName: Papel Blanco para Impresora Tamaño A4
2026-06-25 11:23:34,898 INFO AVS_ZohoIntegration.Program - * Procesando resultado: 61 *
2026-06-25 11:23:34,898 INFO AVS_ZohoIntegration.Program - ItemCode: R00002
2026-06-25 11:23:34,899 INFO AVS_ZohoIntegration.Program - ItemName: Papel Reciclado para Impresora Tamaño A4
2026-06-25 11:23:34,900 INFO AVS_ZohoIntegration.Program - * Procesando resultado: 62 *
2026-06-25 11:23:34,900 INFO AVS_ZohoIntegration.Program - ItemCode: P10002
2026-06-25 11:23:34,900 INFO AVS_ZohoIntegration.Program - ItemName: PC - 12x core, 64GB, 5 x 150GB SSD
2026-06-25 11:23:34,901 INFO AVS_ZohoIntegration.Program - * Procesando resultado: 63 *
2026-06-25 11:23:34,901 INFO AVS_ZohoIntegration.Program - ItemCode: P10001
2026-06-25 11:23:34,901 INFO AVS_ZohoIntegration.Program - ItemName: PC - 8x core, DDR 32GB, 2TB HDD
2026-06-25 11:23:34,903 INFO AVS_ZohoIntegration.Program - * Procesando resultado: 64 *
2026-06-25 11:23:34,903 INFO AVS_ZohoIntegration.Program - ItemCode: P10001_L
2026-06-25 11:23:34,903 INFO AVS_ZohoIntegration.Program - ItemName: PC - 8x core, DDR 32GB, 2TB HDD
2026-06-25 11:23:34,904 INFO AVS_ZohoIntegration.Program - * Procesando resultado: 65 *
2026-06-25 11:23:34,904 INFO AVS_ZohoIntegration.Program - ItemCode: P10001_D
2026-06-25 11:23:34,905 INFO AVS_ZohoIntegration.Program - ItemName: PC - 8x core, DDR 32GB, 2TB HDD Reproceso
2026-06-25 11:23:34,905 INFO AVS_ZohoIntegration.Program - * Procesando resultado: 66 *
2026-06-25 11:23:34,906 INFO AVS_ZohoIntegration.Program - ItemCode: P10003
2026-06-25 11:23:34,906 INFO AVS_ZohoIntegration.Program - ItemName: PC Set 1
2026-06-25 11:23:34,907 INFO AVS_ZohoIntegration.Program - * Procesando resultado: 67 *
2026-06-25 11:23:34,907 INFO AVS_ZohoIntegration.Program - ItemCode: P10004
2026-06-25 11:23:34,908 INFO AVS_ZohoIntegration.Program - ItemName: PC Set 2
2026-06-25 11:23:34,909 INFO AVS_ZohoIntegration.Program - * Procesando resultado: 68 *
2026-06-25 11:23:34,909 INFO AVS_ZohoIntegration.Program - ItemCode: D00001
2026-06-25 11:23:34,910 INFO AVS_ZohoIntegration.Program - ItemName: Portable Hard Disk 1TB
2026-06-25 11:23:34,910 INFO AVS_ZohoIntegration.Program - * Procesando resultado: 69 *
2026-06-25 11:23:34,910 INFO AVS_ZohoIntegration.Program - ItemCode: D00002
2026-06-25 11:23:34,911 INFO AVS_ZohoIntegration.Program - ItemName: Portable Hard Disk 2TB
2026-06-25 11:23:34,911 INFO AVS_ZohoIntegration.Program - * Procesando resultado: 70 *
2026-06-25 11:23:34,913 INFO AVS_ZohoIntegration.Program - ItemCode: B10000
2026-06-25 11:23:34,913 INFO AVS_ZohoIntegration.Program - ItemName: Printer Label
2026-06-25 11:23:34,913 INFO AVS_ZohoIntegration.Program - * Procesando resultado: 71 *
2026-06-25 11:23:34,913 INFO AVS_ZohoIntegration.Program - ItemCode: B11000
2026-06-25 11:23:34,914 INFO AVS_ZohoIntegration.Program - ItemName: Printer Label
2026-06-25 11:23:34,915 INFO AVS_ZohoIntegration.Program - * Procesando resultado: 72 *
2026-06-25 11:23:34,915 INFO AVS_ZohoIntegration.Program - ItemCode: B12000
2026-06-25 11:23:34,916 INFO AVS_ZohoIntegration.Program - ItemName: Printer Label
2026-06-25 11:23:34,916 INFO AVS_ZohoIntegration.Program - * Procesando resultado: 73 *
2026-06-25 11:23:34,917 INFO AVS_ZohoIntegration.Program - ItemCode: B13000
2026-06-25 11:23:34,917 INFO AVS_ZohoIntegration.Program - ItemName: Printer Label
2026-06-25 11:23:34,918 INFO AVS_ZohoIntegration.Program - * Procesando resultado: 74 *
2026-06-25 11:23:34,918 INFO AVS_ZohoIntegration.Program - ItemCode: B20000
2026-06-25 11:23:34,919 INFO AVS_ZohoIntegration.Program - ItemName: Prueba de series
2026-06-25 11:23:34,919 INFO AVS_ZohoIntegration.Program - * Procesando resultado: 75 *
2026-06-25 11:23:34,920 INFO AVS_ZohoIntegration.Program - ItemCode: B21000
2026-06-25 11:23:34,920 INFO AVS_ZohoIntegration.Program - ItemName: Prueba de series
2026-06-25 11:23:34,921 INFO AVS_ZohoIntegration.Program - * Procesando resultado: 76 *
2026-06-25 11:23:34,921 INFO AVS_ZohoIntegration.Program - ItemCode: C00003
2026-06-25 11:23:34,922 INFO AVS_ZohoIntegration.Program - ItemName: Quadcore CPU 3.4 GHz
2026-06-25 11:23:34,922 INFO AVS_ZohoIntegration.Program - * Procesando resultado: 77 *
2026-06-25 11:23:34,922 INFO AVS_ZohoIntegration.Program - ItemCode: A00006
2026-06-25 11:23:34,923 INFO AVS_ZohoIntegration.Program - ItemName: Rainbow 1200 Laser Series
2026-06-25 11:23:34,924 INFO AVS_ZohoIntegration.Program - * Procesando resultado: 78 *
2026-06-25 11:23:34,924 INFO AVS_ZohoIntegration.Program - ItemCode: A00004
2026-06-25 11:23:34,925 INFO AVS_ZohoIntegration.Program - ItemName: Rainbow Color Printer 5.0
2026-06-25 11:23:34,925 INFO AVS_ZohoIntegration.Program - * Procesando resultado: 79 *
2026-06-25 11:23:34,926 INFO AVS_ZohoIntegration.Program - ItemCode: A00005
2026-06-25 11:23:34,926 INFO AVS_ZohoIntegration.Program - ItemName: Rainbow Color Printer 7.5
2026-06-25 11:23:34,927 INFO AVS_ZohoIntegration.Program - * Procesando resultado: 80 *
2026-06-25 11:23:34,928 INFO AVS_ZohoIntegration.Program - ItemCode: I00008
2026-06-25 11:23:34,928 INFO AVS_ZohoIntegration.Program - ItemName: Rainbow Nuance Ink 6-Pack and Photo Paper Kit
2026-06-25 11:23:34,928 INFO AVS_ZohoIntegration.Program - * Procesando resultado: 81 *
2026-06-25 11:23:34,928 INFO AVS_ZohoIntegration.Program - ItemCode: I00007
2026-06-25 11:23:34,930 INFO AVS_ZohoIntegration.Program - ItemName: Rainbow Printer 9.5 Inkjet Cartridge
2026-06-25 11:23:34,930 INFO AVS_ZohoIntegration.Program - * Procesando resultado: 82 *
2026-06-25 11:23:34,930 INFO AVS_ZohoIntegration.Program - ItemCode: FLR001
2026-06-25 11:23:34,931 INFO AVS_ZohoIntegration.Program - ItemName: Ramo de Flores 1
2026-06-25 11:23:34,931 INFO AVS_ZohoIntegration.Program - * Procesando resultado: 83 *
2026-06-25 11:23:34,932 INFO AVS_ZohoIntegration.Program - ItemCode: FLR002
2026-06-25 11:23:34,932 INFO AVS_ZohoIntegration.Program - ItemName: Ramo de Flores 2
2026-06-25 11:23:34,934 INFO AVS_ZohoIntegration.Program - * Procesando resultado: 84 *
2026-06-25 11:23:34,934 INFO AVS_ZohoIntegration.Program - ItemCode: I00013
2026-06-25 11:23:34,934 INFO AVS_ZohoIntegration.Program - ItemName: SDHC 64 GB Class 10
2026-06-25 11:23:34,935 INFO AVS_ZohoIntegration.Program - * Procesando resultado: 85 *
2026-06-25 11:23:34,935 INFO AVS_ZohoIntegration.Program - ItemCode: E00001
2026-06-25 11:23:34,935 INFO AVS_ZohoIntegration.Program - ItemName: Secondhand Tablets
2026-06-25 11:23:34,936 INFO AVS_ZohoIntegration.Program - * Procesando resultado: 86 *
2026-06-25 11:23:34,936 INFO AVS_ZohoIntegration.Program - ItemCode: S10000
2026-06-25 11:23:34,936 INFO AVS_ZohoIntegration.Program - ItemName: Server Point 10000
2026-06-25 11:23:34,937 INFO AVS_ZohoIntegration.Program - * Procesando resultado: 87 *
2026-06-25 11:23:34,937 INFO AVS_ZohoIntegration.Program - ItemCode: I00010
2026-06-25 11:23:34,938 INFO AVS_ZohoIntegration.Program - ItemName: SLR M-CAM 40C
2026-06-25 11:23:34,938 INFO AVS_ZohoIntegration.Program - * Procesando resultado: 88 *
2026-06-25 11:23:34,938 INFO AVS_ZohoIntegration.Program - ItemCode: I00009
2026-06-25 11:23:34,939 INFO AVS_ZohoIntegration.Program - ItemName: SLR PreciseShot PX1500
2026-06-25 11:23:34,939 INFO AVS_ZohoIntegration.Program - * Procesando resultado: 89 *
2026-06-25 11:23:34,940 INFO AVS_ZohoIntegration.Program - ItemCode: Z00002
2026-06-25 11:23:34,940 INFO AVS_ZohoIntegration.Program - ItemName: Tablet PC 64GB Blanca
2026-06-25 11:23:34,941 INFO AVS_ZohoIntegration.Program - * Procesando resultado: 90 *
2026-06-25 11:23:34,941 INFO AVS_ZohoIntegration.Program - ItemCode: Z00001
2026-06-25 11:23:34,942 INFO AVS_ZohoIntegration.Program - ItemName: Tablet PC 64GB Negra
2026-06-25 11:23:34,942 INFO AVS_ZohoIntegration.Program - * Procesando resultado: 91 *
2026-06-25 11:23:34,943 INFO AVS_ZohoIntegration.Program - ItemCode: C00004
2026-06-25 11:23:34,943 INFO AVS_ZohoIntegration.Program - ItemName: Tower Case with Power supply
2026-06-25 11:23:34,944 INFO AVS_ZohoIntegration.Program - * Procesando resultado: 92 *
2026-06-25 11:23:34,944 INFO AVS_ZohoIntegration.Program - ItemCode: TR0001
2026-06-25 11:23:34,945 INFO AVS_ZohoIntegration.Program - ItemName: Travel Expense per 100 miles
2026-06-25 11:23:34,945 INFO AVS_ZohoIntegration.Program - * Procesando resultado: 93 *
2026-06-25 11:23:34,947 INFO AVS_ZohoIntegration.Program - ItemCode: I00003
2026-06-25 11:23:34,947 INFO AVS_ZohoIntegration.Program - ItemName: USB Flashdrive 128GB
2026-06-25 11:23:34,947 INFO AVS_ZohoIntegration.Program - * Procesando resultado: 94 *
2026-06-25 11:23:34,948 INFO AVS_ZohoIntegration.Program - ItemCode: I00004
2026-06-25 11:23:34,948 INFO AVS_ZohoIntegration.Program - ItemName: USB Flashdrive 256GB
2026-06-25 11:23:34,948 INFO AVS_ZohoIntegration.Program - * Procesando resultado: 95 *
2026-06-25 11:23:34,950 INFO AVS_ZohoIntegration.Program - ItemCode: C00005
2026-06-25 11:23:34,950 INFO AVS_ZohoIntegration.Program - ItemName: WLAN Card
2026-06-25 11:24:02,087 INFO AVS_ZohoIntegration.Program - * Consultando sub-entidad [Precios] para OITM...
2026-06-25 11:25:14,679 INFO AVS_ZohoIntegration.Program - Se han obtenido 380 resultados pendientes de procesar.
2026-06-25 11:25:14,680 INFO AVS_ZohoIntegration.Program - * Procesando resultado: 1 *
2026-06-25 11:25:14,680 INFO AVS_ZohoIntegration.Program - ItemCode: A00001
2026-06-25 11:25:14,681 INFO AVS_ZohoIntegration.Program - PriceList: 1
2026-06-25 11:25:14,681 INFO AVS_ZohoIntegration.Program - Price: 76757.3
2026-06-25 11:25:14,681 INFO AVS_ZohoIntegration.Program - * Procesando resultado: 2 *
2026-06-25 11:25:14,681 INFO AVS_ZohoIntegration.Program - ItemCode: A00001
2026-06-25 11:25:14,683 INFO AVS_ZohoIntegration.Program - PriceList: 2
2026-06-25 11:25:14,683 INFO AVS_ZohoIntegration.Program - Price: 153514.6
2026-06-25 11:25:14,684 INFO AVS_ZohoIntegration.Program - * Procesando resultado: 3 *
2026-06-25 11:25:14,684 INFO AVS_ZohoIntegration.Program - ItemCode: A00001
2026-06-25 11:25:14,685 INFO AVS_ZohoIntegration.Program - PriceList: 3
2026-06-25 11:25:14,685 INFO AVS_ZohoIntegration.Program - Price: 122811.68
2026-06-25 11:25:14,685 INFO AVS_ZohoIntegration.Program - * Procesando resultado: 4 *
2026-06-25 11:25:14,686 INFO AVS_ZohoIntegration.Program - ItemCode: A00001
2026-06-25 11:25:14,686 INFO AVS_ZohoIntegration.Program - PriceList: 4
2026-06-25 11:25:14,686 INFO AVS_ZohoIntegration.Program - Price: 107460.22
2026-06-25 11:25:14,687 INFO AVS_ZohoIntegration.Program - * Procesando resultado: 5 *
2026-06-25 11:25:14,687 INFO AVS_ZohoIntegration.Program - ItemCode: A00002
2026-06-25 11:25:14,687 INFO AVS_ZohoIntegration.Program - PriceList: 1
2026-06-25 11:25:14,688 INFO AVS_ZohoIntegration.Program - Price: 0
2026-06-25 11:25:14,688 INFO AVS_ZohoIntegration.Program - * Procesando resultado: 6 *
2026-06-25 11:25:14,688 INFO AVS_ZohoIntegration.Program - ItemCode: A00002
2026-06-25 11:25:14,689 INFO AVS_ZohoIntegration.Program - PriceList: 2
2026-06-25 11:25:14,689 INFO AVS_ZohoIntegration.Program - Price: 364204.01
2026-06-25 11:25:14,689 INFO AVS_ZohoIntegration.Program - * Procesando resultado: 7 *
2026-06-25 11:25:14,691 INFO AVS_ZohoIntegration.Program - ItemCode: A00002
2026-06-25 11:25:14,691 INFO AVS_ZohoIntegration.Program - PriceList: 3
2026-06-25 11:25:14,691 INFO AVS_ZohoIntegration.Program - Price: 0
2026-06-25 11:25:14,692 INFO AVS_ZohoIntegration.Program - * Procesando resultado: 8 *
2026-06-25 11:25:14,692 INFO AVS_ZohoIntegration.Program - ItemCode: A00002
2026-06-25 11:25:14,693 INFO AVS_ZohoIntegration.Program - PriceList: 4
2026-06-25 11:25:14,693 INFO AVS_ZohoIntegration.Program - Price: 0
2026-06-25 11:25:14,694 INFO AVS_ZohoIntegration.Program - * Procesando resultado: 9 *
2026-06-25 11:25:14,694 INFO AVS_ZohoIntegration.Program - ItemCode: A00003
2026-06-25 11:25:14,694 INFO AVS_ZohoIntegration.Program - PriceList: 1
2026-06-25 11:25:14,696 INFO AVS_ZohoIntegration.Program - Price: 57567.81
2026-06-25 11:25:14,696 INFO AVS_ZohoIntegration.Program - * Procesando resultado: 10 *
2026-06-25 11:25:14,696 INFO AVS_ZohoIntegration.Program - ItemCode: A00003
2026-06-25 11:25:14,697 INFO AVS_ZohoIntegration.Program - PriceList: 2
2026-06-25 11:25:14,697 INFO AVS_ZohoIntegration.Program - Price: 115135.62
2026-06-25 11:25:14,698 INFO AVS_ZohoIntegration.Program - * Procesando resultado: 11 *
2026-06-25 11:25:14,698 INFO AVS_ZohoIntegration.Program - ItemCode: A00003
2026-06-25 11:25:14,699 INFO AVS_ZohoIntegration.Program - PriceList: 3
2026-06-25 11:25:14,699 INFO AVS_ZohoIntegration.Program - Price: 92108.5
2026-06-25 11:25:14,699 INFO AVS_ZohoIntegration.Program - * Procesando resultado: 12 *
2026-06-25 11:25:14,700 INFO AVS_ZohoIntegration.Program - ItemCode: A00003
2026-06-25 11:25:14,700 INFO AVS_ZohoIntegration.Program - PriceList: 4
2026-06-25 11:25:14,701 INFO AVS_ZohoIntegration.Program - Price: 80594.93
2026-06-25 11:25:14,701 INFO AVS_ZohoIntegration.Program - * Procesando resultado: 13 *
2026-06-25 11:25:14,701 INFO AVS_ZohoIntegration.Program - ItemCode: A00004
2026-06-25 11:25:14,702 INFO AVS_ZohoIntegration.Program - PriceList: 1
2026-06-25 11:25:14,702 INFO AVS_ZohoIntegration.Program - Price: 95946.4
2026-06-25 11:25:14,703 INFO AVS_ZohoIntegration.Program - * Procesando resultado: 14 *
2026-06-25 11:25:14,703 INFO AVS_ZohoIntegration.Program - ItemCode: A00004
2026-06-25 11:25:14,703 INFO AVS_ZohoIntegration.Program - PriceList: 2
2026-06-25 11:25:14,704 INFO AVS_ZohoIntegration.Program - Price: 191892.8
2026-06-25 11:25:14,704 INFO AVS_ZohoIntegration.Program - * Procesando resultado: 15 *
2026-06-25 11:25:14,705 INFO AVS_ZohoIntegration.Program - ItemCode: A00004
2026-06-25 11:25:14,705 INFO AVS_ZohoIntegration.Program - PriceList: 3
2026-06-25 11:25:14,706 INFO AVS_ZohoIntegration.Program - Price: 153514.24
2026-06-25 11:25:14,707 INFO AVS_ZohoIntegration.Program - * Procesando resultado: 16 *
2026-06-25 11:25:14,707 INFO AVS_ZohoIntegration.Program - ItemCode: A00004
2026-06-25 11:25:14,712 INFO AVS_ZohoIntegration.Program - PriceList: 4
2026-06-25 11:25:14,712 INFO AVS_ZohoIntegration.Program - Price: 134324.96
2026-06-25 11:25:14,713 INFO AVS_ZohoIntegration.Program - * Procesando resultado: 17 *
2026-06-25 11:25:14,714 INFO AVS_ZohoIntegration.Program - ItemCode: A00005
2026-06-25 11:25:14,715 INFO AVS_ZohoIntegration.Program - PriceList: 1
2026-06-25 11:25:14,715 INFO AVS_ZohoIntegration.Program - Price: 50
2026-06-25 11:25:14,716 INFO AVS_ZohoIntegration.Program - * Procesando resultado: 18 *
2026-06-25 11:25:14,716 INFO AVS_ZohoIntegration.Program - ItemCode: A00005
2026-06-25 11:25:14,717 INFO AVS_ZohoIntegration.Program - PriceList: 2
2026-06-25 11:25:14,717 INFO AVS_ZohoIntegration.Program - Price: 75
2026-06-25 11:25:14,717 INFO AVS_ZohoIntegration.Program - * Procesando resultado: 19 *
2026-06-25 11:25:14,718 INFO AVS_ZohoIntegration.Program - ItemCode: A00005
2026-06-25 11:25:14,718 INFO AVS_ZohoIntegration.Program - PriceList: 3
2026-06-25 11:25:14,719 INFO AVS_ZohoIntegration.Program - Price: 80
2026-06-25 11:25:14,720 INFO AVS_ZohoIntegration.Program - * Procesando resultado: 20 *
2026-06-25 11:25:14,720 INFO AVS_ZohoIntegration.Program - ItemCode: A00005
2026-06-25 11:25:14,720 INFO AVS_ZohoIntegration.Program - PriceList: 4
2026-06-25 11:25:14,721 INFO AVS_ZohoIntegration.Program - Price: 70
2026-06-25 11:25:14,721 INFO AVS_ZohoIntegration.Program - * Procesando resultado: 21 *
2026-06-25 11:25:14,722 INFO AVS_ZohoIntegration.Program - ItemCode: A00006
2026-06-25 11:25:14,722 INFO AVS_ZohoIntegration.Program - PriceList: 1
2026-06-25 11:25:14,723 INFO AVS_ZohoIntegration.Program - Price: 76757.18
2026-06-25 11:25:14,724 INFO AVS_ZohoIntegration.Program - * Procesando resultado: 22 *
2026-06-25 11:25:14,724 INFO AVS_ZohoIntegration.Program - ItemCode: A00006
2026-06-25 11:25:14,725 INFO AVS_ZohoIntegration.Program - PriceList: 2
2026-06-25 11:25:14,725 INFO AVS_ZohoIntegration.Program - Price: 153514.36
2026-06-25 11:25:14,727 INFO AVS_ZohoIntegration.Program - * Procesando resultado: 23 *
2026-06-25 11:25:14,727 INFO AVS_ZohoIntegration.Program - ItemCode: A00006
2026-06-25 11:25:14,727 INFO AVS_ZohoIntegration.Program - PriceList: 3
2026-06-25 11:25:14,728 INFO AVS_ZohoIntegration.Program - Price: 122811.49
2026-06-25 11:25:14,728 INFO AVS_ZohoIntegration.Program - * Procesando resultado: 24 *
2026-06-25 11:25:14,729 INFO AVS_ZohoIntegration.Program - ItemCode: A00006
2026-06-25 11:25:14,729 INFO AVS_ZohoIntegration.Program - PriceList: 4
2026-06-25 11:25:14,730 INFO AVS_ZohoIntegration.Program - Price: 107460.05
2026-06-25 11:25:14,730 INFO AVS_ZohoIntegration.Program - * Procesando resultado: 25 *
2026-06-25 11:25:14,731 INFO AVS_ZohoIntegration.Program - ItemCode: A00020
2026-06-25 11:25:14,731 INFO AVS_ZohoIntegration.Program - PriceList: 1
2026-06-25 11:25:14,732 INFO AVS_ZohoIntegration.Program - Price: 76757.18
2026-06-25 11:25:14,732 INFO AVS_ZohoIntegration.Program - * Procesando resultado: 26 *
2026-06-25 11:25:14,733 INFO AVS_ZohoIntegration.Program - ItemCode: A00020
2026-06-25 11:25:14,733 INFO AVS_ZohoIntegration.Program - PriceList: 2
2026-06-25 11:25:14,734 INFO AVS_ZohoIntegration.Program - Price: 153514.36
2026-06-25 11:25:14,734 INFO AVS_ZohoIntegration.Program - * Procesando resultado: 27 *
2026-06-25 11:25:14,735 INFO AVS_ZohoIntegration.Program - ItemCode: A00020
2026-06-25 11:25:14,735 INFO AVS_ZohoIntegration.Program - PriceList: 3
2026-06-25 11:25:14,735 INFO AVS_ZohoIntegration.Program - Price: 122811.49
2026-06-25 11:25:14,736 INFO AVS_ZohoIntegration.Program - * Procesando resultado: 28 *
2026-06-25 11:25:14,736 INFO AVS_ZohoIntegration.Program - ItemCode: A00020
2026-06-25 11:25:14,737 INFO AVS_ZohoIntegration.Program - PriceList: 4
2026-06-25 11:25:14,737 INFO AVS_ZohoIntegration.Program - Price: 107460.05
2026-06-25 11:25:14,738 INFO AVS_ZohoIntegration.Program - * Procesando resultado: 29 *
2026-06-25 11:25:14,738 INFO AVS_ZohoIntegration.Program - ItemCode: B10000
2026-06-25 11:25:14,739 INFO AVS_ZohoIntegration.Program - PriceList: 1
2026-06-25 11:25:14,739 INFO AVS_ZohoIntegration.Program - Price: 191.95
2026-06-25 11:25:14,740 INFO AVS_ZohoIntegration.Program - * Procesando resultado: 30 *
2026-06-25 11:25:14,740 INFO AVS_ZohoIntegration.Program - ItemCode: B10000
2026-06-25 11:25:14,741 INFO AVS_ZohoIntegration.Program - PriceList: 2
2026-06-25 11:25:14,741 INFO AVS_ZohoIntegration.Program - Price: 383.9
2026-06-25 11:25:14,742 INFO AVS_ZohoIntegration.Program - * Procesando resultado: 31 *
2026-06-25 11:25:14,743 INFO AVS_ZohoIntegration.Program - ItemCode: B10000
2026-06-25 11:25:14,743 INFO AVS_ZohoIntegration.Program - PriceList: 3
2026-06-25 11:25:14,744 INFO AVS_ZohoIntegration.Program - Price: 307.12
2026-06-25 11:25:14,744 INFO AVS_ZohoIntegration.Program - * Procesando resultado: 32 *
2026-06-25 11:25:14,745 INFO AVS_ZohoIntegration.Program - ItemCode: B10000
2026-06-25 11:25:14,745 INFO AVS_ZohoIntegration.Program - PriceList: 4
2026-06-25 11:25:14,746 INFO AVS_ZohoIntegration.Program - Price: 268.73
2026-06-25 11:25:14,746 INFO AVS_ZohoIntegration.Program - * Procesando resultado: 33 *
2026-06-25 11:25:14,747 INFO AVS_ZohoIntegration.Program - ItemCode: B10001
2026-06-25 11:25:14,747 INFO AVS_ZohoIntegration.Program - PriceList: 1
2026-06-25 11:25:14,748 INFO AVS_ZohoIntegration.Program - Price: 100
2026-06-25 11:25:14,748 INFO AVS_ZohoIntegration.Program - * Procesando resultado: 34 *
2026-06-25 11:25:14,749 INFO AVS_ZohoIntegration.Program - ItemCode: B10001
2026-06-25 11:25:14,749 INFO AVS_ZohoIntegration.Program - PriceList: 2
2026-06-25 11:25:14,750 INFO AVS_ZohoIntegration.Program - Price: 200
2026-06-25 11:25:14,750 INFO AVS_ZohoIntegration.Program - * Procesando resultado: 35 *
2026-06-25 11:25:14,751 INFO AVS_ZohoIntegration.Program - ItemCode: B10001
2026-06-25 11:25:14,751 INFO AVS_ZohoIntegration.Program - PriceList: 3
2026-06-25 11:25:14,752 INFO AVS_ZohoIntegration.Program - Price: 100
2026-06-25 11:25:14,752 INFO AVS_ZohoIntegration.Program - * Procesando resultado: 36 *
2026-06-25 11:25:14,753 INFO AVS_ZohoIntegration.Program - ItemCode: B10001
2026-06-25 11:25:14,753 INFO AVS_ZohoIntegration.Program - PriceList: 4
2026-06-25 11:25:14,754 INFO AVS_ZohoIntegration.Program - Price: 140
2026-06-25 11:25:14,754 INFO AVS_ZohoIntegration.Program - * Procesando resultado: 37 *
2026-06-25 11:25:14,755 INFO AVS_ZohoIntegration.Program - ItemCode: B11000
2026-06-25 11:25:14,755 INFO AVS_ZohoIntegration.Program - PriceList: 1
2026-06-25 11:25:14,755 INFO AVS_ZohoIntegration.Program - Price: 191.95
2026-06-25 11:25:14,755 INFO AVS_ZohoIntegration.Program - * Procesando resultado: 38 *
2026-06-25 11:25:14,757 INFO AVS_ZohoIntegration.Program - ItemCode: B11000
2026-06-25 11:25:14,757 INFO AVS_ZohoIntegration.Program - PriceList: 2
2026-06-25 11:25:14,758 INFO AVS_ZohoIntegration.Program - Price: 383.9
2026-06-25 11:25:14,758 INFO AVS_ZohoIntegration.Program - * Procesando resultado: 39 *
2026-06-25 11:25:14,759 INFO AVS_ZohoIntegration.Program - ItemCode: B11000
2026-06-25 11:25:14,759 INFO AVS_ZohoIntegration.Program - PriceList: 3
2026-06-25 11:25:14,759 INFO AVS_ZohoIntegration.Program - Price: 307.12
2026-06-25 11:25:14,759 INFO AVS_ZohoIntegration.Program - * Procesando resultado: 40 *
2026-06-25 11:25:14,760 INFO AVS_ZohoIntegration.Program - ItemCode: B11000
2026-06-25 11:25:14,760 INFO AVS_ZohoIntegration.Program - PriceList: 4
2026-06-25 11:25:14,761 INFO AVS_ZohoIntegration.Program - Price: 268.73
2026-06-25 11:25:14,761 INFO AVS_ZohoIntegration.Program - * Procesando resultado: 41 *
2026-06-25 11:25:14,762 INFO AVS_ZohoIntegration.Program - ItemCode: B12000
2026-06-25 11:25:14,762 INFO AVS_ZohoIntegration.Program - PriceList: 1
2026-06-25 11:25:14,763 INFO AVS_ZohoIntegration.Program - Price: 191.95
2026-06-25 11:25:14,763 INFO AVS_ZohoIntegration.Program - * Procesando resultado: 42 *
2026-06-25 11:25:14,763 INFO AVS_ZohoIntegration.Program - ItemCode: B12000
2026-06-25 11:25:14,764 INFO AVS_ZohoIntegration.Program - PriceList: 2
2026-06-25 11:25:14,764 INFO AVS_ZohoIntegration.Program - Price: 383.9
2026-06-25 11:25:14,766 INFO AVS_ZohoIntegration.Program - * Procesando resultado: 43 *
2026-06-25 11:25:14,766 INFO AVS_ZohoIntegration.Program - ItemCode: B12000
2026-06-25 11:25:14,766 INFO AVS_ZohoIntegration.Program - PriceList: 3
2026-06-25 11:25:14,767 INFO AVS_ZohoIntegration.Program - Price: 307.12
2026-06-25 11:25:14,767 INFO AVS_ZohoIntegration.Program - * Procesando resultado: 44 *
2026-06-25 11:25:14,768 INFO AVS_ZohoIntegration.Program - ItemCode: B12000
2026-06-25 11:25:14,768 INFO AVS_ZohoIntegration.Program - PriceList: 4
2026-06-25 11:25:14,768 INFO AVS_ZohoIntegration.Program - Price: 268.73
2026-06-25 11:25:14,769 INFO AVS_ZohoIntegration.Program - * Procesando resultado: 45 *
2026-06-25 11:25:14,769 INFO AVS_ZohoIntegration.Program - ItemCode: B13000
2026-06-25 11:25:14,769 INFO AVS_ZohoIntegration.Program - PriceList: 1
2026-06-25 11:25:14,770 INFO AVS_ZohoIntegration.Program - Price: 191.95
2026-06-25 11:25:14,771 INFO AVS_ZohoIntegration.Program - * Procesando resultado: 46 *
2026-06-25 11:25:14,771 INFO AVS_ZohoIntegration.Program - ItemCode: B13000
2026-06-25 11:25:14,772 INFO AVS_ZohoIntegration.Program - PriceList: 2
2026-06-25 11:25:14,772 INFO AVS_ZohoIntegration.Program - Price: 383.9
2026-06-25 11:25:14,773 INFO AVS_ZohoIntegration.Program - * Procesando resultado: 47 *
2026-06-25 11:25:14,773 INFO AVS_ZohoIntegration.Program - ItemCode: B13000
2026-06-25 11:25:14,774 INFO AVS_ZohoIntegration.Program - PriceList: 3
2026-06-25 11:25:14,774 INFO AVS_ZohoIntegration.Program - Price: 307.12
2026-06-25 11:25:14,775 INFO AVS_ZohoIntegration.Program - * Procesando resultado: 48 *
2026-06-25 11:25:14,775 INFO AVS_ZohoIntegration.Program - ItemCode: B13000
2026-06-25 11:25:14,775 INFO AVS_ZohoIntegration.Program - PriceList: 4
2026-06-25 11:25:14,776 INFO AVS_ZohoIntegration.Program - Price: 268.73
2026-06-25 11:25:14,776 INFO AVS_ZohoIntegration.Program - * Procesando resultado: 49 *
2026-06-25 11:25:14,777 INFO AVS_ZohoIntegration.Program - ItemCode: B20000
2026-06-25 11:25:14,777 INFO AVS_ZohoIntegration.Program - PriceList: 1
2026-06-25 11:25:14,778 INFO AVS_ZohoIntegration.Program - Price: 100
2026-06-25 11:25:14,778 INFO AVS_ZohoIntegration.Program - * Procesando resultado: 50 *
2026-06-25 11:25:14,778 INFO AVS_ZohoIntegration.Program - ItemCode: B20000
2026-06-25 11:25:14,779 INFO AVS_ZohoIntegration.Program - PriceList: 2
2026-06-25 11:25:14,779 INFO AVS_ZohoIntegration.Program - Price: 200
2026-06-25 11:25:14,780 INFO AVS_ZohoIntegration.Program - * Procesando resultado: 51 *
2026-06-25 11:25:14,780 INFO AVS_ZohoIntegration.Program - ItemCode: B20000
2026-06-25 11:25:14,780 INFO AVS_ZohoIntegration.Program - PriceList: 3
2026-06-25 11:25:14,781 INFO AVS_ZohoIntegration.Program - Price: 160
2026-06-25 11:25:14,782 INFO AVS_ZohoIntegration.Program - * Procesando resultado: 52 *
2026-06-25 11:25:14,782 INFO AVS_ZohoIntegration.Program - ItemCode: B20000
2026-06-25 11:25:14,782 INFO AVS_ZohoIntegration.Program - PriceList: 4
2026-06-25 11:25:14,783 INFO AVS_ZohoIntegration.Program - Price: 140
2026-06-25 11:25:14,783 INFO AVS_ZohoIntegration.Program - * Procesando resultado: 53 *
2026-06-25 11:25:14,784 INFO AVS_ZohoIntegration.Program - ItemCode: B21000
2026-06-25 11:25:14,784 INFO AVS_ZohoIntegration.Program - PriceList: 1
2026-06-25 11:25:14,785 INFO AVS_ZohoIntegration.Program - Price: 100
2026-06-25 11:25:14,786 INFO AVS_ZohoIntegration.Program - * Procesando resultado: 54 *
2026-06-25 11:25:14,786 INFO AVS_ZohoIntegration.Program - ItemCode: B21000
2026-06-25 11:25:14,787 INFO AVS_ZohoIntegration.Program - PriceList: 2
2026-06-25 11:25:14,787 INFO AVS_ZohoIntegration.Program - Price: 200
2026-06-25 11:25:14,788 INFO AVS_ZohoIntegration.Program - * Procesando resultado: 55 *
2026-06-25 11:25:14,788 INFO AVS_ZohoIntegration.Program - ItemCode: B21000
2026-06-25 11:25:14,789 INFO AVS_ZohoIntegration.Program - PriceList: 3
2026-06-25 11:25:14,789 INFO AVS_ZohoIntegration.Program - Price: 160
2026-06-25 11:25:14,790 INFO AVS_ZohoIntegration.Program - * Procesando resultado: 56 *
2026-06-25 11:25:14,790 INFO AVS_ZohoIntegration.Program - ItemCode: B21000
2026-06-25 11:25:14,791 INFO AVS_ZohoIntegration.Program - PriceList: 4
2026-06-25 11:25:14,791 INFO AVS_ZohoIntegration.Program - Price: 140
2026-06-25 11:25:14,792 INFO AVS_ZohoIntegration.Program - * Procesando resultado: 57 *
2026-06-25 11:25:14,792 INFO AVS_ZohoIntegration.Program - ItemCode: C00001
2026-06-25 11:25:14,794 INFO AVS_ZohoIntegration.Program - PriceList: 1
2026-06-25 11:25:14,794 INFO AVS_ZohoIntegration.Program - Price: 76757.18
2026-06-25 11:25:14,795 INFO AVS_ZohoIntegration.Program - * Procesando resultado: 58 *
2026-06-25 11:25:14,795 INFO AVS_ZohoIntegration.Program - ItemCode: C00001
2026-06-25 11:25:14,795 INFO AVS_ZohoIntegration.Program - PriceList: 2
2026-06-25 11:25:14,795 INFO AVS_ZohoIntegration.Program - Price: 153514.36
2026-06-25 11:25:14,796 INFO AVS_ZohoIntegration.Program - * Procesando resultado: 59 *
2026-06-25 11:25:14,796 INFO AVS_ZohoIntegration.Program - ItemCode: C00001
2026-06-25 11:25:14,798 INFO AVS_ZohoIntegration.Program - PriceList: 3
2026-06-25 11:25:14,798 INFO AVS_ZohoIntegration.Program - Price: 122811.49
2026-06-25 11:25:14,798 INFO AVS_ZohoIntegration.Program - * Procesando resultado: 60 *
2026-06-25 11:25:14,799 INFO AVS_ZohoIntegration.Program - ItemCode: C00001
2026-06-25 11:25:14,800 INFO AVS_ZohoIntegration.Program - PriceList: 4
2026-06-25 11:25:14,800 INFO AVS_ZohoIntegration.Program - Price: 107460.05
2026-06-25 11:25:14,801 INFO AVS_ZohoIntegration.Program - * Procesando resultado: 61 *
2026-06-25 11:25:14,801 INFO AVS_ZohoIntegration.Program - ItemCode: C00002
2026-06-25 11:25:14,802 INFO AVS_ZohoIntegration.Program - PriceList: 1
2026-06-25 11:25:14,802 INFO AVS_ZohoIntegration.Program - Price: 57567.81
2026-06-25 11:25:14,803 INFO AVS_ZohoIntegration.Program - * Procesando resultado: 62 *
2026-06-25 11:25:14,803 INFO AVS_ZohoIntegration.Program - ItemCode: C00002
2026-06-25 11:25:14,804 INFO AVS_ZohoIntegration.Program - PriceList: 2
2026-06-25 11:25:14,804 INFO AVS_ZohoIntegration.Program - Price: 115135.62
2026-06-25 11:25:14,805 INFO AVS_ZohoIntegration.Program - * Procesando resultado: 63 *
2026-06-25 11:25:14,805 INFO AVS_ZohoIntegration.Program - ItemCode: C00002
2026-06-25 11:25:14,806 INFO AVS_ZohoIntegration.Program - PriceList: 3
2026-06-25 11:25:14,806 INFO AVS_ZohoIntegration.Program - Price: 92108.5
2026-06-25 11:25:14,807 INFO AVS_ZohoIntegration.Program - * Procesando resultado: 64 *
2026-06-25 11:25:14,808 INFO AVS_ZohoIntegration.Program - ItemCode: C00002
2026-06-25 11:25:14,808 INFO AVS_ZohoIntegration.Program - PriceList: 4
2026-06-25 11:25:14,809 INFO AVS_ZohoIntegration.Program - Price: 80594.93
2026-06-25 11:25:14,809 INFO AVS_ZohoIntegration.Program - * Procesando resultado: 65 *
2026-06-25 11:25:14,810 INFO AVS_ZohoIntegration.Program - ItemCode: C00003
2026-06-25 11:25:14,811 INFO AVS_ZohoIntegration.Program - PriceList: 1
2026-06-25 11:25:14,811 INFO AVS_ZohoIntegration.Program - Price: 24946.08
2026-06-25 11:25:14,812 INFO AVS_ZohoIntegration.Program - * Procesando resultado: 66 *
2026-06-25 11:25:14,812 INFO AVS_ZohoIntegration.Program - ItemCode: C00003
2026-06-25 11:25:14,813 INFO AVS_ZohoIntegration.Program - PriceList: 2
2026-06-25 11:25:14,813 INFO AVS_ZohoIntegration.Program - Price: 49892.16
2026-06-25 11:25:14,814 INFO AVS_ZohoIntegration.Program - * Procesando resultado: 67 *
2026-06-25 11:25:14,815 INFO AVS_ZohoIntegration.Program - ItemCode: C00003
2026-06-25 11:25:14,815 INFO AVS_ZohoIntegration.Program - PriceList: 3
2026-06-25 11:25:14,816 INFO AVS_ZohoIntegration.Program - Price: 39913.73
2026-06-25 11:25:14,816 INFO AVS_ZohoIntegration.Program - * Procesando resultado: 68 *
2026-06-25 11:25:14,817 INFO AVS_ZohoIntegration.Program - ItemCode: C00003
2026-06-25 11:25:14,817 INFO AVS_ZohoIntegration.Program - PriceList: 4
2026-06-25 11:25:14,818 INFO AVS_ZohoIntegration.Program - Price: 34924.51
2026-06-25 11:25:14,818 INFO AVS_ZohoIntegration.Program - * Procesando resultado: 69 *
2026-06-25 11:25:14,819 INFO AVS_ZohoIntegration.Program - ItemCode: C00004
2026-06-25 11:25:14,819 INFO AVS_ZohoIntegration.Program - PriceList: 1
2026-06-25 11:25:14,819 INFO AVS_ZohoIntegration.Program - Price: 6716.19
2026-06-25 11:25:14,820 INFO AVS_ZohoIntegration.Program - * Procesando resultado: 70 *
2026-06-25 11:25:14,820 INFO AVS_ZohoIntegration.Program - ItemCode: C00004
2026-06-25 11:25:14,821 INFO AVS_ZohoIntegration.Program - PriceList: 2
2026-06-25 11:25:14,822 INFO AVS_ZohoIntegration.Program - Price: 13432.38
2026-06-25 11:25:14,822 INFO AVS_ZohoIntegration.Program - * Procesando resultado: 71 *
2026-06-25 11:25:14,823 INFO AVS_ZohoIntegration.Program - ItemCode: C00004
2026-06-25 11:25:14,823 INFO AVS_ZohoIntegration.Program - PriceList: 3
2026-06-25 11:25:14,824 INFO AVS_ZohoIntegration.Program - Price: 10745.9
2026-06-25 11:25:14,824 INFO AVS_ZohoIntegration.Program - * Procesando resultado: 72 *
2026-06-25 11:25:14,825 INFO AVS_ZohoIntegration.Program - ItemCode: C00004
2026-06-25 11:25:14,825 INFO AVS_ZohoIntegration.Program - PriceList: 4
2026-06-25 11:25:14,826 INFO AVS_ZohoIntegration.Program - Price: 9402.67
2026-06-25 11:25:14,826 INFO AVS_ZohoIntegration.Program - * Procesando resultado: 73 *
2026-06-25 11:25:14,827 INFO AVS_ZohoIntegration.Program - ItemCode: C00005
2026-06-25 11:25:14,827 INFO AVS_ZohoIntegration.Program - PriceList: 1
2026-06-25 11:25:14,828 INFO AVS_ZohoIntegration.Program - Price: 11513.56
2026-06-25 11:25:14,828 INFO AVS_ZohoIntegration.Program - * Procesando resultado: 74 *
2026-06-25 11:25:14,829 INFO AVS_ZohoIntegration.Program - ItemCode: C00005
2026-06-25 11:25:14,830 INFO AVS_ZohoIntegration.Program - PriceList: 2
2026-06-25 11:25:14,830 INFO AVS_ZohoIntegration.Program - Price: 23027.12
2026-06-25 11:25:14,832 INFO AVS_ZohoIntegration.Program - * Procesando resultado: 75 *
2026-06-25 11:25:14,832 INFO AVS_ZohoIntegration.Program - ItemCode: C00005
2026-06-25 11:25:14,833 INFO AVS_ZohoIntegration.Program - PriceList: 3
2026-06-25 11:25:14,833 INFO AVS_ZohoIntegration.Program - Price: 18421.7
2026-06-25 11:25:14,834 INFO AVS_ZohoIntegration.Program - * Procesando resultado: 76 *
2026-06-25 11:25:14,834 INFO AVS_ZohoIntegration.Program - ItemCode: C00005
2026-06-25 11:25:14,834 INFO AVS_ZohoIntegration.Program - PriceList: 4
2026-06-25 11:25:14,835 INFO AVS_ZohoIntegration.Program - Price: 16118.98
2026-06-25 11:25:14,835 INFO AVS_ZohoIntegration.Program - * Procesando resultado: 77 *
2026-06-25 11:25:14,836 INFO AVS_ZohoIntegration.Program - ItemCode: C00006
2026-06-25 11:25:14,837 INFO AVS_ZohoIntegration.Program - PriceList: 1
2026-06-25 11:25:14,837 INFO AVS_ZohoIntegration.Program - Price: 2878.43
2026-06-25 11:25:14,838 INFO AVS_ZohoIntegration.Program - * Procesando resultado: 78 *
2026-06-25 11:25:14,838 INFO AVS_ZohoIntegration.Program - ItemCode: C00006
2026-06-25 11:25:14,839 INFO AVS_ZohoIntegration.Program - PriceList: 2
2026-06-25 11:25:14,839 INFO AVS_ZohoIntegration.Program - Price: 5756.86
2026-06-25 11:25:14,840 INFO AVS_ZohoIntegration.Program - * Procesando resultado: 79 *
2026-06-25 11:25:14,841 INFO AVS_ZohoIntegration.Program - ItemCode: C00006
2026-06-25 11:25:14,841 INFO AVS_ZohoIntegration.Program - PriceList: 3
2026-06-25 11:25:14,841 INFO AVS_ZohoIntegration.Program - Price: 4605.49
2026-06-25 11:25:14,842 INFO AVS_ZohoIntegration.Program - * Procesando resultado: 80 *
2026-06-25 11:25:14,843 INFO AVS_ZohoIntegration.Program - ItemCode: C00006
2026-06-25 11:25:14,843 INFO AVS_ZohoIntegration.Program - PriceList: 4
2026-06-25 11:25:14,844 INFO AVS_ZohoIntegration.Program - Price: 4029.8
2026-06-25 11:25:14,845 INFO AVS_ZohoIntegration.Program - * Procesando resultado: 81 *
2026-06-25 11:25:14,845 INFO AVS_ZohoIntegration.Program - ItemCode: C00007
2026-06-25 11:25:14,846 INFO AVS_ZohoIntegration.Program - PriceList: 1
2026-06-25 11:25:14,846 INFO AVS_ZohoIntegration.Program - Price: 95946.4
2026-06-25 11:25:14,847 INFO AVS_ZohoIntegration.Program - * Procesando resultado: 82 *
2026-06-25 11:25:14,848 INFO AVS_ZohoIntegration.Program - ItemCode: C00007
2026-06-25 11:25:14,848 INFO AVS_ZohoIntegration.Program - PriceList: 2
2026-06-25 11:25:14,849 INFO AVS_ZohoIntegration.Program - Price: 191892.8
2026-06-25 11:25:14,849 INFO AVS_ZohoIntegration.Program - * Procesando resultado: 83 *
2026-06-25 11:25:14,850 INFO AVS_ZohoIntegration.Program - ItemCode: C00007
2026-06-25 11:25:14,850 INFO AVS_ZohoIntegration.Program - PriceList: 3
2026-06-25 11:25:14,851 INFO AVS_ZohoIntegration.Program - Price: 153514.24
2026-06-25 11:25:14,851 INFO AVS_ZohoIntegration.Program - * Procesando resultado: 84 *
2026-06-25 11:25:14,852 INFO AVS_ZohoIntegration.Program - ItemCode: C00007
2026-06-25 11:25:14,852 INFO AVS_ZohoIntegration.Program - PriceList: 4
2026-06-25 11:25:14,853 INFO AVS_ZohoIntegration.Program - Price: 134324.96
2026-06-25 11:25:14,854 INFO AVS_ZohoIntegration.Program - * Procesando resultado: 85 *
2026-06-25 11:25:14,854 INFO AVS_ZohoIntegration.Program - ItemCode: C00008
2026-06-25 11:25:14,854 INFO AVS_ZohoIntegration.Program - PriceList: 1
2026-06-25 11:25:14,855 INFO AVS_ZohoIntegration.Program - Price: 38378.59
2026-06-25 11:25:14,856 INFO AVS_ZohoIntegration.Program - * Procesando resultado: 86 *
2026-06-25 11:25:14,856 INFO AVS_ZohoIntegration.Program - ItemCode: C00008
2026-06-25 11:25:14,857 INFO AVS_ZohoIntegration.Program - PriceList: 2
2026-06-25 11:25:14,857 INFO AVS_ZohoIntegration.Program - Price: 76757.18
2026-06-25 11:25:14,858 INFO AVS_ZohoIntegration.Program - * Procesando resultado: 87 *
2026-06-25 11:25:14,859 INFO AVS_ZohoIntegration.Program - ItemCode: C00008
2026-06-25 11:25:14,859 INFO AVS_ZohoIntegration.Program - PriceList: 3
2026-06-25 11:25:14,860 INFO AVS_ZohoIntegration.Program - Price: 61405.74
2026-06-25 11:25:14,860 INFO AVS_ZohoIntegration.Program - * Procesando resultado: 88 *
2026-06-25 11:25:14,861 INFO AVS_ZohoIntegration.Program - ItemCode: C00008
2026-06-25 11:25:14,861 INFO AVS_ZohoIntegration.Program - PriceList: 4
2026-06-25 11:25:14,862 INFO AVS_ZohoIntegration.Program - Price: 53730.03
2026-06-25 11:25:14,862 INFO AVS_ZohoIntegration.Program - * Procesando resultado: 89 *
2026-06-25 11:25:14,863 INFO AVS_ZohoIntegration.Program - ItemCode: C00009
2026-06-25 11:25:14,864 INFO AVS_ZohoIntegration.Program - PriceList: 1
2026-06-25 11:25:14,864 INFO AVS_ZohoIntegration.Program - Price: 3837.9
2026-06-25 11:25:14,865 INFO AVS_ZohoIntegration.Program - * Procesando resultado: 90 *
2026-06-25 11:25:14,865 INFO AVS_ZohoIntegration.Program - ItemCode: C00009
2026-06-25 11:25:14,866 INFO AVS_ZohoIntegration.Program - PriceList: 2
2026-06-25 11:25:14,866 INFO AVS_ZohoIntegration.Program - Price: 7675.8
2026-06-25 11:25:14,867 INFO AVS_ZohoIntegration.Program - * Procesando resultado: 91 *
2026-06-25 11:25:14,868 INFO AVS_ZohoIntegration.Program - ItemCode: C00009
2026-06-25 11:25:14,868 INFO AVS_ZohoIntegration.Program - PriceList: 3
2026-06-25 11:25:14,869 INFO AVS_ZohoIntegration.Program - Price: 6140.64
2026-06-25 11:25:14,869 INFO AVS_ZohoIntegration.Program - * Procesando resultado: 92 *
2026-06-25 11:25:14,870 INFO AVS_ZohoIntegration.Program - ItemCode: C00009
2026-06-25 11:25:14,870 INFO AVS_ZohoIntegration.Program - PriceList: 4
2026-06-25 11:25:14,871 INFO AVS_ZohoIntegration.Program - Price: 5373.06
2026-06-25 11:25:14,872 INFO AVS_ZohoIntegration.Program - * Procesando resultado: 93 *
2026-06-25 11:25:14,872 INFO AVS_ZohoIntegration.Program - ItemCode: C00010
2026-06-25 11:25:14,873 INFO AVS_ZohoIntegration.Program - PriceList: 1
2026-06-25 11:25:14,873 INFO AVS_ZohoIntegration.Program - Price: 3837.9
2026-06-25 11:25:14,874 INFO AVS_ZohoIntegration.Program - * Procesando resultado: 94 *
2026-06-25 11:25:14,875 INFO AVS_ZohoIntegration.Program - ItemCode: C00010
2026-06-25 11:25:14,875 INFO AVS_ZohoIntegration.Program - PriceList: 2
2026-06-25 11:25:14,876 INFO AVS_ZohoIntegration.Program - Price: 7675.8
2026-06-25 11:25:14,876 INFO AVS_ZohoIntegration.Program - * Procesando resultado: 95 *
2026-06-25 11:25:14,877 INFO AVS_ZohoIntegration.Program - ItemCode: C00010
2026-06-25 11:25:14,878 INFO AVS_ZohoIntegration.Program - PriceList: 3
2026-06-25 11:25:14,878 INFO AVS_ZohoIntegration.Program - Price: 6140.64
2026-06-25 11:25:14,879 INFO AVS_ZohoIntegration.Program - * Procesando resultado: 96 *
2026-06-25 11:25:14,879 INFO AVS_ZohoIntegration.Program - ItemCode: C00010
2026-06-25 11:25:14,880 INFO AVS_ZohoIntegration.Program - PriceList: 4
2026-06-25 11:25:14,881 INFO AVS_ZohoIntegration.Program - Price: 5373.06
2026-06-25 11:25:14,881 INFO AVS_ZohoIntegration.Program - * Procesando resultado: 97 *
2026-06-25 11:25:14,882 INFO AVS_ZohoIntegration.Program - ItemCode: C00011
2026-06-25 11:25:14,882 INFO AVS_ZohoIntegration.Program - PriceList: 1
2026-06-25 11:25:14,883 INFO AVS_ZohoIntegration.Program - Price: 7675.66
2026-06-25 11:25:14,883 INFO AVS_ZohoIntegration.Program - * Procesando resultado: 98 *
2026-06-25 11:25:14,884 INFO AVS_ZohoIntegration.Program - ItemCode: C00011
2026-06-25 11:25:14,884 INFO AVS_ZohoIntegration.Program - PriceList: 2
2026-06-25 11:25:14,885 INFO AVS_ZohoIntegration.Program - Price: 15351.32
2026-06-25 11:25:14,885 INFO AVS_ZohoIntegration.Program - * Procesando resultado: 99 *
2026-06-25 11:25:14,886 INFO AVS_ZohoIntegration.Program - ItemCode: C00011
2026-06-25 11:25:14,886 INFO AVS_ZohoIntegration.Program - PriceList: 3
2026-06-25 11:25:14,887 INFO AVS_ZohoIntegration.Program - Price: 12281.06
2026-06-25 11:25:14,888 INFO AVS_ZohoIntegration.Program - * Procesando resultado: 100 *
2026-06-25 11:25:14,888 INFO AVS_ZohoIntegration.Program - ItemCode: C00011
2026-06-25 11:25:14,889 INFO AVS_ZohoIntegration.Program - PriceList: 4
2026-06-25 11:25:14,889 INFO AVS_ZohoIntegration.Program - Price: 10745.92
2026-06-25 11:25:14,890 INFO AVS_ZohoIntegration.Program - * Procesando resultado: 101 *
2026-06-25 11:25:14,891 INFO AVS_ZohoIntegration.Program - ItemCode: C00012
2026-06-25 11:25:14,891 INFO AVS_ZohoIntegration.Program - PriceList: 1
2026-06-25 11:25:14,892 INFO AVS_ZohoIntegration.Program - Price: 6500
2026-06-25 11:25:14,892 INFO AVS_ZohoIntegration.Program - * Procesando resultado: 102 *
2026-06-25 11:25:14,893 INFO AVS_ZohoIntegration.Program - ItemCode: C00012
2026-06-25 11:25:14,893 INFO AVS_ZohoIntegration.Program - PriceList: 2
2026-06-25 11:25:14,894 INFO AVS_ZohoIntegration.Program - Price: 13000
2026-06-25 11:25:14,895 INFO AVS_ZohoIntegration.Program - * Procesando resultado: 103 *
2026-06-25 11:25:14,895 INFO AVS_ZohoIntegration.Program - ItemCode: C00012
2026-06-25 11:25:14,896 INFO AVS_ZohoIntegration.Program - PriceList: 3
2026-06-25 11:25:14,896 INFO AVS_ZohoIntegration.Program - Price: 10400
2026-06-25 11:25:14,897 INFO AVS_ZohoIntegration.Program - * Procesando resultado: 104 *
2026-06-25 11:25:14,897 INFO AVS_ZohoIntegration.Program - ItemCode: C00012
2026-06-25 11:25:14,897 INFO AVS_ZohoIntegration.Program - PriceList: 4
2026-06-25 11:25:14,898 INFO AVS_ZohoIntegration.Program - Price: 9100
2026-06-25 11:25:14,904 INFO AVS_ZohoIntegration.Program - * Procesando resultado: 105 *
2026-06-25 11:25:14,905 INFO AVS_ZohoIntegration.Program - ItemCode: C00013
2026-06-25 11:25:14,905 INFO AVS_ZohoIntegration.Program - PriceList: 1
2026-06-25 11:25:14,906 INFO AVS_ZohoIntegration.Program - Price: 3400
2026-06-25 11:25:14,906 INFO AVS_ZohoIntegration.Program - * Procesando resultado: 106 *
2026-06-25 11:25:14,907 INFO AVS_ZohoIntegration.Program - ItemCode: C00013
2026-06-25 11:25:14,907 INFO AVS_ZohoIntegration.Program - PriceList: 2
2026-06-25 11:25:14,908 INFO AVS_ZohoIntegration.Program - Price: 6800
2026-06-25 11:25:14,908 INFO AVS_ZohoIntegration.Program - * Procesando resultado: 107 *
2026-06-25 11:25:14,909 INFO AVS_ZohoIntegration.Program - ItemCode: C00013
2026-06-25 11:25:14,909 INFO AVS_ZohoIntegration.Program - PriceList: 3
2026-06-25 11:25:14,910 INFO AVS_ZohoIntegration.Program - Price: 5440
2026-06-25 11:25:14,910 INFO AVS_ZohoIntegration.Program - * Procesando resultado: 108 *
2026-06-25 11:25:14,911 INFO AVS_ZohoIntegration.Program - ItemCode: C00013
2026-06-25 11:25:14,911 INFO AVS_ZohoIntegration.Program - PriceList: 4
2026-06-25 11:25:14,912 INFO AVS_ZohoIntegration.Program - Price: 4760
2026-06-25 11:25:14,913 INFO AVS_ZohoIntegration.Program - * Procesando resultado: 109 *
2026-06-25 11:25:14,913 INFO AVS_ZohoIntegration.Program - ItemCode: C00014
2026-06-25 11:25:14,914 INFO AVS_ZohoIntegration.Program - PriceList: 1
2026-06-25 11:25:14,914 INFO AVS_ZohoIntegration.Program - Price: 2100
2026-06-25 11:25:14,915 INFO AVS_ZohoIntegration.Program - * Procesando resultado: 110 *
2026-06-25 11:25:14,915 INFO AVS_ZohoIntegration.Program - ItemCode: C00014
2026-06-25 11:25:14,916 INFO AVS_ZohoIntegration.Program - PriceList: 2
2026-06-25 11:25:14,916 INFO AVS_ZohoIntegration.Program - Price: 4200
2026-06-25 11:25:14,917 INFO AVS_ZohoIntegration.Program - * Procesando resultado: 111 *
2026-06-25 11:25:14,917 INFO AVS_ZohoIntegration.Program - ItemCode: C00014
2026-06-25 11:25:14,918 INFO AVS_ZohoIntegration.Program - PriceList: 3
2026-06-25 11:25:14,919 INFO AVS_ZohoIntegration.Program - Price: 3360
2026-06-25 11:25:14,919 INFO AVS_ZohoIntegration.Program - * Procesando resultado: 112 *
2026-06-25 11:25:14,920 INFO AVS_ZohoIntegration.Program - ItemCode: C00014
2026-06-25 11:25:14,921 INFO AVS_ZohoIntegration.Program - PriceList: 4
2026-06-25 11:25:14,921 INFO AVS_ZohoIntegration.Program - Price: 2940
2026-06-25 11:25:14,921 INFO AVS_ZohoIntegration.Program - * Procesando resultado: 113 *
2026-06-25 11:25:14,922 INFO AVS_ZohoIntegration.Program - ItemCode: D00001
2026-06-25 11:25:14,924 INFO AVS_ZohoIntegration.Program - PriceList: 1
2026-06-25 11:25:14,924 INFO AVS_ZohoIntegration.Program - Price: 3400
2026-06-25 11:25:14,924 INFO AVS_ZohoIntegration.Program - * Procesando resultado: 114 *
2026-06-25 11:25:14,925 INFO AVS_ZohoIntegration.Program - ItemCode: D00001
2026-06-25 11:25:14,925 INFO AVS_ZohoIntegration.Program - PriceList: 2
2026-06-25 11:25:14,926 INFO AVS_ZohoIntegration.Program - Price: 6800
2026-06-25 11:25:14,927 INFO AVS_ZohoIntegration.Program - * Procesando resultado: 115 *
2026-06-25 11:25:14,927 INFO AVS_ZohoIntegration.Program - ItemCode: D00001
2026-06-25 11:25:14,927 INFO AVS_ZohoIntegration.Program - PriceList: 3
2026-06-25 11:25:14,928 INFO AVS_ZohoIntegration.Program - Price: 5440
2026-06-25 11:25:14,928 INFO AVS_ZohoIntegration.Program - * Procesando resultado: 116 *
2026-06-25 11:25:14,929 INFO AVS_ZohoIntegration.Program - ItemCode: D00001
2026-06-25 11:25:14,929 INFO AVS_ZohoIntegration.Program - PriceList: 4
2026-06-25 11:25:14,930 INFO AVS_ZohoIntegration.Program - Price: 4760
2026-06-25 11:25:14,931 INFO AVS_ZohoIntegration.Program - * Procesando resultado: 117 *
2026-06-25 11:25:14,931 INFO AVS_ZohoIntegration.Program - ItemCode: D00002
2026-06-25 11:25:14,932 INFO AVS_ZohoIntegration.Program - PriceList: 1
2026-06-25 11:25:14,932 INFO AVS_ZohoIntegration.Program - Price: 6233
2026-06-25 11:25:14,933 INFO AVS_ZohoIntegration.Program - * Procesando resultado: 118 *
2026-06-25 11:25:14,933 INFO AVS_ZohoIntegration.Program - ItemCode: D00002
2026-06-25 11:25:14,934 INFO AVS_ZohoIntegration.Program - PriceList: 2
2026-06-25 11:25:14,936 INFO AVS_ZohoIntegration.Program - Price: 12466
2026-06-25 11:25:14,936 INFO AVS_ZohoIntegration.Program - * Procesando resultado: 119 *
2026-06-25 11:25:14,937 INFO AVS_ZohoIntegration.Program - ItemCode: D00002
2026-06-25 11:25:14,937 INFO AVS_ZohoIntegration.Program - PriceList: 3
2026-06-25 11:25:14,937 INFO AVS_ZohoIntegration.Program - Price: 9972.8
2026-06-25 11:25:14,938 INFO AVS_ZohoIntegration.Program - * Procesando resultado: 120 *
2026-06-25 11:25:14,938 INFO AVS_ZohoIntegration.Program - ItemCode: D00002
2026-06-25 11:25:14,938 INFO AVS_ZohoIntegration.Program - PriceList: 4
2026-06-25 11:25:14,938 INFO AVS_ZohoIntegration.Program - Price: 8726.2
2026-06-25 11:25:14,939 INFO AVS_ZohoIntegration.Program - * Procesando resultado: 121 *
2026-06-25 11:25:14,939 INFO AVS_ZohoIntegration.Program - ItemCode: E00001
2026-06-25 11:25:14,939 INFO AVS_ZohoIntegration.Program - PriceList: 1
2026-06-25 11:25:14,939 INFO AVS_ZohoIntegration.Program - Price: 4100
2026-06-25 11:25:14,940 INFO AVS_ZohoIntegration.Program - * Procesando resultado: 122 *
2026-06-25 11:25:14,941 INFO AVS_ZohoIntegration.Program - ItemCode: E00001
2026-06-25 11:25:14,941 INFO AVS_ZohoIntegration.Program - PriceList: 2
2026-06-25 11:25:14,941 INFO AVS_ZohoIntegration.Program - Price: 8200
2026-06-25 11:25:14,942 INFO AVS_ZohoIntegration.Program - * Procesando resultado: 123 *
2026-06-25 11:25:14,942 INFO AVS_ZohoIntegration.Program - ItemCode: E00001
2026-06-25 11:25:14,943 INFO AVS_ZohoIntegration.Program - PriceList: 3
2026-06-25 11:25:14,943 INFO AVS_ZohoIntegration.Program - Price: 6560
2026-06-25 11:25:14,944 INFO AVS_ZohoIntegration.Program - * Procesando resultado: 124 *
2026-06-25 11:25:14,944 INFO AVS_ZohoIntegration.Program - ItemCode: E00001
2026-06-25 11:25:14,944 INFO AVS_ZohoIntegration.Program - PriceList: 4
2026-06-25 11:25:14,945 INFO AVS_ZohoIntegration.Program - Price: 5740
2026-06-25 11:25:14,945 INFO AVS_ZohoIntegration.Program - * Procesando resultado: 125 *
2026-06-25 11:25:14,945 INFO AVS_ZohoIntegration.Program - ItemCode: EMP0001
2026-06-25 11:25:14,945 INFO AVS_ZohoIntegration.Program - PriceList: 1
2026-06-25 11:25:14,945 INFO AVS_ZohoIntegration.Program - Price: 0
2026-06-25 11:25:14,947 INFO AVS_ZohoIntegration.Program - * Procesando resultado: 126 *
2026-06-25 11:25:14,948 INFO AVS_ZohoIntegration.Program - ItemCode: EMP0001
2026-06-25 11:25:14,948 INFO AVS_ZohoIntegration.Program - PriceList: 2
2026-06-25 11:25:14,948 INFO AVS_ZohoIntegration.Program - Price: 0
2026-06-25 11:25:14,949 INFO AVS_ZohoIntegration.Program - * Procesando resultado: 127 *
2026-06-25 11:25:14,950 INFO AVS_ZohoIntegration.Program - ItemCode: EMP0001
2026-06-25 11:25:14,951 INFO AVS_ZohoIntegration.Program - PriceList: 3
2026-06-25 11:25:14,951 INFO AVS_ZohoIntegration.Program - Price: 0
2026-06-25 11:25:14,952 INFO AVS_ZohoIntegration.Program - * Procesando resultado: 128 *
2026-06-25 11:25:14,952 INFO AVS_ZohoIntegration.Program - ItemCode: EMP0001
2026-06-25 11:25:14,953 INFO AVS_ZohoIntegration.Program - PriceList: 4
2026-06-25 11:25:14,954 INFO AVS_ZohoIntegration.Program - Price: 0
2026-06-25 11:25:14,954 INFO AVS_ZohoIntegration.Program - * Procesando resultado: 129 *
2026-06-25 11:25:14,955 INFO AVS_ZohoIntegration.Program - ItemCode: EMP0002
2026-06-25 11:25:14,957 INFO AVS_ZohoIntegration.Program - PriceList: 1
2026-06-25 11:25:14,957 INFO AVS_ZohoIntegration.Program - Price: 0
2026-06-25 11:25:14,958 INFO AVS_ZohoIntegration.Program - * Procesando resultado: 130 *
2026-06-25 11:25:14,958 INFO AVS_ZohoIntegration.Program - ItemCode: EMP0002
2026-06-25 11:25:14,959 INFO AVS_ZohoIntegration.Program - PriceList: 2
2026-06-25 11:25:14,959 INFO AVS_ZohoIntegration.Program - Price: 0
2026-06-25 11:25:14,959 INFO AVS_ZohoIntegration.Program - * Procesando resultado: 131 *
2026-06-25 11:25:14,960 INFO AVS_ZohoIntegration.Program - ItemCode: EMP0002
2026-06-25 11:25:14,960 INFO AVS_ZohoIntegration.Program - PriceList: 3
2026-06-25 11:25:14,961 INFO AVS_ZohoIntegration.Program - Price: 0
2026-06-25 11:25:14,961 INFO AVS_ZohoIntegration.Program - * Procesando resultado: 132 *
2026-06-25 11:25:14,962 INFO AVS_ZohoIntegration.Program - ItemCode: EMP0002
2026-06-25 11:25:14,962 INFO AVS_ZohoIntegration.Program - PriceList: 4
2026-06-25 11:25:14,963 INFO AVS_ZohoIntegration.Program - Price: 0
2026-06-25 11:25:14,963 INFO AVS_ZohoIntegration.Program - * Procesando resultado: 133 *
2026-06-25 11:25:14,964 INFO AVS_ZohoIntegration.Program - ItemCode: EMP0003
2026-06-25 11:25:14,965 INFO AVS_ZohoIntegration.Program - PriceList: 1
2026-06-25 11:25:14,965 INFO AVS_ZohoIntegration.Program - Price: 0
2026-06-25 11:25:14,966 INFO AVS_ZohoIntegration.Program - * Procesando resultado: 134 *
2026-06-25 11:25:14,967 INFO AVS_ZohoIntegration.Program - ItemCode: EMP0003
2026-06-25 11:25:14,967 INFO AVS_ZohoIntegration.Program - PriceList: 2
2026-06-25 11:25:14,968 INFO AVS_ZohoIntegration.Program - Price: 0
2026-06-25 11:25:14,968 INFO AVS_ZohoIntegration.Program - * Procesando resultado: 135 *
2026-06-25 11:25:14,969 INFO AVS_ZohoIntegration.Program - ItemCode: EMP0003
2026-06-25 11:25:14,969 INFO AVS_ZohoIntegration.Program - PriceList: 3
2026-06-25 11:25:14,970 INFO AVS_ZohoIntegration.Program - Price: 0
2026-06-25 11:25:14,971 INFO AVS_ZohoIntegration.Program - * Procesando resultado: 136 *
2026-06-25 11:25:14,971 INFO AVS_ZohoIntegration.Program - ItemCode: EMP0003
2026-06-25 11:25:14,971 INFO AVS_ZohoIntegration.Program - PriceList: 4
2026-06-25 11:25:14,973 INFO AVS_ZohoIntegration.Program - Price: 0
2026-06-25 11:25:14,973 INFO AVS_ZohoIntegration.Program - * Procesando resultado: 137 *
2026-06-25 11:25:14,974 INFO AVS_ZohoIntegration.Program - ItemCode: FLR001
2026-06-25 11:25:14,974 INFO AVS_ZohoIntegration.Program - PriceList: 1
2026-06-25 11:25:14,975 INFO AVS_ZohoIntegration.Program - Price: 0
2026-06-25 11:25:14,975 INFO AVS_ZohoIntegration.Program - * Procesando resultado: 138 *
2026-06-25 11:25:14,975 INFO AVS_ZohoIntegration.Program - ItemCode: FLR001
2026-06-25 11:25:14,976 INFO AVS_ZohoIntegration.Program - PriceList: 2
2026-06-25 11:25:14,976 INFO AVS_ZohoIntegration.Program - Price: 0
2026-06-25 11:25:14,977 INFO AVS_ZohoIntegration.Program - * Procesando resultado: 139 *
2026-06-25 11:25:14,977 INFO AVS_ZohoIntegration.Program - ItemCode: FLR001
2026-06-25 11:25:14,977 INFO AVS_ZohoIntegration.Program - PriceList: 3
2026-06-25 11:25:14,978 INFO AVS_ZohoIntegration.Program - Price: 100
2026-06-25 11:25:14,978 INFO AVS_ZohoIntegration.Program - * Procesando resultado: 140 *
2026-06-25 11:25:14,978 INFO AVS_ZohoIntegration.Program - ItemCode: FLR001
2026-06-25 11:25:14,979 INFO AVS_ZohoIntegration.Program - PriceList: 4
2026-06-25 11:25:14,979 INFO AVS_ZohoIntegration.Program - Price: 0
2026-06-25 11:25:14,979 INFO AVS_ZohoIntegration.Program - * Procesando resultado: 141 *
2026-06-25 11:25:14,980 INFO AVS_ZohoIntegration.Program - ItemCode: FLR001-GIRASOL
2026-06-25 11:25:14,980 INFO AVS_ZohoIntegration.Program - PriceList: 1
2026-06-25 11:25:14,980 INFO AVS_ZohoIntegration.Program - Price: 0
2026-06-25 11:25:14,980 INFO AVS_ZohoIntegration.Program - * Procesando resultado: 142 *
2026-06-25 11:25:14,981 INFO AVS_ZohoIntegration.Program - ItemCode: FLR001-GIRASOL
2026-06-25 11:25:14,981 INFO AVS_ZohoIntegration.Program - PriceList: 2
2026-06-25 11:25:14,981 INFO AVS_ZohoIntegration.Program - Price: 0
2026-06-25 11:25:14,982 INFO AVS_ZohoIntegration.Program - * Procesando resultado: 143 *
2026-06-25 11:25:14,982 INFO AVS_ZohoIntegration.Program - ItemCode: FLR001-GIRASOL
2026-06-25 11:25:14,983 INFO AVS_ZohoIntegration.Program - PriceList: 3
2026-06-25 11:25:14,983 INFO AVS_ZohoIntegration.Program - Price: 100
2026-06-25 11:25:14,984 INFO AVS_ZohoIntegration.Program - * Procesando resultado: 144 *
2026-06-25 11:25:14,984 INFO AVS_ZohoIntegration.Program - ItemCode: FLR001-GIRASOL
2026-06-25 11:25:14,985 INFO AVS_ZohoIntegration.Program - PriceList: 4
2026-06-25 11:25:14,985 INFO AVS_ZohoIntegration.Program - Price: 0
2026-06-25 11:25:14,986 INFO AVS_ZohoIntegration.Program - * Procesando resultado: 145 *
2026-06-25 11:25:14,987 INFO AVS_ZohoIntegration.Program - ItemCode: FLR001-LIRIO
2026-06-25 11:25:14,987 INFO AVS_ZohoIntegration.Program - PriceList: 1
2026-06-25 11:25:14,988 INFO AVS_ZohoIntegration.Program - Price: 0
2026-06-25 11:25:14,988 INFO AVS_ZohoIntegration.Program - * Procesando resultado: 146 *
2026-06-25 11:25:14,989 INFO AVS_ZohoIntegration.Program - ItemCode: FLR001-LIRIO
2026-06-25 11:25:14,989 INFO AVS_ZohoIntegration.Program - PriceList: 2
2026-06-25 11:25:14,990 INFO AVS_ZohoIntegration.Program - Price: 0
2026-06-25 11:25:14,990 INFO AVS_ZohoIntegration.Program - * Procesando resultado: 147 *
2026-06-25 11:25:14,991 INFO AVS_ZohoIntegration.Program - ItemCode: FLR001-LIRIO
2026-06-25 11:25:14,991 INFO AVS_ZohoIntegration.Program - PriceList: 3
2026-06-25 11:25:14,992 INFO AVS_ZohoIntegration.Program - Price: 100
2026-06-25 11:25:14,992 INFO AVS_ZohoIntegration.Program - * Procesando resultado: 148 *
2026-06-25 11:25:14,993 INFO AVS_ZohoIntegration.Program - ItemCode: FLR001-LIRIO
2026-06-25 11:25:14,993 INFO AVS_ZohoIntegration.Program - PriceList: 4
2026-06-25 11:25:14,993 INFO AVS_ZohoIntegration.Program - Price: 0
2026-06-25 11:25:14,994 INFO AVS_ZohoIntegration.Program - * Procesando resultado: 149 *
2026-06-25 11:25:14,995 INFO AVS_ZohoIntegration.Program - ItemCode: FLR001-ROSA
2026-06-25 11:25:14,995 INFO AVS_ZohoIntegration.Program - PriceList: 1
2026-06-25 11:25:14,996 INFO AVS_ZohoIntegration.Program - Price: 0
2026-06-25 11:25:14,996 INFO AVS_ZohoIntegration.Program - * Procesando resultado: 150 *
2026-06-25 11:25:14,997 INFO AVS_ZohoIntegration.Program - ItemCode: FLR001-ROSA
2026-06-25 11:25:14,997 INFO AVS_ZohoIntegration.Program - PriceList: 2
2026-06-25 11:25:14,998 INFO AVS_ZohoIntegration.Program - Price: 0
2026-06-25 11:25:14,998 INFO AVS_ZohoIntegration.Program - * Procesando resultado: 151 *
2026-06-25 11:25:14,999 INFO AVS_ZohoIntegration.Program - ItemCode: FLR001-ROSA
2026-06-25 11:25:14,999 INFO AVS_ZohoIntegration.Program - PriceList: 3
2026-06-25 11:25:15,000 INFO AVS_ZohoIntegration.Program - Price: 100
2026-06-25 11:25:15,000 INFO AVS_ZohoIntegration.Program - * Procesando resultado: 152 *
2026-06-25 11:25:15,001 INFO AVS_ZohoIntegration.Program - ItemCode: FLR001-ROSA
2026-06-25 11:25:15,002 INFO AVS_ZohoIntegration.Program - PriceList: 4
2026-06-25 11:25:15,002 INFO AVS_ZohoIntegration.Program - Price: 0
2026-06-25 11:25:15,003 INFO AVS_ZohoIntegration.Program - * Procesando resultado: 153 *
2026-06-25 11:25:15,004 INFO AVS_ZohoIntegration.Program - ItemCode: FLR002
2026-06-25 11:25:15,004 INFO AVS_ZohoIntegration.Program - PriceList: 1
2026-06-25 11:25:15,004 INFO AVS_ZohoIntegration.Program - Price: 0
2026-06-25 11:25:15,005 INFO AVS_ZohoIntegration.Program - * Procesando resultado: 154 *
2026-06-25 11:25:15,005 INFO AVS_ZohoIntegration.Program - ItemCode: FLR002
2026-06-25 11:25:15,006 INFO AVS_ZohoIntegration.Program - PriceList: 2
2026-06-25 11:25:15,006 INFO AVS_ZohoIntegration.Program - Price: 0
2026-06-25 11:25:15,007 INFO AVS_ZohoIntegration.Program - * Procesando resultado: 155 *
2026-06-25 11:25:15,007 INFO AVS_ZohoIntegration.Program - ItemCode: FLR002
2026-06-25 11:25:15,008 INFO AVS_ZohoIntegration.Program - PriceList: 3
2026-06-25 11:25:15,008 INFO AVS_ZohoIntegration.Program - Price: 100
2026-06-25 11:25:15,009 INFO AVS_ZohoIntegration.Program - * Procesando resultado: 156 *
2026-06-25 11:25:15,009 INFO AVS_ZohoIntegration.Program - ItemCode: FLR002
2026-06-25 11:25:15,009 INFO AVS_ZohoIntegration.Program - PriceList: 4
2026-06-25 11:25:15,010 INFO AVS_ZohoIntegration.Program - Price: 0
2026-06-25 11:25:15,010 INFO AVS_ZohoIntegration.Program - * Procesando resultado: 157 *
2026-06-25 11:25:15,011 INFO AVS_ZohoIntegration.Program - ItemCode: FLR002-MARGARITAS
2026-06-25 11:25:15,011 INFO AVS_ZohoIntegration.Program - PriceList: 1
2026-06-25 11:25:15,011 INFO AVS_ZohoIntegration.Program - Price: 0
2026-06-25 11:25:15,012 INFO AVS_ZohoIntegration.Program - * Procesando resultado: 158 *
2026-06-25 11:25:15,012 INFO AVS_ZohoIntegration.Program - ItemCode: FLR002-MARGARITAS
2026-06-25 11:25:15,012 INFO AVS_ZohoIntegration.Program - PriceList: 2
2026-06-25 11:25:15,013 INFO AVS_ZohoIntegration.Program - Price: 0
2026-06-25 11:25:15,013 INFO AVS_ZohoIntegration.Program - * Procesando resultado: 159 *
2026-06-25 11:25:15,013 INFO AVS_ZohoIntegration.Program - ItemCode: FLR002-MARGARITAS
2026-06-25 11:25:15,014 INFO AVS_ZohoIntegration.Program - PriceList: 3
2026-06-25 11:25:15,014 INFO AVS_ZohoIntegration.Program - Price: 0
2026-06-25 11:25:15,015 INFO AVS_ZohoIntegration.Program - * Procesando resultado: 160 *
2026-06-25 11:25:15,015 INFO AVS_ZohoIntegration.Program - ItemCode: FLR002-MARGARITAS
2026-06-25 11:25:15,016 INFO AVS_ZohoIntegration.Program - PriceList: 4
2026-06-25 11:25:15,017 INFO AVS_ZohoIntegration.Program - Price: 0
2026-06-25 11:25:15,017 INFO AVS_ZohoIntegration.Program - * Procesando resultado: 161 *
2026-06-25 11:25:15,017 INFO AVS_ZohoIntegration.Program - ItemCode: FLR002-ROSAS
2026-06-25 11:25:15,018 INFO AVS_ZohoIntegration.Program - PriceList: 1
2026-06-25 11:25:15,018 INFO AVS_ZohoIntegration.Program - Price: 0
2026-06-25 11:25:15,019 INFO AVS_ZohoIntegration.Program - * Procesando resultado: 162 *
2026-06-25 11:25:15,019 INFO AVS_ZohoIntegration.Program - ItemCode: FLR002-ROSAS
2026-06-25 11:25:15,019 INFO AVS_ZohoIntegration.Program - PriceList: 2
2026-06-25 11:25:15,020 INFO AVS_ZohoIntegration.Program - Price: 0
2026-06-25 11:25:15,020 INFO AVS_ZohoIntegration.Program - * Procesando resultado: 163 *
2026-06-25 11:25:15,021 INFO AVS_ZohoIntegration.Program - ItemCode: FLR002-ROSAS
2026-06-25 11:25:15,021 INFO AVS_ZohoIntegration.Program - PriceList: 3
2026-06-25 11:25:15,022 INFO AVS_ZohoIntegration.Program - Price: 0
2026-06-25 11:25:15,022 INFO AVS_ZohoIntegration.Program - * Procesando resultado: 164 *
2026-06-25 11:25:15,022 INFO AVS_ZohoIntegration.Program - ItemCode: FLR002-ROSAS
2026-06-25 11:25:15,023 INFO AVS_ZohoIntegration.Program - PriceList: 4
2026-06-25 11:25:15,023 INFO AVS_ZohoIntegration.Program - Price: 0
2026-06-25 11:25:15,023 INFO AVS_ZohoIntegration.Program - * Procesando resultado: 165 *
2026-06-25 11:25:15,023 INFO AVS_ZohoIntegration.Program - ItemCode: FLR002-TULIPANES
2026-06-25 11:25:15,024 INFO AVS_ZohoIntegration.Program - PriceList: 1
2026-06-25 11:25:15,024 INFO AVS_ZohoIntegration.Program - Price: 0
2026-06-25 11:25:15,024 INFO AVS_ZohoIntegration.Program - * Procesando resultado: 166 *
2026-06-25 11:25:15,024 INFO AVS_ZohoIntegration.Program - ItemCode: FLR002-TULIPANES
2026-06-25 11:25:15,025 INFO AVS_ZohoIntegration.Program - PriceList: 2
2026-06-25 11:25:15,025 INFO AVS_ZohoIntegration.Program - Price: 0
2026-06-25 11:25:15,025 INFO AVS_ZohoIntegration.Program - * Procesando resultado: 167 *
2026-06-25 11:25:15,025 INFO AVS_ZohoIntegration.Program - ItemCode: FLR002-TULIPANES
2026-06-25 11:25:15,026 INFO AVS_ZohoIntegration.Program - PriceList: 3
2026-06-25 11:25:15,026 INFO AVS_ZohoIntegration.Program - Price: 0
2026-06-25 11:25:15,026 INFO AVS_ZohoIntegration.Program - * Procesando resultado: 168 *
2026-06-25 11:25:15,026 INFO AVS_ZohoIntegration.Program - ItemCode: FLR002-TULIPANES
2026-06-25 11:25:15,027 INFO AVS_ZohoIntegration.Program - PriceList: 4
2026-06-25 11:25:15,027 INFO AVS_ZohoIntegration.Program - Price: 0
2026-06-25 11:25:15,027 INFO AVS_ZohoIntegration.Program - * Procesando resultado: 169 *
2026-06-25 11:25:15,028 INFO AVS_ZohoIntegration.Program - ItemCode: I00001
2026-06-25 11:25:15,028 INFO AVS_ZohoIntegration.Program - PriceList: 1
2026-06-25 11:25:15,028 INFO AVS_ZohoIntegration.Program - Price: 575.71
2026-06-25 11:25:15,028 INFO AVS_ZohoIntegration.Program - * Procesando resultado: 170 *
2026-06-25 11:25:15,029 INFO AVS_ZohoIntegration.Program - ItemCode: I00001
2026-06-25 11:25:15,029 INFO AVS_ZohoIntegration.Program - PriceList: 2
2026-06-25 11:25:15,029 INFO AVS_ZohoIntegration.Program - Price: 1151.42
2026-06-25 11:25:15,029 INFO AVS_ZohoIntegration.Program - * Procesando resultado: 171 *
2026-06-25 11:25:15,030 INFO AVS_ZohoIntegration.Program - ItemCode: I00001
2026-06-25 11:25:15,030 INFO AVS_ZohoIntegration.Program - PriceList: 3
2026-06-25 11:25:15,030 INFO AVS_ZohoIntegration.Program - Price: 921.14
2026-06-25 11:25:15,030 INFO AVS_ZohoIntegration.Program - * Procesando resultado: 172 *
2026-06-25 11:25:15,031 INFO AVS_ZohoIntegration.Program - ItemCode: I00001
2026-06-25 11:25:15,031 INFO AVS_ZohoIntegration.Program - PriceList: 4
2026-06-25 11:25:15,033 INFO AVS_ZohoIntegration.Program - Price: 805.99
2026-06-25 11:25:15,033 INFO AVS_ZohoIntegration.Program - * Procesando resultado: 173 *
2026-06-25 11:25:15,034 INFO AVS_ZohoIntegration.Program - ItemCode: I00002
2026-06-25 11:25:15,034 INFO AVS_ZohoIntegration.Program - PriceList: 1
2026-06-25 11:25:15,034 INFO AVS_ZohoIntegration.Program - Price: 2302.71
2026-06-25 11:25:15,035 INFO AVS_ZohoIntegration.Program - * Procesando resultado: 174 *
2026-06-25 11:25:15,035 INFO AVS_ZohoIntegration.Program - ItemCode: I00002
2026-06-25 11:25:15,036 INFO AVS_ZohoIntegration.Program - PriceList: 2
2026-06-25 11:25:15,036 INFO AVS_ZohoIntegration.Program - Price: 4605.42
2026-06-25 11:25:15,036 INFO AVS_ZohoIntegration.Program - * Procesando resultado: 175 *
2026-06-25 11:25:15,037 INFO AVS_ZohoIntegration.Program - ItemCode: I00002
2026-06-25 11:25:15,037 INFO AVS_ZohoIntegration.Program - PriceList: 3
2026-06-25 11:25:15,038 INFO AVS_ZohoIntegration.Program - Price: 3684.34
2026-06-25 11:25:15,038 INFO AVS_ZohoIntegration.Program - * Procesando resultado: 176 *
2026-06-25 11:25:15,039 INFO AVS_ZohoIntegration.Program - ItemCode: I00002
2026-06-25 11:25:15,039 INFO AVS_ZohoIntegration.Program - PriceList: 4
2026-06-25 11:25:15,039 INFO AVS_ZohoIntegration.Program - Price: 3223.79
2026-06-25 11:25:15,039 INFO AVS_ZohoIntegration.Program - * Procesando resultado: 177 *
2026-06-25 11:25:15,040 INFO AVS_ZohoIntegration.Program - ItemCode: I00003
2026-06-25 11:25:15,040 INFO AVS_ZohoIntegration.Program - PriceList: 1
2026-06-25 11:25:15,040 INFO AVS_ZohoIntegration.Program - Price: 3837.9
2026-06-25 11:25:15,042 INFO AVS_ZohoIntegration.Program - * Procesando resultado: 178 *
2026-06-25 11:25:15,042 INFO AVS_ZohoIntegration.Program - ItemCode: I00003
2026-06-25 11:25:15,042 INFO AVS_ZohoIntegration.Program - PriceList: 2
2026-06-25 11:25:15,043 INFO AVS_ZohoIntegration.Program - Price: 7675.8
2026-06-25 11:25:15,043 INFO AVS_ZohoIntegration.Program - * Procesando resultado: 179 *
2026-06-25 11:25:15,043 INFO AVS_ZohoIntegration.Program - ItemCode: I00003
2026-06-25 11:25:15,043 INFO AVS_ZohoIntegration.Program - PriceList: 3
2026-06-25 11:25:15,044 INFO AVS_ZohoIntegration.Program - Price: 6140.64
2026-06-25 11:25:15,044 INFO AVS_ZohoIntegration.Program - * Procesando resultado: 180 *
2026-06-25 11:25:15,044 INFO AVS_ZohoIntegration.Program - ItemCode: I00003
2026-06-25 11:25:15,044 INFO AVS_ZohoIntegration.Program - PriceList: 4
2026-06-25 11:25:15,045 INFO AVS_ZohoIntegration.Program - Price: 5373.06
2026-06-25 11:25:15,045 INFO AVS_ZohoIntegration.Program - * Procesando resultado: 181 *
2026-06-25 11:25:15,045 INFO AVS_ZohoIntegration.Program - ItemCode: I00004
2026-06-25 11:25:15,045 INFO AVS_ZohoIntegration.Program - PriceList: 1
2026-06-25 11:25:15,046 INFO AVS_ZohoIntegration.Program - Price: 5756.85
2026-06-25 11:25:15,046 INFO AVS_ZohoIntegration.Program - * Procesando resultado: 182 *
2026-06-25 11:25:15,046 INFO AVS_ZohoIntegration.Program - ItemCode: I00004
2026-06-25 11:25:15,046 INFO AVS_ZohoIntegration.Program - PriceList: 2
2026-06-25 11:25:15,047 INFO AVS_ZohoIntegration.Program - Price: 11513.7
2026-06-25 11:25:15,047 INFO AVS_ZohoIntegration.Program - * Procesando resultado: 183 *
2026-06-25 11:25:15,048 INFO AVS_ZohoIntegration.Program - ItemCode: I00004
2026-06-25 11:25:15,049 INFO AVS_ZohoIntegration.Program - PriceList: 3
2026-06-25 11:25:15,049 INFO AVS_ZohoIntegration.Program - Price: 9210.96
2026-06-25 11:25:15,049 INFO AVS_ZohoIntegration.Program - * Procesando resultado: 184 *
2026-06-25 11:25:15,050 INFO AVS_ZohoIntegration.Program - ItemCode: I00004
2026-06-25 11:25:15,050 INFO AVS_ZohoIntegration.Program - PriceList: 4
2026-06-25 11:25:15,051 INFO AVS_ZohoIntegration.Program - Price: 8059.59
2026-06-25 11:25:15,051 INFO AVS_ZohoIntegration.Program - * Procesando resultado: 185 *
2026-06-25 11:25:15,051 INFO AVS_ZohoIntegration.Program - ItemCode: I00005
2026-06-25 11:25:15,052 INFO AVS_ZohoIntegration.Program - PriceList: 1
2026-06-25 11:25:15,052 INFO AVS_ZohoIntegration.Program - Price: 17270.41
2026-06-25 11:25:15,053 INFO AVS_ZohoIntegration.Program - * Procesando resultado: 186 *
2026-06-25 11:25:15,053 INFO AVS_ZohoIntegration.Program - ItemCode: I00005
2026-06-25 11:25:15,053 INFO AVS_ZohoIntegration.Program - PriceList: 2
2026-06-25 11:25:15,054 INFO AVS_ZohoIntegration.Program - Price: 34540.82
2026-06-25 11:25:15,054 INFO AVS_ZohoIntegration.Program - * Procesando resultado: 187 *
2026-06-25 11:25:15,055 INFO AVS_ZohoIntegration.Program - ItemCode: I00005
2026-06-25 11:25:15,055 INFO AVS_ZohoIntegration.Program - PriceList: 3
2026-06-25 11:25:15,056 INFO AVS_ZohoIntegration.Program - Price: 27632.66
2026-06-25 11:25:15,056 INFO AVS_ZohoIntegration.Program - * Procesando resultado: 188 *
2026-06-25 11:25:15,056 INFO AVS_ZohoIntegration.Program - ItemCode: I00005
2026-06-25 11:25:15,056 INFO AVS_ZohoIntegration.Program - PriceList: 4
2026-06-25 11:25:15,057 INFO AVS_ZohoIntegration.Program - Price: 24178.57
2026-06-25 11:25:15,057 INFO AVS_ZohoIntegration.Program - * Procesando resultado: 189 *
2026-06-25 11:25:15,058 INFO AVS_ZohoIntegration.Program - ItemCode: I00006
2026-06-25 11:25:15,058 INFO AVS_ZohoIntegration.Program - PriceList: 1
2026-06-25 11:25:15,058 INFO AVS_ZohoIntegration.Program - Price: 15351.46
2026-06-25 11:25:15,058 INFO AVS_ZohoIntegration.Program - * Procesando resultado: 190 *
2026-06-25 11:25:15,059 INFO AVS_ZohoIntegration.Program - ItemCode: I00006
2026-06-25 11:25:15,059 INFO AVS_ZohoIntegration.Program - PriceList: 2
2026-06-25 11:25:15,059 INFO AVS_ZohoIntegration.Program - Price: 30702.92
2026-06-25 11:25:15,059 INFO AVS_ZohoIntegration.Program - * Procesando resultado: 191 *
2026-06-25 11:25:15,060 INFO AVS_ZohoIntegration.Program - ItemCode: I00006
2026-06-25 11:25:15,060 INFO AVS_ZohoIntegration.Program - PriceList: 3
2026-06-25 11:25:15,060 INFO AVS_ZohoIntegration.Program - Price: 24562.34
2026-06-25 11:25:15,060 INFO AVS_ZohoIntegration.Program - * Procesando resultado: 192 *
2026-06-25 11:25:15,061 INFO AVS_ZohoIntegration.Program - ItemCode: I00006
2026-06-25 11:25:15,061 INFO AVS_ZohoIntegration.Program - PriceList: 4
2026-06-25 11:25:15,061 INFO AVS_ZohoIntegration.Program - Price: 21492.04
2026-06-25 11:25:15,061 INFO AVS_ZohoIntegration.Program - * Procesando resultado: 193 *
2026-06-25 11:25:15,062 INFO AVS_ZohoIntegration.Program - ItemCode: I00007
2026-06-25 11:25:15,062 INFO AVS_ZohoIntegration.Program - PriceList: 1
2026-06-25 11:25:15,062 INFO AVS_ZohoIntegration.Program - Price: 5372.95
2026-06-25 11:25:15,062 INFO AVS_ZohoIntegration.Program - * Procesando resultado: 194 *
2026-06-25 11:25:15,063 INFO AVS_ZohoIntegration.Program - ItemCode: I00007
2026-06-25 11:25:15,063 INFO AVS_ZohoIntegration.Program - PriceList: 2
2026-06-25 11:25:15,063 INFO AVS_ZohoIntegration.Program - Price: 10745.9
2026-06-25 11:25:15,064 INFO AVS_ZohoIntegration.Program - * Procesando resultado: 195 *
2026-06-25 11:25:15,064 INFO AVS_ZohoIntegration.Program - ItemCode: I00007
2026-06-25 11:25:15,064 INFO AVS_ZohoIntegration.Program - PriceList: 3
2026-06-25 11:25:15,065 INFO AVS_ZohoIntegration.Program - Price: 8596.72
2026-06-25 11:25:15,065 INFO AVS_ZohoIntegration.Program - * Procesando resultado: 196 *
2026-06-25 11:25:15,065 INFO AVS_ZohoIntegration.Program - ItemCode: I00007
2026-06-25 11:25:15,067 INFO AVS_ZohoIntegration.Program - PriceList: 4
2026-06-25 11:25:15,067 INFO AVS_ZohoIntegration.Program - Price: 7522.13
2026-06-25 11:25:15,067 INFO AVS_ZohoIntegration.Program - * Procesando resultado: 197 *
2026-06-25 11:25:15,068 INFO AVS_ZohoIntegration.Program - ItemCode: I00008
2026-06-25 11:25:15,068 INFO AVS_ZohoIntegration.Program - PriceList: 1
2026-06-25 11:25:15,069 INFO AVS_ZohoIntegration.Program - Price: 7483.85
2026-06-25 11:25:15,069 INFO AVS_ZohoIntegration.Program - * Procesando resultado: 198 *
2026-06-25 11:25:15,069 INFO AVS_ZohoIntegration.Program - ItemCode: I00008
2026-06-25 11:25:15,070 INFO AVS_ZohoIntegration.Program - PriceList: 2
2026-06-25 11:25:15,070 INFO AVS_ZohoIntegration.Program - Price: 14967.7
2026-06-25 11:25:15,070 INFO AVS_ZohoIntegration.Program - * Procesando resultado: 199 *
2026-06-25 11:25:15,071 INFO AVS_ZohoIntegration.Program - ItemCode: I00008
2026-06-25 11:25:15,071 INFO AVS_ZohoIntegration.Program - PriceList: 3
2026-06-25 11:25:15,071 INFO AVS_ZohoIntegration.Program - Price: 11974.16
2026-06-25 11:25:15,071 INFO AVS_ZohoIntegration.Program - * Procesando resultado: 200 *
2026-06-25 11:25:15,072 INFO AVS_ZohoIntegration.Program - ItemCode: I00008
2026-06-25 11:25:15,072 INFO AVS_ZohoIntegration.Program - PriceList: 4
2026-06-25 11:25:15,072 INFO AVS_ZohoIntegration.Program - Price: 10477.39
2026-06-25 11:25:15,072 INFO AVS_ZohoIntegration.Program - * Procesando resultado: 201 *
2026-06-25 11:25:15,073 INFO AVS_ZohoIntegration.Program - ItemCode: I00009
2026-06-25 11:25:15,073 INFO AVS_ZohoIntegration.Program - PriceList: 1
2026-06-25 11:25:15,073 INFO AVS_ZohoIntegration.Program - Price: 28783.98
2026-06-25 11:25:15,073 INFO AVS_ZohoIntegration.Program - * Procesando resultado: 202 *
2026-06-25 11:25:15,074 INFO AVS_ZohoIntegration.Program - ItemCode: I00009
2026-06-25 11:25:15,074 INFO AVS_ZohoIntegration.Program - PriceList: 2
2026-06-25 11:25:15,074 INFO AVS_ZohoIntegration.Program - Price: 57567.96
2026-06-25 11:25:15,074 INFO AVS_ZohoIntegration.Program - * Procesando resultado: 203 *
2026-06-25 11:25:15,074 INFO AVS_ZohoIntegration.Program - ItemCode: I00009
2026-06-25 11:25:15,075 INFO AVS_ZohoIntegration.Program - PriceList: 3
2026-06-25 11:25:15,075 INFO AVS_ZohoIntegration.Program - Price: 46054.37
2026-06-25 11:25:15,075 INFO AVS_ZohoIntegration.Program - * Procesando resultado: 204 *
2026-06-25 11:25:15,075 INFO AVS_ZohoIntegration.Program - ItemCode: I00009
2026-06-25 11:25:15,076 INFO AVS_ZohoIntegration.Program - PriceList: 4
2026-06-25 11:25:15,076 INFO AVS_ZohoIntegration.Program - Price: 40297.57
2026-06-25 11:25:15,076 INFO AVS_ZohoIntegration.Program - * Procesando resultado: 205 *
2026-06-25 11:25:15,076 INFO AVS_ZohoIntegration.Program - ItemCode: I00010
2026-06-25 11:25:15,077 INFO AVS_ZohoIntegration.Program - PriceList: 1
2026-06-25 11:25:15,077 INFO AVS_ZohoIntegration.Program - Price: 115135.76
2026-06-25 11:25:15,078 INFO AVS_ZohoIntegration.Program - * Procesando resultado: 206 *
2026-06-25 11:25:15,078 INFO AVS_ZohoIntegration.Program - ItemCode: I00010
2026-06-25 11:25:15,079 INFO AVS_ZohoIntegration.Program - PriceList: 2
2026-06-25 11:25:15,079 INFO AVS_ZohoIntegration.Program - Price: 230271.52
2026-06-25 11:25:15,079 INFO AVS_ZohoIntegration.Program - * Procesando resultado: 207 *
2026-06-25 11:25:15,080 INFO AVS_ZohoIntegration.Program - ItemCode: I00010
2026-06-25 11:25:15,080 INFO AVS_ZohoIntegration.Program - PriceList: 3
2026-06-25 11:25:15,080 INFO AVS_ZohoIntegration.Program - Price: 184217.22
2026-06-25 11:25:15,081 INFO AVS_ZohoIntegration.Program - * Procesando resultado: 208 *
2026-06-25 11:25:15,081 INFO AVS_ZohoIntegration.Program - ItemCode: I00010
2026-06-25 11:25:15,082 INFO AVS_ZohoIntegration.Program - PriceList: 4
2026-06-25 11:25:15,082 INFO AVS_ZohoIntegration.Program - Price: 161190.06
2026-06-25 11:25:15,083 INFO AVS_ZohoIntegration.Program - * Procesando resultado: 209 *
2026-06-25 11:25:15,083 INFO AVS_ZohoIntegration.Program - ItemCode: I00011
2026-06-25 11:25:15,084 INFO AVS_ZohoIntegration.Program - PriceList: 1
2026-06-25 11:25:15,084 INFO AVS_ZohoIntegration.Program - Price: 2302.71
2026-06-25 11:25:15,084 INFO AVS_ZohoIntegration.Program - * Procesando resultado: 210 *
2026-06-25 11:25:15,084 INFO AVS_ZohoIntegration.Program - ItemCode: I00011
2026-06-25 11:25:15,085 INFO AVS_ZohoIntegration.Program - PriceList: 2
2026-06-25 11:25:15,085 INFO AVS_ZohoIntegration.Program - Price: 4605.42
2026-06-25 11:25:15,085 INFO AVS_ZohoIntegration.Program - * Procesando resultado: 211 *
2026-06-25 11:25:15,086 INFO AVS_ZohoIntegration.Program - ItemCode: I00011
2026-06-25 11:25:15,086 INFO AVS_ZohoIntegration.Program - PriceList: 3
2026-06-25 11:25:15,086 INFO AVS_ZohoIntegration.Program - Price: 3684.34
2026-06-25 11:25:15,087 INFO AVS_ZohoIntegration.Program - * Procesando resultado: 212 *
2026-06-25 11:25:15,087 INFO AVS_ZohoIntegration.Program - ItemCode: I00011
2026-06-25 11:25:15,087 INFO AVS_ZohoIntegration.Program - PriceList: 4
2026-06-25 11:25:15,088 INFO AVS_ZohoIntegration.Program - Price: 3223.79
2026-06-25 11:25:15,088 INFO AVS_ZohoIntegration.Program - * Procesando resultado: 213 *
2026-06-25 11:25:15,088 INFO AVS_ZohoIntegration.Program - ItemCode: I00012
2026-06-25 11:25:15,089 INFO AVS_ZohoIntegration.Program - PriceList: 1
2026-06-25 11:25:15,089 INFO AVS_ZohoIntegration.Program - Price: 8635.14
2026-06-25 11:25:15,089 INFO AVS_ZohoIntegration.Program - * Procesando resultado: 214 *
2026-06-25 11:25:15,090 INFO AVS_ZohoIntegration.Program - ItemCode: I00012
2026-06-25 11:25:15,090 INFO AVS_ZohoIntegration.Program - PriceList: 2
2026-06-25 11:25:15,090 INFO AVS_ZohoIntegration.Program - Price: 17270.28
2026-06-25 11:25:15,091 INFO AVS_ZohoIntegration.Program - * Procesando resultado: 215 *
2026-06-25 11:25:15,091 INFO AVS_ZohoIntegration.Program - ItemCode: I00012
2026-06-25 11:25:15,091 INFO AVS_ZohoIntegration.Program - PriceList: 3
2026-06-25 11:25:15,092 INFO AVS_ZohoIntegration.Program - Price: 13816.22
2026-06-25 11:25:15,092 INFO AVS_ZohoIntegration.Program - * Procesando resultado: 216 *
2026-06-25 11:25:15,093 INFO AVS_ZohoIntegration.Program - ItemCode: I00012
2026-06-25 11:25:15,093 INFO AVS_ZohoIntegration.Program - PriceList: 4
2026-06-25 11:25:15,094 INFO AVS_ZohoIntegration.Program - Price: 12089.2
2026-06-25 11:25:15,094 INFO AVS_ZohoIntegration.Program - * Procesando resultado: 217 *
2026-06-25 11:25:15,094 INFO AVS_ZohoIntegration.Program - ItemCode: I00013
2026-06-25 11:25:15,095 INFO AVS_ZohoIntegration.Program - PriceList: 1
2026-06-25 11:25:15,095 INFO AVS_ZohoIntegration.Program - Price: 30
2026-06-25 11:25:15,095 INFO AVS_ZohoIntegration.Program - * Procesando resultado: 218 *
2026-06-25 11:25:15,096 INFO AVS_ZohoIntegration.Program - ItemCode: I00013
2026-06-25 11:25:15,096 INFO AVS_ZohoIntegration.Program - PriceList: 2
2026-06-25 11:25:15,097 INFO AVS_ZohoIntegration.Program - Price: 60
2026-06-25 11:25:15,097 INFO AVS_ZohoIntegration.Program - * Procesando resultado: 219 *
2026-06-25 11:25:15,098 INFO AVS_ZohoIntegration.Program - ItemCode: I00013
2026-06-25 11:25:15,098 INFO AVS_ZohoIntegration.Program - PriceList: 3
2026-06-25 11:25:15,098 INFO AVS_ZohoIntegration.Program - Price: 48
2026-06-25 11:25:15,099 INFO AVS_ZohoIntegration.Program - * Procesando resultado: 220 *
2026-06-25 11:25:15,099 INFO AVS_ZohoIntegration.Program - ItemCode: I00013
2026-06-25 11:25:15,100 INFO AVS_ZohoIntegration.Program - PriceList: 4
2026-06-25 11:25:15,100 INFO AVS_ZohoIntegration.Program - Price: 42
2026-06-25 11:25:15,101 INFO AVS_ZohoIntegration.Program - * Procesando resultado: 221 *
2026-06-25 11:25:15,101 INFO AVS_ZohoIntegration.Program - ItemCode: ITEM0001
2026-06-25 11:25:15,101 INFO AVS_ZohoIntegration.Program - PriceList: 1
2026-06-25 11:25:15,102 INFO AVS_ZohoIntegration.Program - Price: 0
2026-06-25 11:25:15,102 INFO AVS_ZohoIntegration.Program - * Procesando resultado: 222 *
2026-06-25 11:25:15,103 INFO AVS_ZohoIntegration.Program - ItemCode: ITEM0001
2026-06-25 11:25:15,103 INFO AVS_ZohoIntegration.Program - PriceList: 2
2026-06-25 11:25:15,103 INFO AVS_ZohoIntegration.Program - Price: 0
2026-06-25 11:25:15,104 INFO AVS_ZohoIntegration.Program - * Procesando resultado: 223 *
2026-06-25 11:25:15,104 INFO AVS_ZohoIntegration.Program - ItemCode: ITEM0001
2026-06-25 11:25:15,104 INFO AVS_ZohoIntegration.Program - PriceList: 3
2026-06-25 11:25:15,105 INFO AVS_ZohoIntegration.Program - Price: 100
2026-06-25 11:25:15,105 INFO AVS_ZohoIntegration.Program - * Procesando resultado: 224 *
2026-06-25 11:25:15,105 INFO AVS_ZohoIntegration.Program - ItemCode: ITEM0001
2026-06-25 11:25:15,105 INFO AVS_ZohoIntegration.Program - PriceList: 4
2026-06-25 11:25:15,106 INFO AVS_ZohoIntegration.Program - Price: 0
2026-06-25 11:25:15,106 INFO AVS_ZohoIntegration.Program - * Procesando resultado: 225 *
2026-06-25 11:25:15,106 INFO AVS_ZohoIntegration.Program - ItemCode: ITEM0002
2026-06-25 11:25:15,107 INFO AVS_ZohoIntegration.Program - PriceList: 1
2026-06-25 11:25:15,107 INFO AVS_ZohoIntegration.Program - Price: 0
2026-06-25 11:25:15,107 INFO AVS_ZohoIntegration.Program - * Procesando resultado: 226 *
2026-06-25 11:25:15,108 INFO AVS_ZohoIntegration.Program - ItemCode: ITEM0002
2026-06-25 11:25:15,108 INFO AVS_ZohoIntegration.Program - PriceList: 2
2026-06-25 11:25:15,108 INFO AVS_ZohoIntegration.Program - Price: 0
2026-06-25 11:25:15,108 INFO AVS_ZohoIntegration.Program - * Procesando resultado: 227 *
2026-06-25 11:25:15,108 INFO AVS_ZohoIntegration.Program - ItemCode: ITEM0002
2026-06-25 11:25:15,109 INFO AVS_ZohoIntegration.Program - PriceList: 3
2026-06-25 11:25:15,109 INFO AVS_ZohoIntegration.Program - Price: 100
2026-06-25 11:25:15,109 INFO AVS_ZohoIntegration.Program - * Procesando resultado: 228 *
2026-06-25 11:25:15,109 INFO AVS_ZohoIntegration.Program - ItemCode: ITEM0002
2026-06-25 11:25:15,109 INFO AVS_ZohoIntegration.Program - PriceList: 4
2026-06-25 11:25:15,110 INFO AVS_ZohoIntegration.Program - Price: 0
2026-06-25 11:25:15,110 INFO AVS_ZohoIntegration.Program - * Procesando resultado: 229 *
2026-06-25 11:25:15,110 INFO AVS_ZohoIntegration.Program - ItemCode: L10001
2026-06-25 11:25:15,110 INFO AVS_ZohoIntegration.Program - PriceList: 1
2026-06-25 11:25:15,111 INFO AVS_ZohoIntegration.Program - Price: 65
2026-06-25 11:25:15,111 INFO AVS_ZohoIntegration.Program - * Procesando resultado: 230 *
2026-06-25 11:25:15,111 INFO AVS_ZohoIntegration.Program - ItemCode: L10001
2026-06-25 11:25:15,112 INFO AVS_ZohoIntegration.Program - PriceList: 2
2026-06-25 11:25:15,112 INFO AVS_ZohoIntegration.Program - Price: 130
2026-06-25 11:25:15,112 INFO AVS_ZohoIntegration.Program - * Procesando resultado: 231 *
2026-06-25 11:25:15,112 INFO AVS_ZohoIntegration.Program - ItemCode: L10001
2026-06-25 11:25:15,112 INFO AVS_ZohoIntegration.Program - PriceList: 3
2026-06-25 11:25:15,112 INFO AVS_ZohoIntegration.Program - Price: 104
2026-06-25 11:25:15,113 INFO AVS_ZohoIntegration.Program - * Procesando resultado: 232 *
2026-06-25 11:25:15,113 INFO AVS_ZohoIntegration.Program - ItemCode: L10001
2026-06-25 11:25:15,113 INFO AVS_ZohoIntegration.Program - PriceList: 4
2026-06-25 11:25:15,114 INFO AVS_ZohoIntegration.Program - Price: 91
2026-06-25 11:25:15,115 INFO AVS_ZohoIntegration.Program - * Procesando resultado: 233 *
2026-06-25 11:25:15,115 INFO AVS_ZohoIntegration.Program - ItemCode: LB0001
2026-06-25 11:25:15,115 INFO AVS_ZohoIntegration.Program - PriceList: 1
2026-06-25 11:25:15,116 INFO AVS_ZohoIntegration.Program - Price: 2400
2026-06-25 11:25:15,116 INFO AVS_ZohoIntegration.Program - * Procesando resultado: 234 *
2026-06-25 11:25:15,116 INFO AVS_ZohoIntegration.Program - ItemCode: LB0001
2026-06-25 11:25:15,117 INFO AVS_ZohoIntegration.Program - PriceList: 2
2026-06-25 11:25:15,117 INFO AVS_ZohoIntegration.Program - Price: 4800
2026-06-25 11:25:15,117 INFO AVS_ZohoIntegration.Program - * Procesando resultado: 235 *
2026-06-25 11:25:15,117 INFO AVS_ZohoIntegration.Program - ItemCode: LB0001
2026-06-25 11:25:15,118 INFO AVS_ZohoIntegration.Program - PriceList: 3
2026-06-25 11:25:15,118 INFO AVS_ZohoIntegration.Program - Price: 3840
2026-06-25 11:25:15,119 INFO AVS_ZohoIntegration.Program - * Procesando resultado: 236 *
2026-06-25 11:25:15,119 INFO AVS_ZohoIntegration.Program - ItemCode: LB0001
2026-06-25 11:25:15,119 INFO AVS_ZohoIntegration.Program - PriceList: 4
2026-06-25 11:25:15,120 INFO AVS_ZohoIntegration.Program - Price: 3360
2026-06-25 11:25:15,120 INFO AVS_ZohoIntegration.Program - * Procesando resultado: 237 *
2026-06-25 11:25:15,120 INFO AVS_ZohoIntegration.Program - ItemCode: LB0002
2026-06-25 11:25:15,121 INFO AVS_ZohoIntegration.Program - PriceList: 1
2026-06-25 11:25:15,121 INFO AVS_ZohoIntegration.Program - Price: 600
2026-06-25 11:25:15,122 INFO AVS_ZohoIntegration.Program - * Procesando resultado: 238 *
2026-06-25 11:25:15,122 INFO AVS_ZohoIntegration.Program - ItemCode: LB0002
2026-06-25 11:25:15,122 INFO AVS_ZohoIntegration.Program - PriceList: 2
2026-06-25 11:25:15,123 INFO AVS_ZohoIntegration.Program - Price: 1200
2026-06-25 11:25:15,123 INFO AVS_ZohoIntegration.Program - * Procesando resultado: 239 *
2026-06-25 11:25:15,123 INFO AVS_ZohoIntegration.Program - ItemCode: LB0002
2026-06-25 11:25:15,124 INFO AVS_ZohoIntegration.Program - PriceList: 3
2026-06-25 11:25:15,124 INFO AVS_ZohoIntegration.Program - Price: 960
2026-06-25 11:25:15,124 INFO AVS_ZohoIntegration.Program - * Procesando resultado: 240 *
2026-06-25 11:25:15,125 INFO AVS_ZohoIntegration.Program - ItemCode: LB0002
2026-06-25 11:25:15,125 INFO AVS_ZohoIntegration.Program - PriceList: 4
2026-06-25 11:25:15,125 INFO AVS_ZohoIntegration.Program - Price: 840
2026-06-25 11:25:15,126 INFO AVS_ZohoIntegration.Program - * Procesando resultado: 241 *
2026-06-25 11:25:15,126 INFO AVS_ZohoIntegration.Program - ItemCode: LM4029
2026-06-25 11:25:15,126 INFO AVS_ZohoIntegration.Program - PriceList: 1
2026-06-25 11:25:15,126 INFO AVS_ZohoIntegration.Program - Price: 46054.25
2026-06-25 11:25:15,127 INFO AVS_ZohoIntegration.Program - * Procesando resultado: 242 *
2026-06-25 11:25:15,127 INFO AVS_ZohoIntegration.Program - ItemCode: LM4029
2026-06-25 11:25:15,127 INFO AVS_ZohoIntegration.Program - PriceList: 2
2026-06-25 11:25:15,128 INFO AVS_ZohoIntegration.Program - Price: 92108.5
2026-06-25 11:25:15,128 INFO AVS_ZohoIntegration.Program - * Procesando resultado: 243 *
2026-06-25 11:25:15,128 INFO AVS_ZohoIntegration.Program - ItemCode: LM4029
2026-06-25 11:25:15,129 INFO AVS_ZohoIntegration.Program - PriceList: 3
2026-06-25 11:25:15,129 INFO AVS_ZohoIntegration.Program - Price: 73686.8
2026-06-25 11:25:15,129 INFO AVS_ZohoIntegration.Program - * Procesando resultado: 244 *
2026-06-25 11:25:15,129 INFO AVS_ZohoIntegration.Program - ItemCode: LM4029
2026-06-25 11:25:15,130 INFO AVS_ZohoIntegration.Program - PriceList: 4
2026-06-25 11:25:15,130 INFO AVS_ZohoIntegration.Program - Price: 64475.95
2026-06-25 11:25:15,131 INFO AVS_ZohoIntegration.Program - * Procesando resultado: 245 *
2026-06-25 11:25:15,131 INFO AVS_ZohoIntegration.Program - ItemCode: LM4029ACA
2026-06-25 11:25:15,131 INFO AVS_ZohoIntegration.Program - PriceList: 1
2026-06-25 11:25:15,132 INFO AVS_ZohoIntegration.Program - Price: 1918.95
2026-06-25 11:25:15,132 INFO AVS_ZohoIntegration.Program - * Procesando resultado: 246 *
2026-06-25 11:25:15,132 INFO AVS_ZohoIntegration.Program - ItemCode: LM4029ACA
2026-06-25 11:25:15,133 INFO AVS_ZohoIntegration.Program - PriceList: 2
2026-06-25 11:25:15,133 INFO AVS_ZohoIntegration.Program - Price: 3837.9
2026-06-25 11:25:15,134 INFO AVS_ZohoIntegration.Program - * Procesando resultado: 247 *
2026-06-25 11:25:15,134 INFO AVS_ZohoIntegration.Program - ItemCode: LM4029ACA
2026-06-25 11:25:15,134 INFO AVS_ZohoIntegration.Program - PriceList: 3
2026-06-25 11:25:15,134 INFO AVS_ZohoIntegration.Program - Price: 3070.32
2026-06-25 11:25:15,135 INFO AVS_ZohoIntegration.Program - * Procesando resultado: 248 *
2026-06-25 11:25:15,135 INFO AVS_ZohoIntegration.Program - ItemCode: LM4029ACA
2026-06-25 11:25:15,135 INFO AVS_ZohoIntegration.Program - PriceList: 4
2026-06-25 11:25:15,136 INFO AVS_ZohoIntegration.Program - Price: 2686.53
2026-06-25 11:25:15,136 INFO AVS_ZohoIntegration.Program - * Procesando resultado: 249 *
2026-06-25 11:25:15,137 INFO AVS_ZohoIntegration.Program - ItemCode: LM4029APCD
2026-06-25 11:25:15,137 INFO AVS_ZohoIntegration.Program - PriceList: 1
2026-06-25 11:25:15,137 INFO AVS_ZohoIntegration.Program - Price: 959.48
2026-06-25 11:25:15,138 INFO AVS_ZohoIntegration.Program - * Procesando resultado: 250 *
2026-06-25 11:25:15,138 INFO AVS_ZohoIntegration.Program - ItemCode: LM4029APCD
2026-06-25 11:25:15,139 INFO AVS_ZohoIntegration.Program - PriceList: 2
2026-06-25 11:25:15,139 INFO AVS_ZohoIntegration.Program - Price: 1918.96
2026-06-25 11:25:15,139 INFO AVS_ZohoIntegration.Program - * Procesando resultado: 251 *
2026-06-25 11:25:15,139 INFO AVS_ZohoIntegration.Program - ItemCode: LM4029APCD
2026-06-25 11:25:15,140 INFO AVS_ZohoIntegration.Program - PriceList: 3
2026-06-25 11:25:15,140 INFO AVS_ZohoIntegration.Program - Price: 1535.17
2026-06-25 11:25:15,140 INFO AVS_ZohoIntegration.Program - * Procesando resultado: 252 *
2026-06-25 11:25:15,140 INFO AVS_ZohoIntegration.Program - ItemCode: LM4029APCD
2026-06-25 11:25:15,141 INFO AVS_ZohoIntegration.Program - PriceList: 4
2026-06-25 11:25:15,141 INFO AVS_ZohoIntegration.Program - Price: 1343.27
2026-06-25 11:25:15,141 INFO AVS_ZohoIntegration.Program - * Procesando resultado: 253 *
2026-06-25 11:25:15,141 INFO AVS_ZohoIntegration.Program - ItemCode: LM4029D
2026-06-25 11:25:15,141 INFO AVS_ZohoIntegration.Program - PriceList: 1
2026-06-25 11:25:15,142 INFO AVS_ZohoIntegration.Program - Price: 6716.19
2026-06-25 11:25:15,142 INFO AVS_ZohoIntegration.Program - * Procesando resultado: 254 *
2026-06-25 11:25:15,142 INFO AVS_ZohoIntegration.Program - ItemCode: LM4029D
2026-06-25 11:25:15,142 INFO AVS_ZohoIntegration.Program - PriceList: 2
2026-06-25 11:25:15,143 INFO AVS_ZohoIntegration.Program - Price: 13432.38
2026-06-25 11:25:15,143 INFO AVS_ZohoIntegration.Program - * Procesando resultado: 255 *
2026-06-25 11:25:15,143 INFO AVS_ZohoIntegration.Program - ItemCode: LM4029D
2026-06-25 11:25:15,144 INFO AVS_ZohoIntegration.Program - PriceList: 3
2026-06-25 11:25:15,144 INFO AVS_ZohoIntegration.Program - Price: 10745.9
2026-06-25 11:25:15,144 INFO AVS_ZohoIntegration.Program - * Procesando resultado: 256 *
2026-06-25 11:25:15,144 INFO AVS_ZohoIntegration.Program - ItemCode: LM4029D
2026-06-25 11:25:15,145 INFO AVS_ZohoIntegration.Program - PriceList: 4
2026-06-25 11:25:15,145 INFO AVS_ZohoIntegration.Program - Price: 9402.67
2026-06-25 11:25:15,145 INFO AVS_ZohoIntegration.Program - * Procesando resultado: 257 *
2026-06-25 11:25:15,145 INFO AVS_ZohoIntegration.Program - ItemCode: LM4029MC
2026-06-25 11:25:15,146 INFO AVS_ZohoIntegration.Program - PriceList: 1
2026-06-25 11:25:15,146 INFO AVS_ZohoIntegration.Program - Price: 9594.61
2026-06-25 11:25:15,146 INFO AVS_ZohoIntegration.Program - * Procesando resultado: 258 *
2026-06-25 11:25:15,146 INFO AVS_ZohoIntegration.Program - ItemCode: LM4029MC
2026-06-25 11:25:15,147 INFO AVS_ZohoIntegration.Program - PriceList: 2
2026-06-25 11:25:15,147 INFO AVS_ZohoIntegration.Program - Price: 19189.22
2026-06-25 11:25:15,147 INFO AVS_ZohoIntegration.Program - * Procesando resultado: 259 *
2026-06-25 11:25:15,148 INFO AVS_ZohoIntegration.Program - ItemCode: LM4029MC
2026-06-25 11:25:15,148 INFO AVS_ZohoIntegration.Program - PriceList: 3
2026-06-25 11:25:15,148 INFO AVS_ZohoIntegration.Program - Price: 15351.38
2026-06-25 11:25:15,149 INFO AVS_ZohoIntegration.Program - * Procesando resultado: 260 *
2026-06-25 11:25:15,149 INFO AVS_ZohoIntegration.Program - ItemCode: LM4029MC
2026-06-25 11:25:15,150 INFO AVS_ZohoIntegration.Program - PriceList: 4
2026-06-25 11:25:15,150 INFO AVS_ZohoIntegration.Program - Price: 13432.45
2026-06-25 11:25:15,150 INFO AVS_ZohoIntegration.Program - * Procesando resultado: 261 *
2026-06-25 11:25:15,150 INFO AVS_ZohoIntegration.Program - ItemCode: LM4029PH
2026-06-25 11:25:15,151 INFO AVS_ZohoIntegration.Program - PriceList: 1
2026-06-25 11:25:15,152 INFO AVS_ZohoIntegration.Program - Price: 3837.9
2026-06-25 11:25:15,152 INFO AVS_ZohoIntegration.Program - * Procesando resultado: 262 *
2026-06-25 11:25:15,153 INFO AVS_ZohoIntegration.Program - ItemCode: LM4029PH
2026-06-25 11:25:15,153 INFO AVS_ZohoIntegration.Program - PriceList: 2
2026-06-25 11:25:15,153 INFO AVS_ZohoIntegration.Program - Price: 7675.8
2026-06-25 11:25:15,154 INFO AVS_ZohoIntegration.Program - * Procesando resultado: 263 *
2026-06-25 11:25:15,154 INFO AVS_ZohoIntegration.Program - ItemCode: LM4029PH
2026-06-25 11:25:15,154 INFO AVS_ZohoIntegration.Program - PriceList: 3
2026-06-25 11:25:15,154 INFO AVS_ZohoIntegration.Program - Price: 6140.64
2026-06-25 11:25:15,155 INFO AVS_ZohoIntegration.Program - * Procesando resultado: 264 *
2026-06-25 11:25:15,155 INFO AVS_ZohoIntegration.Program - ItemCode: LM4029PH
2026-06-25 11:25:15,155 INFO AVS_ZohoIntegration.Program - PriceList: 4
2026-06-25 11:25:15,156 INFO AVS_ZohoIntegration.Program - Price: 5373.06
2026-06-25 11:25:15,156 INFO AVS_ZohoIntegration.Program - * Procesando resultado: 265 *
2026-06-25 11:25:15,156 INFO AVS_ZohoIntegration.Program - ItemCode: LM4029PS
2026-06-25 11:25:15,157 INFO AVS_ZohoIntegration.Program - PriceList: 1
2026-06-25 11:25:15,157 INFO AVS_ZohoIntegration.Program - Price: 3837.9
2026-06-25 11:25:15,157 INFO AVS_ZohoIntegration.Program - * Procesando resultado: 266 *
2026-06-25 11:25:15,157 INFO AVS_ZohoIntegration.Program - ItemCode: LM4029PS
2026-06-25 11:25:15,158 INFO AVS_ZohoIntegration.Program - PriceList: 2
2026-06-25 11:25:15,158 INFO AVS_ZohoIntegration.Program - Price: 7675.8
2026-06-25 11:25:15,158 INFO AVS_ZohoIntegration.Program - * Procesando resultado: 267 *
2026-06-25 11:25:15,158 INFO AVS_ZohoIntegration.Program - ItemCode: LM4029PS
2026-06-25 11:25:15,158 INFO AVS_ZohoIntegration.Program - PriceList: 3
2026-06-25 11:25:15,159 INFO AVS_ZohoIntegration.Program - Price: 6140.64
2026-06-25 11:25:15,159 INFO AVS_ZohoIntegration.Program - * Procesando resultado: 268 *
2026-06-25 11:25:15,159 INFO AVS_ZohoIntegration.Program - ItemCode: LM4029PS
2026-06-25 11:25:15,159 INFO AVS_ZohoIntegration.Program - PriceList: 4
2026-06-25 11:25:15,160 INFO AVS_ZohoIntegration.Program - Price: 5373.06
2026-06-25 11:25:15,160 INFO AVS_ZohoIntegration.Program - * Procesando resultado: 269 *
2026-06-25 11:25:15,160 INFO AVS_ZohoIntegration.Program - ItemCode: LM4029-R
2026-06-25 11:25:15,161 INFO AVS_ZohoIntegration.Program - PriceList: 1
2026-06-25 11:25:15,161 INFO AVS_ZohoIntegration.Program - Price: 0
2026-06-25 11:25:15,161 INFO AVS_ZohoIntegration.Program - * Procesando resultado: 270 *
2026-06-25 11:25:15,162 INFO AVS_ZohoIntegration.Program - ItemCode: LM4029-R
2026-06-25 11:25:15,162 INFO AVS_ZohoIntegration.Program - PriceList: 2
2026-06-25 11:25:15,163 INFO AVS_ZohoIntegration.Program - Price: 0
2026-06-25 11:25:15,163 INFO AVS_ZohoIntegration.Program - * Procesando resultado: 271 *
2026-06-25 11:25:15,163 INFO AVS_ZohoIntegration.Program - ItemCode: LM4029-R
2026-06-25 11:25:15,164 INFO AVS_ZohoIntegration.Program - PriceList: 3
2026-06-25 11:25:15,164 INFO AVS_ZohoIntegration.Program - Price: 0
2026-06-25 11:25:15,165 INFO AVS_ZohoIntegration.Program - * Procesando resultado: 272 *
2026-06-25 11:25:15,165 INFO AVS_ZohoIntegration.Program - ItemCode: LM4029-R
2026-06-25 11:25:15,166 INFO AVS_ZohoIntegration.Program - PriceList: 4
2026-06-25 11:25:15,166 INFO AVS_ZohoIntegration.Program - Price: 0
2026-06-25 11:25:15,166 INFO AVS_ZohoIntegration.Program - * Procesando resultado: 273 *
2026-06-25 11:25:15,168 INFO AVS_ZohoIntegration.Program - ItemCode: LM4029SB
2026-06-25 11:25:15,168 INFO AVS_ZohoIntegration.Program - PriceList: 1
2026-06-25 11:25:15,169 INFO AVS_ZohoIntegration.Program - Price: 19189.23
2026-06-25 11:25:15,169 INFO AVS_ZohoIntegration.Program - * Procesando resultado: 274 *
2026-06-25 11:25:15,169 INFO AVS_ZohoIntegration.Program - ItemCode: LM4029SB
2026-06-25 11:25:15,170 INFO AVS_ZohoIntegration.Program - PriceList: 2
2026-06-25 11:25:15,170 INFO AVS_ZohoIntegration.Program - Price: 38378.46
2026-06-25 11:25:15,170 INFO AVS_ZohoIntegration.Program - * Procesando resultado: 275 *
2026-06-25 11:25:15,171 INFO AVS_ZohoIntegration.Program - ItemCode: LM4029SB
2026-06-25 11:25:15,171 INFO AVS_ZohoIntegration.Program - PriceList: 3
2026-06-25 11:25:15,171 INFO AVS_ZohoIntegration.Program - Price: 30702.77
2026-06-25 11:25:15,172 INFO AVS_ZohoIntegration.Program - * Procesando resultado: 276 *
2026-06-25 11:25:15,172 INFO AVS_ZohoIntegration.Program - ItemCode: LM4029SB
2026-06-25 11:25:15,172 INFO AVS_ZohoIntegration.Program - PriceList: 4
2026-06-25 11:25:15,172 INFO AVS_ZohoIntegration.Program - Price: 26864.92
2026-06-25 11:25:15,173 INFO AVS_ZohoIntegration.Program - * Procesando resultado: 277 *
2026-06-25 11:25:15,173 INFO AVS_ZohoIntegration.Program - ItemCode: MRP_BOM
2026-06-25 11:25:15,174 INFO AVS_ZohoIntegration.Program - PriceList: 1
2026-06-25 11:25:15,174 INFO AVS_ZohoIntegration.Program - Price: 25
2026-06-25 11:25:15,174 INFO AVS_ZohoIntegration.Program - * Procesando resultado: 278 *
2026-06-25 11:25:15,175 INFO AVS_ZohoIntegration.Program - ItemCode: MRP_BOM
2026-06-25 11:25:15,175 INFO AVS_ZohoIntegration.Program - PriceList: 2
2026-06-25 11:25:15,175 INFO AVS_ZohoIntegration.Program - Price: 50
2026-06-25 11:25:15,175 INFO AVS_ZohoIntegration.Program - * Procesando resultado: 279 *
2026-06-25 11:25:15,176 INFO AVS_ZohoIntegration.Program - ItemCode: MRP_BOM
2026-06-25 11:25:15,176 INFO AVS_ZohoIntegration.Program - PriceList: 3
2026-06-25 11:25:15,176 INFO AVS_ZohoIntegration.Program - Price: 40
2026-06-25 11:25:15,177 INFO AVS_ZohoIntegration.Program - * Procesando resultado: 280 *
2026-06-25 11:25:15,177 INFO AVS_ZohoIntegration.Program - ItemCode: MRP_BOM
2026-06-25 11:25:15,177 INFO AVS_ZohoIntegration.Program - PriceList: 4
2026-06-25 11:25:15,178 INFO AVS_ZohoIntegration.Program - Price: 35
2026-06-25 11:25:15,178 INFO AVS_ZohoIntegration.Program - * Procesando resultado: 281 *
2026-06-25 11:25:15,178 INFO AVS_ZohoIntegration.Program - ItemCode: MRP_Child1
2026-06-25 11:25:15,178 INFO AVS_ZohoIntegration.Program - PriceList: 1
2026-06-25 11:25:15,179 INFO AVS_ZohoIntegration.Program - Price: 5
2026-06-25 11:25:15,179 INFO AVS_ZohoIntegration.Program - * Procesando resultado: 282 *
2026-06-25 11:25:15,180 INFO AVS_ZohoIntegration.Program - ItemCode: MRP_Child1
2026-06-25 11:25:15,180 INFO AVS_ZohoIntegration.Program - PriceList: 2
2026-06-25 11:25:15,180 INFO AVS_ZohoIntegration.Program - Price: 10
2026-06-25 11:25:15,180 INFO AVS_ZohoIntegration.Program - * Procesando resultado: 283 *
2026-06-25 11:25:15,180 INFO AVS_ZohoIntegration.Program - ItemCode: MRP_Child1
2026-06-25 11:25:15,181 INFO AVS_ZohoIntegration.Program - PriceList: 3
2026-06-25 11:25:15,181 INFO AVS_ZohoIntegration.Program - Price: 8
2026-06-25 11:25:15,181 INFO AVS_ZohoIntegration.Program - * Procesando resultado: 284 *
2026-06-25 11:25:15,182 INFO AVS_ZohoIntegration.Program - ItemCode: MRP_Child1
2026-06-25 11:25:15,182 INFO AVS_ZohoIntegration.Program - PriceList: 4
2026-06-25 11:25:15,183 INFO AVS_ZohoIntegration.Program - Price: 7
2026-06-25 11:25:15,183 INFO AVS_ZohoIntegration.Program - * Procesando resultado: 285 *
2026-06-25 11:25:15,184 INFO AVS_ZohoIntegration.Program - ItemCode: MRP_Child2
2026-06-25 11:25:15,184 INFO AVS_ZohoIntegration.Program - PriceList: 1
2026-06-25 11:25:15,184 INFO AVS_ZohoIntegration.Program - Price: 5
2026-06-25 11:25:15,185 INFO AVS_ZohoIntegration.Program - * Procesando resultado: 286 *
2026-06-25 11:25:15,185 INFO AVS_ZohoIntegration.Program - ItemCode: MRP_Child2
2026-06-25 11:25:15,185 INFO AVS_ZohoIntegration.Program - PriceList: 2
2026-06-25 11:25:15,186 INFO AVS_ZohoIntegration.Program - Price: 10
2026-06-25 11:25:15,186 INFO AVS_ZohoIntegration.Program - * Procesando resultado: 287 *
2026-06-25 11:25:15,186 INFO AVS_ZohoIntegration.Program - ItemCode: MRP_Child2
2026-06-25 11:25:15,187 INFO AVS_ZohoIntegration.Program - PriceList: 3
2026-06-25 11:25:15,187 INFO AVS_ZohoIntegration.Program - Price: 8
2026-06-25 11:25:15,187 INFO AVS_ZohoIntegration.Program - * Procesando resultado: 288 *
2026-06-25 11:25:15,188 INFO AVS_ZohoIntegration.Program - ItemCode: MRP_Child2
2026-06-25 11:25:15,188 INFO AVS_ZohoIntegration.Program - PriceList: 4
2026-06-25 11:25:15,188 INFO AVS_ZohoIntegration.Program - Price: 7
2026-06-25 11:25:15,188 INFO AVS_ZohoIntegration.Program - * Procesando resultado: 289 *
2026-06-25 11:25:15,189 INFO AVS_ZohoIntegration.Program - ItemCode: MRP_GranChild
2026-06-25 11:25:15,189 INFO AVS_ZohoIntegration.Program - PriceList: 1
2026-06-25 11:25:15,189 INFO AVS_ZohoIntegration.Program - Price: 3
2026-06-25 11:25:15,190 INFO AVS_ZohoIntegration.Program - * Procesando resultado: 290 *
2026-06-25 11:25:15,190 INFO AVS_ZohoIntegration.Program - ItemCode: MRP_GranChild
2026-06-25 11:25:15,190 INFO AVS_ZohoIntegration.Program - PriceList: 2
2026-06-25 11:25:15,190 INFO AVS_ZohoIntegration.Program - Price: 6
2026-06-25 11:25:15,191 INFO AVS_ZohoIntegration.Program - * Procesando resultado: 291 *
2026-06-25 11:25:15,191 INFO AVS_ZohoIntegration.Program - ItemCode: MRP_GranChild
2026-06-25 11:25:15,191 INFO AVS_ZohoIntegration.Program - PriceList: 3
2026-06-25 11:25:15,191 INFO AVS_ZohoIntegration.Program - Price: 4.8
2026-06-25 11:25:15,192 INFO AVS_ZohoIntegration.Program - * Procesando resultado: 292 *
2026-06-25 11:25:15,192 INFO AVS_ZohoIntegration.Program - ItemCode: MRP_GranChild
2026-06-25 11:25:15,192 INFO AVS_ZohoIntegration.Program - PriceList: 4
2026-06-25 11:25:15,192 INFO AVS_ZohoIntegration.Program - Price: 4.2
2026-06-25 11:25:15,193 INFO AVS_ZohoIntegration.Program - * Procesando resultado: 293 *
2026-06-25 11:25:15,193 INFO AVS_ZohoIntegration.Program - ItemCode: MRP_Item1
2026-06-25 11:25:15,193 INFO AVS_ZohoIntegration.Program - PriceList: 1
2026-06-25 11:25:15,193 INFO AVS_ZohoIntegration.Program - Price: 20
2026-06-25 11:25:15,193 INFO AVS_ZohoIntegration.Program - * Procesando resultado: 294 *
2026-06-25 11:25:15,194 INFO AVS_ZohoIntegration.Program - ItemCode: MRP_Item1
2026-06-25 11:25:15,194 INFO AVS_ZohoIntegration.Program - PriceList: 2
2026-06-25 11:25:15,194 INFO AVS_ZohoIntegration.Program - Price: 40
2026-06-25 11:25:15,194 INFO AVS_ZohoIntegration.Program - * Procesando resultado: 295 *
2026-06-25 11:25:15,194 INFO AVS_ZohoIntegration.Program - ItemCode: MRP_Item1
2026-06-25 11:25:15,195 INFO AVS_ZohoIntegration.Program - PriceList: 3
2026-06-25 11:25:15,195 INFO AVS_ZohoIntegration.Program - Price: 32
2026-06-25 11:25:15,195 INFO AVS_ZohoIntegration.Program - * Procesando resultado: 296 *
2026-06-25 11:25:15,195 INFO AVS_ZohoIntegration.Program - ItemCode: MRP_Item1
2026-06-25 11:25:15,196 INFO AVS_ZohoIntegration.Program - PriceList: 4
2026-06-25 11:25:15,196 INFO AVS_ZohoIntegration.Program - Price: 28
2026-06-25 11:25:15,196 INFO AVS_ZohoIntegration.Program - * Procesando resultado: 297 *
2026-06-25 11:25:15,196 INFO AVS_ZohoIntegration.Program - ItemCode: MRP_Item2
2026-06-25 11:25:15,197 INFO AVS_ZohoIntegration.Program - PriceList: 1
2026-06-25 11:25:15,197 INFO AVS_ZohoIntegration.Program - Price: 20
2026-06-25 11:25:15,198 INFO AVS_ZohoIntegration.Program - * Procesando resultado: 298 *
2026-06-25 11:25:15,198 INFO AVS_ZohoIntegration.Program - ItemCode: MRP_Item2
2026-06-25 11:25:15,199 INFO AVS_ZohoIntegration.Program - PriceList: 2
2026-06-25 11:25:15,199 INFO AVS_ZohoIntegration.Program - Price: 40
2026-06-25 11:25:15,200 INFO AVS_ZohoIntegration.Program - * Procesando resultado: 299 *
2026-06-25 11:25:15,200 INFO AVS_ZohoIntegration.Program - ItemCode: MRP_Item2
2026-06-25 11:25:15,200 INFO AVS_ZohoIntegration.Program - PriceList: 3
2026-06-25 11:25:15,201 INFO AVS_ZohoIntegration.Program - Price: 32
2026-06-25 11:25:15,201 INFO AVS_ZohoIntegration.Program - * Procesando resultado: 300 *
2026-06-25 11:25:15,201 INFO AVS_ZohoIntegration.Program - ItemCode: MRP_Item2
2026-06-25 11:25:15,202 INFO AVS_ZohoIntegration.Program - PriceList: 4
2026-06-25 11:25:15,202 INFO AVS_ZohoIntegration.Program - Price: 28
2026-06-25 11:25:15,202 INFO AVS_ZohoIntegration.Program - * Procesando resultado: 301 *
2026-06-25 11:25:15,202 INFO AVS_ZohoIntegration.Program - ItemCode: MRP_Item3
2026-06-25 11:25:15,203 INFO AVS_ZohoIntegration.Program - PriceList: 1
2026-06-25 11:25:15,203 INFO AVS_ZohoIntegration.Program - Price: 20
2026-06-25 11:25:15,203 INFO AVS_ZohoIntegration.Program - * Procesando resultado: 302 *
2026-06-25 11:25:15,204 INFO AVS_ZohoIntegration.Program - ItemCode: MRP_Item3
2026-06-25 11:25:15,204 INFO AVS_ZohoIntegration.Program - PriceList: 2
2026-06-25 11:25:15,204 INFO AVS_ZohoIntegration.Program - Price: 40
2026-06-25 11:25:15,205 INFO AVS_ZohoIntegration.Program - * Procesando resultado: 303 *
2026-06-25 11:25:15,205 INFO AVS_ZohoIntegration.Program - ItemCode: MRP_Item3
2026-06-25 11:25:15,205 INFO AVS_ZohoIntegration.Program - PriceList: 3
2026-06-25 11:25:15,206 INFO AVS_ZohoIntegration.Program - Price: 32
2026-06-25 11:25:15,206 INFO AVS_ZohoIntegration.Program - * Procesando resultado: 304 *
2026-06-25 11:25:15,206 INFO AVS_ZohoIntegration.Program - ItemCode: MRP_Item3
2026-06-25 11:25:15,207 INFO AVS_ZohoIntegration.Program - PriceList: 4
2026-06-25 11:25:15,207 INFO AVS_ZohoIntegration.Program - Price: 28
2026-06-25 11:25:15,207 INFO AVS_ZohoIntegration.Program - * Procesando resultado: 305 *
2026-06-25 11:25:15,208 INFO AVS_ZohoIntegration.Program - ItemCode: MRP_Item4
2026-06-25 11:25:15,208 INFO AVS_ZohoIntegration.Program - PriceList: 1
2026-06-25 11:25:15,208 INFO AVS_ZohoIntegration.Program - Price: 20
2026-06-25 11:25:15,208 INFO AVS_ZohoIntegration.Program - * Procesando resultado: 306 *
2026-06-25 11:25:15,208 INFO AVS_ZohoIntegration.Program - ItemCode: MRP_Item4
2026-06-25 11:25:15,209 INFO AVS_ZohoIntegration.Program - PriceList: 2
2026-06-25 11:25:15,209 INFO AVS_ZohoIntegration.Program - Price: 40
2026-06-25 11:25:15,209 INFO AVS_ZohoIntegration.Program - * Procesando resultado: 307 *
2026-06-25 11:25:15,209 INFO AVS_ZohoIntegration.Program - ItemCode: MRP_Item4
2026-06-25 11:25:15,210 INFO AVS_ZohoIntegration.Program - PriceList: 3
2026-06-25 11:25:15,210 INFO AVS_ZohoIntegration.Program - Price: 32
2026-06-25 11:25:15,210 INFO AVS_ZohoIntegration.Program - * Procesando resultado: 308 *
2026-06-25 11:25:15,211 INFO AVS_ZohoIntegration.Program - ItemCode: MRP_Item4
2026-06-25 11:25:15,211 INFO AVS_ZohoIntegration.Program - PriceList: 4
2026-06-25 11:25:15,211 INFO AVS_ZohoIntegration.Program - Price: 28
2026-06-25 11:25:15,211 INFO AVS_ZohoIntegration.Program - * Procesando resultado: 309 *
2026-06-25 11:25:15,212 INFO AVS_ZohoIntegration.Program - ItemCode: MRP_Item5
2026-06-25 11:25:15,212 INFO AVS_ZohoIntegration.Program - PriceList: 1
2026-06-25 11:25:15,214 INFO AVS_ZohoIntegration.Program - Price: 20
2026-06-25 11:25:15,214 INFO AVS_ZohoIntegration.Program - * Procesando resultado: 310 *
2026-06-25 11:25:15,214 INFO AVS_ZohoIntegration.Program - ItemCode: MRP_Item5
2026-06-25 11:25:15,215 INFO AVS_ZohoIntegration.Program - PriceList: 2
2026-06-25 11:25:15,216 INFO AVS_ZohoIntegration.Program - Price: 40
2026-06-25 11:25:15,217 INFO AVS_ZohoIntegration.Program - * Procesando resultado: 311 *
2026-06-25 11:25:15,217 INFO AVS_ZohoIntegration.Program - ItemCode: MRP_Item5
2026-06-25 11:25:15,218 INFO AVS_ZohoIntegration.Program - PriceList: 3
2026-06-25 11:25:15,218 INFO AVS_ZohoIntegration.Program - Price: 32
2026-06-25 11:25:15,218 INFO AVS_ZohoIntegration.Program - * Procesando resultado: 312 *
2026-06-25 11:25:15,219 INFO AVS_ZohoIntegration.Program - ItemCode: MRP_Item5
2026-06-25 11:25:15,219 INFO AVS_ZohoIntegration.Program - PriceList: 4
2026-06-25 11:25:15,219 INFO AVS_ZohoIntegration.Program - Price: 28
2026-06-25 11:25:15,219 INFO AVS_ZohoIntegration.Program - * Procesando resultado: 313 *
2026-06-25 11:25:15,220 INFO AVS_ZohoIntegration.Program - ItemCode: P10001
2026-06-25 11:25:15,220 INFO AVS_ZohoIntegration.Program - PriceList: 1
2026-06-25 11:25:15,220 INFO AVS_ZohoIntegration.Program - Price: 272747.89
2026-06-25 11:25:15,220 INFO AVS_ZohoIntegration.Program - * Procesando resultado: 314 *
2026-06-25 11:25:15,221 INFO AVS_ZohoIntegration.Program - ItemCode: P10001
2026-06-25 11:25:15,221 INFO AVS_ZohoIntegration.Program - PriceList: 2
2026-06-25 11:25:15,221 INFO AVS_ZohoIntegration.Program - Price: 545495.78
2026-06-25 11:25:15,221 INFO AVS_ZohoIntegration.Program - * Procesando resultado: 315 *
2026-06-25 11:25:15,222 INFO AVS_ZohoIntegration.Program - ItemCode: P10001
2026-06-25 11:25:15,222 INFO AVS_ZohoIntegration.Program - PriceList: 3
2026-06-25 11:25:15,222 INFO AVS_ZohoIntegration.Program - Price: 436396.62
2026-06-25 11:25:15,222 INFO AVS_ZohoIntegration.Program - * Procesando resultado: 316 *
2026-06-25 11:25:15,222 INFO AVS_ZohoIntegration.Program - ItemCode: P10001
2026-06-25 11:25:15,223 INFO AVS_ZohoIntegration.Program - PriceList: 4
2026-06-25 11:25:15,223 INFO AVS_ZohoIntegration.Program - Price: 381847.05
2026-06-25 11:25:15,223 INFO AVS_ZohoIntegration.Program - * Procesando resultado: 317 *
2026-06-25 11:25:15,223 INFO AVS_ZohoIntegration.Program - ItemCode: P10001_D
2026-06-25 11:25:15,223 INFO AVS_ZohoIntegration.Program - PriceList: 1
2026-06-25 11:25:15,224 INFO AVS_ZohoIntegration.Program - Price: 272747.89
2026-06-25 11:25:15,224 INFO AVS_ZohoIntegration.Program - * Procesando resultado: 318 *
2026-06-25 11:25:15,224 INFO AVS_ZohoIntegration.Program - ItemCode: P10001_D
2026-06-25 11:25:15,225 INFO AVS_ZohoIntegration.Program - PriceList: 2
2026-06-25 11:25:15,225 INFO AVS_ZohoIntegration.Program - Price: 545495.78
2026-06-25 11:25:15,226 INFO AVS_ZohoIntegration.Program - * Procesando resultado: 319 *
2026-06-25 11:25:15,226 INFO AVS_ZohoIntegration.Program - ItemCode: P10001_D
2026-06-25 11:25:15,226 INFO AVS_ZohoIntegration.Program - PriceList: 3
2026-06-25 11:25:15,226 INFO AVS_ZohoIntegration.Program - Price: 436396.62
2026-06-25 11:25:15,227 INFO AVS_ZohoIntegration.Program - * Procesando resultado: 320 *
2026-06-25 11:25:15,227 INFO AVS_ZohoIntegration.Program - ItemCode: P10001_D
2026-06-25 11:25:15,227 INFO AVS_ZohoIntegration.Program - PriceList: 4
2026-06-25 11:25:15,228 INFO AVS_ZohoIntegration.Program - Price: 381847.05
2026-06-25 11:25:15,228 INFO AVS_ZohoIntegration.Program - * Procesando resultado: 321 *
2026-06-25 11:25:15,228 INFO AVS_ZohoIntegration.Program - ItemCode: P10001_L
2026-06-25 11:25:15,230 INFO AVS_ZohoIntegration.Program - PriceList: 1
2026-06-25 11:25:15,230 INFO AVS_ZohoIntegration.Program - Price: 272747.89
2026-06-25 11:25:15,230 INFO AVS_ZohoIntegration.Program - * Procesando resultado: 322 *
2026-06-25 11:25:15,231 INFO AVS_ZohoIntegration.Program - ItemCode: P10001_L
2026-06-25 11:25:15,231 INFO AVS_ZohoIntegration.Program - PriceList: 2
2026-06-25 11:25:15,232 INFO AVS_ZohoIntegration.Program - Price: 545495.78
2026-06-25 11:25:15,232 INFO AVS_ZohoIntegration.Program - * Procesando resultado: 323 *
2026-06-25 11:25:15,233 INFO AVS_ZohoIntegration.Program - ItemCode: P10001_L
2026-06-25 11:25:15,233 INFO AVS_ZohoIntegration.Program - PriceList: 3
2026-06-25 11:25:15,233 INFO AVS_ZohoIntegration.Program - Price: 436396.62
2026-06-25 11:25:15,234 INFO AVS_ZohoIntegration.Program - * Procesando resultado: 324 *
2026-06-25 11:25:15,234 INFO AVS_ZohoIntegration.Program - ItemCode: P10001_L
2026-06-25 11:25:15,234 INFO AVS_ZohoIntegration.Program - PriceList: 4
2026-06-25 11:25:15,235 INFO AVS_ZohoIntegration.Program - Price: 381847.05
2026-06-25 11:25:15,235 INFO AVS_ZohoIntegration.Program - * Procesando resultado: 325 *
2026-06-25 11:25:15,235 INFO AVS_ZohoIntegration.Program - ItemCode: P10001-R
2026-06-25 11:25:15,236 INFO AVS_ZohoIntegration.Program - PriceList: 1
2026-06-25 11:25:15,236 INFO AVS_ZohoIntegration.Program - Price: 272747.89
2026-06-25 11:25:15,236 INFO AVS_ZohoIntegration.Program - * Procesando resultado: 326 *
2026-06-25 11:25:15,237 INFO AVS_ZohoIntegration.Program - ItemCode: P10001-R
2026-06-25 11:25:15,237 INFO AVS_ZohoIntegration.Program - PriceList: 2
2026-06-25 11:25:15,237 INFO AVS_ZohoIntegration.Program - Price: 545495.78
2026-06-25 11:25:15,238 INFO AVS_ZohoIntegration.Program - * Procesando resultado: 327 *
2026-06-25 11:25:15,238 INFO AVS_ZohoIntegration.Program - ItemCode: P10001-R
2026-06-25 11:25:15,238 INFO AVS_ZohoIntegration.Program - PriceList: 3
2026-06-25 11:25:15,238 INFO AVS_ZohoIntegration.Program - Price: 436396.62
2026-06-25 11:25:15,239 INFO AVS_ZohoIntegration.Program - * Procesando resultado: 328 *
2026-06-25 11:25:15,239 INFO AVS_ZohoIntegration.Program - ItemCode: P10001-R
2026-06-25 11:25:15,239 INFO AVS_ZohoIntegration.Program - PriceList: 4
2026-06-25 11:25:15,240 INFO AVS_ZohoIntegration.Program - Price: 381847.05
2026-06-25 11:25:15,240 INFO AVS_ZohoIntegration.Program - * Procesando resultado: 329 *
2026-06-25 11:25:15,240 INFO AVS_ZohoIntegration.Program - ItemCode: P10002
2026-06-25 11:25:15,240 INFO AVS_ZohoIntegration.Program - PriceList: 1
2026-06-25 11:25:15,241 INFO AVS_ZohoIntegration.Program - Price: 261234.18
2026-06-25 11:25:15,241 INFO AVS_ZohoIntegration.Program - * Procesando resultado: 330 *
2026-06-25 11:25:15,241 INFO AVS_ZohoIntegration.Program - ItemCode: P10002
2026-06-25 11:25:15,241 INFO AVS_ZohoIntegration.Program - PriceList: 2
2026-06-25 11:25:15,242 INFO AVS_ZohoIntegration.Program - Price: 522468.36
2026-06-25 11:25:15,242 INFO AVS_ZohoIntegration.Program - * Procesando resultado: 331 *
2026-06-25 11:25:15,243 INFO AVS_ZohoIntegration.Program - ItemCode: P10002
2026-06-25 11:25:15,243 INFO AVS_ZohoIntegration.Program - PriceList: 3
2026-06-25 11:25:15,243 INFO AVS_ZohoIntegration.Program - Price: 417974.69
2026-06-25 11:25:15,244 INFO AVS_ZohoIntegration.Program - * Procesando resultado: 332 *
2026-06-25 11:25:15,244 INFO AVS_ZohoIntegration.Program - ItemCode: P10002
2026-06-25 11:25:15,245 INFO AVS_ZohoIntegration.Program - PriceList: 4
2026-06-25 11:25:15,245 INFO AVS_ZohoIntegration.Program - Price: 365727.85
2026-06-25 11:25:15,245 INFO AVS_ZohoIntegration.Program - * Procesando resultado: 333 *
2026-06-25 11:25:15,245 INFO AVS_ZohoIntegration.Program - ItemCode: P10003
2026-06-25 11:25:15,246 INFO AVS_ZohoIntegration.Program - PriceList: 1
2026-06-25 11:25:15,246 INFO AVS_ZohoIntegration.Program - Price: 57632.81
2026-06-25 11:25:15,246 INFO AVS_ZohoIntegration.Program - * Procesando resultado: 334 *
2026-06-25 11:25:15,247 INFO AVS_ZohoIntegration.Program - ItemCode: P10003
2026-06-25 11:25:15,247 INFO AVS_ZohoIntegration.Program - PriceList: 2
2026-06-25 11:25:15,247 INFO AVS_ZohoIntegration.Program - Price: 115265.62
2026-06-25 11:25:15,247 INFO AVS_ZohoIntegration.Program - * Procesando resultado: 335 *
2026-06-25 11:25:15,247 INFO AVS_ZohoIntegration.Program - ItemCode: P10003
2026-06-25 11:25:15,248 INFO AVS_ZohoIntegration.Program - PriceList: 3
2026-06-25 11:25:15,248 INFO AVS_ZohoIntegration.Program - Price: 92212.5
2026-06-25 11:25:15,249 INFO AVS_ZohoIntegration.Program - * Procesando resultado: 336 *
2026-06-25 11:25:15,249 INFO AVS_ZohoIntegration.Program - ItemCode: P10003
2026-06-25 11:25:15,250 INFO AVS_ZohoIntegration.Program - PriceList: 4
2026-06-25 11:25:15,250 INFO AVS_ZohoIntegration.Program - Price: 80685.93
2026-06-25 11:25:15,250 INFO AVS_ZohoIntegration.Program - * Procesando resultado: 337 *
2026-06-25 11:25:15,250 INFO AVS_ZohoIntegration.Program - ItemCode: P10004
2026-06-25 11:25:15,251 INFO AVS_ZohoIntegration.Program - PriceList: 1
2026-06-25 11:25:15,251 INFO AVS_ZohoIntegration.Program - Price: 96011.4
2026-06-25 11:25:15,251 INFO AVS_ZohoIntegration.Program - * Procesando resultado: 338 *
2026-06-25 11:25:15,252 INFO AVS_ZohoIntegration.Program - ItemCode: P10004
2026-06-25 11:25:15,252 INFO AVS_ZohoIntegration.Program - PriceList: 2
2026-06-25 11:25:15,253 INFO AVS_ZohoIntegration.Program - Price: 192022.8
2026-06-25 11:25:15,253 INFO AVS_ZohoIntegration.Program - * Procesando resultado: 339 *
2026-06-25 11:25:15,253 INFO AVS_ZohoIntegration.Program - ItemCode: P10004
2026-06-25 11:25:15,253 INFO AVS_ZohoIntegration.Program - PriceList: 3
2026-06-25 11:25:15,254 INFO AVS_ZohoIntegration.Program - Price: 153618.24
2026-06-25 11:25:15,254 INFO AVS_ZohoIntegration.Program - * Procesando resultado: 340 *
2026-06-25 11:25:15,254 INFO AVS_ZohoIntegration.Program - ItemCode: P10004
2026-06-25 11:25:15,255 INFO AVS_ZohoIntegration.Program - PriceList: 4
2026-06-25 11:25:15,255 INFO AVS_ZohoIntegration.Program - Price: 134415.96
2026-06-25 11:25:15,255 INFO AVS_ZohoIntegration.Program - * Procesando resultado: 341 *
2026-06-25 11:25:15,255 INFO AVS_ZohoIntegration.Program - ItemCode: P20001
2026-06-25 11:25:15,256 INFO AVS_ZohoIntegration.Program - PriceList: 1
2026-06-25 11:25:15,256 INFO AVS_ZohoIntegration.Program - Price: 45632
2026-06-25 11:25:15,256 INFO AVS_ZohoIntegration.Program - * Procesando resultado: 342 *
2026-06-25 11:25:15,256 INFO AVS_ZohoIntegration.Program - ItemCode: P20001
2026-06-25 11:25:15,256 INFO AVS_ZohoIntegration.Program - PriceList: 2
2026-06-25 11:25:15,257 INFO AVS_ZohoIntegration.Program - Price: 91264
2026-06-25 11:25:15,257 INFO AVS_ZohoIntegration.Program - * Procesando resultado: 343 *
2026-06-25 11:25:15,257 INFO AVS_ZohoIntegration.Program - ItemCode: P20001
2026-06-25 11:25:15,258 INFO AVS_ZohoIntegration.Program - PriceList: 3
2026-06-25 11:25:15,258 INFO AVS_ZohoIntegration.Program - Price: 73011.2
2026-06-25 11:25:15,258 INFO AVS_ZohoIntegration.Program - * Procesando resultado: 344 *
2026-06-25 11:25:15,259 INFO AVS_ZohoIntegration.Program - ItemCode: P20001
2026-06-25 11:25:15,259 INFO AVS_ZohoIntegration.Program - PriceList: 4
2026-06-25 11:25:15,259 INFO AVS_ZohoIntegration.Program - Price: 63884.8
2026-06-25 11:25:15,259 INFO AVS_ZohoIntegration.Program - * Procesando resultado: 345 *
2026-06-25 11:25:15,260 INFO AVS_ZohoIntegration.Program - ItemCode: P20002
2026-06-25 11:25:15,260 INFO AVS_ZohoIntegration.Program - PriceList: 1
2026-06-25 11:25:15,260 INFO AVS_ZohoIntegration.Program - Price: 29453
2026-06-25 11:25:15,260 INFO AVS_ZohoIntegration.Program - * Procesando resultado: 346 *
2026-06-25 11:25:15,261 INFO AVS_ZohoIntegration.Program - ItemCode: P20002
2026-06-25 11:25:15,261 INFO AVS_ZohoIntegration.Program - PriceList: 2
2026-06-25 11:25:15,261 INFO AVS_ZohoIntegration.Program - Price: 58906
2026-06-25 11:25:15,261 INFO AVS_ZohoIntegration.Program - * Procesando resultado: 347 *
2026-06-25 11:25:15,262 INFO AVS_ZohoIntegration.Program - ItemCode: P20002
2026-06-25 11:25:15,262 INFO AVS_ZohoIntegration.Program - PriceList: 3
2026-06-25 11:25:15,262 INFO AVS_ZohoIntegration.Program - Price: 47124.8
2026-06-25 11:25:15,263 INFO AVS_ZohoIntegration.Program - * Procesando resultado: 348 *
2026-06-25 11:25:15,263 INFO AVS_ZohoIntegration.Program - ItemCode: P20002
2026-06-25 11:25:15,263 INFO AVS_ZohoIntegration.Program - PriceList: 4
2026-06-25 11:25:15,263 INFO AVS_ZohoIntegration.Program - Price: 41234.2
2026-06-25 11:25:15,263 INFO AVS_ZohoIntegration.Program - * Procesando resultado: 349 *
2026-06-25 11:25:15,264 INFO AVS_ZohoIntegration.Program - ItemCode: P20003
2026-06-25 11:25:15,264 INFO AVS_ZohoIntegration.Program - PriceList: 1
2026-06-25 11:25:15,265 INFO AVS_ZohoIntegration.Program - Price: 175699
2026-06-25 11:25:15,265 INFO AVS_ZohoIntegration.Program - * Procesando resultado: 350 *
2026-06-25 11:25:15,266 INFO AVS_ZohoIntegration.Program - ItemCode: P20003
2026-06-25 11:25:15,266 INFO AVS_ZohoIntegration.Program - PriceList: 2
2026-06-25 11:25:15,266 INFO AVS_ZohoIntegration.Program - Price: 351398
2026-06-25 11:25:15,267 INFO AVS_ZohoIntegration.Program - * Procesando resultado: 351 *
2026-06-25 11:25:15,267 INFO AVS_ZohoIntegration.Program - ItemCode: P20003
2026-06-25 11:25:15,267 INFO AVS_ZohoIntegration.Program - PriceList: 3
2026-06-25 11:25:15,268 INFO AVS_ZohoIntegration.Program - Price: 281118.4
2026-06-25 11:25:15,268 INFO AVS_ZohoIntegration.Program - * Procesando resultado: 352 *
2026-06-25 11:25:15,268 INFO AVS_ZohoIntegration.Program - ItemCode: P20003
2026-06-25 11:25:15,269 INFO AVS_ZohoIntegration.Program - PriceList: 4
2026-06-25 11:25:15,269 INFO AVS_ZohoIntegration.Program - Price: 245978.6
2026-06-25 11:25:15,270 INFO AVS_ZohoIntegration.Program - * Procesando resultado: 353 *
2026-06-25 11:25:15,270 INFO AVS_ZohoIntegration.Program - ItemCode: PR00001
2026-06-25 11:25:15,270 INFO AVS_ZohoIntegration.Program - PriceList: 1
2026-06-25 11:25:15,270 INFO AVS_ZohoIntegration.Program - Price: 300
2026-06-25 11:25:15,271 INFO AVS_ZohoIntegration.Program - * Procesando resultado: 354 *
2026-06-25 11:25:15,271 INFO AVS_ZohoIntegration.Program - ItemCode: PR00001
2026-06-25 11:25:15,271 INFO AVS_ZohoIntegration.Program - PriceList: 2
2026-06-25 11:25:15,271 INFO AVS_ZohoIntegration.Program - Price: 414.47
2026-06-25 11:25:15,271 INFO AVS_ZohoIntegration.Program - * Procesando resultado: 355 *
2026-06-25 11:25:15,271 INFO AVS_ZohoIntegration.Program - ItemCode: PR00001
2026-06-25 11:25:15,273 INFO AVS_ZohoIntegration.Program - PriceList: 3
2026-06-25 11:25:15,273 INFO AVS_ZohoIntegration.Program - Price: 480
2026-06-25 11:25:15,273 INFO AVS_ZohoIntegration.Program - * Procesando resultado: 356 *
2026-06-25 11:25:15,274 INFO AVS_ZohoIntegration.Program - ItemCode: PR00001
2026-06-25 11:25:15,274 INFO AVS_ZohoIntegration.Program - PriceList: 4
2026-06-25 11:25:15,274 INFO AVS_ZohoIntegration.Program - Price: 420
2026-06-25 11:25:15,274 INFO AVS_ZohoIntegration.Program - * Procesando resultado: 357 *
2026-06-25 11:25:15,275 INFO AVS_ZohoIntegration.Program - ItemCode: R00001
2026-06-25 11:25:15,275 INFO AVS_ZohoIntegration.Program - PriceList: 1
2026-06-25 11:25:15,275 INFO AVS_ZohoIntegration.Program - Price: 5
2026-06-25 11:25:15,275 INFO AVS_ZohoIntegration.Program - * Procesando resultado: 358 *
2026-06-25 11:25:15,276 INFO AVS_ZohoIntegration.Program - ItemCode: R00001
2026-06-25 11:25:15,276 INFO AVS_ZohoIntegration.Program - PriceList: 2
2026-06-25 11:25:15,276 INFO AVS_ZohoIntegration.Program - Price: 7.5
2026-06-25 11:25:15,276 INFO AVS_ZohoIntegration.Program - * Procesando resultado: 359 *
2026-06-25 11:25:15,276 INFO AVS_ZohoIntegration.Program - ItemCode: R00001
2026-06-25 11:25:15,277 INFO AVS_ZohoIntegration.Program - PriceList: 3
2026-06-25 11:25:15,277 INFO AVS_ZohoIntegration.Program - Price: 8
2026-06-25 11:25:15,277 INFO AVS_ZohoIntegration.Program - * Procesando resultado: 360 *
2026-06-25 11:25:15,277 INFO AVS_ZohoIntegration.Program - ItemCode: R00001
2026-06-25 11:25:15,277 INFO AVS_ZohoIntegration.Program - PriceList: 4
2026-06-25 11:25:15,278 INFO AVS_ZohoIntegration.Program - Price: 7
2026-06-25 11:25:15,278 INFO AVS_ZohoIntegration.Program - * Procesando resultado: 361 *
2026-06-25 11:25:15,278 INFO AVS_ZohoIntegration.Program - ItemCode: R00002
2026-06-25 11:25:15,278 INFO AVS_ZohoIntegration.Program - PriceList: 1
2026-06-25 11:25:15,279 INFO AVS_ZohoIntegration.Program - Price: 3
2026-06-25 11:25:15,279 INFO AVS_ZohoIntegration.Program - * Procesando resultado: 362 *
2026-06-25 11:25:15,279 INFO AVS_ZohoIntegration.Program - ItemCode: R00002
2026-06-25 11:25:15,279 INFO AVS_ZohoIntegration.Program - PriceList: 2
2026-06-25 11:25:15,280 INFO AVS_ZohoIntegration.Program - Price: 4.5
2026-06-25 11:25:15,280 INFO AVS_ZohoIntegration.Program - * Procesando resultado: 363 *
2026-06-25 11:25:15,280 INFO AVS_ZohoIntegration.Program - ItemCode: R00002
2026-06-25 11:25:15,280 INFO AVS_ZohoIntegration.Program - PriceList: 3
2026-06-25 11:25:15,281 INFO AVS_ZohoIntegration.Program - Price: 4.8
2026-06-25 11:25:15,281 INFO AVS_ZohoIntegration.Program - * Procesando resultado: 364 *
2026-06-25 11:25:15,282 INFO AVS_ZohoIntegration.Program - ItemCode: R00002
2026-06-25 11:25:15,282 INFO AVS_ZohoIntegration.Program - PriceList: 4
2026-06-25 11:25:15,283 INFO AVS_ZohoIntegration.Program - Price: 4.2
2026-06-25 11:25:15,283 INFO AVS_ZohoIntegration.Program - * Procesando resultado: 365 *
2026-06-25 11:25:15,283 INFO AVS_ZohoIntegration.Program - ItemCode: S10000
2026-06-25 11:25:15,284 INFO AVS_ZohoIntegration.Program - PriceList: 1
2026-06-25 11:25:15,284 INFO AVS_ZohoIntegration.Program - Price: 354042.43
2026-06-25 11:25:15,285 INFO AVS_ZohoIntegration.Program - * Procesando resultado: 366 *
2026-06-25 11:25:15,285 INFO AVS_ZohoIntegration.Program - ItemCode: S10000
2026-06-25 11:25:15,285 INFO AVS_ZohoIntegration.Program - PriceList: 2
2026-06-25 11:25:15,285 INFO AVS_ZohoIntegration.Program - Price: 708084.86
2026-06-25 11:25:15,286 INFO AVS_ZohoIntegration.Program - * Procesando resultado: 367 *
2026-06-25 11:25:15,286 INFO AVS_ZohoIntegration.Program - ItemCode: S10000
2026-06-25 11:25:15,286 INFO AVS_ZohoIntegration.Program - PriceList: 3
2026-06-25 11:25:15,287 INFO AVS_ZohoIntegration.Program - Price: 566467.89
2026-06-25 11:25:15,287 INFO AVS_ZohoIntegration.Program - * Procesando resultado: 368 *
2026-06-25 11:25:15,287 INFO AVS_ZohoIntegration.Program - ItemCode: S10000
2026-06-25 11:25:15,287 INFO AVS_ZohoIntegration.Program - PriceList: 4
2026-06-25 11:25:15,288 INFO AVS_ZohoIntegration.Program - Price: 495659.4
2026-06-25 11:25:15,288 INFO AVS_ZohoIntegration.Program - * Procesando resultado: 369 *
2026-06-25 11:25:15,288 INFO AVS_ZohoIntegration.Program - ItemCode: TR0001
2026-06-25 11:25:15,288 INFO AVS_ZohoIntegration.Program - PriceList: 1
2026-06-25 11:25:15,289 INFO AVS_ZohoIntegration.Program - Price: 600
2026-06-25 11:25:15,289 INFO AVS_ZohoIntegration.Program - * Procesando resultado: 370 *
2026-06-25 11:25:15,289 INFO AVS_ZohoIntegration.Program - ItemCode: TR0001
2026-06-25 11:25:15,289 INFO AVS_ZohoIntegration.Program - PriceList: 2
2026-06-25 11:25:15,290 INFO AVS_ZohoIntegration.Program - Price: 1200
2026-06-25 11:25:15,290 INFO AVS_ZohoIntegration.Program - * Procesando resultado: 371 *
2026-06-25 11:25:15,290 INFO AVS_ZohoIntegration.Program - ItemCode: TR0001
2026-06-25 11:25:15,290 INFO AVS_ZohoIntegration.Program - PriceList: 3
2026-06-25 11:25:15,291 INFO AVS_ZohoIntegration.Program - Price: 960
2026-06-25 11:25:15,291 INFO AVS_ZohoIntegration.Program - * Procesando resultado: 372 *
2026-06-25 11:25:15,291 INFO AVS_ZohoIntegration.Program - ItemCode: TR0001
2026-06-25 11:25:15,291 INFO AVS_ZohoIntegration.Program - PriceList: 4
2026-06-25 11:25:15,291 INFO AVS_ZohoIntegration.Program - Price: 840
2026-06-25 11:25:15,292 INFO AVS_ZohoIntegration.Program - * Procesando resultado: 373 *
2026-06-25 11:25:15,292 INFO AVS_ZohoIntegration.Program - ItemCode: Z00001
2026-06-25 11:25:15,292 INFO AVS_ZohoIntegration.Program - PriceList: 1
2026-06-25 11:25:15,292 INFO AVS_ZohoIntegration.Program - Price: 700
2026-06-25 11:25:15,293 INFO AVS_ZohoIntegration.Program - * Procesando resultado: 374 *
2026-06-25 11:25:15,293 INFO AVS_ZohoIntegration.Program - ItemCode: Z00001
2026-06-25 11:25:15,293 INFO AVS_ZohoIntegration.Program - PriceList: 2
2026-06-25 11:25:15,293 INFO AVS_ZohoIntegration.Program - Price: 1400
2026-06-25 11:25:15,294 INFO AVS_ZohoIntegration.Program - * Procesando resultado: 375 *
2026-06-25 11:25:15,294 INFO AVS_ZohoIntegration.Program - ItemCode: Z00001
2026-06-25 11:25:15,294 INFO AVS_ZohoIntegration.Program - PriceList: 3
2026-06-25 11:25:15,294 INFO AVS_ZohoIntegration.Program - Price: 1120
2026-06-25 11:25:15,295 INFO AVS_ZohoIntegration.Program - * Procesando resultado: 376 *
2026-06-25 11:25:15,295 INFO AVS_ZohoIntegration.Program - ItemCode: Z00001
2026-06-25 11:25:15,295 INFO AVS_ZohoIntegration.Program - PriceList: 4
2026-06-25 11:25:15,295 INFO AVS_ZohoIntegration.Program - Price: 980
2026-06-25 11:25:15,296 INFO AVS_ZohoIntegration.Program - * Procesando resultado: 377 *
2026-06-25 11:25:15,296 INFO AVS_ZohoIntegration.Program - ItemCode: Z00002
2026-06-25 11:25:15,296 INFO AVS_ZohoIntegration.Program - PriceList: 1
2026-06-25 11:25:15,296 INFO AVS_ZohoIntegration.Program - Price: 700
2026-06-25 11:25:15,297 INFO AVS_ZohoIntegration.Program - * Procesando resultado: 378 *
2026-06-25 11:25:15,297 INFO AVS_ZohoIntegration.Program - ItemCode: Z00002
2026-06-25 11:25:15,297 INFO AVS_ZohoIntegration.Program - PriceList: 2
2026-06-25 11:25:15,297 INFO AVS_ZohoIntegration.Program - Price: 1400
2026-06-25 11:25:15,298 INFO AVS_ZohoIntegration.Program - * Procesando resultado: 379 *
2026-06-25 11:25:15,298 INFO AVS_ZohoIntegration.Program - ItemCode: Z00002
2026-06-25 11:25:15,298 INFO AVS_ZohoIntegration.Program - PriceList: 3
2026-06-25 11:25:15,299 INFO AVS_ZohoIntegration.Program - Price: 1120
2026-06-25 11:25:15,299 INFO AVS_ZohoIntegration.Program - * Procesando resultado: 380 *
2026-06-25 11:25:15,299 INFO AVS_ZohoIntegration.Program - ItemCode: Z00002
2026-06-25 11:25:15,300 INFO AVS_ZohoIntegration.Program - PriceList: 4
2026-06-25 11:25:15,300 INFO AVS_ZohoIntegration.Program - Price: 980
