2026-07-28 14:45:04,812 INFO AVS_ZohoIntegration.Program - AVS SFTPSync Version [1.0.0.0]
2026-07-28 14:45:04,816 INFO AVS_ZohoIntegration.Program - Leyendo archivo de configuracion.
2026-07-28 14:45:04,877 INFO AVS_ZohoIntegration.Program - Archivo de configuracion leido correctamente.
2026-07-28 14:45:04,878 DEBUG AVS_ZohoIntegration.Program - **************************************************************************
2026-07-28 14:45:04,878 DEBUG AVS_ZohoIntegration.Program - Ejecutando sincronizacion para: SBODemoMX
2026-07-28 14:45:07,899 DEBUG AVS_ZohoIntegration.Program - Validando licencia...
2026-07-28 14:45:07,916 INFO AVS_ZohoIntegration.Program - Licencia valida.
2026-07-28 14:45:07,916 INFO AVS_ZohoIntegration.Program - Comando recibido: SENDBUSINESSPARTNERS
2026-07-28 14:45:07,916 INFO AVS_ZohoIntegration.Program - Iniciando proceso de envío de socios de negocio...
2026-07-28 14:45:07,916 INFO AVS_ZohoIntegration.Program - *** Obteniendo información de cabecera: Socios de Negocio (OCRD) ***
2026-07-28 14:45:08,423 INFO AVS_ZohoIntegration.Program - Se han obtenido 22 resultados pendientes de procesar.
2026-07-28 14:45:08,423 INFO AVS_ZohoIntegration.Program - * Procesando resultado: 1 *
2026-07-28 14:45:08,423 INFO AVS_ZohoIntegration.Program - Cliente_SAP: C1111
2026-07-28 14:45:08,423 INFO AVS_ZohoIntegration.Program - Account_Name: Cliente Mostrador
2026-07-28 14:45:08,423 INFO AVS_ZohoIntegration.Program - Phone: 
2026-07-28 14:45:08,423 INFO AVS_ZohoIntegration.Program - Website: 
2026-07-28 14:45:08,423 INFO AVS_ZohoIntegration.Program - Billing_Street: 
2026-07-28 14:45:08,423 INFO AVS_ZohoIntegration.Program - Billing_City: 
2026-07-28 14:45:08,423 INFO AVS_ZohoIntegration.Program - Billing_State: 
2026-07-28 14:45:08,423 INFO AVS_ZohoIntegration.Program - Billing_Code: 
2026-07-28 14:45:08,432 INFO AVS_ZohoIntegration.Program - Billing_Country: MX
2026-07-28 14:45:08,433 INFO AVS_ZohoIntegration.Program - Shipping_Street: 
2026-07-28 14:45:08,433 INFO AVS_ZohoIntegration.Program - Shipping_City: 
2026-07-28 14:45:08,433 INFO AVS_ZohoIntegration.Program - Shipping_State: 
2026-07-28 14:45:08,434 INFO AVS_ZohoIntegration.Program - Shipping_Code: 
2026-07-28 14:45:08,434 INFO AVS_ZohoIntegration.Program - Shipping_Country: MX
2026-07-28 14:45:08,435 INFO AVS_ZohoIntegration.Program - * Procesando resultado: 2 *
2026-07-28 14:45:08,435 INFO AVS_ZohoIntegration.Program - Cliente_SAP: C12345
2026-07-28 14:45:08,436 INFO AVS_ZohoIntegration.Program - Account_Name: Comercializadora XYZ S.A. de C.V.
2026-07-28 14:45:08,436 INFO AVS_ZohoIntegration.Program - Phone: 
2026-07-28 14:45:08,437 INFO AVS_ZohoIntegration.Program - Website: 
2026-07-28 14:45:08,438 INFO AVS_ZohoIntegration.Program - Billing_Street: Av. Insurgentes Sur
2026-07-28 14:45:08,439 INFO AVS_ZohoIntegration.Program - Billing_City: Ciudad de México
2026-07-28 14:45:08,439 INFO AVS_ZohoIntegration.Program - Billing_State: DF
2026-07-28 14:45:08,440 INFO AVS_ZohoIntegration.Program - Billing_Code: 03100
2026-07-28 14:45:08,440 INFO AVS_ZohoIntegration.Program - Billing_Country: MX
2026-07-28 14:45:08,442 INFO AVS_ZohoIntegration.Program - Shipping_Street: Carretera México-Toluca
2026-07-28 14:45:08,442 INFO AVS_ZohoIntegration.Program - Shipping_City: Toluca
2026-07-28 14:45:08,443 INFO AVS_ZohoIntegration.Program - Shipping_State: MEX
2026-07-28 14:45:08,444 INFO AVS_ZohoIntegration.Program - Shipping_Code: 50000
2026-07-28 14:45:08,444 INFO AVS_ZohoIntegration.Program - Shipping_Country: MX
2026-07-28 14:45:08,445 INFO AVS_ZohoIntegration.Program - * Procesando resultado: 3 *
2026-07-28 14:45:08,445 INFO AVS_ZohoIntegration.Program - Cliente_SAP: C123456
2026-07-28 14:45:08,446 INFO AVS_ZohoIntegration.Program - Account_Name: Comercializadora XYZ S.A. de C.V.
2026-07-28 14:45:08,446 INFO AVS_ZohoIntegration.Program - Phone: 
2026-07-28 14:45:08,447 INFO AVS_ZohoIntegration.Program - Website: 
2026-07-28 14:45:08,447 INFO AVS_ZohoIntegration.Program - Billing_Street: Av. Insurgentes Sur
2026-07-28 14:45:08,448 INFO AVS_ZohoIntegration.Program - Billing_City: Ciudad de México
2026-07-28 14:45:08,449 INFO AVS_ZohoIntegration.Program - Billing_State: DF
2026-07-28 14:45:08,449 INFO AVS_ZohoIntegration.Program - Billing_Code: 03100
2026-07-28 14:45:08,449 INFO AVS_ZohoIntegration.Program - Billing_Country: MX
2026-07-28 14:45:08,450 INFO AVS_ZohoIntegration.Program - Shipping_Street: Carretera México-Toluca
2026-07-28 14:45:08,450 INFO AVS_ZohoIntegration.Program - Shipping_City: Toluca
2026-07-28 14:45:08,451 INFO AVS_ZohoIntegration.Program - Shipping_State: MEX
2026-07-28 14:45:08,451 INFO AVS_ZohoIntegration.Program - Shipping_Code: 50000
2026-07-28 14:45:08,452 INFO AVS_ZohoIntegration.Program - Shipping_Country: MX
2026-07-28 14:45:08,452 INFO AVS_ZohoIntegration.Program - * Procesando resultado: 4 *
2026-07-28 14:45:08,453 INFO AVS_ZohoIntegration.Program - Cliente_SAP: C20000
2026-07-28 14:45:08,454 INFO AVS_ZohoIntegration.Program - Account_Name: Maxi-Teq
2026-07-28 14:45:08,454 INFO AVS_ZohoIntegration.Program - Phone: +52 (55) 5565-9032
2026-07-28 14:45:08,455 INFO AVS_ZohoIntegration.Program - Website: www.maxi-teq.sap.com
2026-07-28 14:45:08,455 INFO AVS_ZohoIntegration.Program - Billing_Street: 300 Billings Drive
2026-07-28 14:45:08,456 INFO AVS_ZohoIntegration.Program - Billing_City: 
2026-07-28 14:45:08,456 INFO AVS_ZohoIntegration.Program - Billing_State: DF
2026-07-28 14:45:08,457 INFO AVS_ZohoIntegration.Program - Billing_Code: 19083
2026-07-28 14:45:08,457 INFO AVS_ZohoIntegration.Program - Billing_Country: MX
2026-07-28 14:45:08,458 INFO AVS_ZohoIntegration.Program - Shipping_Street: 300 Billings Drive
2026-07-28 14:45:08,458 INFO AVS_ZohoIntegration.Program - Shipping_City: Mexico D.F.
2026-07-28 14:45:08,459 INFO AVS_ZohoIntegration.Program - Shipping_State: DF
2026-07-28 14:45:08,460 INFO AVS_ZohoIntegration.Program - Shipping_Code: 19083
2026-07-28 14:45:08,460 INFO AVS_ZohoIntegration.Program - Shipping_Country: MX
2026-07-28 14:45:08,461 INFO AVS_ZohoIntegration.Program - * Procesando resultado: 5 *
2026-07-28 14:45:08,461 INFO AVS_ZohoIntegration.Program - Cliente_SAP: C23900
2026-07-28 14:45:08,462 INFO AVS_ZohoIntegration.Program - Account_Name: Parameter Technology
2026-07-28 14:45:08,462 INFO AVS_ZohoIntegration.Program - Phone: +52 (55)  5654-7633
2026-07-28 14:45:08,462 INFO AVS_ZohoIntegration.Program - Website: www.parameter.sap.com
2026-07-28 14:45:08,463 INFO AVS_ZohoIntegration.Program - Billing_Street: 908 Darby Road
2026-07-28 14:45:08,464 INFO AVS_ZohoIntegration.Program - Billing_City: Mexico D.F.
2026-07-28 14:45:08,464 INFO AVS_ZohoIntegration.Program - Billing_State: DF
2026-07-28 14:45:08,465 INFO AVS_ZohoIntegration.Program - Billing_Code: 19083
2026-07-28 14:45:08,465 INFO AVS_ZohoIntegration.Program - Billing_Country: MX
2026-07-28 14:45:08,466 INFO AVS_ZohoIntegration.Program - Shipping_Street: 908 Darby Road
2026-07-28 14:45:08,466 INFO AVS_ZohoIntegration.Program - Shipping_City: Mexico D.F.
2026-07-28 14:45:08,466 INFO AVS_ZohoIntegration.Program - Shipping_State: DF
2026-07-28 14:45:08,466 INFO AVS_ZohoIntegration.Program - Shipping_Code: 19083
2026-07-28 14:45:08,466 INFO AVS_ZohoIntegration.Program - Shipping_Country: MX
2026-07-28 14:45:08,466 INFO AVS_ZohoIntegration.Program - * Procesando resultado: 6 *
2026-07-28 14:45:08,466 INFO AVS_ZohoIntegration.Program - Cliente_SAP: C25000
2026-07-28 14:45:08,470 INFO AVS_ZohoIntegration.Program - Account_Name: Star Company
2026-07-28 14:45:08,470 INFO AVS_ZohoIntegration.Program - Phone: 00421 2 582 56 33
2026-07-28 14:45:08,470 INFO AVS_ZohoIntegration.Program - Website: www.starcompa.eu
2026-07-28 14:45:08,470 INFO AVS_ZohoIntegration.Program - Billing_Street: Plynarenska
2026-07-28 14:45:08,470 INFO AVS_ZohoIntegration.Program - Billing_City: Bratislava
2026-07-28 14:45:08,470 INFO AVS_ZohoIntegration.Program - Billing_State: 
2026-07-28 14:45:08,470 INFO AVS_ZohoIntegration.Program - Billing_Code: 821 09
2026-07-28 14:45:08,470 INFO AVS_ZohoIntegration.Program - Billing_Country: SK
2026-07-28 14:45:08,470 INFO AVS_ZohoIntegration.Program - Shipping_Street: Plynarenska
2026-07-28 14:45:08,470 INFO AVS_ZohoIntegration.Program - Shipping_City: Bratislava
2026-07-28 14:45:08,470 INFO AVS_ZohoIntegration.Program - Shipping_State: 
2026-07-28 14:45:08,470 INFO AVS_ZohoIntegration.Program - Shipping_Code: 821 09
2026-07-28 14:45:08,470 INFO AVS_ZohoIntegration.Program - Shipping_Country: SK
2026-07-28 14:45:08,470 INFO AVS_ZohoIntegration.Program - * Procesando resultado: 7 *
2026-07-28 14:45:08,470 INFO AVS_ZohoIntegration.Program - Cliente_SAP: C26000
2026-07-28 14:45:08,470 INFO AVS_ZohoIntegration.Program - Account_Name: River Inc
2026-07-28 14:45:08,470 INFO AVS_ZohoIntegration.Program - Phone: 0044 161 869 9000
2026-07-28 14:45:08,470 INFO AVS_ZohoIntegration.Program - Website: www.riveri.co.uk
2026-07-28 14:45:08,470 INFO AVS_ZohoIntegration.Program - Billing_Street: United Rd
2026-07-28 14:45:08,470 INFO AVS_ZohoIntegration.Program - Billing_City: Manchester
2026-07-28 14:45:08,470 INFO AVS_ZohoIntegration.Program - Billing_State: 
2026-07-28 14:45:08,470 INFO AVS_ZohoIntegration.Program - Billing_Code: M16 0RA
2026-07-28 14:45:08,470 INFO AVS_ZohoIntegration.Program - Billing_Country: GB
2026-07-28 14:45:08,482 INFO AVS_ZohoIntegration.Program - Shipping_Street: United Rd
2026-07-28 14:45:08,483 INFO AVS_ZohoIntegration.Program - Shipping_City: Manchester
2026-07-28 14:45:08,483 INFO AVS_ZohoIntegration.Program - Shipping_State: 
2026-07-28 14:45:08,483 INFO AVS_ZohoIntegration.Program - Shipping_Code: M16 0RA
2026-07-28 14:45:08,485 INFO AVS_ZohoIntegration.Program - Shipping_Country: GB
2026-07-28 14:45:08,485 INFO AVS_ZohoIntegration.Program - * Procesando resultado: 8 *
2026-07-28 14:45:08,485 INFO AVS_ZohoIntegration.Program - Cliente_SAP: C30000
2026-07-28 14:45:08,485 INFO AVS_ZohoIntegration.Program - Account_Name: Microchips
2026-07-28 14:45:08,485 INFO AVS_ZohoIntegration.Program - Phone: +52 (55) 5345-9000
2026-07-28 14:45:08,485 INFO AVS_ZohoIntegration.Program - Website: www.microchips.sap.com
2026-07-28 14:45:08,485 INFO AVS_ZohoIntegration.Program - Billing_Street: 45th Street
2026-07-28 14:45:08,485 INFO AVS_ZohoIntegration.Program - Billing_City: Mexico D.F.
2026-07-28 14:45:08,485 INFO AVS_ZohoIntegration.Program - Billing_State: DF
2026-07-28 14:45:08,485 INFO AVS_ZohoIntegration.Program - Billing_Code: 10010
2026-07-28 14:45:08,485 INFO AVS_ZohoIntegration.Program - Billing_Country: MX
2026-07-28 14:45:08,490 INFO AVS_ZohoIntegration.Program - Shipping_Street: 5th Ave
2026-07-28 14:45:08,490 INFO AVS_ZohoIntegration.Program - Shipping_City: Mexico D.F.
2026-07-28 14:45:08,490 INFO AVS_ZohoIntegration.Program - Shipping_State: DF
2026-07-28 14:45:08,490 INFO AVS_ZohoIntegration.Program - Shipping_Code: 10005
2026-07-28 14:45:08,492 INFO AVS_ZohoIntegration.Program - Shipping_Country: MX
2026-07-28 14:45:08,492 INFO AVS_ZohoIntegration.Program - * Procesando resultado: 9 *
2026-07-28 14:45:08,492 INFO AVS_ZohoIntegration.Program - Cliente_SAP: C40000
2026-07-28 14:45:08,494 INFO AVS_ZohoIntegration.Program - Account_Name: Earthshaker Corporation
2026-07-28 14:45:08,494 INFO AVS_ZohoIntegration.Program - Phone: +52 (55) 5632-3399
2026-07-28 14:45:08,494 INFO AVS_ZohoIntegration.Program - Website: www.earthshaker.sap.com.mx
2026-07-28 14:45:08,494 INFO AVS_ZohoIntegration.Program - Billing_Street: 208 Hollywood Ave
2026-07-28 14:45:08,494 INFO AVS_ZohoIntegration.Program - Billing_City: Mexico D.F.
2026-07-28 14:45:08,494 INFO AVS_ZohoIntegration.Program - Billing_State: DF
2026-07-28 14:45:08,494 INFO AVS_ZohoIntegration.Program - Billing_Code: 95030
2026-07-28 14:45:08,498 INFO AVS_ZohoIntegration.Program - Billing_Country: MX
2026-07-28 14:45:08,500 INFO AVS_ZohoIntegration.Program - Shipping_Street: 208 Hollywood Ave
2026-07-28 14:45:08,500 INFO AVS_ZohoIntegration.Program - Shipping_City: Mexico D.F.
2026-07-28 14:45:08,501 INFO AVS_ZohoIntegration.Program - Shipping_State: DF
2026-07-28 14:45:08,502 INFO AVS_ZohoIntegration.Program - Shipping_Code: 95030
2026-07-28 14:45:08,502 INFO AVS_ZohoIntegration.Program - Shipping_Country: MX
2026-07-28 14:45:08,502 INFO AVS_ZohoIntegration.Program - * Procesando resultado: 10 *
2026-07-28 14:45:08,503 INFO AVS_ZohoIntegration.Program - Cliente_SAP: C42000
2026-07-28 14:45:08,503 INFO AVS_ZohoIntegration.Program - Account_Name: Mashina Corporation
2026-07-28 14:45:08,504 INFO AVS_ZohoIntegration.Program - Phone: +52 (55) 5115-7733
2026-07-28 14:45:08,504 INFO AVS_ZohoIntegration.Program - Website: www.mashina.sap.com.mx
2026-07-28 14:45:08,505 INFO AVS_ZohoIntegration.Program - Billing_Street: 400 Range Road
2026-07-28 14:45:08,506 INFO AVS_ZohoIntegration.Program - Billing_City: Mexico D.F.
2026-07-28 14:45:08,506 INFO AVS_ZohoIntegration.Program - Billing_State: DF
2026-07-28 14:45:08,506 INFO AVS_ZohoIntegration.Program - Billing_Code: 44113
2026-07-28 14:45:08,507 INFO AVS_ZohoIntegration.Program - Billing_Country: MX
2026-07-28 14:45:08,508 INFO AVS_ZohoIntegration.Program - Shipping_Street: 400 Range Road
2026-07-28 14:45:08,508 INFO AVS_ZohoIntegration.Program - Shipping_City: Mexico D.F.
2026-07-28 14:45:08,508 INFO AVS_ZohoIntegration.Program - Shipping_State: DF
2026-07-28 14:45:08,509 INFO AVS_ZohoIntegration.Program - Shipping_Code: 44113
2026-07-28 14:45:08,509 INFO AVS_ZohoIntegration.Program - Shipping_Country: MX
2026-07-28 14:45:08,510 INFO AVS_ZohoIntegration.Program - * Procesando resultado: 11 *
2026-07-28 14:45:08,510 INFO AVS_ZohoIntegration.Program - Cliente_SAP: C50000
2026-07-28 14:45:08,511 INFO AVS_ZohoIntegration.Program - Account_Name: ADA Technologies
2026-07-28 14:45:08,512 INFO AVS_ZohoIntegration.Program - Phone: +52 (55) 5456-9000
2026-07-28 14:45:08,512 INFO AVS_ZohoIntegration.Program - Website: www.ada-tech.sap.com.mx
2026-07-28 14:45:08,513 INFO AVS_ZohoIntegration.Program - Billing_Street: 34 Highway 6
2026-07-28 14:45:08,513 INFO AVS_ZohoIntegration.Program - Billing_City: Mexico D.F.
2026-07-28 14:45:08,514 INFO AVS_ZohoIntegration.Program - Billing_State: DF
2026-07-28 14:45:08,515 INFO AVS_ZohoIntegration.Program - Billing_Code: 3102
2026-07-28 14:45:08,515 INFO AVS_ZohoIntegration.Program - Billing_Country: MX
2026-07-28 14:45:08,515 INFO AVS_ZohoIntegration.Program - Shipping_Street: 34 Highway 6
2026-07-28 14:45:08,516 INFO AVS_ZohoIntegration.Program - Shipping_City: Mexico D.F.
2026-07-28 14:45:08,517 INFO AVS_ZohoIntegration.Program - Shipping_State: DF
2026-07-28 14:45:08,517 INFO AVS_ZohoIntegration.Program - Shipping_Code: 3102
2026-07-28 14:45:08,518 INFO AVS_ZohoIntegration.Program - Shipping_Country: MX
2026-07-28 14:45:08,518 INFO AVS_ZohoIntegration.Program - * Procesando resultado: 12 *
2026-07-28 14:45:08,519 INFO AVS_ZohoIntegration.Program - Cliente_SAP: C60000
2026-07-28 14:45:08,519 INFO AVS_ZohoIntegration.Program - Account_Name: SG Electronics
2026-07-28 14:45:08,520 INFO AVS_ZohoIntegration.Program - Phone: +52 (55) 5980-7723
2026-07-28 14:45:08,520 INFO AVS_ZohoIntegration.Program - Website: www.sg.sap.com.com.mx
2026-07-28 14:45:08,521 INFO AVS_ZohoIntegration.Program - Billing_Street: 67 Grant Ave
2026-07-28 14:45:08,521 INFO AVS_ZohoIntegration.Program - Billing_City: Toronto
2026-07-28 14:45:08,522 INFO AVS_ZohoIntegration.Program - Billing_State: 
2026-07-28 14:45:08,522 INFO AVS_ZohoIntegration.Program - Billing_Code: M4B 1B3
2026-07-28 14:45:08,523 INFO AVS_ZohoIntegration.Program - Billing_Country: CA
2026-07-28 14:45:08,523 INFO AVS_ZohoIntegration.Program - Shipping_Street: 67 Grant Ave
2026-07-28 14:45:08,524 INFO AVS_ZohoIntegration.Program - Shipping_City: DF
2026-07-28 14:45:08,525 INFO AVS_ZohoIntegration.Program - Shipping_State: DF
2026-07-28 14:45:08,525 INFO AVS_ZohoIntegration.Program - Shipping_Code: M4B 1B3
2026-07-28 14:45:08,526 INFO AVS_ZohoIntegration.Program - Shipping_Country: MX
2026-07-28 14:45:08,526 INFO AVS_ZohoIntegration.Program - * Procesando resultado: 13 *
2026-07-28 14:45:08,527 INFO AVS_ZohoIntegration.Program - Cliente_SAP: C70000
2026-07-28 14:45:08,527 INFO AVS_ZohoIntegration.Program - Account_Name: Aquent Systems
2026-07-28 14:45:08,528 INFO AVS_ZohoIntegration.Program - Phone: +52 (81) 5711-6124
2026-07-28 14:45:08,529 INFO AVS_ZohoIntegration.Program - Website: www.aquent-sys.sap.com.mx
2026-07-28 14:45:08,529 INFO AVS_ZohoIntegration.Program - Billing_Street: 123 Kathryn Ave
2026-07-28 14:45:08,530 INFO AVS_ZohoIntegration.Program - Billing_City: Montreal
2026-07-28 14:45:08,531 INFO AVS_ZohoIntegration.Program - Billing_State: 
2026-07-28 14:45:08,531 INFO AVS_ZohoIntegration.Program - Billing_Code: H7B 2A5
2026-07-28 14:45:08,532 INFO AVS_ZohoIntegration.Program - Billing_Country: CA
2026-07-28 14:45:08,532 INFO AVS_ZohoIntegration.Program - Shipping_Street: 123 Kathryn Ave
2026-07-28 14:45:08,532 INFO AVS_ZohoIntegration.Program - Shipping_City: Montreal
2026-07-28 14:45:08,532 INFO AVS_ZohoIntegration.Program - Shipping_State: 
2026-07-28 14:45:08,532 INFO AVS_ZohoIntegration.Program - Shipping_Code: H7B 2A5
2026-07-28 14:45:08,532 INFO AVS_ZohoIntegration.Program - Shipping_Country: CA
2026-07-28 14:45:08,532 INFO AVS_ZohoIntegration.Program - * Procesando resultado: 14 *
2026-07-28 14:45:08,532 INFO AVS_ZohoIntegration.Program - Cliente_SAP: C99998
2026-07-28 14:45:08,532 INFO AVS_ZohoIntegration.Program - Account_Name: Cliente Web
2026-07-28 14:45:08,532 INFO AVS_ZohoIntegration.Program - Phone: 
2026-07-28 14:45:08,532 INFO AVS_ZohoIntegration.Program - Website: 
2026-07-28 14:45:08,532 INFO AVS_ZohoIntegration.Program - Billing_Street: 
2026-07-28 14:45:08,532 INFO AVS_ZohoIntegration.Program - Billing_City: 
2026-07-28 14:45:08,532 INFO AVS_ZohoIntegration.Program - Billing_State: 
2026-07-28 14:45:08,532 INFO AVS_ZohoIntegration.Program - Billing_Code: 
2026-07-28 14:45:08,532 INFO AVS_ZohoIntegration.Program - Billing_Country: 
2026-07-28 14:45:08,532 INFO AVS_ZohoIntegration.Program - Shipping_Street: 
2026-07-28 14:45:08,532 INFO AVS_ZohoIntegration.Program - Shipping_City: 
2026-07-28 14:45:08,532 INFO AVS_ZohoIntegration.Program - Shipping_State: 
2026-07-28 14:45:08,542 INFO AVS_ZohoIntegration.Program - Shipping_Code: 
2026-07-28 14:45:08,542 INFO AVS_ZohoIntegration.Program - Shipping_Country: MX
2026-07-28 14:45:08,542 INFO AVS_ZohoIntegration.Program - * Procesando resultado: 15 *
2026-07-28 14:45:08,542 INFO AVS_ZohoIntegration.Program - Cliente_SAP: CMF0001
2026-07-28 14:45:08,542 INFO AVS_ZohoIntegration.Program - Account_Name: Cliente curso SL
2026-07-28 14:45:08,542 INFO AVS_ZohoIntegration.Program - Phone: 
2026-07-28 14:45:08,542 INFO AVS_ZohoIntegration.Program - Website: 
2026-07-28 14:45:08,542 INFO AVS_ZohoIntegration.Program - Billing_Street: 
2026-07-28 14:45:08,542 INFO AVS_ZohoIntegration.Program - Billing_City: 
2026-07-28 14:45:08,542 INFO AVS_ZohoIntegration.Program - Billing_State: 
2026-07-28 14:45:08,542 INFO AVS_ZohoIntegration.Program - Billing_Code: 
2026-07-28 14:45:08,548 INFO AVS_ZohoIntegration.Program - Billing_Country: 
2026-07-28 14:45:08,548 INFO AVS_ZohoIntegration.Program - Shipping_Street: 
2026-07-28 14:45:08,549 INFO AVS_ZohoIntegration.Program - Shipping_City: 
2026-07-28 14:45:08,549 INFO AVS_ZohoIntegration.Program - Shipping_State: 
2026-07-28 14:45:08,549 INFO AVS_ZohoIntegration.Program - Shipping_Code: 
2026-07-28 14:45:08,549 INFO AVS_ZohoIntegration.Program - Shipping_Country: 
2026-07-28 14:45:08,549 INFO AVS_ZohoIntegration.Program - * Procesando resultado: 16 *
2026-07-28 14:45:08,549 INFO AVS_ZohoIntegration.Program - Cliente_SAP: CMF0002
2026-07-28 14:45:08,549 INFO AVS_ZohoIntegration.Program - Account_Name: Cliente 01
2026-07-28 14:45:08,549 INFO AVS_ZohoIntegration.Program - Phone: 
2026-07-28 14:45:08,549 INFO AVS_ZohoIntegration.Program - Website: 
2026-07-28 14:45:08,549 INFO AVS_ZohoIntegration.Program - Billing_Street: Paseo de lo sauces
2026-07-28 14:45:08,549 INFO AVS_ZohoIntegration.Program - Billing_City: México
2026-07-28 14:45:08,549 INFO AVS_ZohoIntegration.Program - Billing_State: MEX
2026-07-28 14:45:08,549 INFO AVS_ZohoIntegration.Program - Billing_Code: 54130
2026-07-28 14:45:08,549 INFO AVS_ZohoIntegration.Program - Billing_Country: MX
2026-07-28 14:45:08,549 INFO AVS_ZohoIntegration.Program - Shipping_Street: 
2026-07-28 14:45:08,549 INFO AVS_ZohoIntegration.Program - Shipping_City: 
2026-07-28 14:45:08,549 INFO AVS_ZohoIntegration.Program - Shipping_State: 
2026-07-28 14:45:08,549 INFO AVS_ZohoIntegration.Program - Shipping_Code: 
2026-07-28 14:45:08,549 INFO AVS_ZohoIntegration.Program - Shipping_Country: 
2026-07-28 14:45:08,549 INFO AVS_ZohoIntegration.Program - * Procesando resultado: 17 *
2026-07-28 14:45:08,549 INFO AVS_ZohoIntegration.Program - Cliente_SAP: CMF0003
2026-07-28 14:45:08,549 INFO AVS_ZohoIntegration.Program - Account_Name: Cliente Mostrador prueba
2026-07-28 14:45:08,549 INFO AVS_ZohoIntegration.Program - Phone: 
2026-07-28 14:45:08,549 INFO AVS_ZohoIntegration.Program - Website: 
2026-07-28 14:45:08,549 INFO AVS_ZohoIntegration.Program - Billing_Street: 300 Billings Drive
2026-07-28 14:45:08,549 INFO AVS_ZohoIntegration.Program - Billing_City: 
2026-07-28 14:45:08,549 INFO AVS_ZohoIntegration.Program - Billing_State: DF
2026-07-28 14:45:08,549 INFO AVS_ZohoIntegration.Program - Billing_Code: 19083
2026-07-28 14:45:08,549 INFO AVS_ZohoIntegration.Program - Billing_Country: MX
2026-07-28 14:45:08,565 INFO AVS_ZohoIntegration.Program - Shipping_Street: 
2026-07-28 14:45:08,565 INFO AVS_ZohoIntegration.Program - Shipping_City: 
2026-07-28 14:45:08,565 INFO AVS_ZohoIntegration.Program - Shipping_State: 
2026-07-28 14:45:08,565 INFO AVS_ZohoIntegration.Program - Shipping_Code: 
2026-07-28 14:45:08,565 INFO AVS_ZohoIntegration.Program - Shipping_Country: 
2026-07-28 14:45:08,565 INFO AVS_ZohoIntegration.Program - * Procesando resultado: 18 *
2026-07-28 14:45:08,565 INFO AVS_ZohoIntegration.Program - Cliente_SAP: CMF0004
2026-07-28 14:45:08,565 INFO AVS_ZohoIntegration.Program - Account_Name: Empresa Ejemplo 1
2026-07-28 14:45:08,565 INFO AVS_ZohoIntegration.Program - Phone: 5551234567
2026-07-28 14:45:08,565 INFO AVS_ZohoIntegration.Program - Website: 
2026-07-28 14:45:08,565 INFO AVS_ZohoIntegration.Program - Billing_Street: Calle Secundaria 456
2026-07-28 14:45:08,565 INFO AVS_ZohoIntegration.Program - Billing_City: Monterrey
2026-07-28 14:45:08,565 INFO AVS_ZohoIntegration.Program - Billing_State: NL
2026-07-28 14:45:08,565 INFO AVS_ZohoIntegration.Program - Billing_Code: 67890
2026-07-28 14:45:08,565 INFO AVS_ZohoIntegration.Program - Billing_Country: MX
2026-07-28 14:45:08,565 INFO AVS_ZohoIntegration.Program - Shipping_Street: 
2026-07-28 14:45:08,565 INFO AVS_ZohoIntegration.Program - Shipping_City: 
2026-07-28 14:45:08,565 INFO AVS_ZohoIntegration.Program - Shipping_State: 
2026-07-28 14:45:08,565 INFO AVS_ZohoIntegration.Program - Shipping_Code: 
2026-07-28 14:45:08,565 INFO AVS_ZohoIntegration.Program - Shipping_Country: 
2026-07-28 14:45:08,565 INFO AVS_ZohoIntegration.Program - * Procesando resultado: 19 *
2026-07-28 14:45:08,565 INFO AVS_ZohoIntegration.Program - Cliente_SAP: CMF0005
2026-07-28 14:45:08,565 INFO AVS_ZohoIntegration.Program - Account_Name: Cliente Mostrador 2
2026-07-28 14:45:08,565 INFO AVS_ZohoIntegration.Program - Phone: 
2026-07-28 14:45:08,565 INFO AVS_ZohoIntegration.Program - Website: 
2026-07-28 14:45:08,565 INFO AVS_ZohoIntegration.Program - Billing_Street: 300 Billings Drive
2026-07-28 14:45:08,565 INFO AVS_ZohoIntegration.Program - Billing_City: 
2026-07-28 14:45:08,581 INFO AVS_ZohoIntegration.Program - Billing_State: NAY
2026-07-28 14:45:08,582 INFO AVS_ZohoIntegration.Program - Billing_Code: 19083
2026-07-28 14:45:08,582 INFO AVS_ZohoIntegration.Program - Billing_Country: MX
2026-07-28 14:45:08,583 INFO AVS_ZohoIntegration.Program - Shipping_Street: 
2026-07-28 14:45:08,583 INFO AVS_ZohoIntegration.Program - Shipping_City: 
2026-07-28 14:45:08,584 INFO AVS_ZohoIntegration.Program - Shipping_State: 
2026-07-28 14:45:08,584 INFO AVS_ZohoIntegration.Program - Shipping_Code: 
2026-07-28 14:45:08,585 INFO AVS_ZohoIntegration.Program - Shipping_Country: 
2026-07-28 14:45:08,585 INFO AVS_ZohoIntegration.Program - * Procesando resultado: 20 *
2026-07-28 14:45:08,586 INFO AVS_ZohoIntegration.Program - Cliente_SAP: CSL0002
2026-07-28 14:45:08,586 INFO AVS_ZohoIntegration.Program - Account_Name: Cliente curso SL
2026-07-28 14:45:08,587 INFO AVS_ZohoIntegration.Program - Phone: 
2026-07-28 14:45:08,588 INFO AVS_ZohoIntegration.Program - Website: 
2026-07-28 14:45:08,588 INFO AVS_ZohoIntegration.Program - Billing_Street: 
2026-07-28 14:45:08,589 INFO AVS_ZohoIntegration.Program - Billing_City: 
2026-07-28 14:45:08,589 INFO AVS_ZohoIntegration.Program - Billing_State: 
2026-07-28 14:45:08,590 INFO AVS_ZohoIntegration.Program - Billing_Code: 
2026-07-28 14:45:08,591 INFO AVS_ZohoIntegration.Program - Billing_Country: 
2026-07-28 14:45:08,591 INFO AVS_ZohoIntegration.Program - Shipping_Street: 
2026-07-28 14:45:08,592 INFO AVS_ZohoIntegration.Program - Shipping_City: 
2026-07-28 14:45:08,593 INFO AVS_ZohoIntegration.Program - Shipping_State: 
2026-07-28 14:45:08,593 INFO AVS_ZohoIntegration.Program - Shipping_Code: 
2026-07-28 14:45:08,594 INFO AVS_ZohoIntegration.Program - Shipping_Country: 
2026-07-28 14:45:08,594 INFO AVS_ZohoIntegration.Program - * Procesando resultado: 21 *
2026-07-28 14:45:08,595 INFO AVS_ZohoIntegration.Program - Cliente_SAP: PR000336
2026-07-28 14:45:08,596 INFO AVS_ZohoIntegration.Program - Account_Name: Cliente Beluga
2026-07-28 14:45:08,596 INFO AVS_ZohoIntegration.Program - Phone: 
2026-07-28 14:45:08,597 INFO AVS_ZohoIntegration.Program - Website: 
2026-07-28 14:45:08,598 INFO AVS_ZohoIntegration.Program - Billing_Street: 
2026-07-28 14:45:08,599 INFO AVS_ZohoIntegration.Program - Billing_City: 
2026-07-28 14:45:08,599 INFO AVS_ZohoIntegration.Program - Billing_State: 
2026-07-28 14:45:08,599 INFO AVS_ZohoIntegration.Program - Billing_Code: 
2026-07-28 14:45:08,600 INFO AVS_ZohoIntegration.Program - Billing_Country: 
2026-07-28 14:45:08,600 INFO AVS_ZohoIntegration.Program - Shipping_Street: 
2026-07-28 14:45:08,601 INFO AVS_ZohoIntegration.Program - Shipping_City: 
2026-07-28 14:45:08,601 INFO AVS_ZohoIntegration.Program - Shipping_State: 
2026-07-28 14:45:08,602 INFO AVS_ZohoIntegration.Program - Shipping_Code: 
2026-07-28 14:45:08,602 INFO AVS_ZohoIntegration.Program - Shipping_Country: 
2026-07-28 14:45:08,603 INFO AVS_ZohoIntegration.Program - * Procesando resultado: 22 *
2026-07-28 14:45:08,603 INFO AVS_ZohoIntegration.Program - Cliente_SAP: PRAVS01
2026-07-28 14:45:08,604 INFO AVS_ZohoIntegration.Program - Account_Name: Prueba curso SL
2026-07-28 14:45:08,605 INFO AVS_ZohoIntegration.Program - Phone: 
2026-07-28 14:45:08,606 INFO AVS_ZohoIntegration.Program - Website: 
2026-07-28 14:45:08,606 INFO AVS_ZohoIntegration.Program - Billing_Street: 
2026-07-28 14:45:08,607 INFO AVS_ZohoIntegration.Program - Billing_City: 
2026-07-28 14:45:08,607 INFO AVS_ZohoIntegration.Program - Billing_State: 
2026-07-28 14:45:08,608 INFO AVS_ZohoIntegration.Program - Billing_Code: 
2026-07-28 14:45:08,608 INFO AVS_ZohoIntegration.Program - Billing_Country: 
2026-07-28 14:45:08,609 INFO AVS_ZohoIntegration.Program - Shipping_Street: 
2026-07-28 14:45:08,609 INFO AVS_ZohoIntegration.Program - Shipping_City: 
2026-07-28 14:45:08,610 INFO AVS_ZohoIntegration.Program - Shipping_State: 
2026-07-28 14:45:08,610 INFO AVS_ZohoIntegration.Program - Shipping_Code: 
2026-07-28 14:45:08,611 INFO AVS_ZohoIntegration.Program - Shipping_Country: 
2026-07-28 14:45:08,611 INFO AVS_ZohoIntegration.Program - * Consultando sub-entidad [Owner] para OCRD...
2026-07-28 14:45:57,715 INFO AVS_ZohoIntegration.Program - AVS SFTPSync Version [1.0.0.0]
2026-07-28 14:45:57,727 INFO AVS_ZohoIntegration.Program - Leyendo archivo de configuracion.
2026-07-28 14:45:57,785 INFO AVS_ZohoIntegration.Program - Archivo de configuracion leido correctamente.
2026-07-28 14:45:57,786 DEBUG AVS_ZohoIntegration.Program - **************************************************************************
2026-07-28 14:45:57,787 DEBUG AVS_ZohoIntegration.Program - Ejecutando sincronizacion para: SBODemoMX
2026-07-28 14:46:00,569 DEBUG AVS_ZohoIntegration.Program - Validando licencia...
2026-07-28 14:46:00,569 INFO AVS_ZohoIntegration.Program - Licencia valida.
2026-07-28 14:46:00,569 INFO AVS_ZohoIntegration.Program - Comando recibido: SENDBUSINESSPARTNERS
2026-07-28 14:46:00,569 INFO AVS_ZohoIntegration.Program - Iniciando proceso de envío de socios de negocio...
2026-07-28 14:46:00,574 INFO AVS_ZohoIntegration.Program - *** Obteniendo información de cabecera: Socios de Negocio (OCRD) ***
2026-07-28 14:46:00,816 INFO AVS_ZohoIntegration.Program - Se han obtenido 22 resultados pendientes de procesar.
2026-07-28 14:46:00,816 INFO AVS_ZohoIntegration.Program - * Procesando resultado: 1 *
2026-07-28 14:46:00,816 INFO AVS_ZohoIntegration.Program - Cliente_SAP: C1111
2026-07-28 14:46:00,831 INFO AVS_ZohoIntegration.Program - Account_Name: Cliente Mostrador
2026-07-28 14:46:00,831 INFO AVS_ZohoIntegration.Program - Phone: 
2026-07-28 14:46:00,832 INFO AVS_ZohoIntegration.Program - Website: 
2026-07-28 14:46:00,832 INFO AVS_ZohoIntegration.Program - Billing_Street: 
2026-07-28 14:46:00,832 INFO AVS_ZohoIntegration.Program - Billing_City: 
2026-07-28 14:46:00,832 INFO AVS_ZohoIntegration.Program - Billing_State: 
2026-07-28 14:46:00,832 INFO AVS_ZohoIntegration.Program - Billing_Code: 
2026-07-28 14:46:00,832 INFO AVS_ZohoIntegration.Program - Billing_Country: MX
2026-07-28 14:46:00,832 INFO AVS_ZohoIntegration.Program - Shipping_Street: 
2026-07-28 14:46:00,832 INFO AVS_ZohoIntegration.Program - Shipping_City: 
2026-07-28 14:46:00,832 INFO AVS_ZohoIntegration.Program - Shipping_State: 
2026-07-28 14:46:00,832 INFO AVS_ZohoIntegration.Program - Shipping_Code: 
2026-07-28 14:46:00,832 INFO AVS_ZohoIntegration.Program - Shipping_Country: MX
2026-07-28 14:46:00,832 INFO AVS_ZohoIntegration.Program - * Procesando resultado: 2 *
2026-07-28 14:46:00,832 INFO AVS_ZohoIntegration.Program - Cliente_SAP: C12345
2026-07-28 14:46:00,832 INFO AVS_ZohoIntegration.Program - Account_Name: Comercializadora XYZ S.A. de C.V.
2026-07-28 14:46:00,832 INFO AVS_ZohoIntegration.Program - Phone: 
2026-07-28 14:46:00,832 INFO AVS_ZohoIntegration.Program - Website: 
2026-07-28 14:46:00,832 INFO AVS_ZohoIntegration.Program - Billing_Street: Av. Insurgentes Sur
2026-07-28 14:46:00,832 INFO AVS_ZohoIntegration.Program - Billing_City: Ciudad de México
2026-07-28 14:46:00,832 INFO AVS_ZohoIntegration.Program - Billing_State: DF
2026-07-28 14:46:00,832 INFO AVS_ZohoIntegration.Program - Billing_Code: 03100
2026-07-28 14:46:00,832 INFO AVS_ZohoIntegration.Program - Billing_Country: MX
2026-07-28 14:46:00,832 INFO AVS_ZohoIntegration.Program - Shipping_Street: Carretera México-Toluca
2026-07-28 14:46:00,832 INFO AVS_ZohoIntegration.Program - Shipping_City: Toluca
2026-07-28 14:46:00,832 INFO AVS_ZohoIntegration.Program - Shipping_State: MEX
2026-07-28 14:46:00,832 INFO AVS_ZohoIntegration.Program - Shipping_Code: 50000
2026-07-28 14:46:00,832 INFO AVS_ZohoIntegration.Program - Shipping_Country: MX
2026-07-28 14:46:00,832 INFO AVS_ZohoIntegration.Program - * Procesando resultado: 3 *
2026-07-28 14:46:00,832 INFO AVS_ZohoIntegration.Program - Cliente_SAP: C123456
2026-07-28 14:46:00,832 INFO AVS_ZohoIntegration.Program - Account_Name: Comercializadora XYZ S.A. de C.V.
2026-07-28 14:46:00,832 INFO AVS_ZohoIntegration.Program - Phone: 
2026-07-28 14:46:00,832 INFO AVS_ZohoIntegration.Program - Website: 
2026-07-28 14:46:00,832 INFO AVS_ZohoIntegration.Program - Billing_Street: Av. Insurgentes Sur
2026-07-28 14:46:00,832 INFO AVS_ZohoIntegration.Program - Billing_City: Ciudad de México
2026-07-28 14:46:00,832 INFO AVS_ZohoIntegration.Program - Billing_State: DF
2026-07-28 14:46:00,832 INFO AVS_ZohoIntegration.Program - Billing_Code: 03100
2026-07-28 14:46:00,832 INFO AVS_ZohoIntegration.Program - Billing_Country: MX
2026-07-28 14:46:00,832 INFO AVS_ZohoIntegration.Program - Shipping_Street: Carretera México-Toluca
2026-07-28 14:46:00,832 INFO AVS_ZohoIntegration.Program - Shipping_City: Toluca
2026-07-28 14:46:00,832 INFO AVS_ZohoIntegration.Program - Shipping_State: MEX
2026-07-28 14:46:00,832 INFO AVS_ZohoIntegration.Program - Shipping_Code: 50000
2026-07-28 14:46:00,832 INFO AVS_ZohoIntegration.Program - Shipping_Country: MX
2026-07-28 14:46:00,832 INFO AVS_ZohoIntegration.Program - * Procesando resultado: 4 *
2026-07-28 14:46:00,848 INFO AVS_ZohoIntegration.Program - Cliente_SAP: C20000
2026-07-28 14:46:00,848 INFO AVS_ZohoIntegration.Program - Account_Name: Maxi-Teq
2026-07-28 14:46:00,849 INFO AVS_ZohoIntegration.Program - Phone: +52 (55) 5565-9032
2026-07-28 14:46:00,850 INFO AVS_ZohoIntegration.Program - Website: www.maxi-teq.sap.com
2026-07-28 14:46:00,850 INFO AVS_ZohoIntegration.Program - Billing_Street: 300 Billings Drive
2026-07-28 14:46:00,850 INFO AVS_ZohoIntegration.Program - Billing_City: 
2026-07-28 14:46:00,850 INFO AVS_ZohoIntegration.Program - Billing_State: DF
2026-07-28 14:46:00,851 INFO AVS_ZohoIntegration.Program - Billing_Code: 19083
2026-07-28 14:46:00,851 INFO AVS_ZohoIntegration.Program - Billing_Country: MX
2026-07-28 14:46:00,851 INFO AVS_ZohoIntegration.Program - Shipping_Street: 300 Billings Drive
2026-07-28 14:46:00,851 INFO AVS_ZohoIntegration.Program - Shipping_City: Mexico D.F.
2026-07-28 14:46:00,852 INFO AVS_ZohoIntegration.Program - Shipping_State: DF
2026-07-28 14:46:00,852 INFO AVS_ZohoIntegration.Program - Shipping_Code: 19083
2026-07-28 14:46:00,852 INFO AVS_ZohoIntegration.Program - Shipping_Country: MX
2026-07-28 14:46:00,852 INFO AVS_ZohoIntegration.Program - * Procesando resultado: 5 *
2026-07-28 14:46:00,852 INFO AVS_ZohoIntegration.Program - Cliente_SAP: C23900
2026-07-28 14:46:00,853 INFO AVS_ZohoIntegration.Program - Account_Name: Parameter Technology
2026-07-28 14:46:00,853 INFO AVS_ZohoIntegration.Program - Phone: +52 (55)  5654-7633
2026-07-28 14:46:00,853 INFO AVS_ZohoIntegration.Program - Website: www.parameter.sap.com
2026-07-28 14:46:00,853 INFO AVS_ZohoIntegration.Program - Billing_Street: 908 Darby Road
2026-07-28 14:46:00,855 INFO AVS_ZohoIntegration.Program - Billing_City: Mexico D.F.
2026-07-28 14:46:00,855 INFO AVS_ZohoIntegration.Program - Billing_State: DF
2026-07-28 14:46:00,855 INFO AVS_ZohoIntegration.Program - Billing_Code: 19083
2026-07-28 14:46:00,855 INFO AVS_ZohoIntegration.Program - Billing_Country: MX
2026-07-28 14:46:00,856 INFO AVS_ZohoIntegration.Program - Shipping_Street: 908 Darby Road
2026-07-28 14:46:00,856 INFO AVS_ZohoIntegration.Program - Shipping_City: Mexico D.F.
2026-07-28 14:46:00,856 INFO AVS_ZohoIntegration.Program - Shipping_State: DF
2026-07-28 14:46:00,856 INFO AVS_ZohoIntegration.Program - Shipping_Code: 19083
2026-07-28 14:46:00,857 INFO AVS_ZohoIntegration.Program - Shipping_Country: MX
2026-07-28 14:46:00,857 INFO AVS_ZohoIntegration.Program - * Procesando resultado: 6 *
2026-07-28 14:46:00,857 INFO AVS_ZohoIntegration.Program - Cliente_SAP: C25000
2026-07-28 14:46:00,857 INFO AVS_ZohoIntegration.Program - Account_Name: Star Company
2026-07-28 14:46:00,858 INFO AVS_ZohoIntegration.Program - Phone: 00421 2 582 56 33
2026-07-28 14:46:00,858 INFO AVS_ZohoIntegration.Program - Website: www.starcompa.eu
2026-07-28 14:46:00,858 INFO AVS_ZohoIntegration.Program - Billing_Street: Plynarenska
2026-07-28 14:46:00,858 INFO AVS_ZohoIntegration.Program - Billing_City: Bratislava
2026-07-28 14:46:00,858 INFO AVS_ZohoIntegration.Program - Billing_State: 
2026-07-28 14:46:00,859 INFO AVS_ZohoIntegration.Program - Billing_Code: 821 09
2026-07-28 14:46:00,859 INFO AVS_ZohoIntegration.Program - Billing_Country: SK
2026-07-28 14:46:00,859 INFO AVS_ZohoIntegration.Program - Shipping_Street: Plynarenska
2026-07-28 14:46:00,859 INFO AVS_ZohoIntegration.Program - Shipping_City: Bratislava
2026-07-28 14:46:00,860 INFO AVS_ZohoIntegration.Program - Shipping_State: 
2026-07-28 14:46:00,860 INFO AVS_ZohoIntegration.Program - Shipping_Code: 821 09
2026-07-28 14:46:00,860 INFO AVS_ZohoIntegration.Program - Shipping_Country: SK
2026-07-28 14:46:00,860 INFO AVS_ZohoIntegration.Program - * Procesando resultado: 7 *
2026-07-28 14:46:00,862 INFO AVS_ZohoIntegration.Program - Cliente_SAP: C26000
2026-07-28 14:46:00,862 INFO AVS_ZohoIntegration.Program - Account_Name: River Inc
2026-07-28 14:46:00,862 INFO AVS_ZohoIntegration.Program - Phone: 0044 161 869 9000
2026-07-28 14:46:00,863 INFO AVS_ZohoIntegration.Program - Website: www.riveri.co.uk
2026-07-28 14:46:00,863 INFO AVS_ZohoIntegration.Program - Billing_Street: United Rd
2026-07-28 14:46:00,864 INFO AVS_ZohoIntegration.Program - Billing_City: Manchester
2026-07-28 14:46:00,864 INFO AVS_ZohoIntegration.Program - Billing_State: 
2026-07-28 14:46:00,864 INFO AVS_ZohoIntegration.Program - Billing_Code: M16 0RA
2026-07-28 14:46:00,865 INFO AVS_ZohoIntegration.Program - Billing_Country: GB
2026-07-28 14:46:00,865 INFO AVS_ZohoIntegration.Program - Shipping_Street: United Rd
2026-07-28 14:46:00,866 INFO AVS_ZohoIntegration.Program - Shipping_City: Manchester
2026-07-28 14:46:00,866 INFO AVS_ZohoIntegration.Program - Shipping_State: 
2026-07-28 14:46:00,866 INFO AVS_ZohoIntegration.Program - Shipping_Code: M16 0RA
2026-07-28 14:46:00,866 INFO AVS_ZohoIntegration.Program - Shipping_Country: GB
2026-07-28 14:46:00,866 INFO AVS_ZohoIntegration.Program - * Procesando resultado: 8 *
2026-07-28 14:46:00,866 INFO AVS_ZohoIntegration.Program - Cliente_SAP: C30000
2026-07-28 14:46:00,866 INFO AVS_ZohoIntegration.Program - Account_Name: Microchips
2026-07-28 14:46:00,866 INFO AVS_ZohoIntegration.Program - Phone: +52 (55) 5345-9000
2026-07-28 14:46:00,866 INFO AVS_ZohoIntegration.Program - Website: www.microchips.sap.com
2026-07-28 14:46:00,866 INFO AVS_ZohoIntegration.Program - Billing_Street: 45th Street
2026-07-28 14:46:00,866 INFO AVS_ZohoIntegration.Program - Billing_City: Mexico D.F.
2026-07-28 14:46:00,866 INFO AVS_ZohoIntegration.Program - Billing_State: DF
2026-07-28 14:46:00,866 INFO AVS_ZohoIntegration.Program - Billing_Code: 10010
2026-07-28 14:46:00,866 INFO AVS_ZohoIntegration.Program - Billing_Country: MX
2026-07-28 14:46:00,866 INFO AVS_ZohoIntegration.Program - Shipping_Street: 5th Ave
2026-07-28 14:46:00,866 INFO AVS_ZohoIntegration.Program - Shipping_City: Mexico D.F.
2026-07-28 14:46:00,866 INFO AVS_ZohoIntegration.Program - Shipping_State: DF
2026-07-28 14:46:00,866 INFO AVS_ZohoIntegration.Program - Shipping_Code: 10005
2026-07-28 14:46:00,866 INFO AVS_ZohoIntegration.Program - Shipping_Country: MX
2026-07-28 14:46:00,866 INFO AVS_ZohoIntegration.Program - * Procesando resultado: 9 *
2026-07-28 14:46:00,866 INFO AVS_ZohoIntegration.Program - Cliente_SAP: C40000
2026-07-28 14:46:00,866 INFO AVS_ZohoIntegration.Program - Account_Name: Earthshaker Corporation
2026-07-28 14:46:00,866 INFO AVS_ZohoIntegration.Program - Phone: +52 (55) 5632-3399
2026-07-28 14:46:00,866 INFO AVS_ZohoIntegration.Program - Website: www.earthshaker.sap.com.mx
2026-07-28 14:46:00,866 INFO AVS_ZohoIntegration.Program - Billing_Street: 208 Hollywood Ave
2026-07-28 14:46:00,866 INFO AVS_ZohoIntegration.Program - Billing_City: Mexico D.F.
2026-07-28 14:46:00,866 INFO AVS_ZohoIntegration.Program - Billing_State: DF
2026-07-28 14:46:00,866 INFO AVS_ZohoIntegration.Program - Billing_Code: 95030
2026-07-28 14:46:00,866 INFO AVS_ZohoIntegration.Program - Billing_Country: MX
2026-07-28 14:46:00,866 INFO AVS_ZohoIntegration.Program - Shipping_Street: 208 Hollywood Ave
2026-07-28 14:46:00,866 INFO AVS_ZohoIntegration.Program - Shipping_City: Mexico D.F.
2026-07-28 14:46:00,866 INFO AVS_ZohoIntegration.Program - Shipping_State: DF
2026-07-28 14:46:00,866 INFO AVS_ZohoIntegration.Program - Shipping_Code: 95030
2026-07-28 14:46:00,866 INFO AVS_ZohoIntegration.Program - Shipping_Country: MX
2026-07-28 14:46:00,866 INFO AVS_ZohoIntegration.Program - * Procesando resultado: 10 *
2026-07-28 14:46:00,866 INFO AVS_ZohoIntegration.Program - Cliente_SAP: C42000
2026-07-28 14:46:00,866 INFO AVS_ZohoIntegration.Program - Account_Name: Mashina Corporation
2026-07-28 14:46:00,866 INFO AVS_ZohoIntegration.Program - Phone: +52 (55) 5115-7733
2026-07-28 14:46:00,866 INFO AVS_ZohoIntegration.Program - Website: www.mashina.sap.com.mx
2026-07-28 14:46:00,866 INFO AVS_ZohoIntegration.Program - Billing_Street: 400 Range Road
2026-07-28 14:46:00,866 INFO AVS_ZohoIntegration.Program - Billing_City: Mexico D.F.
2026-07-28 14:46:00,866 INFO AVS_ZohoIntegration.Program - Billing_State: DF
2026-07-28 14:46:00,866 INFO AVS_ZohoIntegration.Program - Billing_Code: 44113
2026-07-28 14:46:00,866 INFO AVS_ZohoIntegration.Program - Billing_Country: MX
2026-07-28 14:46:00,866 INFO AVS_ZohoIntegration.Program - Shipping_Street: 400 Range Road
2026-07-28 14:46:00,866 INFO AVS_ZohoIntegration.Program - Shipping_City: Mexico D.F.
2026-07-28 14:46:00,866 INFO AVS_ZohoIntegration.Program - Shipping_State: DF
2026-07-28 14:46:00,866 INFO AVS_ZohoIntegration.Program - Shipping_Code: 44113
2026-07-28 14:46:00,866 INFO AVS_ZohoIntegration.Program - Shipping_Country: MX
2026-07-28 14:46:00,866 INFO AVS_ZohoIntegration.Program - * Procesando resultado: 11 *
2026-07-28 14:46:00,866 INFO AVS_ZohoIntegration.Program - Cliente_SAP: C50000
2026-07-28 14:46:00,882 INFO AVS_ZohoIntegration.Program - Account_Name: ADA Technologies
2026-07-28 14:46:00,882 INFO AVS_ZohoIntegration.Program - Phone: +52 (55) 5456-9000
2026-07-28 14:46:00,883 INFO AVS_ZohoIntegration.Program - Website: www.ada-tech.sap.com.mx
2026-07-28 14:46:00,883 INFO AVS_ZohoIntegration.Program - Billing_Street: 34 Highway 6
2026-07-28 14:46:00,884 INFO AVS_ZohoIntegration.Program - Billing_City: Mexico D.F.
2026-07-28 14:46:00,884 INFO AVS_ZohoIntegration.Program - Billing_State: DF
2026-07-28 14:46:00,885 INFO AVS_ZohoIntegration.Program - Billing_Code: 3102
2026-07-28 14:46:00,885 INFO AVS_ZohoIntegration.Program - Billing_Country: MX
2026-07-28 14:46:00,885 INFO AVS_ZohoIntegration.Program - Shipping_Street: 34 Highway 6
2026-07-28 14:46:00,886 INFO AVS_ZohoIntegration.Program - Shipping_City: Mexico D.F.
2026-07-28 14:46:00,886 INFO AVS_ZohoIntegration.Program - Shipping_State: DF
2026-07-28 14:46:00,886 INFO AVS_ZohoIntegration.Program - Shipping_Code: 3102
2026-07-28 14:46:00,886 INFO AVS_ZohoIntegration.Program - Shipping_Country: MX
2026-07-28 14:46:00,887 INFO AVS_ZohoIntegration.Program - * Procesando resultado: 12 *
2026-07-28 14:46:00,887 INFO AVS_ZohoIntegration.Program - Cliente_SAP: C60000
2026-07-28 14:46:00,887 INFO AVS_ZohoIntegration.Program - Account_Name: SG Electronics
2026-07-28 14:46:00,887 INFO AVS_ZohoIntegration.Program - Phone: +52 (55) 5980-7723
2026-07-28 14:46:00,887 INFO AVS_ZohoIntegration.Program - Website: www.sg.sap.com.com.mx
2026-07-28 14:46:00,887 INFO AVS_ZohoIntegration.Program - Billing_Street: 67 Grant Ave
2026-07-28 14:46:00,887 INFO AVS_ZohoIntegration.Program - Billing_City: Toronto
2026-07-28 14:46:00,889 INFO AVS_ZohoIntegration.Program - Billing_State: 
2026-07-28 14:46:00,889 INFO AVS_ZohoIntegration.Program - Billing_Code: M4B 1B3
2026-07-28 14:46:00,889 INFO AVS_ZohoIntegration.Program - Billing_Country: CA
2026-07-28 14:46:00,889 INFO AVS_ZohoIntegration.Program - Shipping_Street: 67 Grant Ave
2026-07-28 14:46:00,889 INFO AVS_ZohoIntegration.Program - Shipping_City: DF
2026-07-28 14:46:00,889 INFO AVS_ZohoIntegration.Program - Shipping_State: DF
2026-07-28 14:46:00,889 INFO AVS_ZohoIntegration.Program - Shipping_Code: M4B 1B3
2026-07-28 14:46:00,890 INFO AVS_ZohoIntegration.Program - Shipping_Country: MX
2026-07-28 14:46:00,890 INFO AVS_ZohoIntegration.Program - * Procesando resultado: 13 *
2026-07-28 14:46:00,890 INFO AVS_ZohoIntegration.Program - Cliente_SAP: C70000
2026-07-28 14:46:00,890 INFO AVS_ZohoIntegration.Program - Account_Name: Aquent Systems
2026-07-28 14:46:00,890 INFO AVS_ZohoIntegration.Program - Phone: +52 (81) 5711-6124
2026-07-28 14:46:00,890 INFO AVS_ZohoIntegration.Program - Website: www.aquent-sys.sap.com.mx
2026-07-28 14:46:00,890 INFO AVS_ZohoIntegration.Program - Billing_Street: 123 Kathryn Ave
2026-07-28 14:46:00,892 INFO AVS_ZohoIntegration.Program - Billing_City: Montreal
2026-07-28 14:46:00,892 INFO AVS_ZohoIntegration.Program - Billing_State: 
2026-07-28 14:46:00,892 INFO AVS_ZohoIntegration.Program - Billing_Code: H7B 2A5
2026-07-28 14:46:00,892 INFO AVS_ZohoIntegration.Program - Billing_Country: CA
2026-07-28 14:46:00,893 INFO AVS_ZohoIntegration.Program - Shipping_Street: 123 Kathryn Ave
2026-07-28 14:46:00,893 INFO AVS_ZohoIntegration.Program - Shipping_City: Montreal
2026-07-28 14:46:00,893 INFO AVS_ZohoIntegration.Program - Shipping_State: 
2026-07-28 14:46:00,893 INFO AVS_ZohoIntegration.Program - Shipping_Code: H7B 2A5
2026-07-28 14:46:00,893 INFO AVS_ZohoIntegration.Program - Shipping_Country: CA
2026-07-28 14:46:00,893 INFO AVS_ZohoIntegration.Program - * Procesando resultado: 14 *
2026-07-28 14:46:00,894 INFO AVS_ZohoIntegration.Program - Cliente_SAP: C99998
2026-07-28 14:46:00,894 INFO AVS_ZohoIntegration.Program - Account_Name: Cliente Web
2026-07-28 14:46:00,894 INFO AVS_ZohoIntegration.Program - Phone: 
2026-07-28 14:46:00,894 INFO AVS_ZohoIntegration.Program - Website: 
2026-07-28 14:46:00,894 INFO AVS_ZohoIntegration.Program - Billing_Street: 
2026-07-28 14:46:00,894 INFO AVS_ZohoIntegration.Program - Billing_City: 
2026-07-28 14:46:00,895 INFO AVS_ZohoIntegration.Program - Billing_State: 
2026-07-28 14:46:00,895 INFO AVS_ZohoIntegration.Program - Billing_Code: 
2026-07-28 14:46:00,895 INFO AVS_ZohoIntegration.Program - Billing_Country: 
2026-07-28 14:46:00,895 INFO AVS_ZohoIntegration.Program - Shipping_Street: 
2026-07-28 14:46:00,895 INFO AVS_ZohoIntegration.Program - Shipping_City: 
2026-07-28 14:46:00,895 INFO AVS_ZohoIntegration.Program - Shipping_State: 
2026-07-28 14:46:00,897 INFO AVS_ZohoIntegration.Program - Shipping_Code: 
2026-07-28 14:46:00,897 INFO AVS_ZohoIntegration.Program - Shipping_Country: MX
2026-07-28 14:46:00,897 INFO AVS_ZohoIntegration.Program - * Procesando resultado: 15 *
2026-07-28 14:46:00,898 INFO AVS_ZohoIntegration.Program - Cliente_SAP: CMF0001
2026-07-28 14:46:00,898 INFO AVS_ZohoIntegration.Program - Account_Name: Cliente curso SL
2026-07-28 14:46:00,899 INFO AVS_ZohoIntegration.Program - Phone: 
2026-07-28 14:46:00,899 INFO AVS_ZohoIntegration.Program - Website: 
2026-07-28 14:46:00,899 INFO AVS_ZohoIntegration.Program - Billing_Street: 
2026-07-28 14:46:00,900 INFO AVS_ZohoIntegration.Program - Billing_City: 
2026-07-28 14:46:00,900 INFO AVS_ZohoIntegration.Program - Billing_State: 
2026-07-28 14:46:00,900 INFO AVS_ZohoIntegration.Program - Billing_Code: 
2026-07-28 14:46:00,901 INFO AVS_ZohoIntegration.Program - Billing_Country: 
2026-07-28 14:46:00,901 INFO AVS_ZohoIntegration.Program - Shipping_Street: 
2026-07-28 14:46:00,901 INFO AVS_ZohoIntegration.Program - Shipping_City: 
2026-07-28 14:46:00,902 INFO AVS_ZohoIntegration.Program - Shipping_State: 
2026-07-28 14:46:00,902 INFO AVS_ZohoIntegration.Program - Shipping_Code: 
2026-07-28 14:46:00,902 INFO AVS_ZohoIntegration.Program - Shipping_Country: 
2026-07-28 14:46:00,902 INFO AVS_ZohoIntegration.Program - * Procesando resultado: 16 *
2026-07-28 14:46:00,902 INFO AVS_ZohoIntegration.Program - Cliente_SAP: CMF0002
2026-07-28 14:46:00,903 INFO AVS_ZohoIntegration.Program - Account_Name: Cliente 01
2026-07-28 14:46:00,903 INFO AVS_ZohoIntegration.Program - Phone: 
2026-07-28 14:46:00,903 INFO AVS_ZohoIntegration.Program - Website: 
2026-07-28 14:46:00,904 INFO AVS_ZohoIntegration.Program - Billing_Street: Paseo de lo sauces
2026-07-28 14:46:00,904 INFO AVS_ZohoIntegration.Program - Billing_City: México
2026-07-28 14:46:00,904 INFO AVS_ZohoIntegration.Program - Billing_State: MEX
2026-07-28 14:46:00,904 INFO AVS_ZohoIntegration.Program - Billing_Code: 54130
2026-07-28 14:46:00,905 INFO AVS_ZohoIntegration.Program - Billing_Country: MX
2026-07-28 14:46:00,905 INFO AVS_ZohoIntegration.Program - Shipping_Street: 
2026-07-28 14:46:00,905 INFO AVS_ZohoIntegration.Program - Shipping_City: 
2026-07-28 14:46:00,905 INFO AVS_ZohoIntegration.Program - Shipping_State: 
2026-07-28 14:46:00,906 INFO AVS_ZohoIntegration.Program - Shipping_Code: 
2026-07-28 14:46:00,906 INFO AVS_ZohoIntegration.Program - Shipping_Country: 
2026-07-28 14:46:00,906 INFO AVS_ZohoIntegration.Program - * Procesando resultado: 17 *
2026-07-28 14:46:00,907 INFO AVS_ZohoIntegration.Program - Cliente_SAP: CMF0003
2026-07-28 14:46:00,907 INFO AVS_ZohoIntegration.Program - Account_Name: Cliente Mostrador prueba
2026-07-28 14:46:00,907 INFO AVS_ZohoIntegration.Program - Phone: 
2026-07-28 14:46:00,907 INFO AVS_ZohoIntegration.Program - Website: 
2026-07-28 14:46:00,907 INFO AVS_ZohoIntegration.Program - Billing_Street: 300 Billings Drive
2026-07-28 14:46:00,908 INFO AVS_ZohoIntegration.Program - Billing_City: 
2026-07-28 14:46:00,908 INFO AVS_ZohoIntegration.Program - Billing_State: DF
2026-07-28 14:46:00,909 INFO AVS_ZohoIntegration.Program - Billing_Code: 19083
2026-07-28 14:46:00,909 INFO AVS_ZohoIntegration.Program - Billing_Country: MX
2026-07-28 14:46:00,909 INFO AVS_ZohoIntegration.Program - Shipping_Street: 
2026-07-28 14:46:00,909 INFO AVS_ZohoIntegration.Program - Shipping_City: 
2026-07-28 14:46:00,910 INFO AVS_ZohoIntegration.Program - Shipping_State: 
2026-07-28 14:46:00,910 INFO AVS_ZohoIntegration.Program - Shipping_Code: 
2026-07-28 14:46:00,910 INFO AVS_ZohoIntegration.Program - Shipping_Country: 
2026-07-28 14:46:00,910 INFO AVS_ZohoIntegration.Program - * Procesando resultado: 18 *
2026-07-28 14:46:00,910 INFO AVS_ZohoIntegration.Program - Cliente_SAP: CMF0004
2026-07-28 14:46:00,911 INFO AVS_ZohoIntegration.Program - Account_Name: Empresa Ejemplo 1
2026-07-28 14:46:00,911 INFO AVS_ZohoIntegration.Program - Phone: 5551234567
2026-07-28 14:46:00,912 INFO AVS_ZohoIntegration.Program - Website: 
2026-07-28 14:46:00,912 INFO AVS_ZohoIntegration.Program - Billing_Street: Calle Secundaria 456
2026-07-28 14:46:00,912 INFO AVS_ZohoIntegration.Program - Billing_City: Monterrey
2026-07-28 14:46:00,913 INFO AVS_ZohoIntegration.Program - Billing_State: NL
2026-07-28 14:46:00,913 INFO AVS_ZohoIntegration.Program - Billing_Code: 67890
2026-07-28 14:46:00,913 INFO AVS_ZohoIntegration.Program - Billing_Country: MX
2026-07-28 14:46:00,913 INFO AVS_ZohoIntegration.Program - Shipping_Street: 
2026-07-28 14:46:00,913 INFO AVS_ZohoIntegration.Program - Shipping_City: 
2026-07-28 14:46:00,914 INFO AVS_ZohoIntegration.Program - Shipping_State: 
2026-07-28 14:46:00,914 INFO AVS_ZohoIntegration.Program - Shipping_Code: 
2026-07-28 14:46:00,914 INFO AVS_ZohoIntegration.Program - Shipping_Country: 
2026-07-28 14:46:00,915 INFO AVS_ZohoIntegration.Program - * Procesando resultado: 19 *
2026-07-28 14:46:00,916 INFO AVS_ZohoIntegration.Program - Cliente_SAP: CMF0005
2026-07-28 14:46:00,917 INFO AVS_ZohoIntegration.Program - Account_Name: Cliente Mostrador 2
2026-07-28 14:46:00,917 INFO AVS_ZohoIntegration.Program - Phone: 
2026-07-28 14:46:00,917 INFO AVS_ZohoIntegration.Program - Website: 
2026-07-28 14:46:00,917 INFO AVS_ZohoIntegration.Program - Billing_Street: 300 Billings Drive
2026-07-28 14:46:00,917 INFO AVS_ZohoIntegration.Program - Billing_City: 
2026-07-28 14:46:00,917 INFO AVS_ZohoIntegration.Program - Billing_State: NAY
2026-07-28 14:46:00,917 INFO AVS_ZohoIntegration.Program - Billing_Code: 19083
2026-07-28 14:46:00,917 INFO AVS_ZohoIntegration.Program - Billing_Country: MX
2026-07-28 14:46:00,917 INFO AVS_ZohoIntegration.Program - Shipping_Street: 
2026-07-28 14:46:00,917 INFO AVS_ZohoIntegration.Program - Shipping_City: 
2026-07-28 14:46:00,917 INFO AVS_ZohoIntegration.Program - Shipping_State: 
2026-07-28 14:46:00,917 INFO AVS_ZohoIntegration.Program - Shipping_Code: 
2026-07-28 14:46:00,917 INFO AVS_ZohoIntegration.Program - Shipping_Country: 
2026-07-28 14:46:00,917 INFO AVS_ZohoIntegration.Program - * Procesando resultado: 20 *
2026-07-28 14:46:00,917 INFO AVS_ZohoIntegration.Program - Cliente_SAP: CSL0002
2026-07-28 14:46:00,917 INFO AVS_ZohoIntegration.Program - Account_Name: Cliente curso SL
2026-07-28 14:46:00,917 INFO AVS_ZohoIntegration.Program - Phone: 
2026-07-28 14:46:00,917 INFO AVS_ZohoIntegration.Program - Website: 
2026-07-28 14:46:00,917 INFO AVS_ZohoIntegration.Program - Billing_Street: 
2026-07-28 14:46:00,917 INFO AVS_ZohoIntegration.Program - Billing_City: 
2026-07-28 14:46:00,917 INFO AVS_ZohoIntegration.Program - Billing_State: 
2026-07-28 14:46:00,917 INFO AVS_ZohoIntegration.Program - Billing_Code: 
2026-07-28 14:46:00,917 INFO AVS_ZohoIntegration.Program - Billing_Country: 
2026-07-28 14:46:00,917 INFO AVS_ZohoIntegration.Program - Shipping_Street: 
2026-07-28 14:46:00,917 INFO AVS_ZohoIntegration.Program - Shipping_City: 
2026-07-28 14:46:00,917 INFO AVS_ZohoIntegration.Program - Shipping_State: 
2026-07-28 14:46:00,917 INFO AVS_ZohoIntegration.Program - Shipping_Code: 
2026-07-28 14:46:00,917 INFO AVS_ZohoIntegration.Program - Shipping_Country: 
2026-07-28 14:46:00,917 INFO AVS_ZohoIntegration.Program - * Procesando resultado: 21 *
2026-07-28 14:46:00,917 INFO AVS_ZohoIntegration.Program - Cliente_SAP: PR000336
2026-07-28 14:46:00,917 INFO AVS_ZohoIntegration.Program - Account_Name: Cliente Beluga
2026-07-28 14:46:00,917 INFO AVS_ZohoIntegration.Program - Phone: 
2026-07-28 14:46:00,917 INFO AVS_ZohoIntegration.Program - Website: 
2026-07-28 14:46:00,917 INFO AVS_ZohoIntegration.Program - Billing_Street: 
2026-07-28 14:46:00,917 INFO AVS_ZohoIntegration.Program - Billing_City: 
2026-07-28 14:46:00,917 INFO AVS_ZohoIntegration.Program - Billing_State: 
2026-07-28 14:46:00,917 INFO AVS_ZohoIntegration.Program - Billing_Code: 
2026-07-28 14:46:00,917 INFO AVS_ZohoIntegration.Program - Billing_Country: 
2026-07-28 14:46:00,917 INFO AVS_ZohoIntegration.Program - Shipping_Street: 
2026-07-28 14:46:00,917 INFO AVS_ZohoIntegration.Program - Shipping_City: 
2026-07-28 14:46:00,917 INFO AVS_ZohoIntegration.Program - Shipping_State: 
2026-07-28 14:46:00,917 INFO AVS_ZohoIntegration.Program - Shipping_Code: 
2026-07-28 14:46:00,917 INFO AVS_ZohoIntegration.Program - Shipping_Country: 
2026-07-28 14:46:00,917 INFO AVS_ZohoIntegration.Program - * Procesando resultado: 22 *
2026-07-28 14:46:00,917 INFO AVS_ZohoIntegration.Program - Cliente_SAP: PRAVS01
2026-07-28 14:46:00,917 INFO AVS_ZohoIntegration.Program - Account_Name: Prueba curso SL
2026-07-28 14:46:00,917 INFO AVS_ZohoIntegration.Program - Phone: 
2026-07-28 14:46:00,917 INFO AVS_ZohoIntegration.Program - Website: 
2026-07-28 14:46:00,917 INFO AVS_ZohoIntegration.Program - Billing_Street: 
2026-07-28 14:46:00,917 INFO AVS_ZohoIntegration.Program - Billing_City: 
2026-07-28 14:46:00,917 INFO AVS_ZohoIntegration.Program - Billing_State: 
2026-07-28 14:46:00,917 INFO AVS_ZohoIntegration.Program - Billing_Code: 
2026-07-28 14:46:00,932 INFO AVS_ZohoIntegration.Program - Billing_Country: 
2026-07-28 14:46:00,933 INFO AVS_ZohoIntegration.Program - Shipping_Street: 
2026-07-28 14:46:00,933 INFO AVS_ZohoIntegration.Program - Shipping_City: 
2026-07-28 14:46:00,934 INFO AVS_ZohoIntegration.Program - Shipping_State: 
2026-07-28 14:46:00,934 INFO AVS_ZohoIntegration.Program - Shipping_Code: 
2026-07-28 14:46:00,935 INFO AVS_ZohoIntegration.Program - Shipping_Country: 
2026-07-28 14:46:05,297 INFO AVS_ZohoIntegration.Program - * Consultando sub-entidad [Owner] para OCRD...
2026-07-28 14:47:03,579 INFO AVS_ZohoIntegration.Program - AVS SFTPSync Version [1.0.0.0]
2026-07-28 14:47:03,584 INFO AVS_ZohoIntegration.Program - Leyendo archivo de configuracion.
2026-07-28 14:47:03,641 INFO AVS_ZohoIntegration.Program - Archivo de configuracion leido correctamente.
2026-07-28 14:47:03,641 DEBUG AVS_ZohoIntegration.Program - **************************************************************************
2026-07-28 14:47:03,641 DEBUG AVS_ZohoIntegration.Program - Ejecutando sincronizacion para: SBODemoMX
2026-07-28 14:47:06,096 DEBUG AVS_ZohoIntegration.Program - Validando licencia...
2026-07-28 14:47:06,098 INFO AVS_ZohoIntegration.Program - Licencia valida.
2026-07-28 14:47:06,099 INFO AVS_ZohoIntegration.Program - Comando recibido: SENDBUSINESSPARTNERS
2026-07-28 14:47:06,100 INFO AVS_ZohoIntegration.Program - Iniciando proceso de envío de socios de negocio...
2026-07-28 14:47:06,102 INFO AVS_ZohoIntegration.Program - *** Obteniendo información de cabecera: Socios de Negocio (OCRD) ***
2026-07-28 14:47:06,341 INFO AVS_ZohoIntegration.Program - Se han obtenido 22 resultados pendientes de procesar.
2026-07-28 14:47:06,342 INFO AVS_ZohoIntegration.Program - * Procesando resultado: 1 *
2026-07-28 14:47:06,343 INFO AVS_ZohoIntegration.Program - Cliente_SAP: C1111
2026-07-28 14:47:06,343 INFO AVS_ZohoIntegration.Program - Account_Name: Cliente Mostrador
2026-07-28 14:47:06,344 INFO AVS_ZohoIntegration.Program - Phone: 
2026-07-28 14:47:06,344 INFO AVS_ZohoIntegration.Program - Website: 
2026-07-28 14:47:06,344 INFO AVS_ZohoIntegration.Program - Billing_Street: 
2026-07-28 14:47:06,345 INFO AVS_ZohoIntegration.Program - Billing_City: 
2026-07-28 14:47:06,345 INFO AVS_ZohoIntegration.Program - Billing_State: 
2026-07-28 14:47:06,346 INFO AVS_ZohoIntegration.Program - Billing_Code: 
2026-07-28 14:47:06,346 INFO AVS_ZohoIntegration.Program - Billing_Country: MX
2026-07-28 14:47:06,346 INFO AVS_ZohoIntegration.Program - Shipping_Street: 
2026-07-28 14:47:06,347 INFO AVS_ZohoIntegration.Program - Shipping_City: 
2026-07-28 14:47:06,347 INFO AVS_ZohoIntegration.Program - Shipping_State: 
2026-07-28 14:47:06,347 INFO AVS_ZohoIntegration.Program - Shipping_Code: 
2026-07-28 14:47:06,347 INFO AVS_ZohoIntegration.Program - Shipping_Country: MX
2026-07-28 14:47:06,347 INFO AVS_ZohoIntegration.Program - * Procesando resultado: 2 *
2026-07-28 14:47:06,348 INFO AVS_ZohoIntegration.Program - Cliente_SAP: C12345
2026-07-28 14:47:06,349 INFO AVS_ZohoIntegration.Program - Account_Name: Comercializadora XYZ S.A. de C.V.
2026-07-28 14:47:06,349 INFO AVS_ZohoIntegration.Program - Phone: 
2026-07-28 14:47:06,349 INFO AVS_ZohoIntegration.Program - Website: 
2026-07-28 14:47:06,350 INFO AVS_ZohoIntegration.Program - Billing_Street: Av. Insurgentes Sur
2026-07-28 14:47:06,350 INFO AVS_ZohoIntegration.Program - Billing_City: Ciudad de México
2026-07-28 14:47:06,351 INFO AVS_ZohoIntegration.Program - Billing_State: DF
2026-07-28 14:47:06,351 INFO AVS_ZohoIntegration.Program - Billing_Code: 03100
2026-07-28 14:47:06,351 INFO AVS_ZohoIntegration.Program - Billing_Country: MX
2026-07-28 14:47:06,352 INFO AVS_ZohoIntegration.Program - Shipping_Street: Carretera México-Toluca
2026-07-28 14:47:06,352 INFO AVS_ZohoIntegration.Program - Shipping_City: Toluca
2026-07-28 14:47:06,352 INFO AVS_ZohoIntegration.Program - Shipping_State: MEX
2026-07-28 14:47:06,352 INFO AVS_ZohoIntegration.Program - Shipping_Code: 50000
2026-07-28 14:47:06,353 INFO AVS_ZohoIntegration.Program - Shipping_Country: MX
2026-07-28 14:47:06,353 INFO AVS_ZohoIntegration.Program - * Procesando resultado: 3 *
2026-07-28 14:47:06,353 INFO AVS_ZohoIntegration.Program - Cliente_SAP: C123456
2026-07-28 14:47:06,353 INFO AVS_ZohoIntegration.Program - Account_Name: Comercializadora XYZ S.A. de C.V.
2026-07-28 14:47:06,354 INFO AVS_ZohoIntegration.Program - Phone: 
2026-07-28 14:47:06,354 INFO AVS_ZohoIntegration.Program - Website: 
2026-07-28 14:47:06,355 INFO AVS_ZohoIntegration.Program - Billing_Street: Av. Insurgentes Sur
2026-07-28 14:47:06,355 INFO AVS_ZohoIntegration.Program - Billing_City: Ciudad de México
2026-07-28 14:47:06,355 INFO AVS_ZohoIntegration.Program - Billing_State: DF
2026-07-28 14:47:06,355 INFO AVS_ZohoIntegration.Program - Billing_Code: 03100
2026-07-28 14:47:06,356 INFO AVS_ZohoIntegration.Program - Billing_Country: MX
2026-07-28 14:47:06,356 INFO AVS_ZohoIntegration.Program - Shipping_Street: Carretera México-Toluca
2026-07-28 14:47:06,356 INFO AVS_ZohoIntegration.Program - Shipping_City: Toluca
2026-07-28 14:47:06,356 INFO AVS_ZohoIntegration.Program - Shipping_State: MEX
2026-07-28 14:47:06,357 INFO AVS_ZohoIntegration.Program - Shipping_Code: 50000
2026-07-28 14:47:06,357 INFO AVS_ZohoIntegration.Program - Shipping_Country: MX
2026-07-28 14:47:06,357 INFO AVS_ZohoIntegration.Program - * Procesando resultado: 4 *
2026-07-28 14:47:06,357 INFO AVS_ZohoIntegration.Program - Cliente_SAP: C20000
2026-07-28 14:47:06,358 INFO AVS_ZohoIntegration.Program - Account_Name: Maxi-Teq
2026-07-28 14:47:06,358 INFO AVS_ZohoIntegration.Program - Phone: +52 (55) 5565-9032
2026-07-28 14:47:06,358 INFO AVS_ZohoIntegration.Program - Website: www.maxi-teq.sap.com
2026-07-28 14:47:06,358 INFO AVS_ZohoIntegration.Program - Billing_Street: 300 Billings Drive
2026-07-28 14:47:06,358 INFO AVS_ZohoIntegration.Program - Billing_City: 
2026-07-28 14:47:06,359 INFO AVS_ZohoIntegration.Program - Billing_State: DF
2026-07-28 14:47:06,359 INFO AVS_ZohoIntegration.Program - Billing_Code: 19083
2026-07-28 14:47:06,359 INFO AVS_ZohoIntegration.Program - Billing_Country: MX
2026-07-28 14:47:06,359 INFO AVS_ZohoIntegration.Program - Shipping_Street: 300 Billings Drive
2026-07-28 14:47:06,360 INFO AVS_ZohoIntegration.Program - Shipping_City: Mexico D.F.
2026-07-28 14:47:06,360 INFO AVS_ZohoIntegration.Program - Shipping_State: DF
2026-07-28 14:47:06,360 INFO AVS_ZohoIntegration.Program - Shipping_Code: 19083
2026-07-28 14:47:06,360 INFO AVS_ZohoIntegration.Program - Shipping_Country: MX
2026-07-28 14:47:06,361 INFO AVS_ZohoIntegration.Program - * Procesando resultado: 5 *
2026-07-28 14:47:06,361 INFO AVS_ZohoIntegration.Program - Cliente_SAP: C23900
2026-07-28 14:47:06,361 INFO AVS_ZohoIntegration.Program - Account_Name: Parameter Technology
2026-07-28 14:47:06,361 INFO AVS_ZohoIntegration.Program - Phone: +52 (55)  5654-7633
2026-07-28 14:47:06,361 INFO AVS_ZohoIntegration.Program - Website: www.parameter.sap.com
2026-07-28 14:47:06,362 INFO AVS_ZohoIntegration.Program - Billing_Street: 908 Darby Road
2026-07-28 14:47:06,362 INFO AVS_ZohoIntegration.Program - Billing_City: Mexico D.F.
2026-07-28 14:47:06,362 INFO AVS_ZohoIntegration.Program - Billing_State: DF
2026-07-28 14:47:06,362 INFO AVS_ZohoIntegration.Program - Billing_Code: 19083
2026-07-28 14:47:06,363 INFO AVS_ZohoIntegration.Program - Billing_Country: MX
2026-07-28 14:47:06,363 INFO AVS_ZohoIntegration.Program - Shipping_Street: 908 Darby Road
2026-07-28 14:47:06,363 INFO AVS_ZohoIntegration.Program - Shipping_City: Mexico D.F.
2026-07-28 14:47:06,363 INFO AVS_ZohoIntegration.Program - Shipping_State: DF
2026-07-28 14:47:06,364 INFO AVS_ZohoIntegration.Program - Shipping_Code: 19083
2026-07-28 14:47:06,364 INFO AVS_ZohoIntegration.Program - Shipping_Country: MX
2026-07-28 14:47:06,364 INFO AVS_ZohoIntegration.Program - * Procesando resultado: 6 *
2026-07-28 14:47:06,365 INFO AVS_ZohoIntegration.Program - Cliente_SAP: C25000
2026-07-28 14:47:06,365 INFO AVS_ZohoIntegration.Program - Account_Name: Star Company
2026-07-28 14:47:06,365 INFO AVS_ZohoIntegration.Program - Phone: 00421 2 582 56 33
2026-07-28 14:47:06,365 INFO AVS_ZohoIntegration.Program - Website: www.starcompa.eu
2026-07-28 14:47:06,365 INFO AVS_ZohoIntegration.Program - Billing_Street: Plynarenska
2026-07-28 14:47:06,365 INFO AVS_ZohoIntegration.Program - Billing_City: Bratislava
2026-07-28 14:47:06,365 INFO AVS_ZohoIntegration.Program - Billing_State: 
2026-07-28 14:47:06,365 INFO AVS_ZohoIntegration.Program - Billing_Code: 821 09
2026-07-28 14:47:06,365 INFO AVS_ZohoIntegration.Program - Billing_Country: SK
2026-07-28 14:47:06,365 INFO AVS_ZohoIntegration.Program - Shipping_Street: Plynarenska
2026-07-28 14:47:06,365 INFO AVS_ZohoIntegration.Program - Shipping_City: Bratislava
2026-07-28 14:47:06,365 INFO AVS_ZohoIntegration.Program - Shipping_State: 
2026-07-28 14:47:06,365 INFO AVS_ZohoIntegration.Program - Shipping_Code: 821 09
2026-07-28 14:47:06,365 INFO AVS_ZohoIntegration.Program - Shipping_Country: SK
2026-07-28 14:47:06,365 INFO AVS_ZohoIntegration.Program - * Procesando resultado: 7 *
2026-07-28 14:47:06,365 INFO AVS_ZohoIntegration.Program - Cliente_SAP: C26000
2026-07-28 14:47:06,365 INFO AVS_ZohoIntegration.Program - Account_Name: River Inc
2026-07-28 14:47:06,365 INFO AVS_ZohoIntegration.Program - Phone: 0044 161 869 9000
2026-07-28 14:47:06,365 INFO AVS_ZohoIntegration.Program - Website: www.riveri.co.uk
2026-07-28 14:47:06,365 INFO AVS_ZohoIntegration.Program - Billing_Street: United Rd
2026-07-28 14:47:06,365 INFO AVS_ZohoIntegration.Program - Billing_City: Manchester
2026-07-28 14:47:06,365 INFO AVS_ZohoIntegration.Program - Billing_State: 
2026-07-28 14:47:06,365 INFO AVS_ZohoIntegration.Program - Billing_Code: M16 0RA
2026-07-28 14:47:06,365 INFO AVS_ZohoIntegration.Program - Billing_Country: GB
2026-07-28 14:47:06,365 INFO AVS_ZohoIntegration.Program - Shipping_Street: United Rd
2026-07-28 14:47:06,365 INFO AVS_ZohoIntegration.Program - Shipping_City: Manchester
2026-07-28 14:47:06,365 INFO AVS_ZohoIntegration.Program - Shipping_State: 
2026-07-28 14:47:06,365 INFO AVS_ZohoIntegration.Program - Shipping_Code: M16 0RA
2026-07-28 14:47:06,365 INFO AVS_ZohoIntegration.Program - Shipping_Country: GB
2026-07-28 14:47:06,365 INFO AVS_ZohoIntegration.Program - * Procesando resultado: 8 *
2026-07-28 14:47:06,365 INFO AVS_ZohoIntegration.Program - Cliente_SAP: C30000
2026-07-28 14:47:06,365 INFO AVS_ZohoIntegration.Program - Account_Name: Microchips
2026-07-28 14:47:06,365 INFO AVS_ZohoIntegration.Program - Phone: +52 (55) 5345-9000
2026-07-28 14:47:06,365 INFO AVS_ZohoIntegration.Program - Website: www.microchips.sap.com
2026-07-28 14:47:06,365 INFO AVS_ZohoIntegration.Program - Billing_Street: 45th Street
2026-07-28 14:47:06,365 INFO AVS_ZohoIntegration.Program - Billing_City: Mexico D.F.
2026-07-28 14:47:06,365 INFO AVS_ZohoIntegration.Program - Billing_State: DF
2026-07-28 14:47:06,365 INFO AVS_ZohoIntegration.Program - Billing_Code: 10010
2026-07-28 14:47:06,365 INFO AVS_ZohoIntegration.Program - Billing_Country: MX
2026-07-28 14:47:06,365 INFO AVS_ZohoIntegration.Program - Shipping_Street: 5th Ave
2026-07-28 14:47:06,365 INFO AVS_ZohoIntegration.Program - Shipping_City: Mexico D.F.
2026-07-28 14:47:06,365 INFO AVS_ZohoIntegration.Program - Shipping_State: DF
2026-07-28 14:47:06,365 INFO AVS_ZohoIntegration.Program - Shipping_Code: 10005
2026-07-28 14:47:06,365 INFO AVS_ZohoIntegration.Program - Shipping_Country: MX
2026-07-28 14:47:06,365 INFO AVS_ZohoIntegration.Program - * Procesando resultado: 9 *
2026-07-28 14:47:06,365 INFO AVS_ZohoIntegration.Program - Cliente_SAP: C40000
2026-07-28 14:47:06,365 INFO AVS_ZohoIntegration.Program - Account_Name: Earthshaker Corporation
2026-07-28 14:47:06,365 INFO AVS_ZohoIntegration.Program - Phone: +52 (55) 5632-3399
2026-07-28 14:47:06,365 INFO AVS_ZohoIntegration.Program - Website: www.earthshaker.sap.com.mx
2026-07-28 14:47:06,365 INFO AVS_ZohoIntegration.Program - Billing_Street: 208 Hollywood Ave
2026-07-28 14:47:06,365 INFO AVS_ZohoIntegration.Program - Billing_City: Mexico D.F.
2026-07-28 14:47:06,365 INFO AVS_ZohoIntegration.Program - Billing_State: DF
2026-07-28 14:47:06,365 INFO AVS_ZohoIntegration.Program - Billing_Code: 95030
2026-07-28 14:47:06,365 INFO AVS_ZohoIntegration.Program - Billing_Country: MX
2026-07-28 14:47:06,365 INFO AVS_ZohoIntegration.Program - Shipping_Street: 208 Hollywood Ave
2026-07-28 14:47:06,381 INFO AVS_ZohoIntegration.Program - Shipping_City: Mexico D.F.
2026-07-28 14:47:06,381 INFO AVS_ZohoIntegration.Program - Shipping_State: DF
2026-07-28 14:47:06,382 INFO AVS_ZohoIntegration.Program - Shipping_Code: 95030
2026-07-28 14:47:06,382 INFO AVS_ZohoIntegration.Program - Shipping_Country: MX
2026-07-28 14:47:06,382 INFO AVS_ZohoIntegration.Program - * Procesando resultado: 10 *
2026-07-28 14:47:06,382 INFO AVS_ZohoIntegration.Program - Cliente_SAP: C42000
2026-07-28 14:47:06,383 INFO AVS_ZohoIntegration.Program - Account_Name: Mashina Corporation
2026-07-28 14:47:06,383 INFO AVS_ZohoIntegration.Program - Phone: +52 (55) 5115-7733
2026-07-28 14:47:06,383 INFO AVS_ZohoIntegration.Program - Website: www.mashina.sap.com.mx
2026-07-28 14:47:06,384 INFO AVS_ZohoIntegration.Program - Billing_Street: 400 Range Road
2026-07-28 14:47:06,384 INFO AVS_ZohoIntegration.Program - Billing_City: Mexico D.F.
2026-07-28 14:47:06,385 INFO AVS_ZohoIntegration.Program - Billing_State: DF
2026-07-28 14:47:06,385 INFO AVS_ZohoIntegration.Program - Billing_Code: 44113
2026-07-28 14:47:06,385 INFO AVS_ZohoIntegration.Program - Billing_Country: MX
2026-07-28 14:47:06,385 INFO AVS_ZohoIntegration.Program - Shipping_Street: 400 Range Road
2026-07-28 14:47:06,386 INFO AVS_ZohoIntegration.Program - Shipping_City: Mexico D.F.
2026-07-28 14:47:06,386 INFO AVS_ZohoIntegration.Program - Shipping_State: DF
2026-07-28 14:47:06,386 INFO AVS_ZohoIntegration.Program - Shipping_Code: 44113
2026-07-28 14:47:06,386 INFO AVS_ZohoIntegration.Program - Shipping_Country: MX
2026-07-28 14:47:06,386 INFO AVS_ZohoIntegration.Program - * Procesando resultado: 11 *
2026-07-28 14:47:06,387 INFO AVS_ZohoIntegration.Program - Cliente_SAP: C50000
2026-07-28 14:47:06,387 INFO AVS_ZohoIntegration.Program - Account_Name: ADA Technologies
2026-07-28 14:47:06,388 INFO AVS_ZohoIntegration.Program - Phone: +52 (55) 5456-9000
2026-07-28 14:47:06,388 INFO AVS_ZohoIntegration.Program - Website: www.ada-tech.sap.com.mx
2026-07-28 14:47:06,388 INFO AVS_ZohoIntegration.Program - Billing_Street: 34 Highway 6
2026-07-28 14:47:06,389 INFO AVS_ZohoIntegration.Program - Billing_City: Mexico D.F.
2026-07-28 14:47:06,389 INFO AVS_ZohoIntegration.Program - Billing_State: DF
2026-07-28 14:47:06,389 INFO AVS_ZohoIntegration.Program - Billing_Code: 3102
2026-07-28 14:47:06,390 INFO AVS_ZohoIntegration.Program - Billing_Country: MX
2026-07-28 14:47:06,390 INFO AVS_ZohoIntegration.Program - Shipping_Street: 34 Highway 6
2026-07-28 14:47:06,390 INFO AVS_ZohoIntegration.Program - Shipping_City: Mexico D.F.
2026-07-28 14:47:06,390 INFO AVS_ZohoIntegration.Program - Shipping_State: DF
2026-07-28 14:47:06,390 INFO AVS_ZohoIntegration.Program - Shipping_Code: 3102
2026-07-28 14:47:06,391 INFO AVS_ZohoIntegration.Program - Shipping_Country: MX
2026-07-28 14:47:06,391 INFO AVS_ZohoIntegration.Program - * Procesando resultado: 12 *
2026-07-28 14:47:06,391 INFO AVS_ZohoIntegration.Program - Cliente_SAP: C60000
2026-07-28 14:47:06,391 INFO AVS_ZohoIntegration.Program - Account_Name: SG Electronics
2026-07-28 14:47:06,391 INFO AVS_ZohoIntegration.Program - Phone: +52 (55) 5980-7723
2026-07-28 14:47:06,392 INFO AVS_ZohoIntegration.Program - Website: www.sg.sap.com.com.mx
2026-07-28 14:47:06,392 INFO AVS_ZohoIntegration.Program - Billing_Street: 67 Grant Ave
2026-07-28 14:47:06,392 INFO AVS_ZohoIntegration.Program - Billing_City: Toronto
2026-07-28 14:47:06,392 INFO AVS_ZohoIntegration.Program - Billing_State: 
2026-07-28 14:47:06,393 INFO AVS_ZohoIntegration.Program - Billing_Code: M4B 1B3
2026-07-28 14:47:06,393 INFO AVS_ZohoIntegration.Program - Billing_Country: CA
2026-07-28 14:47:06,393 INFO AVS_ZohoIntegration.Program - Shipping_Street: 67 Grant Ave
2026-07-28 14:47:06,394 INFO AVS_ZohoIntegration.Program - Shipping_City: DF
2026-07-28 14:47:06,394 INFO AVS_ZohoIntegration.Program - Shipping_State: DF
2026-07-28 14:47:06,394 INFO AVS_ZohoIntegration.Program - Shipping_Code: M4B 1B3
2026-07-28 14:47:06,394 INFO AVS_ZohoIntegration.Program - Shipping_Country: MX
2026-07-28 14:47:06,395 INFO AVS_ZohoIntegration.Program - * Procesando resultado: 13 *
2026-07-28 14:47:06,395 INFO AVS_ZohoIntegration.Program - Cliente_SAP: C70000
2026-07-28 14:47:06,395 INFO AVS_ZohoIntegration.Program - Account_Name: Aquent Systems
2026-07-28 14:47:06,395 INFO AVS_ZohoIntegration.Program - Phone: +52 (81) 5711-6124
2026-07-28 14:47:06,396 INFO AVS_ZohoIntegration.Program - Website: www.aquent-sys.sap.com.mx
2026-07-28 14:47:06,396 INFO AVS_ZohoIntegration.Program - Billing_Street: 123 Kathryn Ave
2026-07-28 14:47:06,397 INFO AVS_ZohoIntegration.Program - Billing_City: Montreal
2026-07-28 14:47:06,397 INFO AVS_ZohoIntegration.Program - Billing_State: 
2026-07-28 14:47:06,397 INFO AVS_ZohoIntegration.Program - Billing_Code: H7B 2A5
2026-07-28 14:47:06,397 INFO AVS_ZohoIntegration.Program - Billing_Country: CA
2026-07-28 14:47:06,398 INFO AVS_ZohoIntegration.Program - Shipping_Street: 123 Kathryn Ave
2026-07-28 14:47:06,399 INFO AVS_ZohoIntegration.Program - Shipping_City: Montreal
2026-07-28 14:47:06,399 INFO AVS_ZohoIntegration.Program - Shipping_State: 
2026-07-28 14:47:06,400 INFO AVS_ZohoIntegration.Program - Shipping_Code: H7B 2A5
2026-07-28 14:47:06,400 INFO AVS_ZohoIntegration.Program - Shipping_Country: CA
2026-07-28 14:47:06,400 INFO AVS_ZohoIntegration.Program - * Procesando resultado: 14 *
2026-07-28 14:47:06,400 INFO AVS_ZohoIntegration.Program - Cliente_SAP: C99998
2026-07-28 14:47:06,401 INFO AVS_ZohoIntegration.Program - Account_Name: Cliente Web
2026-07-28 14:47:06,401 INFO AVS_ZohoIntegration.Program - Phone: 
2026-07-28 14:47:06,401 INFO AVS_ZohoIntegration.Program - Website: 
2026-07-28 14:47:06,402 INFO AVS_ZohoIntegration.Program - Billing_Street: 
2026-07-28 14:47:06,402 INFO AVS_ZohoIntegration.Program - Billing_City: 
2026-07-28 14:47:06,402 INFO AVS_ZohoIntegration.Program - Billing_State: 
2026-07-28 14:47:06,402 INFO AVS_ZohoIntegration.Program - Billing_Code: 
2026-07-28 14:47:06,403 INFO AVS_ZohoIntegration.Program - Billing_Country: 
2026-07-28 14:47:06,403 INFO AVS_ZohoIntegration.Program - Shipping_Street: 
2026-07-28 14:47:06,403 INFO AVS_ZohoIntegration.Program - Shipping_City: 
2026-07-28 14:47:06,404 INFO AVS_ZohoIntegration.Program - Shipping_State: 
2026-07-28 14:47:06,404 INFO AVS_ZohoIntegration.Program - Shipping_Code: 
2026-07-28 14:47:06,405 INFO AVS_ZohoIntegration.Program - Shipping_Country: MX
2026-07-28 14:47:06,405 INFO AVS_ZohoIntegration.Program - * Procesando resultado: 15 *
2026-07-28 14:47:06,405 INFO AVS_ZohoIntegration.Program - Cliente_SAP: CMF0001
2026-07-28 14:47:06,406 INFO AVS_ZohoIntegration.Program - Account_Name: Cliente curso SL
2026-07-28 14:47:06,406 INFO AVS_ZohoIntegration.Program - Phone: 
2026-07-28 14:47:06,406 INFO AVS_ZohoIntegration.Program - Website: 
2026-07-28 14:47:06,406 INFO AVS_ZohoIntegration.Program - Billing_Street: 
2026-07-28 14:47:06,407 INFO AVS_ZohoIntegration.Program - Billing_City: 
2026-07-28 14:47:06,407 INFO AVS_ZohoIntegration.Program - Billing_State: 
2026-07-28 14:47:06,407 INFO AVS_ZohoIntegration.Program - Billing_Code: 
2026-07-28 14:47:06,408 INFO AVS_ZohoIntegration.Program - Billing_Country: 
2026-07-28 14:47:06,408 INFO AVS_ZohoIntegration.Program - Shipping_Street: 
2026-07-28 14:47:06,408 INFO AVS_ZohoIntegration.Program - Shipping_City: 
2026-07-28 14:47:06,408 INFO AVS_ZohoIntegration.Program - Shipping_State: 
2026-07-28 14:47:06,409 INFO AVS_ZohoIntegration.Program - Shipping_Code: 
2026-07-28 14:47:06,409 INFO AVS_ZohoIntegration.Program - Shipping_Country: 
2026-07-28 14:47:06,410 INFO AVS_ZohoIntegration.Program - * Procesando resultado: 16 *
2026-07-28 14:47:06,410 INFO AVS_ZohoIntegration.Program - Cliente_SAP: CMF0002
2026-07-28 14:47:06,410 INFO AVS_ZohoIntegration.Program - Account_Name: Cliente 01
2026-07-28 14:47:06,411 INFO AVS_ZohoIntegration.Program - Phone: 
2026-07-28 14:47:06,411 INFO AVS_ZohoIntegration.Program - Website: 
2026-07-28 14:47:06,411 INFO AVS_ZohoIntegration.Program - Billing_Street: Paseo de lo sauces
2026-07-28 14:47:06,412 INFO AVS_ZohoIntegration.Program - Billing_City: México
2026-07-28 14:47:06,412 INFO AVS_ZohoIntegration.Program - Billing_State: MEX
2026-07-28 14:47:06,412 INFO AVS_ZohoIntegration.Program - Billing_Code: 54130
2026-07-28 14:47:06,412 INFO AVS_ZohoIntegration.Program - Billing_Country: MX
2026-07-28 14:47:06,412 INFO AVS_ZohoIntegration.Program - Shipping_Street: 
2026-07-28 14:47:06,413 INFO AVS_ZohoIntegration.Program - Shipping_City: 
2026-07-28 14:47:06,413 INFO AVS_ZohoIntegration.Program - Shipping_State: 
2026-07-28 14:47:06,413 INFO AVS_ZohoIntegration.Program - Shipping_Code: 
2026-07-28 14:47:06,413 INFO AVS_ZohoIntegration.Program - Shipping_Country: 
2026-07-28 14:47:06,414 INFO AVS_ZohoIntegration.Program - * Procesando resultado: 17 *
2026-07-28 14:47:06,414 INFO AVS_ZohoIntegration.Program - Cliente_SAP: CMF0003
2026-07-28 14:47:06,414 INFO AVS_ZohoIntegration.Program - Account_Name: Cliente Mostrador prueba
2026-07-28 14:47:06,414 INFO AVS_ZohoIntegration.Program - Phone: 
2026-07-28 14:47:06,414 INFO AVS_ZohoIntegration.Program - Website: 
2026-07-28 14:47:06,415 INFO AVS_ZohoIntegration.Program - Billing_Street: 300 Billings Drive
2026-07-28 14:47:06,415 INFO AVS_ZohoIntegration.Program - Billing_City: 
2026-07-28 14:47:06,416 INFO AVS_ZohoIntegration.Program - Billing_State: DF
2026-07-28 14:47:06,416 INFO AVS_ZohoIntegration.Program - Billing_Code: 19083
2026-07-28 14:47:06,416 INFO AVS_ZohoIntegration.Program - Billing_Country: MX
2026-07-28 14:47:06,416 INFO AVS_ZohoIntegration.Program - Shipping_Street: 
2026-07-28 14:47:06,416 INFO AVS_ZohoIntegration.Program - Shipping_City: 
2026-07-28 14:47:06,416 INFO AVS_ZohoIntegration.Program - Shipping_State: 
2026-07-28 14:47:06,416 INFO AVS_ZohoIntegration.Program - Shipping_Code: 
2026-07-28 14:47:06,416 INFO AVS_ZohoIntegration.Program - Shipping_Country: 
2026-07-28 14:47:06,416 INFO AVS_ZohoIntegration.Program - * Procesando resultado: 18 *
2026-07-28 14:47:06,416 INFO AVS_ZohoIntegration.Program - Cliente_SAP: CMF0004
2026-07-28 14:47:06,416 INFO AVS_ZohoIntegration.Program - Account_Name: Empresa Ejemplo 1
2026-07-28 14:47:06,416 INFO AVS_ZohoIntegration.Program - Phone: 5551234567
2026-07-28 14:47:06,416 INFO AVS_ZohoIntegration.Program - Website: 
2026-07-28 14:47:06,416 INFO AVS_ZohoIntegration.Program - Billing_Street: Calle Secundaria 456
2026-07-28 14:47:06,416 INFO AVS_ZohoIntegration.Program - Billing_City: Monterrey
2026-07-28 14:47:06,416 INFO AVS_ZohoIntegration.Program - Billing_State: NL
2026-07-28 14:47:06,416 INFO AVS_ZohoIntegration.Program - Billing_Code: 67890
2026-07-28 14:47:06,416 INFO AVS_ZohoIntegration.Program - Billing_Country: MX
2026-07-28 14:47:06,416 INFO AVS_ZohoIntegration.Program - Shipping_Street: 
2026-07-28 14:47:06,416 INFO AVS_ZohoIntegration.Program - Shipping_City: 
2026-07-28 14:47:06,416 INFO AVS_ZohoIntegration.Program - Shipping_State: 
2026-07-28 14:47:06,416 INFO AVS_ZohoIntegration.Program - Shipping_Code: 
2026-07-28 14:47:06,416 INFO AVS_ZohoIntegration.Program - Shipping_Country: 
2026-07-28 14:47:06,416 INFO AVS_ZohoIntegration.Program - * Procesando resultado: 19 *
2026-07-28 14:47:06,416 INFO AVS_ZohoIntegration.Program - Cliente_SAP: CMF0005
2026-07-28 14:47:06,416 INFO AVS_ZohoIntegration.Program - Account_Name: Cliente Mostrador 2
2026-07-28 14:47:06,416 INFO AVS_ZohoIntegration.Program - Phone: 
2026-07-28 14:47:06,416 INFO AVS_ZohoIntegration.Program - Website: 
2026-07-28 14:47:06,416 INFO AVS_ZohoIntegration.Program - Billing_Street: 300 Billings Drive
2026-07-28 14:47:06,416 INFO AVS_ZohoIntegration.Program - Billing_City: 
2026-07-28 14:47:06,416 INFO AVS_ZohoIntegration.Program - Billing_State: NAY
2026-07-28 14:47:06,416 INFO AVS_ZohoIntegration.Program - Billing_Code: 19083
2026-07-28 14:47:06,416 INFO AVS_ZohoIntegration.Program - Billing_Country: MX
2026-07-28 14:47:06,416 INFO AVS_ZohoIntegration.Program - Shipping_Street: 
2026-07-28 14:47:06,416 INFO AVS_ZohoIntegration.Program - Shipping_City: 
2026-07-28 14:47:06,416 INFO AVS_ZohoIntegration.Program - Shipping_State: 
2026-07-28 14:47:06,416 INFO AVS_ZohoIntegration.Program - Shipping_Code: 
2026-07-28 14:47:06,416 INFO AVS_ZohoIntegration.Program - Shipping_Country: 
2026-07-28 14:47:06,416 INFO AVS_ZohoIntegration.Program - * Procesando resultado: 20 *
2026-07-28 14:47:06,416 INFO AVS_ZohoIntegration.Program - Cliente_SAP: CSL0002
2026-07-28 14:47:06,416 INFO AVS_ZohoIntegration.Program - Account_Name: Cliente curso SL
2026-07-28 14:47:06,416 INFO AVS_ZohoIntegration.Program - Phone: 
2026-07-28 14:47:06,416 INFO AVS_ZohoIntegration.Program - Website: 
2026-07-28 14:47:06,416 INFO AVS_ZohoIntegration.Program - Billing_Street: 
2026-07-28 14:47:06,416 INFO AVS_ZohoIntegration.Program - Billing_City: 
2026-07-28 14:47:06,416 INFO AVS_ZohoIntegration.Program - Billing_State: 
2026-07-28 14:47:06,416 INFO AVS_ZohoIntegration.Program - Billing_Code: 
2026-07-28 14:47:06,416 INFO AVS_ZohoIntegration.Program - Billing_Country: 
2026-07-28 14:47:06,416 INFO AVS_ZohoIntegration.Program - Shipping_Street: 
2026-07-28 14:47:06,416 INFO AVS_ZohoIntegration.Program - Shipping_City: 
2026-07-28 14:47:06,416 INFO AVS_ZohoIntegration.Program - Shipping_State: 
2026-07-28 14:47:06,416 INFO AVS_ZohoIntegration.Program - Shipping_Code: 
2026-07-28 14:47:06,416 INFO AVS_ZohoIntegration.Program - Shipping_Country: 
2026-07-28 14:47:06,416 INFO AVS_ZohoIntegration.Program - * Procesando resultado: 21 *
2026-07-28 14:47:06,416 INFO AVS_ZohoIntegration.Program - Cliente_SAP: PR000336
2026-07-28 14:47:06,432 INFO AVS_ZohoIntegration.Program - Account_Name: Cliente Beluga
2026-07-28 14:47:06,432 INFO AVS_ZohoIntegration.Program - Phone: 
2026-07-28 14:47:06,432 INFO AVS_ZohoIntegration.Program - Website: 
2026-07-28 14:47:06,434 INFO AVS_ZohoIntegration.Program - Billing_Street: 
2026-07-28 14:47:06,434 INFO AVS_ZohoIntegration.Program - Billing_City: 
2026-07-28 14:47:06,434 INFO AVS_ZohoIntegration.Program - Billing_State: 
2026-07-28 14:47:06,434 INFO AVS_ZohoIntegration.Program - Billing_Code: 
2026-07-28 14:47:06,434 INFO AVS_ZohoIntegration.Program - Billing_Country: 
2026-07-28 14:47:06,434 INFO AVS_ZohoIntegration.Program - Shipping_Street: 
2026-07-28 14:47:06,434 INFO AVS_ZohoIntegration.Program - Shipping_City: 
2026-07-28 14:47:06,434 INFO AVS_ZohoIntegration.Program - Shipping_State: 
2026-07-28 14:47:06,434 INFO AVS_ZohoIntegration.Program - Shipping_Code: 
2026-07-28 14:47:06,434 INFO AVS_ZohoIntegration.Program - Shipping_Country: 
2026-07-28 14:47:06,434 INFO AVS_ZohoIntegration.Program - * Procesando resultado: 22 *
2026-07-28 14:47:06,434 INFO AVS_ZohoIntegration.Program - Cliente_SAP: PRAVS01
2026-07-28 14:47:06,434 INFO AVS_ZohoIntegration.Program - Account_Name: Prueba curso SL
2026-07-28 14:47:06,434 INFO AVS_ZohoIntegration.Program - Phone: 
2026-07-28 14:47:06,434 INFO AVS_ZohoIntegration.Program - Website: 
2026-07-28 14:47:06,434 INFO AVS_ZohoIntegration.Program - Billing_Street: 
2026-07-28 14:47:06,434 INFO AVS_ZohoIntegration.Program - Billing_City: 
2026-07-28 14:47:06,434 INFO AVS_ZohoIntegration.Program - Billing_State: 
2026-07-28 14:47:06,434 INFO AVS_ZohoIntegration.Program - Billing_Code: 
2026-07-28 14:47:06,434 INFO AVS_ZohoIntegration.Program - Billing_Country: 
2026-07-28 14:47:06,434 INFO AVS_ZohoIntegration.Program - Shipping_Street: 
2026-07-28 14:47:06,434 INFO AVS_ZohoIntegration.Program - Shipping_City: 
2026-07-28 14:47:06,434 INFO AVS_ZohoIntegration.Program - Shipping_State: 
2026-07-28 14:47:06,434 INFO AVS_ZohoIntegration.Program - Shipping_Code: 
2026-07-28 14:47:06,434 INFO AVS_ZohoIntegration.Program - Shipping_Country: 
2026-07-28 14:47:10,966 INFO AVS_ZohoIntegration.Program - * Consultando sub-entidad [Owner] para OCRD...
2026-07-28 14:48:04,398 INFO AVS_ZohoIntegration.Program - AVS SFTPSync Version [1.0.0.0]
2026-07-28 14:48:04,419 INFO AVS_ZohoIntegration.Program - Leyendo archivo de configuracion.
2026-07-28 14:48:04,472 INFO AVS_ZohoIntegration.Program - Archivo de configuracion leido correctamente.
2026-07-28 14:48:04,472 DEBUG AVS_ZohoIntegration.Program - **************************************************************************
2026-07-28 14:48:04,472 DEBUG AVS_ZohoIntegration.Program - Ejecutando sincronizacion para: SBODemoMX
2026-07-28 14:48:06,946 DEBUG AVS_ZohoIntegration.Program - Validando licencia...
2026-07-28 14:48:06,947 INFO AVS_ZohoIntegration.Program - Licencia valida.
2026-07-28 14:48:06,948 INFO AVS_ZohoIntegration.Program - Comando recibido: SENDBUSINESSPARTNERS
2026-07-28 14:48:06,948 INFO AVS_ZohoIntegration.Program - Iniciando proceso de envío de socios de negocio...
2026-07-28 14:48:06,950 INFO AVS_ZohoIntegration.Program - *** Obteniendo información de cabecera: Socios de Negocio (OCRD) ***
2026-07-28 14:48:07,186 INFO AVS_ZohoIntegration.Program - Se han obtenido 22 resultados pendientes de procesar.
2026-07-28 14:48:07,186 INFO AVS_ZohoIntegration.Program - * Procesando resultado: 1 *
2026-07-28 14:48:07,186 INFO AVS_ZohoIntegration.Program - Cliente_SAP: C1111
2026-07-28 14:48:07,186 INFO AVS_ZohoIntegration.Program - Account_Name: Cliente Mostrador
2026-07-28 14:48:07,186 INFO AVS_ZohoIntegration.Program - Phone: 
2026-07-28 14:48:07,186 INFO AVS_ZohoIntegration.Program - Website: 
2026-07-28 14:48:07,186 INFO AVS_ZohoIntegration.Program - Billing_Street: 
2026-07-28 14:48:07,186 INFO AVS_ZohoIntegration.Program - Billing_City: 
2026-07-28 14:48:07,186 INFO AVS_ZohoIntegration.Program - Billing_State: 
2026-07-28 14:48:07,186 INFO AVS_ZohoIntegration.Program - Billing_Code: 
2026-07-28 14:48:07,186 INFO AVS_ZohoIntegration.Program - Billing_Country: MX
2026-07-28 14:48:07,186 INFO AVS_ZohoIntegration.Program - Shipping_Street: 
2026-07-28 14:48:07,186 INFO AVS_ZohoIntegration.Program - Shipping_City: 
2026-07-28 14:48:07,186 INFO AVS_ZohoIntegration.Program - Shipping_State: 
2026-07-28 14:48:07,186 INFO AVS_ZohoIntegration.Program - Shipping_Code: 
2026-07-28 14:48:07,186 INFO AVS_ZohoIntegration.Program - Shipping_Country: MX
2026-07-28 14:48:07,186 INFO AVS_ZohoIntegration.Program - * Procesando resultado: 2 *
2026-07-28 14:48:07,186 INFO AVS_ZohoIntegration.Program - Cliente_SAP: C12345
2026-07-28 14:48:07,186 INFO AVS_ZohoIntegration.Program - Account_Name: Comercializadora XYZ S.A. de C.V.
2026-07-28 14:48:07,186 INFO AVS_ZohoIntegration.Program - Phone: 
2026-07-28 14:48:07,186 INFO AVS_ZohoIntegration.Program - Website: 
2026-07-28 14:48:07,186 INFO AVS_ZohoIntegration.Program - Billing_Street: Av. Insurgentes Sur
2026-07-28 14:48:07,186 INFO AVS_ZohoIntegration.Program - Billing_City: Ciudad de México
2026-07-28 14:48:07,186 INFO AVS_ZohoIntegration.Program - Billing_State: DF
2026-07-28 14:48:07,186 INFO AVS_ZohoIntegration.Program - Billing_Code: 03100
2026-07-28 14:48:07,186 INFO AVS_ZohoIntegration.Program - Billing_Country: MX
2026-07-28 14:48:07,186 INFO AVS_ZohoIntegration.Program - Shipping_Street: Carretera México-Toluca
2026-07-28 14:48:07,186 INFO AVS_ZohoIntegration.Program - Shipping_City: Toluca
2026-07-28 14:48:07,186 INFO AVS_ZohoIntegration.Program - Shipping_State: MEX
2026-07-28 14:48:07,186 INFO AVS_ZohoIntegration.Program - Shipping_Code: 50000
2026-07-28 14:48:07,186 INFO AVS_ZohoIntegration.Program - Shipping_Country: MX
2026-07-28 14:48:07,186 INFO AVS_ZohoIntegration.Program - * Procesando resultado: 3 *
2026-07-28 14:48:07,186 INFO AVS_ZohoIntegration.Program - Cliente_SAP: C123456
2026-07-28 14:48:07,186 INFO AVS_ZohoIntegration.Program - Account_Name: Comercializadora XYZ S.A. de C.V.
2026-07-28 14:48:07,197 INFO AVS_ZohoIntegration.Program - Phone: 
2026-07-28 14:48:07,199 INFO AVS_ZohoIntegration.Program - Website: 
2026-07-28 14:48:07,199 INFO AVS_ZohoIntegration.Program - Billing_Street: Av. Insurgentes Sur
2026-07-28 14:48:07,199 INFO AVS_ZohoIntegration.Program - Billing_City: Ciudad de México
2026-07-28 14:48:07,201 INFO AVS_ZohoIntegration.Program - Billing_State: DF
2026-07-28 14:48:07,201 INFO AVS_ZohoIntegration.Program - Billing_Code: 03100
2026-07-28 14:48:07,201 INFO AVS_ZohoIntegration.Program - Billing_Country: MX
2026-07-28 14:48:07,201 INFO AVS_ZohoIntegration.Program - Shipping_Street: Carretera México-Toluca
2026-07-28 14:48:07,201 INFO AVS_ZohoIntegration.Program - Shipping_City: Toluca
2026-07-28 14:48:07,201 INFO AVS_ZohoIntegration.Program - Shipping_State: MEX
2026-07-28 14:48:07,201 INFO AVS_ZohoIntegration.Program - Shipping_Code: 50000
2026-07-28 14:48:07,201 INFO AVS_ZohoIntegration.Program - Shipping_Country: MX
2026-07-28 14:48:07,201 INFO AVS_ZohoIntegration.Program - * Procesando resultado: 4 *
2026-07-28 14:48:07,201 INFO AVS_ZohoIntegration.Program - Cliente_SAP: C20000
2026-07-28 14:48:07,201 INFO AVS_ZohoIntegration.Program - Account_Name: Maxi-Teq
2026-07-28 14:48:07,201 INFO AVS_ZohoIntegration.Program - Phone: +52 (55) 5565-9032
2026-07-28 14:48:07,201 INFO AVS_ZohoIntegration.Program - Website: www.maxi-teq.sap.com
2026-07-28 14:48:07,201 INFO AVS_ZohoIntegration.Program - Billing_Street: 300 Billings Drive
2026-07-28 14:48:07,201 INFO AVS_ZohoIntegration.Program - Billing_City: 
2026-07-28 14:48:07,201 INFO AVS_ZohoIntegration.Program - Billing_State: DF
2026-07-28 14:48:07,201 INFO AVS_ZohoIntegration.Program - Billing_Code: 19083
2026-07-28 14:48:07,201 INFO AVS_ZohoIntegration.Program - Billing_Country: MX
2026-07-28 14:48:07,201 INFO AVS_ZohoIntegration.Program - Shipping_Street: 300 Billings Drive
2026-07-28 14:48:07,201 INFO AVS_ZohoIntegration.Program - Shipping_City: Mexico D.F.
2026-07-28 14:48:07,201 INFO AVS_ZohoIntegration.Program - Shipping_State: DF
2026-07-28 14:48:07,201 INFO AVS_ZohoIntegration.Program - Shipping_Code: 19083
2026-07-28 14:48:07,201 INFO AVS_ZohoIntegration.Program - Shipping_Country: MX
2026-07-28 14:48:07,201 INFO AVS_ZohoIntegration.Program - * Procesando resultado: 5 *
2026-07-28 14:48:07,201 INFO AVS_ZohoIntegration.Program - Cliente_SAP: C23900
2026-07-28 14:48:07,201 INFO AVS_ZohoIntegration.Program - Account_Name: Parameter Technology
2026-07-28 14:48:07,201 INFO AVS_ZohoIntegration.Program - Phone: +52 (55)  5654-7633
2026-07-28 14:48:07,201 INFO AVS_ZohoIntegration.Program - Website: www.parameter.sap.com
2026-07-28 14:48:07,201 INFO AVS_ZohoIntegration.Program - Billing_Street: 908 Darby Road
2026-07-28 14:48:07,201 INFO AVS_ZohoIntegration.Program - Billing_City: Mexico D.F.
2026-07-28 14:48:07,201 INFO AVS_ZohoIntegration.Program - Billing_State: DF
2026-07-28 14:48:07,201 INFO AVS_ZohoIntegration.Program - Billing_Code: 19083
2026-07-28 14:48:07,201 INFO AVS_ZohoIntegration.Program - Billing_Country: MX
2026-07-28 14:48:07,201 INFO AVS_ZohoIntegration.Program - Shipping_Street: 908 Darby Road
2026-07-28 14:48:07,201 INFO AVS_ZohoIntegration.Program - Shipping_City: Mexico D.F.
2026-07-28 14:48:07,201 INFO AVS_ZohoIntegration.Program - Shipping_State: DF
2026-07-28 14:48:07,201 INFO AVS_ZohoIntegration.Program - Shipping_Code: 19083
2026-07-28 14:48:07,201 INFO AVS_ZohoIntegration.Program - Shipping_Country: MX
2026-07-28 14:48:07,201 INFO AVS_ZohoIntegration.Program - * Procesando resultado: 6 *
2026-07-28 14:48:07,201 INFO AVS_ZohoIntegration.Program - Cliente_SAP: C25000
2026-07-28 14:48:07,201 INFO AVS_ZohoIntegration.Program - Account_Name: Star Company
2026-07-28 14:48:07,215 INFO AVS_ZohoIntegration.Program - Phone: 00421 2 582 56 33
2026-07-28 14:48:07,215 INFO AVS_ZohoIntegration.Program - Website: www.starcompa.eu
2026-07-28 14:48:07,216 INFO AVS_ZohoIntegration.Program - Billing_Street: Plynarenska
2026-07-28 14:48:07,217 INFO AVS_ZohoIntegration.Program - Billing_City: Bratislava
2026-07-28 14:48:07,217 INFO AVS_ZohoIntegration.Program - Billing_State: 
2026-07-28 14:48:07,217 INFO AVS_ZohoIntegration.Program - Billing_Code: 821 09
2026-07-28 14:48:07,218 INFO AVS_ZohoIntegration.Program - Billing_Country: SK
2026-07-28 14:48:07,218 INFO AVS_ZohoIntegration.Program - Shipping_Street: Plynarenska
2026-07-28 14:48:07,219 INFO AVS_ZohoIntegration.Program - Shipping_City: Bratislava
2026-07-28 14:48:07,219 INFO AVS_ZohoIntegration.Program - Shipping_State: 
2026-07-28 14:48:07,219 INFO AVS_ZohoIntegration.Program - Shipping_Code: 821 09
2026-07-28 14:48:07,219 INFO AVS_ZohoIntegration.Program - Shipping_Country: SK
2026-07-28 14:48:07,220 INFO AVS_ZohoIntegration.Program - * Procesando resultado: 7 *
2026-07-28 14:48:07,220 INFO AVS_ZohoIntegration.Program - Cliente_SAP: C26000
2026-07-28 14:48:07,221 INFO AVS_ZohoIntegration.Program - Account_Name: River Inc
2026-07-28 14:48:07,221 INFO AVS_ZohoIntegration.Program - Phone: 0044 161 869 9000
2026-07-28 14:48:07,221 INFO AVS_ZohoIntegration.Program - Website: www.riveri.co.uk
2026-07-28 14:48:07,222 INFO AVS_ZohoIntegration.Program - Billing_Street: United Rd
2026-07-28 14:48:07,222 INFO AVS_ZohoIntegration.Program - Billing_City: Manchester
2026-07-28 14:48:07,223 INFO AVS_ZohoIntegration.Program - Billing_State: 
2026-07-28 14:48:07,223 INFO AVS_ZohoIntegration.Program - Billing_Code: M16 0RA
2026-07-28 14:48:07,223 INFO AVS_ZohoIntegration.Program - Billing_Country: GB
2026-07-28 14:48:07,224 INFO AVS_ZohoIntegration.Program - Shipping_Street: United Rd
2026-07-28 14:48:07,224 INFO AVS_ZohoIntegration.Program - Shipping_City: Manchester
2026-07-28 14:48:07,224 INFO AVS_ZohoIntegration.Program - Shipping_State: 
2026-07-28 14:48:07,224 INFO AVS_ZohoIntegration.Program - Shipping_Code: M16 0RA
2026-07-28 14:48:07,225 INFO AVS_ZohoIntegration.Program - Shipping_Country: GB
2026-07-28 14:48:07,225 INFO AVS_ZohoIntegration.Program - * Procesando resultado: 8 *
2026-07-28 14:48:07,225 INFO AVS_ZohoIntegration.Program - Cliente_SAP: C30000
2026-07-28 14:48:07,226 INFO AVS_ZohoIntegration.Program - Account_Name: Microchips
2026-07-28 14:48:07,226 INFO AVS_ZohoIntegration.Program - Phone: +52 (55) 5345-9000
2026-07-28 14:48:07,226 INFO AVS_ZohoIntegration.Program - Website: www.microchips.sap.com
2026-07-28 14:48:07,226 INFO AVS_ZohoIntegration.Program - Billing_Street: 45th Street
2026-07-28 14:48:07,227 INFO AVS_ZohoIntegration.Program - Billing_City: Mexico D.F.
2026-07-28 14:48:07,227 INFO AVS_ZohoIntegration.Program - Billing_State: DF
2026-07-28 14:48:07,227 INFO AVS_ZohoIntegration.Program - Billing_Code: 10010
2026-07-28 14:48:07,227 INFO AVS_ZohoIntegration.Program - Billing_Country: MX
2026-07-28 14:48:07,228 INFO AVS_ZohoIntegration.Program - Shipping_Street: 5th Ave
2026-07-28 14:48:07,228 INFO AVS_ZohoIntegration.Program - Shipping_City: Mexico D.F.
2026-07-28 14:48:07,228 INFO AVS_ZohoIntegration.Program - Shipping_State: DF
2026-07-28 14:48:07,229 INFO AVS_ZohoIntegration.Program - Shipping_Code: 10005
2026-07-28 14:48:07,229 INFO AVS_ZohoIntegration.Program - Shipping_Country: MX
2026-07-28 14:48:07,230 INFO AVS_ZohoIntegration.Program - * Procesando resultado: 9 *
2026-07-28 14:48:07,230 INFO AVS_ZohoIntegration.Program - Cliente_SAP: C40000
2026-07-28 14:48:07,230 INFO AVS_ZohoIntegration.Program - Account_Name: Earthshaker Corporation
2026-07-28 14:48:07,230 INFO AVS_ZohoIntegration.Program - Phone: +52 (55) 5632-3399
2026-07-28 14:48:07,231 INFO AVS_ZohoIntegration.Program - Website: www.earthshaker.sap.com.mx
2026-07-28 14:48:07,231 INFO AVS_ZohoIntegration.Program - Billing_Street: 208 Hollywood Ave
2026-07-28 14:48:07,232 INFO AVS_ZohoIntegration.Program - Billing_City: Mexico D.F.
2026-07-28 14:48:07,233 INFO AVS_ZohoIntegration.Program - Billing_State: DF
2026-07-28 14:48:07,233 INFO AVS_ZohoIntegration.Program - Billing_Code: 95030
2026-07-28 14:48:07,233 INFO AVS_ZohoIntegration.Program - Billing_Country: MX
2026-07-28 14:48:07,234 INFO AVS_ZohoIntegration.Program - Shipping_Street: 208 Hollywood Ave
2026-07-28 14:48:07,234 INFO AVS_ZohoIntegration.Program - Shipping_City: Mexico D.F.
2026-07-28 14:48:07,234 INFO AVS_ZohoIntegration.Program - Shipping_State: DF
2026-07-28 14:48:07,235 INFO AVS_ZohoIntegration.Program - Shipping_Code: 95030
2026-07-28 14:48:07,235 INFO AVS_ZohoIntegration.Program - Shipping_Country: MX
2026-07-28 14:48:07,235 INFO AVS_ZohoIntegration.Program - * Procesando resultado: 10 *
2026-07-28 14:48:07,236 INFO AVS_ZohoIntegration.Program - Cliente_SAP: C42000
2026-07-28 14:48:07,236 INFO AVS_ZohoIntegration.Program - Account_Name: Mashina Corporation
2026-07-28 14:48:07,236 INFO AVS_ZohoIntegration.Program - Phone: +52 (55) 5115-7733
2026-07-28 14:48:07,237 INFO AVS_ZohoIntegration.Program - Website: www.mashina.sap.com.mx
2026-07-28 14:48:07,237 INFO AVS_ZohoIntegration.Program - Billing_Street: 400 Range Road
2026-07-28 14:48:07,238 INFO AVS_ZohoIntegration.Program - Billing_City: Mexico D.F.
2026-07-28 14:48:07,238 INFO AVS_ZohoIntegration.Program - Billing_State: DF
2026-07-28 14:48:07,239 INFO AVS_ZohoIntegration.Program - Billing_Code: 44113
2026-07-28 14:48:07,239 INFO AVS_ZohoIntegration.Program - Billing_Country: MX
2026-07-28 14:48:07,239 INFO AVS_ZohoIntegration.Program - Shipping_Street: 400 Range Road
2026-07-28 14:48:07,240 INFO AVS_ZohoIntegration.Program - Shipping_City: Mexico D.F.
2026-07-28 14:48:07,240 INFO AVS_ZohoIntegration.Program - Shipping_State: DF
2026-07-28 14:48:07,240 INFO AVS_ZohoIntegration.Program - Shipping_Code: 44113
2026-07-28 14:48:07,241 INFO AVS_ZohoIntegration.Program - Shipping_Country: MX
2026-07-28 14:48:07,241 INFO AVS_ZohoIntegration.Program - * Procesando resultado: 11 *
2026-07-28 14:48:07,241 INFO AVS_ZohoIntegration.Program - Cliente_SAP: C50000
2026-07-28 14:48:07,242 INFO AVS_ZohoIntegration.Program - Account_Name: ADA Technologies
2026-07-28 14:48:07,242 INFO AVS_ZohoIntegration.Program - Phone: +52 (55) 5456-9000
2026-07-28 14:48:07,242 INFO AVS_ZohoIntegration.Program - Website: www.ada-tech.sap.com.mx
2026-07-28 14:48:07,242 INFO AVS_ZohoIntegration.Program - Billing_Street: 34 Highway 6
2026-07-28 14:48:07,243 INFO AVS_ZohoIntegration.Program - Billing_City: Mexico D.F.
2026-07-28 14:48:07,243 INFO AVS_ZohoIntegration.Program - Billing_State: DF
2026-07-28 14:48:07,243 INFO AVS_ZohoIntegration.Program - Billing_Code: 3102
2026-07-28 14:48:07,243 INFO AVS_ZohoIntegration.Program - Billing_Country: MX
2026-07-28 14:48:07,244 INFO AVS_ZohoIntegration.Program - Shipping_Street: 34 Highway 6
2026-07-28 14:48:07,244 INFO AVS_ZohoIntegration.Program - Shipping_City: Mexico D.F.
2026-07-28 14:48:07,244 INFO AVS_ZohoIntegration.Program - Shipping_State: DF
2026-07-28 14:48:07,244 INFO AVS_ZohoIntegration.Program - Shipping_Code: 3102
2026-07-28 14:48:07,245 INFO AVS_ZohoIntegration.Program - Shipping_Country: MX
2026-07-28 14:48:07,245 INFO AVS_ZohoIntegration.Program - * Procesando resultado: 12 *
2026-07-28 14:48:07,245 INFO AVS_ZohoIntegration.Program - Cliente_SAP: C60000
2026-07-28 14:48:07,245 INFO AVS_ZohoIntegration.Program - Account_Name: SG Electronics
2026-07-28 14:48:07,246 INFO AVS_ZohoIntegration.Program - Phone: +52 (55) 5980-7723
2026-07-28 14:48:07,246 INFO AVS_ZohoIntegration.Program - Website: www.sg.sap.com.com.mx
2026-07-28 14:48:07,246 INFO AVS_ZohoIntegration.Program - Billing_Street: 67 Grant Ave
2026-07-28 14:48:07,247 INFO AVS_ZohoIntegration.Program - Billing_City: Toronto
2026-07-28 14:48:07,247 INFO AVS_ZohoIntegration.Program - Billing_State: 
2026-07-28 14:48:07,248 INFO AVS_ZohoIntegration.Program - Billing_Code: M4B 1B3
2026-07-28 14:48:07,248 INFO AVS_ZohoIntegration.Program - Billing_Country: CA
2026-07-28 14:48:07,248 INFO AVS_ZohoIntegration.Program - Shipping_Street: 67 Grant Ave
2026-07-28 14:48:07,249 INFO AVS_ZohoIntegration.Program - Shipping_City: DF
2026-07-28 14:48:07,249 INFO AVS_ZohoIntegration.Program - Shipping_State: DF
2026-07-28 14:48:07,249 INFO AVS_ZohoIntegration.Program - Shipping_Code: M4B 1B3
2026-07-28 14:48:07,249 INFO AVS_ZohoIntegration.Program - Shipping_Country: MX
2026-07-28 14:48:07,249 INFO AVS_ZohoIntegration.Program - * Procesando resultado: 13 *
2026-07-28 14:48:07,249 INFO AVS_ZohoIntegration.Program - Cliente_SAP: C70000
2026-07-28 14:48:07,249 INFO AVS_ZohoIntegration.Program - Account_Name: Aquent Systems
2026-07-28 14:48:07,249 INFO AVS_ZohoIntegration.Program - Phone: +52 (81) 5711-6124
2026-07-28 14:48:07,249 INFO AVS_ZohoIntegration.Program - Website: www.aquent-sys.sap.com.mx
2026-07-28 14:48:07,249 INFO AVS_ZohoIntegration.Program - Billing_Street: 123 Kathryn Ave
2026-07-28 14:48:07,249 INFO AVS_ZohoIntegration.Program - Billing_City: Montreal
2026-07-28 14:48:07,249 INFO AVS_ZohoIntegration.Program - Billing_State: 
2026-07-28 14:48:07,249 INFO AVS_ZohoIntegration.Program - Billing_Code: H7B 2A5
2026-07-28 14:48:07,249 INFO AVS_ZohoIntegration.Program - Billing_Country: CA
2026-07-28 14:48:07,249 INFO AVS_ZohoIntegration.Program - Shipping_Street: 123 Kathryn Ave
2026-07-28 14:48:07,249 INFO AVS_ZohoIntegration.Program - Shipping_City: Montreal
2026-07-28 14:48:07,249 INFO AVS_ZohoIntegration.Program - Shipping_State: 
2026-07-28 14:48:07,249 INFO AVS_ZohoIntegration.Program - Shipping_Code: H7B 2A5
2026-07-28 14:48:07,249 INFO AVS_ZohoIntegration.Program - Shipping_Country: CA
2026-07-28 14:48:07,249 INFO AVS_ZohoIntegration.Program - * Procesando resultado: 14 *
2026-07-28 14:48:07,249 INFO AVS_ZohoIntegration.Program - Cliente_SAP: C99998
2026-07-28 14:48:07,249 INFO AVS_ZohoIntegration.Program - Account_Name: Cliente Web
2026-07-28 14:48:07,249 INFO AVS_ZohoIntegration.Program - Phone: 
2026-07-28 14:48:07,249 INFO AVS_ZohoIntegration.Program - Website: 
2026-07-28 14:48:07,249 INFO AVS_ZohoIntegration.Program - Billing_Street: 
2026-07-28 14:48:07,249 INFO AVS_ZohoIntegration.Program - Billing_City: 
2026-07-28 14:48:07,249 INFO AVS_ZohoIntegration.Program - Billing_State: 
2026-07-28 14:48:07,249 INFO AVS_ZohoIntegration.Program - Billing_Code: 
2026-07-28 14:48:07,249 INFO AVS_ZohoIntegration.Program - Billing_Country: 
2026-07-28 14:48:07,249 INFO AVS_ZohoIntegration.Program - Shipping_Street: 
2026-07-28 14:48:07,249 INFO AVS_ZohoIntegration.Program - Shipping_City: 
2026-07-28 14:48:07,249 INFO AVS_ZohoIntegration.Program - Shipping_State: 
2026-07-28 14:48:07,249 INFO AVS_ZohoIntegration.Program - Shipping_Code: 
2026-07-28 14:48:07,249 INFO AVS_ZohoIntegration.Program - Shipping_Country: MX
2026-07-28 14:48:07,249 INFO AVS_ZohoIntegration.Program - * Procesando resultado: 15 *
2026-07-28 14:48:07,249 INFO AVS_ZohoIntegration.Program - Cliente_SAP: CMF0001
2026-07-28 14:48:07,249 INFO AVS_ZohoIntegration.Program - Account_Name: Cliente curso SL
2026-07-28 14:48:07,249 INFO AVS_ZohoIntegration.Program - Phone: 
2026-07-28 14:48:07,249 INFO AVS_ZohoIntegration.Program - Website: 
2026-07-28 14:48:07,249 INFO AVS_ZohoIntegration.Program - Billing_Street: 
2026-07-28 14:48:07,249 INFO AVS_ZohoIntegration.Program - Billing_City: 
2026-07-28 14:48:07,249 INFO AVS_ZohoIntegration.Program - Billing_State: 
2026-07-28 14:48:07,249 INFO AVS_ZohoIntegration.Program - Billing_Code: 
2026-07-28 14:48:07,249 INFO AVS_ZohoIntegration.Program - Billing_Country: 
2026-07-28 14:48:07,249 INFO AVS_ZohoIntegration.Program - Shipping_Street: 
2026-07-28 14:48:07,249 INFO AVS_ZohoIntegration.Program - Shipping_City: 
2026-07-28 14:48:07,249 INFO AVS_ZohoIntegration.Program - Shipping_State: 
2026-07-28 14:48:07,249 INFO AVS_ZohoIntegration.Program - Shipping_Code: 
2026-07-28 14:48:07,265 INFO AVS_ZohoIntegration.Program - Shipping_Country: 
2026-07-28 14:48:07,265 INFO AVS_ZohoIntegration.Program - * Procesando resultado: 16 *
2026-07-28 14:48:07,265 INFO AVS_ZohoIntegration.Program - Cliente_SAP: CMF0002
2026-07-28 14:48:07,265 INFO AVS_ZohoIntegration.Program - Account_Name: Cliente 01
2026-07-28 14:48:07,265 INFO AVS_ZohoIntegration.Program - Phone: 
2026-07-28 14:48:07,265 INFO AVS_ZohoIntegration.Program - Website: 
2026-07-28 14:48:07,265 INFO AVS_ZohoIntegration.Program - Billing_Street: Paseo de lo sauces
2026-07-28 14:48:07,265 INFO AVS_ZohoIntegration.Program - Billing_City: México
2026-07-28 14:48:07,265 INFO AVS_ZohoIntegration.Program - Billing_State: MEX
2026-07-28 14:48:07,265 INFO AVS_ZohoIntegration.Program - Billing_Code: 54130
2026-07-28 14:48:07,265 INFO AVS_ZohoIntegration.Program - Billing_Country: MX
2026-07-28 14:48:07,265 INFO AVS_ZohoIntegration.Program - Shipping_Street: 
2026-07-28 14:48:07,265 INFO AVS_ZohoIntegration.Program - Shipping_City: 
2026-07-28 14:48:07,265 INFO AVS_ZohoIntegration.Program - Shipping_State: 
2026-07-28 14:48:07,265 INFO AVS_ZohoIntegration.Program - Shipping_Code: 
2026-07-28 14:48:07,265 INFO AVS_ZohoIntegration.Program - Shipping_Country: 
2026-07-28 14:48:07,265 INFO AVS_ZohoIntegration.Program - * Procesando resultado: 17 *
2026-07-28 14:48:07,265 INFO AVS_ZohoIntegration.Program - Cliente_SAP: CMF0003
2026-07-28 14:48:07,265 INFO AVS_ZohoIntegration.Program - Account_Name: Cliente Mostrador prueba
2026-07-28 14:48:07,265 INFO AVS_ZohoIntegration.Program - Phone: 
2026-07-28 14:48:07,265 INFO AVS_ZohoIntegration.Program - Website: 
2026-07-28 14:48:07,265 INFO AVS_ZohoIntegration.Program - Billing_Street: 300 Billings Drive
2026-07-28 14:48:07,265 INFO AVS_ZohoIntegration.Program - Billing_City: 
2026-07-28 14:48:07,265 INFO AVS_ZohoIntegration.Program - Billing_State: DF
2026-07-28 14:48:07,265 INFO AVS_ZohoIntegration.Program - Billing_Code: 19083
2026-07-28 14:48:07,265 INFO AVS_ZohoIntegration.Program - Billing_Country: MX
2026-07-28 14:48:07,265 INFO AVS_ZohoIntegration.Program - Shipping_Street: 
2026-07-28 14:48:07,265 INFO AVS_ZohoIntegration.Program - Shipping_City: 
2026-07-28 14:48:07,265 INFO AVS_ZohoIntegration.Program - Shipping_State: 
2026-07-28 14:48:07,265 INFO AVS_ZohoIntegration.Program - Shipping_Code: 
2026-07-28 14:48:07,265 INFO AVS_ZohoIntegration.Program - Shipping_Country: 
2026-07-28 14:48:07,265 INFO AVS_ZohoIntegration.Program - * Procesando resultado: 18 *
2026-07-28 14:48:07,265 INFO AVS_ZohoIntegration.Program - Cliente_SAP: CMF0004
2026-07-28 14:48:07,265 INFO AVS_ZohoIntegration.Program - Account_Name: Empresa Ejemplo 1
2026-07-28 14:48:07,277 INFO AVS_ZohoIntegration.Program - Phone: 5551234567
2026-07-28 14:48:07,277 INFO AVS_ZohoIntegration.Program - Website: 
2026-07-28 14:48:07,277 INFO AVS_ZohoIntegration.Program - Billing_Street: Calle Secundaria 456
2026-07-28 14:48:07,277 INFO AVS_ZohoIntegration.Program - Billing_City: Monterrey
2026-07-28 14:48:07,277 INFO AVS_ZohoIntegration.Program - Billing_State: NL
2026-07-28 14:48:07,277 INFO AVS_ZohoIntegration.Program - Billing_Code: 67890
2026-07-28 14:48:07,277 INFO AVS_ZohoIntegration.Program - Billing_Country: MX
2026-07-28 14:48:07,277 INFO AVS_ZohoIntegration.Program - Shipping_Street: 
2026-07-28 14:48:07,277 INFO AVS_ZohoIntegration.Program - Shipping_City: 
2026-07-28 14:48:07,277 INFO AVS_ZohoIntegration.Program - Shipping_State: 
2026-07-28 14:48:07,277 INFO AVS_ZohoIntegration.Program - Shipping_Code: 
2026-07-28 14:48:07,281 INFO AVS_ZohoIntegration.Program - Shipping_Country: 
2026-07-28 14:48:07,281 INFO AVS_ZohoIntegration.Program - * Procesando resultado: 19 *
2026-07-28 14:48:07,281 INFO AVS_ZohoIntegration.Program - Cliente_SAP: CMF0005
2026-07-28 14:48:07,281 INFO AVS_ZohoIntegration.Program - Account_Name: Cliente Mostrador 2
2026-07-28 14:48:07,282 INFO AVS_ZohoIntegration.Program - Phone: 
2026-07-28 14:48:07,282 INFO AVS_ZohoIntegration.Program - Website: 
2026-07-28 14:48:07,282 INFO AVS_ZohoIntegration.Program - Billing_Street: 300 Billings Drive
2026-07-28 14:48:07,282 INFO AVS_ZohoIntegration.Program - Billing_City: 
2026-07-28 14:48:07,282 INFO AVS_ZohoIntegration.Program - Billing_State: NAY
2026-07-28 14:48:07,282 INFO AVS_ZohoIntegration.Program - Billing_Code: 19083
2026-07-28 14:48:07,282 INFO AVS_ZohoIntegration.Program - Billing_Country: MX
2026-07-28 14:48:07,282 INFO AVS_ZohoIntegration.Program - Shipping_Street: 
2026-07-28 14:48:07,282 INFO AVS_ZohoIntegration.Program - Shipping_City: 
2026-07-28 14:48:07,282 INFO AVS_ZohoIntegration.Program - Shipping_State: 
2026-07-28 14:48:07,282 INFO AVS_ZohoIntegration.Program - Shipping_Code: 
2026-07-28 14:48:07,282 INFO AVS_ZohoIntegration.Program - Shipping_Country: 
2026-07-28 14:48:07,282 INFO AVS_ZohoIntegration.Program - * Procesando resultado: 20 *
2026-07-28 14:48:07,282 INFO AVS_ZohoIntegration.Program - Cliente_SAP: CSL0002
2026-07-28 14:48:07,282 INFO AVS_ZohoIntegration.Program - Account_Name: Cliente curso SL
2026-07-28 14:48:07,282 INFO AVS_ZohoIntegration.Program - Phone: 
2026-07-28 14:48:07,282 INFO AVS_ZohoIntegration.Program - Website: 
2026-07-28 14:48:07,282 INFO AVS_ZohoIntegration.Program - Billing_Street: 
2026-07-28 14:48:07,282 INFO AVS_ZohoIntegration.Program - Billing_City: 
2026-07-28 14:48:07,282 INFO AVS_ZohoIntegration.Program - Billing_State: 
2026-07-28 14:48:07,282 INFO AVS_ZohoIntegration.Program - Billing_Code: 
2026-07-28 14:48:07,282 INFO AVS_ZohoIntegration.Program - Billing_Country: 
2026-07-28 14:48:07,282 INFO AVS_ZohoIntegration.Program - Shipping_Street: 
2026-07-28 14:48:07,282 INFO AVS_ZohoIntegration.Program - Shipping_City: 
2026-07-28 14:48:07,282 INFO AVS_ZohoIntegration.Program - Shipping_State: 
2026-07-28 14:48:07,282 INFO AVS_ZohoIntegration.Program - Shipping_Code: 
2026-07-28 14:48:07,282 INFO AVS_ZohoIntegration.Program - Shipping_Country: 
2026-07-28 14:48:07,282 INFO AVS_ZohoIntegration.Program - * Procesando resultado: 21 *
2026-07-28 14:48:07,282 INFO AVS_ZohoIntegration.Program - Cliente_SAP: PR000336
2026-07-28 14:48:07,294 INFO AVS_ZohoIntegration.Program - Account_Name: Cliente Beluga
2026-07-28 14:48:07,294 INFO AVS_ZohoIntegration.Program - Phone: 
2026-07-28 14:48:07,294 INFO AVS_ZohoIntegration.Program - Website: 
2026-07-28 14:48:07,294 INFO AVS_ZohoIntegration.Program - Billing_Street: 
2026-07-28 14:48:07,294 INFO AVS_ZohoIntegration.Program - Billing_City: 
2026-07-28 14:48:07,294 INFO AVS_ZohoIntegration.Program - Billing_State: 
2026-07-28 14:48:07,294 INFO AVS_ZohoIntegration.Program - Billing_Code: 
2026-07-28 14:48:07,294 INFO AVS_ZohoIntegration.Program - Billing_Country: 
2026-07-28 14:48:07,294 INFO AVS_ZohoIntegration.Program - Shipping_Street: 
2026-07-28 14:48:07,294 INFO AVS_ZohoIntegration.Program - Shipping_City: 
2026-07-28 14:48:07,294 INFO AVS_ZohoIntegration.Program - Shipping_State: 
2026-07-28 14:48:07,298 INFO AVS_ZohoIntegration.Program - Shipping_Code: 
2026-07-28 14:48:07,299 INFO AVS_ZohoIntegration.Program - Shipping_Country: 
2026-07-28 14:48:07,300 INFO AVS_ZohoIntegration.Program - * Procesando resultado: 22 *
2026-07-28 14:48:07,300 INFO AVS_ZohoIntegration.Program - Cliente_SAP: PRAVS01
2026-07-28 14:48:07,301 INFO AVS_ZohoIntegration.Program - Account_Name: Prueba curso SL
2026-07-28 14:48:07,301 INFO AVS_ZohoIntegration.Program - Phone: 
2026-07-28 14:48:07,302 INFO AVS_ZohoIntegration.Program - Website: 
2026-07-28 14:48:07,302 INFO AVS_ZohoIntegration.Program - Billing_Street: 
2026-07-28 14:48:07,303 INFO AVS_ZohoIntegration.Program - Billing_City: 
2026-07-28 14:48:07,303 INFO AVS_ZohoIntegration.Program - Billing_State: 
2026-07-28 14:48:07,304 INFO AVS_ZohoIntegration.Program - Billing_Code: 
2026-07-28 14:48:07,304 INFO AVS_ZohoIntegration.Program - Billing_Country: 
2026-07-28 14:48:07,305 INFO AVS_ZohoIntegration.Program - Shipping_Street: 
2026-07-28 14:48:07,305 INFO AVS_ZohoIntegration.Program - Shipping_City: 
2026-07-28 14:48:07,306 INFO AVS_ZohoIntegration.Program - Shipping_State: 
2026-07-28 14:48:07,306 INFO AVS_ZohoIntegration.Program - Shipping_Code: 
2026-07-28 14:48:07,307 INFO AVS_ZohoIntegration.Program - Shipping_Country: 
2026-07-28 14:48:09,603 INFO AVS_ZohoIntegration.Program - * Consultando sub-entidad [Owner] para OCRD...
2026-07-28 14:48:22,912 INFO AVS_ZohoIntegration.Program - Se han obtenido 22 resultados pendientes de procesar.
2026-07-28 14:48:22,913 INFO AVS_ZohoIntegration.Program - * Procesando resultado: 1 *
2026-07-28 14:48:22,914 INFO AVS_ZohoIntegration.Program - id: -1
2026-07-28 14:48:22,915 INFO AVS_ZohoIntegration.Program - * Procesando resultado: 2 *
2026-07-28 14:48:22,916 INFO AVS_ZohoIntegration.Program - id: -1
2026-07-28 14:48:22,916 INFO AVS_ZohoIntegration.Program - * Procesando resultado: 3 *
2026-07-28 14:48:22,916 INFO AVS_ZohoIntegration.Program - id: -1
2026-07-28 14:48:22,916 INFO AVS_ZohoIntegration.Program - * Procesando resultado: 4 *
2026-07-28 14:48:22,916 INFO AVS_ZohoIntegration.Program - id: 1
2026-07-28 14:48:22,916 INFO AVS_ZohoIntegration.Program - * Procesando resultado: 5 *
2026-07-28 14:48:22,916 INFO AVS_ZohoIntegration.Program - id: 4
2026-07-28 14:48:22,916 INFO AVS_ZohoIntegration.Program - * Procesando resultado: 6 *
2026-07-28 14:48:22,916 INFO AVS_ZohoIntegration.Program - id: 1
2026-07-28 14:48:22,916 INFO AVS_ZohoIntegration.Program - * Procesando resultado: 7 *
2026-07-28 14:48:22,916 INFO AVS_ZohoIntegration.Program - id: 1
2026-07-28 14:48:22,916 INFO AVS_ZohoIntegration.Program - * Procesando resultado: 8 *
2026-07-28 14:48:22,916 INFO AVS_ZohoIntegration.Program - id: 2
2026-07-28 14:48:22,916 INFO AVS_ZohoIntegration.Program - * Procesando resultado: 9 *
2026-07-28 14:48:22,916 INFO AVS_ZohoIntegration.Program - id: 3
2026-07-28 14:48:22,916 INFO AVS_ZohoIntegration.Program - * Procesando resultado: 10 *
2026-07-28 14:48:22,916 INFO AVS_ZohoIntegration.Program - id: 5
2026-07-28 14:48:22,916 INFO AVS_ZohoIntegration.Program - * Procesando resultado: 11 *
2026-07-28 14:48:22,916 INFO AVS_ZohoIntegration.Program - id: 2
2026-07-28 14:48:22,916 INFO AVS_ZohoIntegration.Program - * Procesando resultado: 12 *
2026-07-28 14:48:22,916 INFO AVS_ZohoIntegration.Program - id: 5
2026-07-28 14:48:22,916 INFO AVS_ZohoIntegration.Program - * Procesando resultado: 13 *
2026-07-28 14:48:22,916 INFO AVS_ZohoIntegration.Program - id: 4
2026-07-28 14:48:22,916 INFO AVS_ZohoIntegration.Program - * Procesando resultado: 14 *
2026-07-28 14:48:22,916 INFO AVS_ZohoIntegration.Program - id: 1
2026-07-28 14:48:22,916 INFO AVS_ZohoIntegration.Program - * Procesando resultado: 15 *
2026-07-28 14:48:22,916 INFO AVS_ZohoIntegration.Program - id: -1
2026-07-28 14:48:22,916 INFO AVS_ZohoIntegration.Program - * Procesando resultado: 16 *
2026-07-28 14:48:22,916 INFO AVS_ZohoIntegration.Program - id: -1
2026-07-28 14:48:22,916 INFO AVS_ZohoIntegration.Program - * Procesando resultado: 17 *
2026-07-28 14:48:22,916 INFO AVS_ZohoIntegration.Program - id: -1
2026-07-28 14:48:22,916 INFO AVS_ZohoIntegration.Program - * Procesando resultado: 18 *
2026-07-28 14:48:22,916 INFO AVS_ZohoIntegration.Program - id: -1
2026-07-28 14:48:22,932 INFO AVS_ZohoIntegration.Program - * Procesando resultado: 19 *
2026-07-28 14:48:22,932 INFO AVS_ZohoIntegration.Program - id: -1
2026-07-28 14:48:22,933 INFO AVS_ZohoIntegration.Program - * Procesando resultado: 20 *
2026-07-28 14:48:22,934 INFO AVS_ZohoIntegration.Program - id: -1
2026-07-28 14:48:22,934 INFO AVS_ZohoIntegration.Program - * Procesando resultado: 21 *
2026-07-28 14:48:22,935 INFO AVS_ZohoIntegration.Program - id: -1
2026-07-28 14:48:22,935 INFO AVS_ZohoIntegration.Program - * Procesando resultado: 22 *
2026-07-28 14:48:22,936 INFO AVS_ZohoIntegration.Program - id: -1
2026-07-28 14:48:49,770 INFO AVS_ZohoIntegration.Program - AVS SFTPSync Version [1.0.0.0]
2026-07-28 14:48:49,782 INFO AVS_ZohoIntegration.Program - Leyendo archivo de configuracion.
2026-07-28 14:48:49,839 INFO AVS_ZohoIntegration.Program - Archivo de configuracion leido correctamente.
2026-07-28 14:48:49,840 DEBUG AVS_ZohoIntegration.Program - **************************************************************************
2026-07-28 14:48:49,840 DEBUG AVS_ZohoIntegration.Program - Ejecutando sincronizacion para: SBODemoMX
2026-07-28 14:48:52,631 DEBUG AVS_ZohoIntegration.Program - Validando licencia...
2026-07-28 14:48:52,632 INFO AVS_ZohoIntegration.Program - Licencia valida.
2026-07-28 14:48:52,633 INFO AVS_ZohoIntegration.Program - Comando recibido: SENDBUSINESSPARTNERS
2026-07-28 14:48:52,634 INFO AVS_ZohoIntegration.Program - Iniciando proceso de envío de socios de negocio...
2026-07-28 14:48:52,639 INFO AVS_ZohoIntegration.Program - *** Obteniendo información de cabecera: Socios de Negocio (OCRD) ***
2026-07-28 14:48:53,079 INFO AVS_ZohoIntegration.Program - Se han obtenido 22 resultados pendientes de procesar.
2026-07-28 14:48:53,080 INFO AVS_ZohoIntegration.Program - * Procesando resultado: 1 *
2026-07-28 14:48:53,081 INFO AVS_ZohoIntegration.Program - Cliente_SAP: C1111
2026-07-28 14:48:53,081 INFO AVS_ZohoIntegration.Program - Account_Name: Cliente Mostrador
2026-07-28 14:48:53,082 INFO AVS_ZohoIntegration.Program - Phone: 
2026-07-28 14:48:53,083 INFO AVS_ZohoIntegration.Program - Website: 
2026-07-28 14:48:53,084 INFO AVS_ZohoIntegration.Program - Billing_Street: 
2026-07-28 14:48:53,084 INFO AVS_ZohoIntegration.Program - Billing_City: 
2026-07-28 14:48:53,085 INFO AVS_ZohoIntegration.Program - Billing_State: 
2026-07-28 14:48:53,085 INFO AVS_ZohoIntegration.Program - Billing_Code: 
2026-07-28 14:48:53,086 INFO AVS_ZohoIntegration.Program - Billing_Country: MX
2026-07-28 14:48:53,086 INFO AVS_ZohoIntegration.Program - Shipping_Street: 
2026-07-28 14:48:53,087 INFO AVS_ZohoIntegration.Program - Shipping_City: 
2026-07-28 14:48:53,087 INFO AVS_ZohoIntegration.Program - Shipping_State: 
2026-07-28 14:48:53,087 INFO AVS_ZohoIntegration.Program - Shipping_Code: 
2026-07-28 14:48:53,088 INFO AVS_ZohoIntegration.Program - Shipping_Country: MX
2026-07-28 14:48:53,088 INFO AVS_ZohoIntegration.Program - * Procesando resultado: 2 *
2026-07-28 14:48:53,089 INFO AVS_ZohoIntegration.Program - Cliente_SAP: C12345
2026-07-28 14:48:53,089 INFO AVS_ZohoIntegration.Program - Account_Name: Comercializadora XYZ S.A. de C.V.
2026-07-28 14:48:53,089 INFO AVS_ZohoIntegration.Program - Phone: 
2026-07-28 14:48:53,091 INFO AVS_ZohoIntegration.Program - Website: 
2026-07-28 14:48:53,091 INFO AVS_ZohoIntegration.Program - Billing_Street: Av. Insurgentes Sur
2026-07-28 14:48:53,091 INFO AVS_ZohoIntegration.Program - Billing_City: Ciudad de México
2026-07-28 14:48:53,092 INFO AVS_ZohoIntegration.Program - Billing_State: DF
2026-07-28 14:48:53,092 INFO AVS_ZohoIntegration.Program - Billing_Code: 03100
2026-07-28 14:48:53,094 INFO AVS_ZohoIntegration.Program - Billing_Country: MX
2026-07-28 14:48:53,094 INFO AVS_ZohoIntegration.Program - Shipping_Street: Carretera México-Toluca
2026-07-28 14:48:53,094 INFO AVS_ZohoIntegration.Program - Shipping_City: Toluca
2026-07-28 14:48:53,095 INFO AVS_ZohoIntegration.Program - Shipping_State: MEX
2026-07-28 14:48:53,096 INFO AVS_ZohoIntegration.Program - Shipping_Code: 50000
2026-07-28 14:48:53,096 INFO AVS_ZohoIntegration.Program - Shipping_Country: MX
2026-07-28 14:48:53,097 INFO AVS_ZohoIntegration.Program - * Procesando resultado: 3 *
2026-07-28 14:48:53,097 INFO AVS_ZohoIntegration.Program - Cliente_SAP: C123456
2026-07-28 14:48:53,098 INFO AVS_ZohoIntegration.Program - Account_Name: Comercializadora XYZ S.A. de C.V.
2026-07-28 14:48:53,098 INFO AVS_ZohoIntegration.Program - Phone: 
2026-07-28 14:48:53,100 INFO AVS_ZohoIntegration.Program - Website: 
2026-07-28 14:48:53,100 INFO AVS_ZohoIntegration.Program - Billing_Street: Av. Insurgentes Sur
2026-07-28 14:48:53,101 INFO AVS_ZohoIntegration.Program - Billing_City: Ciudad de México
2026-07-28 14:48:53,101 INFO AVS_ZohoIntegration.Program - Billing_State: DF
2026-07-28 14:48:53,102 INFO AVS_ZohoIntegration.Program - Billing_Code: 03100
2026-07-28 14:48:53,102 INFO AVS_ZohoIntegration.Program - Billing_Country: MX
2026-07-28 14:48:53,102 INFO AVS_ZohoIntegration.Program - Shipping_Street: Carretera México-Toluca
2026-07-28 14:48:53,102 INFO AVS_ZohoIntegration.Program - Shipping_City: Toluca
2026-07-28 14:48:53,104 INFO AVS_ZohoIntegration.Program - Shipping_State: MEX
2026-07-28 14:48:53,104 INFO AVS_ZohoIntegration.Program - Shipping_Code: 50000
2026-07-28 14:48:53,104 INFO AVS_ZohoIntegration.Program - Shipping_Country: MX
2026-07-28 14:48:53,104 INFO AVS_ZohoIntegration.Program - * Procesando resultado: 4 *
2026-07-28 14:48:53,104 INFO AVS_ZohoIntegration.Program - Cliente_SAP: C20000
2026-07-28 14:48:53,107 INFO AVS_ZohoIntegration.Program - Account_Name: Maxi-Teq
2026-07-28 14:48:53,107 INFO AVS_ZohoIntegration.Program - Phone: +52 (55) 5565-9032
2026-07-28 14:48:53,107 INFO AVS_ZohoIntegration.Program - Website: www.maxi-teq.sap.com
2026-07-28 14:48:53,107 INFO AVS_ZohoIntegration.Program - Billing_Street: 300 Billings Drive
2026-07-28 14:48:53,107 INFO AVS_ZohoIntegration.Program - Billing_City: 
2026-07-28 14:48:53,107 INFO AVS_ZohoIntegration.Program - Billing_State: DF
2026-07-28 14:48:53,110 INFO AVS_ZohoIntegration.Program - Billing_Code: 19083
2026-07-28 14:48:53,110 INFO AVS_ZohoIntegration.Program - Billing_Country: MX
2026-07-28 14:48:53,110 INFO AVS_ZohoIntegration.Program - Shipping_Street: 300 Billings Drive
2026-07-28 14:48:53,110 INFO AVS_ZohoIntegration.Program - Shipping_City: Mexico D.F.
2026-07-28 14:48:53,110 INFO AVS_ZohoIntegration.Program - Shipping_State: DF
2026-07-28 14:48:53,110 INFO AVS_ZohoIntegration.Program - Shipping_Code: 19083
2026-07-28 14:48:53,110 INFO AVS_ZohoIntegration.Program - Shipping_Country: MX
2026-07-28 14:48:53,110 INFO AVS_ZohoIntegration.Program - * Procesando resultado: 5 *
2026-07-28 14:48:53,114 INFO AVS_ZohoIntegration.Program - Cliente_SAP: C23900
2026-07-28 14:48:53,114 INFO AVS_ZohoIntegration.Program - Account_Name: Parameter Technology
2026-07-28 14:48:53,115 INFO AVS_ZohoIntegration.Program - Phone: +52 (55)  5654-7633
2026-07-28 14:48:53,116 INFO AVS_ZohoIntegration.Program - Website: www.parameter.sap.com
2026-07-28 14:48:53,116 INFO AVS_ZohoIntegration.Program - Billing_Street: 908 Darby Road
2026-07-28 14:48:53,116 INFO AVS_ZohoIntegration.Program - Billing_City: Mexico D.F.
2026-07-28 14:48:53,116 INFO AVS_ZohoIntegration.Program - Billing_State: DF
2026-07-28 14:48:53,116 INFO AVS_ZohoIntegration.Program - Billing_Code: 19083
2026-07-28 14:48:53,116 INFO AVS_ZohoIntegration.Program - Billing_Country: MX
2026-07-28 14:48:53,116 INFO AVS_ZohoIntegration.Program - Shipping_Street: 908 Darby Road
2026-07-28 14:48:53,116 INFO AVS_ZohoIntegration.Program - Shipping_City: Mexico D.F.
2026-07-28 14:48:53,116 INFO AVS_ZohoIntegration.Program - Shipping_State: DF
2026-07-28 14:48:53,116 INFO AVS_ZohoIntegration.Program - Shipping_Code: 19083
2026-07-28 14:48:53,116 INFO AVS_ZohoIntegration.Program - Shipping_Country: MX
2026-07-28 14:48:53,116 INFO AVS_ZohoIntegration.Program - * Procesando resultado: 6 *
2026-07-28 14:48:53,116 INFO AVS_ZohoIntegration.Program - Cliente_SAP: C25000
2026-07-28 14:48:53,116 INFO AVS_ZohoIntegration.Program - Account_Name: Star Company
2026-07-28 14:48:53,116 INFO AVS_ZohoIntegration.Program - Phone: 00421 2 582 56 33
2026-07-28 14:48:53,116 INFO AVS_ZohoIntegration.Program - Website: www.starcompa.eu
2026-07-28 14:48:53,116 INFO AVS_ZohoIntegration.Program - Billing_Street: Plynarenska
2026-07-28 14:48:53,116 INFO AVS_ZohoIntegration.Program - Billing_City: Bratislava
2026-07-28 14:48:53,116 INFO AVS_ZohoIntegration.Program - Billing_State: 
2026-07-28 14:48:53,116 INFO AVS_ZohoIntegration.Program - Billing_Code: 821 09
2026-07-28 14:48:53,116 INFO AVS_ZohoIntegration.Program - Billing_Country: SK
2026-07-28 14:48:53,116 INFO AVS_ZohoIntegration.Program - Shipping_Street: Plynarenska
2026-07-28 14:48:53,116 INFO AVS_ZohoIntegration.Program - Shipping_City: Bratislava
2026-07-28 14:48:53,116 INFO AVS_ZohoIntegration.Program - Shipping_State: 
2026-07-28 14:48:53,116 INFO AVS_ZohoIntegration.Program - Shipping_Code: 821 09
2026-07-28 14:48:53,116 INFO AVS_ZohoIntegration.Program - Shipping_Country: SK
2026-07-28 14:48:53,116 INFO AVS_ZohoIntegration.Program - * Procesando resultado: 7 *
2026-07-28 14:48:53,132 INFO AVS_ZohoIntegration.Program - Cliente_SAP: C26000
2026-07-28 14:48:53,132 INFO AVS_ZohoIntegration.Program - Account_Name: River Inc
2026-07-28 14:48:53,133 INFO AVS_ZohoIntegration.Program - Phone: 0044 161 869 9000
2026-07-28 14:48:53,133 INFO AVS_ZohoIntegration.Program - Website: www.riveri.co.uk
2026-07-28 14:48:53,134 INFO AVS_ZohoIntegration.Program - Billing_Street: United Rd
2026-07-28 14:48:53,134 INFO AVS_ZohoIntegration.Program - Billing_City: Manchester
2026-07-28 14:48:53,135 INFO AVS_ZohoIntegration.Program - Billing_State: 
2026-07-28 14:48:53,135 INFO AVS_ZohoIntegration.Program - Billing_Code: M16 0RA
2026-07-28 14:48:53,136 INFO AVS_ZohoIntegration.Program - Billing_Country: GB
2026-07-28 14:48:53,136 INFO AVS_ZohoIntegration.Program - Shipping_Street: United Rd
2026-07-28 14:48:53,138 INFO AVS_ZohoIntegration.Program - Shipping_City: Manchester
2026-07-28 14:48:53,138 INFO AVS_ZohoIntegration.Program - Shipping_State: 
2026-07-28 14:48:53,139 INFO AVS_ZohoIntegration.Program - Shipping_Code: M16 0RA
2026-07-28 14:48:53,139 INFO AVS_ZohoIntegration.Program - Shipping_Country: GB
2026-07-28 14:48:53,140 INFO AVS_ZohoIntegration.Program - * Procesando resultado: 8 *
2026-07-28 14:48:53,141 INFO AVS_ZohoIntegration.Program - Cliente_SAP: C30000
2026-07-28 14:48:53,141 INFO AVS_ZohoIntegration.Program - Account_Name: Microchips
2026-07-28 14:48:53,142 INFO AVS_ZohoIntegration.Program - Phone: +52 (55) 5345-9000
2026-07-28 14:48:53,143 INFO AVS_ZohoIntegration.Program - Website: www.microchips.sap.com
2026-07-28 14:48:53,144 INFO AVS_ZohoIntegration.Program - Billing_Street: 45th Street
2026-07-28 14:48:53,145 INFO AVS_ZohoIntegration.Program - Billing_City: Mexico D.F.
2026-07-28 14:48:53,145 INFO AVS_ZohoIntegration.Program - Billing_State: DF
2026-07-28 14:48:53,146 INFO AVS_ZohoIntegration.Program - Billing_Code: 10010
2026-07-28 14:48:53,146 INFO AVS_ZohoIntegration.Program - Billing_Country: MX
2026-07-28 14:48:53,147 INFO AVS_ZohoIntegration.Program - Shipping_Street: 5th Ave
2026-07-28 14:48:53,147 INFO AVS_ZohoIntegration.Program - Shipping_City: Mexico D.F.
2026-07-28 14:48:53,147 INFO AVS_ZohoIntegration.Program - Shipping_State: DF
2026-07-28 14:48:53,148 INFO AVS_ZohoIntegration.Program - Shipping_Code: 10005
2026-07-28 14:48:53,148 INFO AVS_ZohoIntegration.Program - Shipping_Country: MX
2026-07-28 14:48:53,149 INFO AVS_ZohoIntegration.Program - * Procesando resultado: 9 *
2026-07-28 14:48:53,149 INFO AVS_ZohoIntegration.Program - Cliente_SAP: C40000
2026-07-28 14:48:53,149 INFO AVS_ZohoIntegration.Program - Account_Name: Earthshaker Corporation
2026-07-28 14:48:53,150 INFO AVS_ZohoIntegration.Program - Phone: +52 (55) 5632-3399
2026-07-28 14:48:53,150 INFO AVS_ZohoIntegration.Program - Website: www.earthshaker.sap.com.mx
2026-07-28 14:48:53,150 INFO AVS_ZohoIntegration.Program - Billing_Street: 208 Hollywood Ave
2026-07-28 14:48:53,150 INFO AVS_ZohoIntegration.Program - Billing_City: Mexico D.F.
2026-07-28 14:48:53,152 INFO AVS_ZohoIntegration.Program - Billing_State: DF
2026-07-28 14:48:53,153 INFO AVS_ZohoIntegration.Program - Billing_Code: 95030
2026-07-28 14:48:53,153 INFO AVS_ZohoIntegration.Program - Billing_Country: MX
2026-07-28 14:48:53,154 INFO AVS_ZohoIntegration.Program - Shipping_Street: 208 Hollywood Ave
2026-07-28 14:48:53,154 INFO AVS_ZohoIntegration.Program - Shipping_City: Mexico D.F.
2026-07-28 14:48:53,155 INFO AVS_ZohoIntegration.Program - Shipping_State: DF
2026-07-28 14:48:53,155 INFO AVS_ZohoIntegration.Program - Shipping_Code: 95030
2026-07-28 14:48:53,156 INFO AVS_ZohoIntegration.Program - Shipping_Country: MX
2026-07-28 14:48:53,156 INFO AVS_ZohoIntegration.Program - * Procesando resultado: 10 *
2026-07-28 14:48:53,157 INFO AVS_ZohoIntegration.Program - Cliente_SAP: C42000
2026-07-28 14:48:53,159 INFO AVS_ZohoIntegration.Program - Account_Name: Mashina Corporation
2026-07-28 14:48:53,159 INFO AVS_ZohoIntegration.Program - Phone: +52 (55) 5115-7733
2026-07-28 14:48:53,159 INFO AVS_ZohoIntegration.Program - Website: www.mashina.sap.com.mx
2026-07-28 14:48:53,161 INFO AVS_ZohoIntegration.Program - Billing_Street: 400 Range Road
2026-07-28 14:48:53,161 INFO AVS_ZohoIntegration.Program - Billing_City: Mexico D.F.
2026-07-28 14:48:53,162 INFO AVS_ZohoIntegration.Program - Billing_State: DF
2026-07-28 14:48:53,162 INFO AVS_ZohoIntegration.Program - Billing_Code: 44113
2026-07-28 14:48:53,162 INFO AVS_ZohoIntegration.Program - Billing_Country: MX
2026-07-28 14:48:53,163 INFO AVS_ZohoIntegration.Program - Shipping_Street: 400 Range Road
2026-07-28 14:48:53,163 INFO AVS_ZohoIntegration.Program - Shipping_City: Mexico D.F.
2026-07-28 14:48:53,164 INFO AVS_ZohoIntegration.Program - Shipping_State: DF
2026-07-28 14:48:53,164 INFO AVS_ZohoIntegration.Program - Shipping_Code: 44113
2026-07-28 14:48:53,164 INFO AVS_ZohoIntegration.Program - Shipping_Country: MX
2026-07-28 14:48:53,165 INFO AVS_ZohoIntegration.Program - * Procesando resultado: 11 *
2026-07-28 14:48:53,166 INFO AVS_ZohoIntegration.Program - Cliente_SAP: C50000
2026-07-28 14:48:53,167 INFO AVS_ZohoIntegration.Program - Account_Name: ADA Technologies
2026-07-28 14:48:53,167 INFO AVS_ZohoIntegration.Program - Phone: +52 (55) 5456-9000
2026-07-28 14:48:53,168 INFO AVS_ZohoIntegration.Program - Website: www.ada-tech.sap.com.mx
2026-07-28 14:48:53,168 INFO AVS_ZohoIntegration.Program - Billing_Street: 34 Highway 6
2026-07-28 14:48:53,169 INFO AVS_ZohoIntegration.Program - Billing_City: Mexico D.F.
2026-07-28 14:48:53,170 INFO AVS_ZohoIntegration.Program - Billing_State: DF
2026-07-28 14:48:53,170 INFO AVS_ZohoIntegration.Program - Billing_Code: 3102
2026-07-28 14:48:53,171 INFO AVS_ZohoIntegration.Program - Billing_Country: MX
2026-07-28 14:48:53,171 INFO AVS_ZohoIntegration.Program - Shipping_Street: 34 Highway 6
2026-07-28 14:48:53,171 INFO AVS_ZohoIntegration.Program - Shipping_City: Mexico D.F.
2026-07-28 14:48:53,172 INFO AVS_ZohoIntegration.Program - Shipping_State: DF
2026-07-28 14:48:53,172 INFO AVS_ZohoIntegration.Program - Shipping_Code: 3102
2026-07-28 14:48:53,173 INFO AVS_ZohoIntegration.Program - Shipping_Country: MX
2026-07-28 14:48:53,173 INFO AVS_ZohoIntegration.Program - * Procesando resultado: 12 *
2026-07-28 14:48:53,174 INFO AVS_ZohoIntegration.Program - Cliente_SAP: C60000
2026-07-28 14:48:53,174 INFO AVS_ZohoIntegration.Program - Account_Name: SG Electronics
2026-07-28 14:48:53,175 INFO AVS_ZohoIntegration.Program - Phone: +52 (55) 5980-7723
2026-07-28 14:48:53,175 INFO AVS_ZohoIntegration.Program - Website: www.sg.sap.com.com.mx
2026-07-28 14:48:53,176 INFO AVS_ZohoIntegration.Program - Billing_Street: 67 Grant Ave
2026-07-28 14:48:53,176 INFO AVS_ZohoIntegration.Program - Billing_City: Toronto
2026-07-28 14:48:53,177 INFO AVS_ZohoIntegration.Program - Billing_State: 
2026-07-28 14:48:53,177 INFO AVS_ZohoIntegration.Program - Billing_Code: M4B 1B3
2026-07-28 14:48:53,178 INFO AVS_ZohoIntegration.Program - Billing_Country: CA
2026-07-28 14:48:53,178 INFO AVS_ZohoIntegration.Program - Shipping_Street: 67 Grant Ave
2026-07-28 14:48:53,179 INFO AVS_ZohoIntegration.Program - Shipping_City: DF
2026-07-28 14:48:53,180 INFO AVS_ZohoIntegration.Program - Shipping_State: DF
2026-07-28 14:48:53,180 INFO AVS_ZohoIntegration.Program - Shipping_Code: M4B 1B3
2026-07-28 14:48:53,181 INFO AVS_ZohoIntegration.Program - Shipping_Country: MX
2026-07-28 14:48:53,181 INFO AVS_ZohoIntegration.Program - * Procesando resultado: 13 *
2026-07-28 14:48:53,182 INFO AVS_ZohoIntegration.Program - Cliente_SAP: C70000
2026-07-28 14:48:53,183 INFO AVS_ZohoIntegration.Program - Account_Name: Aquent Systems
2026-07-28 14:48:53,183 INFO AVS_ZohoIntegration.Program - Phone: +52 (81) 5711-6124
2026-07-28 14:48:53,184 INFO AVS_ZohoIntegration.Program - Website: www.aquent-sys.sap.com.mx
2026-07-28 14:48:53,184 INFO AVS_ZohoIntegration.Program - Billing_Street: 123 Kathryn Ave
2026-07-28 14:48:53,185 INFO AVS_ZohoIntegration.Program - Billing_City: Montreal
2026-07-28 14:48:53,185 INFO AVS_ZohoIntegration.Program - Billing_State: 
2026-07-28 14:48:53,186 INFO AVS_ZohoIntegration.Program - Billing_Code: H7B 2A5
2026-07-28 14:48:53,187 INFO AVS_ZohoIntegration.Program - Billing_Country: CA
2026-07-28 14:48:53,187 INFO AVS_ZohoIntegration.Program - Shipping_Street: 123 Kathryn Ave
2026-07-28 14:48:53,188 INFO AVS_ZohoIntegration.Program - Shipping_City: Montreal
2026-07-28 14:48:53,188 INFO AVS_ZohoIntegration.Program - Shipping_State: 
2026-07-28 14:48:53,188 INFO AVS_ZohoIntegration.Program - Shipping_Code: H7B 2A5
2026-07-28 14:48:53,188 INFO AVS_ZohoIntegration.Program - Shipping_Country: CA
2026-07-28 14:48:53,188 INFO AVS_ZohoIntegration.Program - * Procesando resultado: 14 *
2026-07-28 14:48:53,188 INFO AVS_ZohoIntegration.Program - Cliente_SAP: C99998
2026-07-28 14:48:53,188 INFO AVS_ZohoIntegration.Program - Account_Name: Cliente Web
2026-07-28 14:48:53,188 INFO AVS_ZohoIntegration.Program - Phone: 
2026-07-28 14:48:53,193 INFO AVS_ZohoIntegration.Program - Website: 
2026-07-28 14:48:53,193 INFO AVS_ZohoIntegration.Program - Billing_Street: 
2026-07-28 14:48:53,193 INFO AVS_ZohoIntegration.Program - Billing_City: 
2026-07-28 14:48:53,193 INFO AVS_ZohoIntegration.Program - Billing_State: 
2026-07-28 14:48:53,193 INFO AVS_ZohoIntegration.Program - Billing_Code: 
2026-07-28 14:48:53,193 INFO AVS_ZohoIntegration.Program - Billing_Country: 
2026-07-28 14:48:53,193 INFO AVS_ZohoIntegration.Program - Shipping_Street: 
2026-07-28 14:48:53,193 INFO AVS_ZohoIntegration.Program - Shipping_City: 
2026-07-28 14:48:53,193 INFO AVS_ZohoIntegration.Program - Shipping_State: 
2026-07-28 14:48:53,193 INFO AVS_ZohoIntegration.Program - Shipping_Code: 
2026-07-28 14:48:53,193 INFO AVS_ZohoIntegration.Program - Shipping_Country: MX
2026-07-28 14:48:53,193 INFO AVS_ZohoIntegration.Program - * Procesando resultado: 15 *
2026-07-28 14:48:53,199 INFO AVS_ZohoIntegration.Program - Cliente_SAP: CMF0001
2026-07-28 14:48:53,199 INFO AVS_ZohoIntegration.Program - Account_Name: Cliente curso SL
2026-07-28 14:48:53,200 INFO AVS_ZohoIntegration.Program - Phone: 
2026-07-28 14:48:53,200 INFO AVS_ZohoIntegration.Program - Website: 
2026-07-28 14:48:53,201 INFO AVS_ZohoIntegration.Program - Billing_Street: 
2026-07-28 14:48:53,201 INFO AVS_ZohoIntegration.Program - Billing_City: 
2026-07-28 14:48:53,202 INFO AVS_ZohoIntegration.Program - Billing_State: 
2026-07-28 14:48:53,202 INFO AVS_ZohoIntegration.Program - Billing_Code: 
2026-07-28 14:48:53,203 INFO AVS_ZohoIntegration.Program - Billing_Country: 
2026-07-28 14:48:53,203 INFO AVS_ZohoIntegration.Program - Shipping_Street: 
2026-07-28 14:48:53,204 INFO AVS_ZohoIntegration.Program - Shipping_City: 
2026-07-28 14:48:53,204 INFO AVS_ZohoIntegration.Program - Shipping_State: 
2026-07-28 14:48:53,205 INFO AVS_ZohoIntegration.Program - Shipping_Code: 
2026-07-28 14:48:53,205 INFO AVS_ZohoIntegration.Program - Shipping_Country: 
2026-07-28 14:48:53,205 INFO AVS_ZohoIntegration.Program - * Procesando resultado: 16 *
2026-07-28 14:48:53,207 INFO AVS_ZohoIntegration.Program - Cliente_SAP: CMF0002
2026-07-28 14:48:53,207 INFO AVS_ZohoIntegration.Program - Account_Name: Cliente 01
2026-07-28 14:48:53,208 INFO AVS_ZohoIntegration.Program - Phone: 
2026-07-28 14:48:53,209 INFO AVS_ZohoIntegration.Program - Website: 
2026-07-28 14:48:53,209 INFO AVS_ZohoIntegration.Program - Billing_Street: Paseo de lo sauces
2026-07-28 14:48:53,210 INFO AVS_ZohoIntegration.Program - Billing_City: México
2026-07-28 14:48:53,211 INFO AVS_ZohoIntegration.Program - Billing_State: MEX
2026-07-28 14:48:53,211 INFO AVS_ZohoIntegration.Program - Billing_Code: 54130
2026-07-28 14:48:53,211 INFO AVS_ZohoIntegration.Program - Billing_Country: MX
2026-07-28 14:48:53,212 INFO AVS_ZohoIntegration.Program - Shipping_Street: 
2026-07-28 14:48:53,212 INFO AVS_ZohoIntegration.Program - Shipping_City: 
2026-07-28 14:48:53,214 INFO AVS_ZohoIntegration.Program - Shipping_State: 
2026-07-28 14:48:53,214 INFO AVS_ZohoIntegration.Program - Shipping_Code: 
2026-07-28 14:48:53,214 INFO AVS_ZohoIntegration.Program - Shipping_Country: 
2026-07-28 14:48:53,215 INFO AVS_ZohoIntegration.Program - * Procesando resultado: 17 *
2026-07-28 14:48:53,216 INFO AVS_ZohoIntegration.Program - Cliente_SAP: CMF0003
2026-07-28 14:48:53,217 INFO AVS_ZohoIntegration.Program - Account_Name: Cliente Mostrador prueba
2026-07-28 14:48:53,217 INFO AVS_ZohoIntegration.Program - Phone: 
2026-07-28 14:48:53,218 INFO AVS_ZohoIntegration.Program - Website: 
2026-07-28 14:48:53,218 INFO AVS_ZohoIntegration.Program - Billing_Street: 300 Billings Drive
2026-07-28 14:48:53,218 INFO AVS_ZohoIntegration.Program - Billing_City: 
2026-07-28 14:48:53,219 INFO AVS_ZohoIntegration.Program - Billing_State: DF
2026-07-28 14:48:53,219 INFO AVS_ZohoIntegration.Program - Billing_Code: 19083
2026-07-28 14:48:53,220 INFO AVS_ZohoIntegration.Program - Billing_Country: MX
2026-07-28 14:48:53,221 INFO AVS_ZohoIntegration.Program - Shipping_Street: 
2026-07-28 14:48:53,221 INFO AVS_ZohoIntegration.Program - Shipping_City: 
2026-07-28 14:48:53,222 INFO AVS_ZohoIntegration.Program - Shipping_State: 
2026-07-28 14:48:53,223 INFO AVS_ZohoIntegration.Program - Shipping_Code: 
2026-07-28 14:48:53,223 INFO AVS_ZohoIntegration.Program - Shipping_Country: 
2026-07-28 14:48:53,224 INFO AVS_ZohoIntegration.Program - * Procesando resultado: 18 *
2026-07-28 14:48:53,225 INFO AVS_ZohoIntegration.Program - Cliente_SAP: CMF0004
2026-07-28 14:48:53,225 INFO AVS_ZohoIntegration.Program - Account_Name: Empresa Ejemplo 1
2026-07-28 14:48:53,225 INFO AVS_ZohoIntegration.Program - Phone: 5551234567
2026-07-28 14:48:53,227 INFO AVS_ZohoIntegration.Program - Website: 
2026-07-28 14:48:53,228 INFO AVS_ZohoIntegration.Program - Billing_Street: Calle Secundaria 456
2026-07-28 14:48:53,228 INFO AVS_ZohoIntegration.Program - Billing_City: Monterrey
2026-07-28 14:48:53,229 INFO AVS_ZohoIntegration.Program - Billing_State: NL
2026-07-28 14:48:53,229 INFO AVS_ZohoIntegration.Program - Billing_Code: 67890
2026-07-28 14:48:53,230 INFO AVS_ZohoIntegration.Program - Billing_Country: MX
2026-07-28 14:48:53,230 INFO AVS_ZohoIntegration.Program - Shipping_Street: 
2026-07-28 14:48:53,231 INFO AVS_ZohoIntegration.Program - Shipping_City: 
2026-07-28 14:48:53,231 INFO AVS_ZohoIntegration.Program - Shipping_State: 
2026-07-28 14:48:53,232 INFO AVS_ZohoIntegration.Program - Shipping_Code: 
2026-07-28 14:48:53,232 INFO AVS_ZohoIntegration.Program - Shipping_Country: 
2026-07-28 14:48:53,233 INFO AVS_ZohoIntegration.Program - * Procesando resultado: 19 *
2026-07-28 14:48:53,233 INFO AVS_ZohoIntegration.Program - Cliente_SAP: CMF0005
2026-07-28 14:48:53,233 INFO AVS_ZohoIntegration.Program - Account_Name: Cliente Mostrador 2
2026-07-28 14:48:53,233 INFO AVS_ZohoIntegration.Program - Phone: 
2026-07-28 14:48:53,233 INFO AVS_ZohoIntegration.Program - Website: 
2026-07-28 14:48:53,233 INFO AVS_ZohoIntegration.Program - Billing_Street: 300 Billings Drive
2026-07-28 14:48:53,233 INFO AVS_ZohoIntegration.Program - Billing_City: 
2026-07-28 14:48:53,233 INFO AVS_ZohoIntegration.Program - Billing_State: NAY
2026-07-28 14:48:53,233 INFO AVS_ZohoIntegration.Program - Billing_Code: 19083
2026-07-28 14:48:53,233 INFO AVS_ZohoIntegration.Program - Billing_Country: MX
2026-07-28 14:48:53,233 INFO AVS_ZohoIntegration.Program - Shipping_Street: 
2026-07-28 14:48:53,233 INFO AVS_ZohoIntegration.Program - Shipping_City: 
2026-07-28 14:48:53,233 INFO AVS_ZohoIntegration.Program - Shipping_State: 
2026-07-28 14:48:53,233 INFO AVS_ZohoIntegration.Program - Shipping_Code: 
2026-07-28 14:48:53,233 INFO AVS_ZohoIntegration.Program - Shipping_Country: 
2026-07-28 14:48:53,233 INFO AVS_ZohoIntegration.Program - * Procesando resultado: 20 *
2026-07-28 14:48:53,233 INFO AVS_ZohoIntegration.Program - Cliente_SAP: CSL0002
2026-07-28 14:48:53,233 INFO AVS_ZohoIntegration.Program - Account_Name: Cliente curso SL
2026-07-28 14:48:53,233 INFO AVS_ZohoIntegration.Program - Phone: 
2026-07-28 14:48:53,233 INFO AVS_ZohoIntegration.Program - Website: 
2026-07-28 14:48:53,233 INFO AVS_ZohoIntegration.Program - Billing_Street: 
2026-07-28 14:48:53,233 INFO AVS_ZohoIntegration.Program - Billing_City: 
2026-07-28 14:48:53,233 INFO AVS_ZohoIntegration.Program - Billing_State: 
2026-07-28 14:48:53,233 INFO AVS_ZohoIntegration.Program - Billing_Code: 
2026-07-28 14:48:53,233 INFO AVS_ZohoIntegration.Program - Billing_Country: 
2026-07-28 14:48:53,233 INFO AVS_ZohoIntegration.Program - Shipping_Street: 
2026-07-28 14:48:53,233 INFO AVS_ZohoIntegration.Program - Shipping_City: 
2026-07-28 14:48:53,250 INFO AVS_ZohoIntegration.Program - Shipping_State: 
2026-07-28 14:48:53,251 INFO AVS_ZohoIntegration.Program - Shipping_Code: 
2026-07-28 14:48:53,251 INFO AVS_ZohoIntegration.Program - Shipping_Country: 
2026-07-28 14:48:53,251 INFO AVS_ZohoIntegration.Program - * Procesando resultado: 21 *
2026-07-28 14:48:53,251 INFO AVS_ZohoIntegration.Program - Cliente_SAP: PR000336
2026-07-28 14:48:53,251 INFO AVS_ZohoIntegration.Program - Account_Name: Cliente Beluga
2026-07-28 14:48:53,251 INFO AVS_ZohoIntegration.Program - Phone: 
2026-07-28 14:48:53,251 INFO AVS_ZohoIntegration.Program - Website: 
2026-07-28 14:48:53,251 INFO AVS_ZohoIntegration.Program - Billing_Street: 
2026-07-28 14:48:53,251 INFO AVS_ZohoIntegration.Program - Billing_City: 
2026-07-28 14:48:53,251 INFO AVS_ZohoIntegration.Program - Billing_State: 
2026-07-28 14:48:53,251 INFO AVS_ZohoIntegration.Program - Billing_Code: 
2026-07-28 14:48:53,251 INFO AVS_ZohoIntegration.Program - Billing_Country: 
2026-07-28 14:48:53,251 INFO AVS_ZohoIntegration.Program - Shipping_Street: 
2026-07-28 14:48:53,251 INFO AVS_ZohoIntegration.Program - Shipping_City: 
2026-07-28 14:48:53,251 INFO AVS_ZohoIntegration.Program - Shipping_State: 
2026-07-28 14:48:53,251 INFO AVS_ZohoIntegration.Program - Shipping_Code: 
2026-07-28 14:48:53,251 INFO AVS_ZohoIntegration.Program - Shipping_Country: 
2026-07-28 14:48:53,251 INFO AVS_ZohoIntegration.Program - * Procesando resultado: 22 *
2026-07-28 14:48:53,251 INFO AVS_ZohoIntegration.Program - Cliente_SAP: PRAVS01
2026-07-28 14:48:53,251 INFO AVS_ZohoIntegration.Program - Account_Name: Prueba curso SL
2026-07-28 14:48:53,251 INFO AVS_ZohoIntegration.Program - Phone: 
2026-07-28 14:48:53,251 INFO AVS_ZohoIntegration.Program - Website: 
2026-07-28 14:48:53,266 INFO AVS_ZohoIntegration.Program - Billing_Street: 
2026-07-28 14:48:53,267 INFO AVS_ZohoIntegration.Program - Billing_City: 
2026-07-28 14:48:53,267 INFO AVS_ZohoIntegration.Program - Billing_State: 
2026-07-28 14:48:53,267 INFO AVS_ZohoIntegration.Program - Billing_Code: 
2026-07-28 14:48:53,268 INFO AVS_ZohoIntegration.Program - Billing_Country: 
2026-07-28 14:48:53,268 INFO AVS_ZohoIntegration.Program - Shipping_Street: 
2026-07-28 14:48:53,268 INFO AVS_ZohoIntegration.Program - Shipping_City: 
2026-07-28 14:48:53,269 INFO AVS_ZohoIntegration.Program - Shipping_State: 
2026-07-28 14:48:53,270 INFO AVS_ZohoIntegration.Program - Shipping_Code: 
2026-07-28 14:48:53,270 INFO AVS_ZohoIntegration.Program - Shipping_Country: 
2026-07-28 14:48:53,271 INFO AVS_ZohoIntegration.Program - * Consultando sub-entidad [Owner] para OCRD...
2026-07-28 14:49:02,907 INFO AVS_ZohoIntegration.Program - Se han obtenido 22 resultados pendientes de procesar.
2026-07-28 14:49:02,908 INFO AVS_ZohoIntegration.Program - * Procesando resultado: 1 *
2026-07-28 14:49:02,909 INFO AVS_ZohoIntegration.Program - id: -1
2026-07-28 14:49:02,909 INFO AVS_ZohoIntegration.Program - * Procesando resultado: 2 *
2026-07-28 14:49:02,910 INFO AVS_ZohoIntegration.Program - id: -1
2026-07-28 14:49:02,911 INFO AVS_ZohoIntegration.Program - * Procesando resultado: 3 *
2026-07-28 14:49:02,912 INFO AVS_ZohoIntegration.Program - id: -1
2026-07-28 14:49:02,912 INFO AVS_ZohoIntegration.Program - * Procesando resultado: 4 *
2026-07-28 14:49:02,913 INFO AVS_ZohoIntegration.Program - id: 1
2026-07-28 14:49:02,913 INFO AVS_ZohoIntegration.Program - * Procesando resultado: 5 *
2026-07-28 14:49:02,913 INFO AVS_ZohoIntegration.Program - id: 4
2026-07-28 14:49:02,914 INFO AVS_ZohoIntegration.Program - * Procesando resultado: 6 *
2026-07-28 14:49:02,915 INFO AVS_ZohoIntegration.Program - id: 1
2026-07-28 14:49:02,916 INFO AVS_ZohoIntegration.Program - * Procesando resultado: 7 *
2026-07-28 14:49:02,916 INFO AVS_ZohoIntegration.Program - id: 1
2026-07-28 14:49:02,916 INFO AVS_ZohoIntegration.Program - * Procesando resultado: 8 *
2026-07-28 14:49:02,916 INFO AVS_ZohoIntegration.Program - id: 2
2026-07-28 14:49:02,916 INFO AVS_ZohoIntegration.Program - * Procesando resultado: 9 *
2026-07-28 14:49:02,916 INFO AVS_ZohoIntegration.Program - id: 3
2026-07-28 14:49:02,916 INFO AVS_ZohoIntegration.Program - * Procesando resultado: 10 *
2026-07-28 14:49:02,919 INFO AVS_ZohoIntegration.Program - id: 5
2026-07-28 14:49:02,919 INFO AVS_ZohoIntegration.Program - * Procesando resultado: 11 *
2026-07-28 14:49:02,919 INFO AVS_ZohoIntegration.Program - id: 2
2026-07-28 14:49:02,919 INFO AVS_ZohoIntegration.Program - * Procesando resultado: 12 *
2026-07-28 14:49:02,919 INFO AVS_ZohoIntegration.Program - id: 5
2026-07-28 14:49:02,919 INFO AVS_ZohoIntegration.Program - * Procesando resultado: 13 *
2026-07-28 14:49:02,919 INFO AVS_ZohoIntegration.Program - id: 4
2026-07-28 14:49:02,919 INFO AVS_ZohoIntegration.Program - * Procesando resultado: 14 *
2026-07-28 14:49:02,919 INFO AVS_ZohoIntegration.Program - id: 1
2026-07-28 14:49:02,919 INFO AVS_ZohoIntegration.Program - * Procesando resultado: 15 *
2026-07-28 14:49:02,919 INFO AVS_ZohoIntegration.Program - id: -1
2026-07-28 14:49:02,919 INFO AVS_ZohoIntegration.Program - * Procesando resultado: 16 *
2026-07-28 14:49:02,919 INFO AVS_ZohoIntegration.Program - id: -1
2026-07-28 14:49:02,919 INFO AVS_ZohoIntegration.Program - * Procesando resultado: 17 *
2026-07-28 14:49:02,919 INFO AVS_ZohoIntegration.Program - id: -1
2026-07-28 14:49:02,919 INFO AVS_ZohoIntegration.Program - * Procesando resultado: 18 *
2026-07-28 14:49:02,919 INFO AVS_ZohoIntegration.Program - id: -1
2026-07-28 14:49:02,919 INFO AVS_ZohoIntegration.Program - * Procesando resultado: 19 *
2026-07-28 14:49:02,919 INFO AVS_ZohoIntegration.Program - id: -1
2026-07-28 14:49:02,919 INFO AVS_ZohoIntegration.Program - * Procesando resultado: 20 *
2026-07-28 14:49:02,919 INFO AVS_ZohoIntegration.Program - id: -1
2026-07-28 14:49:02,919 INFO AVS_ZohoIntegration.Program - * Procesando resultado: 21 *
2026-07-28 14:49:02,919 INFO AVS_ZohoIntegration.Program - id: -1
2026-07-28 14:49:02,919 INFO AVS_ZohoIntegration.Program - * Procesando resultado: 22 *
2026-07-28 14:49:02,919 INFO AVS_ZohoIntegration.Program - id: -1
2026-07-28 14:51:26,467 INFO AVS_ZohoIntegration.Program - AVS SFTPSync Version [1.0.0.0]
2026-07-28 14:51:26,467 INFO AVS_ZohoIntegration.Program - Leyendo archivo de configuracion.
2026-07-28 14:51:26,543 INFO AVS_ZohoIntegration.Program - Archivo de configuracion leido correctamente.
2026-07-28 14:51:26,543 DEBUG AVS_ZohoIntegration.Program - **************************************************************************
2026-07-28 14:51:26,543 DEBUG AVS_ZohoIntegration.Program - Ejecutando sincronizacion para: SBODemoMX
2026-07-28 14:51:29,177 DEBUG AVS_ZohoIntegration.Program - Validando licencia...
2026-07-28 14:51:29,178 INFO AVS_ZohoIntegration.Program - Licencia valida.
2026-07-28 14:51:29,179 INFO AVS_ZohoIntegration.Program - Comando recibido: SENDBUSINESSPARTNERS
2026-07-28 14:51:29,179 INFO AVS_ZohoIntegration.Program - Iniciando proceso de envío de socios de negocio...
2026-07-28 14:51:29,182 INFO AVS_ZohoIntegration.Program - *** Obteniendo información de cabecera: Socios de Negocio (OCRD) ***
2026-07-28 14:51:29,429 INFO AVS_ZohoIntegration.Program - Se han obtenido 22 resultados pendientes de procesar.
2026-07-28 14:51:29,429 INFO AVS_ZohoIntegration.Program - * Procesando resultado: 1 *
2026-07-28 14:51:29,429 INFO AVS_ZohoIntegration.Program - Cliente_SAP: C1111
2026-07-28 14:51:29,429 INFO AVS_ZohoIntegration.Program - Account_Name: Cliente Mostrador
2026-07-28 14:51:29,429 INFO AVS_ZohoIntegration.Program - Phone: 
2026-07-28 14:51:29,432 INFO AVS_ZohoIntegration.Program - Website: 
2026-07-28 14:51:29,432 INFO AVS_ZohoIntegration.Program - Billing_Street: 
2026-07-28 14:51:29,432 INFO AVS_ZohoIntegration.Program - Billing_City: 
2026-07-28 14:51:29,432 INFO AVS_ZohoIntegration.Program - Billing_State: 
2026-07-28 14:51:29,434 INFO AVS_ZohoIntegration.Program - Billing_Code: 
2026-07-28 14:51:29,434 INFO AVS_ZohoIntegration.Program - Billing_Country: MX
2026-07-28 14:51:29,434 INFO AVS_ZohoIntegration.Program - Shipping_Street: 
2026-07-28 14:51:29,434 INFO AVS_ZohoIntegration.Program - Shipping_City: 
2026-07-28 14:51:29,434 INFO AVS_ZohoIntegration.Program - Shipping_State: 
2026-07-28 14:51:29,434 INFO AVS_ZohoIntegration.Program - Shipping_Code: 
2026-07-28 14:51:29,434 INFO AVS_ZohoIntegration.Program - Shipping_Country: MX
2026-07-28 14:51:29,434 INFO AVS_ZohoIntegration.Program - * Procesando resultado: 2 *
2026-07-28 14:51:29,434 INFO AVS_ZohoIntegration.Program - Cliente_SAP: C12345
2026-07-28 14:51:29,434 INFO AVS_ZohoIntegration.Program - Account_Name: Comercializadora XYZ S.A. de C.V.
2026-07-28 14:51:29,434 INFO AVS_ZohoIntegration.Program - Phone: 
2026-07-28 14:51:29,434 INFO AVS_ZohoIntegration.Program - Website: 
2026-07-28 14:51:29,434 INFO AVS_ZohoIntegration.Program - Billing_Street: Av. Insurgentes Sur
2026-07-28 14:51:29,434 INFO AVS_ZohoIntegration.Program - Billing_City: Ciudad de México
2026-07-28 14:51:29,434 INFO AVS_ZohoIntegration.Program - Billing_State: DF
2026-07-28 14:51:29,434 INFO AVS_ZohoIntegration.Program - Billing_Code: 03100
2026-07-28 14:51:29,434 INFO AVS_ZohoIntegration.Program - Billing_Country: MX
2026-07-28 14:51:29,434 INFO AVS_ZohoIntegration.Program - Shipping_Street: Carretera México-Toluca
2026-07-28 14:51:29,434 INFO AVS_ZohoIntegration.Program - Shipping_City: Toluca
2026-07-28 14:51:29,434 INFO AVS_ZohoIntegration.Program - Shipping_State: MEX
2026-07-28 14:51:29,434 INFO AVS_ZohoIntegration.Program - Shipping_Code: 50000
2026-07-28 14:51:29,434 INFO AVS_ZohoIntegration.Program - Shipping_Country: MX
2026-07-28 14:51:29,434 INFO AVS_ZohoIntegration.Program - * Procesando resultado: 3 *
2026-07-28 14:51:29,434 INFO AVS_ZohoIntegration.Program - Cliente_SAP: C123456
2026-07-28 14:51:29,434 INFO AVS_ZohoIntegration.Program - Account_Name: Comercializadora XYZ S.A. de C.V.
2026-07-28 14:51:29,434 INFO AVS_ZohoIntegration.Program - Phone: 
2026-07-28 14:51:29,434 INFO AVS_ZohoIntegration.Program - Website: 
2026-07-28 14:51:29,434 INFO AVS_ZohoIntegration.Program - Billing_Street: Av. Insurgentes Sur
2026-07-28 14:51:29,434 INFO AVS_ZohoIntegration.Program - Billing_City: Ciudad de México
2026-07-28 14:51:29,434 INFO AVS_ZohoIntegration.Program - Billing_State: DF
2026-07-28 14:51:29,434 INFO AVS_ZohoIntegration.Program - Billing_Code: 03100
2026-07-28 14:51:29,434 INFO AVS_ZohoIntegration.Program - Billing_Country: MX
2026-07-28 14:51:29,434 INFO AVS_ZohoIntegration.Program - Shipping_Street: Carretera México-Toluca
2026-07-28 14:51:29,434 INFO AVS_ZohoIntegration.Program - Shipping_City: Toluca
2026-07-28 14:51:29,434 INFO AVS_ZohoIntegration.Program - Shipping_State: MEX
2026-07-28 14:51:29,434 INFO AVS_ZohoIntegration.Program - Shipping_Code: 50000
2026-07-28 14:51:29,434 INFO AVS_ZohoIntegration.Program - Shipping_Country: MX
2026-07-28 14:51:29,434 INFO AVS_ZohoIntegration.Program - * Procesando resultado: 4 *
2026-07-28 14:51:29,434 INFO AVS_ZohoIntegration.Program - Cliente_SAP: C20000
2026-07-28 14:51:29,434 INFO AVS_ZohoIntegration.Program - Account_Name: Maxi-Teq
2026-07-28 14:51:29,434 INFO AVS_ZohoIntegration.Program - Phone: +52 (55) 5565-9032
2026-07-28 14:51:29,434 INFO AVS_ZohoIntegration.Program - Website: www.maxi-teq.sap.com
2026-07-28 14:51:29,434 INFO AVS_ZohoIntegration.Program - Billing_Street: 300 Billings Drive
2026-07-28 14:51:29,434 INFO AVS_ZohoIntegration.Program - Billing_City: 
2026-07-28 14:51:29,434 INFO AVS_ZohoIntegration.Program - Billing_State: DF
2026-07-28 14:51:29,434 INFO AVS_ZohoIntegration.Program - Billing_Code: 19083
2026-07-28 14:51:29,434 INFO AVS_ZohoIntegration.Program - Billing_Country: MX
2026-07-28 14:51:29,434 INFO AVS_ZohoIntegration.Program - Shipping_Street: 300 Billings Drive
2026-07-28 14:51:29,434 INFO AVS_ZohoIntegration.Program - Shipping_City: Mexico D.F.
2026-07-28 14:51:29,434 INFO AVS_ZohoIntegration.Program - Shipping_State: DF
2026-07-28 14:51:29,434 INFO AVS_ZohoIntegration.Program - Shipping_Code: 19083
2026-07-28 14:51:29,434 INFO AVS_ZohoIntegration.Program - Shipping_Country: MX
2026-07-28 14:51:29,434 INFO AVS_ZohoIntegration.Program - * Procesando resultado: 5 *
2026-07-28 14:51:29,434 INFO AVS_ZohoIntegration.Program - Cliente_SAP: C23900
2026-07-28 14:51:29,449 INFO AVS_ZohoIntegration.Program - Account_Name: Parameter Technology
2026-07-28 14:51:29,450 INFO AVS_ZohoIntegration.Program - Phone: +52 (55)  5654-7633
2026-07-28 14:51:29,451 INFO AVS_ZohoIntegration.Program - Website: www.parameter.sap.com
2026-07-28 14:51:29,451 INFO AVS_ZohoIntegration.Program - Billing_Street: 908 Darby Road
2026-07-28 14:51:29,452 INFO AVS_ZohoIntegration.Program - Billing_City: Mexico D.F.
2026-07-28 14:51:29,452 INFO AVS_ZohoIntegration.Program - Billing_State: DF
2026-07-28 14:51:29,453 INFO AVS_ZohoIntegration.Program - Billing_Code: 19083
2026-07-28 14:51:29,453 INFO AVS_ZohoIntegration.Program - Billing_Country: MX
2026-07-28 14:51:29,454 INFO AVS_ZohoIntegration.Program - Shipping_Street: 908 Darby Road
2026-07-28 14:51:29,454 INFO AVS_ZohoIntegration.Program - Shipping_City: Mexico D.F.
2026-07-28 14:51:29,454 INFO AVS_ZohoIntegration.Program - Shipping_State: DF
2026-07-28 14:51:29,455 INFO AVS_ZohoIntegration.Program - Shipping_Code: 19083
2026-07-28 14:51:29,455 INFO AVS_ZohoIntegration.Program - Shipping_Country: MX
2026-07-28 14:51:29,455 INFO AVS_ZohoIntegration.Program - * Procesando resultado: 6 *
2026-07-28 14:51:29,455 INFO AVS_ZohoIntegration.Program - Cliente_SAP: C25000
2026-07-28 14:51:29,456 INFO AVS_ZohoIntegration.Program - Account_Name: Star Company
2026-07-28 14:51:29,456 INFO AVS_ZohoIntegration.Program - Phone: 00421 2 582 56 33
2026-07-28 14:51:29,456 INFO AVS_ZohoIntegration.Program - Website: www.starcompa.eu
2026-07-28 14:51:29,457 INFO AVS_ZohoIntegration.Program - Billing_Street: Plynarenska
2026-07-28 14:51:29,457 INFO AVS_ZohoIntegration.Program - Billing_City: Bratislava
2026-07-28 14:51:29,457 INFO AVS_ZohoIntegration.Program - Billing_State: 
2026-07-28 14:51:29,457 INFO AVS_ZohoIntegration.Program - Billing_Code: 821 09
2026-07-28 14:51:29,458 INFO AVS_ZohoIntegration.Program - Billing_Country: SK
2026-07-28 14:51:29,458 INFO AVS_ZohoIntegration.Program - Shipping_Street: Plynarenska
2026-07-28 14:51:29,458 INFO AVS_ZohoIntegration.Program - Shipping_City: Bratislava
2026-07-28 14:51:29,458 INFO AVS_ZohoIntegration.Program - Shipping_State: 
2026-07-28 14:51:29,459 INFO AVS_ZohoIntegration.Program - Shipping_Code: 821 09
2026-07-28 14:51:29,459 INFO AVS_ZohoIntegration.Program - Shipping_Country: SK
2026-07-28 14:51:29,460 INFO AVS_ZohoIntegration.Program - * Procesando resultado: 7 *
2026-07-28 14:51:29,460 INFO AVS_ZohoIntegration.Program - Cliente_SAP: C26000
2026-07-28 14:51:29,460 INFO AVS_ZohoIntegration.Program - Account_Name: River Inc
2026-07-28 14:51:29,461 INFO AVS_ZohoIntegration.Program - Phone: 0044 161 869 9000
2026-07-28 14:51:29,461 INFO AVS_ZohoIntegration.Program - Website: www.riveri.co.uk
2026-07-28 14:51:29,461 INFO AVS_ZohoIntegration.Program - Billing_Street: United Rd
2026-07-28 14:51:29,461 INFO AVS_ZohoIntegration.Program - Billing_City: Manchester
2026-07-28 14:51:29,462 INFO AVS_ZohoIntegration.Program - Billing_State: 
2026-07-28 14:51:29,462 INFO AVS_ZohoIntegration.Program - Billing_Code: M16 0RA
2026-07-28 14:51:29,462 INFO AVS_ZohoIntegration.Program - Billing_Country: GB
2026-07-28 14:51:29,462 INFO AVS_ZohoIntegration.Program - Shipping_Street: United Rd
2026-07-28 14:51:29,463 INFO AVS_ZohoIntegration.Program - Shipping_City: Manchester
2026-07-28 14:51:29,463 INFO AVS_ZohoIntegration.Program - Shipping_State: 
2026-07-28 14:51:29,464 INFO AVS_ZohoIntegration.Program - Shipping_Code: M16 0RA
2026-07-28 14:51:29,464 INFO AVS_ZohoIntegration.Program - Shipping_Country: GB
2026-07-28 14:51:29,464 INFO AVS_ZohoIntegration.Program - * Procesando resultado: 8 *
2026-07-28 14:51:29,465 INFO AVS_ZohoIntegration.Program - Cliente_SAP: C30000
2026-07-28 14:51:29,465 INFO AVS_ZohoIntegration.Program - Account_Name: Microchips
2026-07-28 14:51:29,466 INFO AVS_ZohoIntegration.Program - Phone: +52 (55) 5345-9000
2026-07-28 14:51:29,467 INFO AVS_ZohoIntegration.Program - Website: www.microchips.sap.com
2026-07-28 14:51:29,468 INFO AVS_ZohoIntegration.Program - Billing_Street: 45th Street
2026-07-28 14:51:29,468 INFO AVS_ZohoIntegration.Program - Billing_City: Mexico D.F.
2026-07-28 14:51:29,469 INFO AVS_ZohoIntegration.Program - Billing_State: DF
2026-07-28 14:51:29,469 INFO AVS_ZohoIntegration.Program - Billing_Code: 10010
2026-07-28 14:51:29,469 INFO AVS_ZohoIntegration.Program - Billing_Country: MX
2026-07-28 14:51:29,470 INFO AVS_ZohoIntegration.Program - Shipping_Street: 5th Ave
2026-07-28 14:51:29,470 INFO AVS_ZohoIntegration.Program - Shipping_City: Mexico D.F.
2026-07-28 14:51:29,470 INFO AVS_ZohoIntegration.Program - Shipping_State: DF
2026-07-28 14:51:29,471 INFO AVS_ZohoIntegration.Program - Shipping_Code: 10005
2026-07-28 14:51:29,471 INFO AVS_ZohoIntegration.Program - Shipping_Country: MX
2026-07-28 14:51:29,471 INFO AVS_ZohoIntegration.Program - * Procesando resultado: 9 *
2026-07-28 14:51:29,472 INFO AVS_ZohoIntegration.Program - Cliente_SAP: C40000
2026-07-28 14:51:29,472 INFO AVS_ZohoIntegration.Program - Account_Name: Earthshaker Corporation
2026-07-28 14:51:29,472 INFO AVS_ZohoIntegration.Program - Phone: +52 (55) 5632-3399
2026-07-28 14:51:29,473 INFO AVS_ZohoIntegration.Program - Website: www.earthshaker.sap.com.mx
2026-07-28 14:51:29,473 INFO AVS_ZohoIntegration.Program - Billing_Street: 208 Hollywood Ave
2026-07-28 14:51:29,473 INFO AVS_ZohoIntegration.Program - Billing_City: Mexico D.F.
2026-07-28 14:51:29,474 INFO AVS_ZohoIntegration.Program - Billing_State: DF
2026-07-28 14:51:29,474 INFO AVS_ZohoIntegration.Program - Billing_Code: 95030
2026-07-28 14:51:29,474 INFO AVS_ZohoIntegration.Program - Billing_Country: MX
2026-07-28 14:51:29,474 INFO AVS_ZohoIntegration.Program - Shipping_Street: 208 Hollywood Ave
2026-07-28 14:51:29,475 INFO AVS_ZohoIntegration.Program - Shipping_City: Mexico D.F.
2026-07-28 14:51:29,475 INFO AVS_ZohoIntegration.Program - Shipping_State: DF
2026-07-28 14:51:29,475 INFO AVS_ZohoIntegration.Program - Shipping_Code: 95030
2026-07-28 14:51:29,476 INFO AVS_ZohoIntegration.Program - Shipping_Country: MX
2026-07-28 14:51:29,476 INFO AVS_ZohoIntegration.Program - * Procesando resultado: 10 *
2026-07-28 14:51:29,476 INFO AVS_ZohoIntegration.Program - Cliente_SAP: C42000
2026-07-28 14:51:29,477 INFO AVS_ZohoIntegration.Program - Account_Name: Mashina Corporation
2026-07-28 14:51:29,477 INFO AVS_ZohoIntegration.Program - Phone: +52 (55) 5115-7733
2026-07-28 14:51:29,477 INFO AVS_ZohoIntegration.Program - Website: www.mashina.sap.com.mx
2026-07-28 14:51:29,478 INFO AVS_ZohoIntegration.Program - Billing_Street: 400 Range Road
2026-07-28 14:51:29,478 INFO AVS_ZohoIntegration.Program - Billing_City: Mexico D.F.
2026-07-28 14:51:29,478 INFO AVS_ZohoIntegration.Program - Billing_State: DF
2026-07-28 14:51:29,478 INFO AVS_ZohoIntegration.Program - Billing_Code: 44113
2026-07-28 14:51:29,479 INFO AVS_ZohoIntegration.Program - Billing_Country: MX
2026-07-28 14:51:29,479 INFO AVS_ZohoIntegration.Program - Shipping_Street: 400 Range Road
2026-07-28 14:51:29,480 INFO AVS_ZohoIntegration.Program - Shipping_City: Mexico D.F.
2026-07-28 14:51:29,480 INFO AVS_ZohoIntegration.Program - Shipping_State: DF
2026-07-28 14:51:29,480 INFO AVS_ZohoIntegration.Program - Shipping_Code: 44113
2026-07-28 14:51:29,480 INFO AVS_ZohoIntegration.Program - Shipping_Country: MX
2026-07-28 14:51:29,481 INFO AVS_ZohoIntegration.Program - * Procesando resultado: 11 *
2026-07-28 14:51:29,481 INFO AVS_ZohoIntegration.Program - Cliente_SAP: C50000
2026-07-28 14:51:29,482 INFO AVS_ZohoIntegration.Program - Account_Name: ADA Technologies
2026-07-28 14:51:29,482 INFO AVS_ZohoIntegration.Program - Phone: +52 (55) 5456-9000
2026-07-28 14:51:29,483 INFO AVS_ZohoIntegration.Program - Website: www.ada-tech.sap.com.mx
2026-07-28 14:51:29,484 INFO AVS_ZohoIntegration.Program - Billing_Street: 34 Highway 6
2026-07-28 14:51:29,484 INFO AVS_ZohoIntegration.Program - Billing_City: Mexico D.F.
2026-07-28 14:51:29,484 INFO AVS_ZohoIntegration.Program - Billing_State: DF
2026-07-28 14:51:29,484 INFO AVS_ZohoIntegration.Program - Billing_Code: 3102
2026-07-28 14:51:29,484 INFO AVS_ZohoIntegration.Program - Billing_Country: MX
2026-07-28 14:51:29,484 INFO AVS_ZohoIntegration.Program - Shipping_Street: 34 Highway 6
2026-07-28 14:51:29,484 INFO AVS_ZohoIntegration.Program - Shipping_City: Mexico D.F.
2026-07-28 14:51:29,484 INFO AVS_ZohoIntegration.Program - Shipping_State: DF
2026-07-28 14:51:29,484 INFO AVS_ZohoIntegration.Program - Shipping_Code: 3102
2026-07-28 14:51:29,484 INFO AVS_ZohoIntegration.Program - Shipping_Country: MX
2026-07-28 14:51:29,484 INFO AVS_ZohoIntegration.Program - * Procesando resultado: 12 *
2026-07-28 14:51:29,484 INFO AVS_ZohoIntegration.Program - Cliente_SAP: C60000
2026-07-28 14:51:29,484 INFO AVS_ZohoIntegration.Program - Account_Name: SG Electronics
2026-07-28 14:51:29,484 INFO AVS_ZohoIntegration.Program - Phone: +52 (55) 5980-7723
2026-07-28 14:51:29,484 INFO AVS_ZohoIntegration.Program - Website: www.sg.sap.com.com.mx
2026-07-28 14:51:29,484 INFO AVS_ZohoIntegration.Program - Billing_Street: 67 Grant Ave
2026-07-28 14:51:29,484 INFO AVS_ZohoIntegration.Program - Billing_City: Toronto
2026-07-28 14:51:29,484 INFO AVS_ZohoIntegration.Program - Billing_State: 
2026-07-28 14:51:29,484 INFO AVS_ZohoIntegration.Program - Billing_Code: M4B 1B3
2026-07-28 14:51:29,484 INFO AVS_ZohoIntegration.Program - Billing_Country: CA
2026-07-28 14:51:29,484 INFO AVS_ZohoIntegration.Program - Shipping_Street: 67 Grant Ave
2026-07-28 14:51:29,484 INFO AVS_ZohoIntegration.Program - Shipping_City: DF
2026-07-28 14:51:29,484 INFO AVS_ZohoIntegration.Program - Shipping_State: DF
2026-07-28 14:51:29,484 INFO AVS_ZohoIntegration.Program - Shipping_Code: M4B 1B3
2026-07-28 14:51:29,484 INFO AVS_ZohoIntegration.Program - Shipping_Country: MX
2026-07-28 14:51:29,484 INFO AVS_ZohoIntegration.Program - * Procesando resultado: 13 *
2026-07-28 14:51:29,484 INFO AVS_ZohoIntegration.Program - Cliente_SAP: C70000
2026-07-28 14:51:29,484 INFO AVS_ZohoIntegration.Program - Account_Name: Aquent Systems
2026-07-28 14:51:29,484 INFO AVS_ZohoIntegration.Program - Phone: +52 (81) 5711-6124
2026-07-28 14:51:29,484 INFO AVS_ZohoIntegration.Program - Website: www.aquent-sys.sap.com.mx
2026-07-28 14:51:29,484 INFO AVS_ZohoIntegration.Program - Billing_Street: 123 Kathryn Ave
2026-07-28 14:51:29,484 INFO AVS_ZohoIntegration.Program - Billing_City: Montreal
2026-07-28 14:51:29,484 INFO AVS_ZohoIntegration.Program - Billing_State: 
2026-07-28 14:51:29,484 INFO AVS_ZohoIntegration.Program - Billing_Code: H7B 2A5
2026-07-28 14:51:29,484 INFO AVS_ZohoIntegration.Program - Billing_Country: CA
2026-07-28 14:51:29,484 INFO AVS_ZohoIntegration.Program - Shipping_Street: 123 Kathryn Ave
2026-07-28 14:51:29,484 INFO AVS_ZohoIntegration.Program - Shipping_City: Montreal
2026-07-28 14:51:29,484 INFO AVS_ZohoIntegration.Program - Shipping_State: 
2026-07-28 14:51:29,484 INFO AVS_ZohoIntegration.Program - Shipping_Code: H7B 2A5
2026-07-28 14:51:29,484 INFO AVS_ZohoIntegration.Program - Shipping_Country: CA
2026-07-28 14:51:29,484 INFO AVS_ZohoIntegration.Program - * Procesando resultado: 14 *
2026-07-28 14:51:29,484 INFO AVS_ZohoIntegration.Program - Cliente_SAP: C99998
2026-07-28 14:51:29,484 INFO AVS_ZohoIntegration.Program - Account_Name: Cliente Web
2026-07-28 14:51:29,484 INFO AVS_ZohoIntegration.Program - Phone: 
2026-07-28 14:51:29,484 INFO AVS_ZohoIntegration.Program - Website: 
2026-07-28 14:51:29,484 INFO AVS_ZohoIntegration.Program - Billing_Street: 
2026-07-28 14:51:29,484 INFO AVS_ZohoIntegration.Program - Billing_City: 
2026-07-28 14:51:29,484 INFO AVS_ZohoIntegration.Program - Billing_State: 
2026-07-28 14:51:29,484 INFO AVS_ZohoIntegration.Program - Billing_Code: 
2026-07-28 14:51:29,484 INFO AVS_ZohoIntegration.Program - Billing_Country: 
2026-07-28 14:51:29,484 INFO AVS_ZohoIntegration.Program - Shipping_Street: 
2026-07-28 14:51:29,484 INFO AVS_ZohoIntegration.Program - Shipping_City: 
2026-07-28 14:51:29,484 INFO AVS_ZohoIntegration.Program - Shipping_State: 
2026-07-28 14:51:29,484 INFO AVS_ZohoIntegration.Program - Shipping_Code: 
2026-07-28 14:51:29,484 INFO AVS_ZohoIntegration.Program - Shipping_Country: MX
2026-07-28 14:51:29,484 INFO AVS_ZohoIntegration.Program - * Procesando resultado: 15 *
2026-07-28 14:51:29,499 INFO AVS_ZohoIntegration.Program - Cliente_SAP: CMF0001
2026-07-28 14:51:29,499 INFO AVS_ZohoIntegration.Program - Account_Name: Cliente curso SL
2026-07-28 14:51:29,499 INFO AVS_ZohoIntegration.Program - Phone: 
2026-07-28 14:51:29,499 INFO AVS_ZohoIntegration.Program - Website: 
2026-07-28 14:51:29,499 INFO AVS_ZohoIntegration.Program - Billing_Street: 
2026-07-28 14:51:29,499 INFO AVS_ZohoIntegration.Program - Billing_City: 
2026-07-28 14:51:29,499 INFO AVS_ZohoIntegration.Program - Billing_State: 
2026-07-28 14:51:29,499 INFO AVS_ZohoIntegration.Program - Billing_Code: 
2026-07-28 14:51:29,499 INFO AVS_ZohoIntegration.Program - Billing_Country: 
2026-07-28 14:51:29,499 INFO AVS_ZohoIntegration.Program - Shipping_Street: 
2026-07-28 14:51:29,499 INFO AVS_ZohoIntegration.Program - Shipping_City: 
2026-07-28 14:51:29,499 INFO AVS_ZohoIntegration.Program - Shipping_State: 
2026-07-28 14:51:29,499 INFO AVS_ZohoIntegration.Program - Shipping_Code: 
2026-07-28 14:51:29,499 INFO AVS_ZohoIntegration.Program - Shipping_Country: 
2026-07-28 14:51:29,499 INFO AVS_ZohoIntegration.Program - * Procesando resultado: 16 *
2026-07-28 14:51:29,499 INFO AVS_ZohoIntegration.Program - Cliente_SAP: CMF0002
2026-07-28 14:51:29,499 INFO AVS_ZohoIntegration.Program - Account_Name: Cliente 01
2026-07-28 14:51:29,499 INFO AVS_ZohoIntegration.Program - Phone: 
2026-07-28 14:51:29,499 INFO AVS_ZohoIntegration.Program - Website: 
2026-07-28 14:51:29,499 INFO AVS_ZohoIntegration.Program - Billing_Street: Paseo de lo sauces
2026-07-28 14:51:29,499 INFO AVS_ZohoIntegration.Program - Billing_City: México
2026-07-28 14:51:29,499 INFO AVS_ZohoIntegration.Program - Billing_State: MEX
2026-07-28 14:51:29,499 INFO AVS_ZohoIntegration.Program - Billing_Code: 54130
2026-07-28 14:51:29,499 INFO AVS_ZohoIntegration.Program - Billing_Country: MX
2026-07-28 14:51:29,499 INFO AVS_ZohoIntegration.Program - Shipping_Street: 
2026-07-28 14:51:29,508 INFO AVS_ZohoIntegration.Program - Shipping_City: 
2026-07-28 14:51:29,508 INFO AVS_ZohoIntegration.Program - Shipping_State: 
2026-07-28 14:51:29,508 INFO AVS_ZohoIntegration.Program - Shipping_Code: 
2026-07-28 14:51:29,508 INFO AVS_ZohoIntegration.Program - Shipping_Country: 
2026-07-28 14:51:29,508 INFO AVS_ZohoIntegration.Program - * Procesando resultado: 17 *
2026-07-28 14:51:29,508 INFO AVS_ZohoIntegration.Program - Cliente_SAP: CMF0003
2026-07-28 14:51:29,508 INFO AVS_ZohoIntegration.Program - Account_Name: Cliente Mostrador prueba
2026-07-28 14:51:29,508 INFO AVS_ZohoIntegration.Program - Phone: 
2026-07-28 14:51:29,508 INFO AVS_ZohoIntegration.Program - Website: 
2026-07-28 14:51:29,508 INFO AVS_ZohoIntegration.Program - Billing_Street: 300 Billings Drive
2026-07-28 14:51:29,508 INFO AVS_ZohoIntegration.Program - Billing_City: 
2026-07-28 14:51:29,508 INFO AVS_ZohoIntegration.Program - Billing_State: DF
2026-07-28 14:51:29,508 INFO AVS_ZohoIntegration.Program - Billing_Code: 19083
2026-07-28 14:51:29,508 INFO AVS_ZohoIntegration.Program - Billing_Country: MX
2026-07-28 14:51:29,508 INFO AVS_ZohoIntegration.Program - Shipping_Street: 
2026-07-28 14:51:29,508 INFO AVS_ZohoIntegration.Program - Shipping_City: 
2026-07-28 14:51:29,508 INFO AVS_ZohoIntegration.Program - Shipping_State: 
2026-07-28 14:51:29,508 INFO AVS_ZohoIntegration.Program - Shipping_Code: 
2026-07-28 14:51:29,508 INFO AVS_ZohoIntegration.Program - Shipping_Country: 
2026-07-28 14:51:29,508 INFO AVS_ZohoIntegration.Program - * Procesando resultado: 18 *
2026-07-28 14:51:29,508 INFO AVS_ZohoIntegration.Program - Cliente_SAP: CMF0004
2026-07-28 14:51:29,508 INFO AVS_ZohoIntegration.Program - Account_Name: Empresa Ejemplo 1
2026-07-28 14:51:29,508 INFO AVS_ZohoIntegration.Program - Phone: 5551234567
2026-07-28 14:51:29,508 INFO AVS_ZohoIntegration.Program - Website: 
2026-07-28 14:51:29,508 INFO AVS_ZohoIntegration.Program - Billing_Street: Calle Secundaria 456
2026-07-28 14:51:29,508 INFO AVS_ZohoIntegration.Program - Billing_City: Monterrey
2026-07-28 14:51:29,515 INFO AVS_ZohoIntegration.Program - Billing_State: NL
2026-07-28 14:51:29,515 INFO AVS_ZohoIntegration.Program - Billing_Code: 67890
2026-07-28 14:51:29,515 INFO AVS_ZohoIntegration.Program - Billing_Country: MX
2026-07-28 14:51:29,515 INFO AVS_ZohoIntegration.Program - Shipping_Street: 
2026-07-28 14:51:29,515 INFO AVS_ZohoIntegration.Program - Shipping_City: 
2026-07-28 14:51:29,515 INFO AVS_ZohoIntegration.Program - Shipping_State: 
2026-07-28 14:51:29,515 INFO AVS_ZohoIntegration.Program - Shipping_Code: 
2026-07-28 14:51:29,515 INFO AVS_ZohoIntegration.Program - Shipping_Country: 
2026-07-28 14:51:29,515 INFO AVS_ZohoIntegration.Program - * Procesando resultado: 19 *
2026-07-28 14:51:29,515 INFO AVS_ZohoIntegration.Program - Cliente_SAP: CMF0005
2026-07-28 14:51:29,515 INFO AVS_ZohoIntegration.Program - Account_Name: Cliente Mostrador 2
2026-07-28 14:51:29,515 INFO AVS_ZohoIntegration.Program - Phone: 
2026-07-28 14:51:29,515 INFO AVS_ZohoIntegration.Program - Website: 
2026-07-28 14:51:29,515 INFO AVS_ZohoIntegration.Program - Billing_Street: 300 Billings Drive
2026-07-28 14:51:29,515 INFO AVS_ZohoIntegration.Program - Billing_City: 
2026-07-28 14:51:29,515 INFO AVS_ZohoIntegration.Program - Billing_State: NAY
2026-07-28 14:51:29,515 INFO AVS_ZohoIntegration.Program - Billing_Code: 19083
2026-07-28 14:51:29,515 INFO AVS_ZohoIntegration.Program - Billing_Country: MX
2026-07-28 14:51:29,515 INFO AVS_ZohoIntegration.Program - Shipping_Street: 
2026-07-28 14:51:29,515 INFO AVS_ZohoIntegration.Program - Shipping_City: 
2026-07-28 14:51:29,515 INFO AVS_ZohoIntegration.Program - Shipping_State: 
2026-07-28 14:51:29,515 INFO AVS_ZohoIntegration.Program - Shipping_Code: 
2026-07-28 14:51:29,515 INFO AVS_ZohoIntegration.Program - Shipping_Country: 
2026-07-28 14:51:29,515 INFO AVS_ZohoIntegration.Program - * Procesando resultado: 20 *
2026-07-28 14:51:29,515 INFO AVS_ZohoIntegration.Program - Cliente_SAP: CSL0002
2026-07-28 14:51:29,515 INFO AVS_ZohoIntegration.Program - Account_Name: Cliente curso SL
2026-07-28 14:51:29,515 INFO AVS_ZohoIntegration.Program - Phone: 
2026-07-28 14:51:29,515 INFO AVS_ZohoIntegration.Program - Website: 
2026-07-28 14:51:29,515 INFO AVS_ZohoIntegration.Program - Billing_Street: 
2026-07-28 14:51:29,515 INFO AVS_ZohoIntegration.Program - Billing_City: 
2026-07-28 14:51:29,515 INFO AVS_ZohoIntegration.Program - Billing_State: 
2026-07-28 14:51:29,515 INFO AVS_ZohoIntegration.Program - Billing_Code: 
2026-07-28 14:51:29,515 INFO AVS_ZohoIntegration.Program - Billing_Country: 
2026-07-28 14:51:29,515 INFO AVS_ZohoIntegration.Program - Shipping_Street: 
2026-07-28 14:51:29,515 INFO AVS_ZohoIntegration.Program - Shipping_City: 
2026-07-28 14:51:29,515 INFO AVS_ZohoIntegration.Program - Shipping_State: 
2026-07-28 14:51:29,515 INFO AVS_ZohoIntegration.Program - Shipping_Code: 
2026-07-28 14:51:29,515 INFO AVS_ZohoIntegration.Program - Shipping_Country: 
2026-07-28 14:51:29,515 INFO AVS_ZohoIntegration.Program - * Procesando resultado: 21 *
2026-07-28 14:51:29,515 INFO AVS_ZohoIntegration.Program - Cliente_SAP: PR000336
2026-07-28 14:51:29,515 INFO AVS_ZohoIntegration.Program - Account_Name: Cliente Beluga
2026-07-28 14:51:29,515 INFO AVS_ZohoIntegration.Program - Phone: 
2026-07-28 14:51:29,515 INFO AVS_ZohoIntegration.Program - Website: 
2026-07-28 14:51:29,515 INFO AVS_ZohoIntegration.Program - Billing_Street: 
2026-07-28 14:51:29,515 INFO AVS_ZohoIntegration.Program - Billing_City: 
2026-07-28 14:51:29,530 INFO AVS_ZohoIntegration.Program - Billing_State: 
2026-07-28 14:51:29,530 INFO AVS_ZohoIntegration.Program - Billing_Code: 
2026-07-28 14:51:29,530 INFO AVS_ZohoIntegration.Program - Billing_Country: 
2026-07-28 14:51:29,530 INFO AVS_ZohoIntegration.Program - Shipping_Street: 
2026-07-28 14:51:29,530 INFO AVS_ZohoIntegration.Program - Shipping_City: 
2026-07-28 14:51:29,530 INFO AVS_ZohoIntegration.Program - Shipping_State: 
2026-07-28 14:51:29,533 INFO AVS_ZohoIntegration.Program - Shipping_Code: 
2026-07-28 14:51:29,534 INFO AVS_ZohoIntegration.Program - Shipping_Country: 
2026-07-28 14:51:29,535 INFO AVS_ZohoIntegration.Program - * Procesando resultado: 22 *
2026-07-28 14:51:29,535 INFO AVS_ZohoIntegration.Program - Cliente_SAP: PRAVS01
2026-07-28 14:51:29,535 INFO AVS_ZohoIntegration.Program - Account_Name: Prueba curso SL
2026-07-28 14:51:29,536 INFO AVS_ZohoIntegration.Program - Phone: 
2026-07-28 14:51:29,536 INFO AVS_ZohoIntegration.Program - Website: 
2026-07-28 14:51:29,536 INFO AVS_ZohoIntegration.Program - Billing_Street: 
2026-07-28 14:51:29,536 INFO AVS_ZohoIntegration.Program - Billing_City: 
2026-07-28 14:51:29,537 INFO AVS_ZohoIntegration.Program - Billing_State: 
2026-07-28 14:51:29,537 INFO AVS_ZohoIntegration.Program - Billing_Code: 
2026-07-28 14:51:29,538 INFO AVS_ZohoIntegration.Program - Billing_Country: 
2026-07-28 14:51:29,538 INFO AVS_ZohoIntegration.Program - Shipping_Street: 
2026-07-28 14:51:29,538 INFO AVS_ZohoIntegration.Program - Shipping_City: 
2026-07-28 14:51:29,539 INFO AVS_ZohoIntegration.Program - Shipping_State: 
2026-07-28 14:51:29,539 INFO AVS_ZohoIntegration.Program - Shipping_Code: 
2026-07-28 14:51:29,540 INFO AVS_ZohoIntegration.Program - Shipping_Country: 
2026-07-28 14:51:29,540 INFO AVS_ZohoIntegration.Program - * Consultando sub-entidad [Owner] para OCRD...
2026-07-28 14:51:32,716 INFO AVS_ZohoIntegration.Program - Se han obtenido 22 resultados pendientes de procesar.
2026-07-28 14:51:32,722 INFO AVS_ZohoIntegration.Program - * Procesando resultado: 1 *
2026-07-28 14:51:32,722 INFO AVS_ZohoIntegration.Program - id: -1
2026-07-28 14:51:32,722 INFO AVS_ZohoIntegration.Program - * Procesando resultado: 2 *
2026-07-28 14:51:32,722 INFO AVS_ZohoIntegration.Program - id: -1
2026-07-28 14:51:32,722 INFO AVS_ZohoIntegration.Program - * Procesando resultado: 3 *
2026-07-28 14:51:32,722 INFO AVS_ZohoIntegration.Program - id: -1
2026-07-28 14:51:32,722 INFO AVS_ZohoIntegration.Program - * Procesando resultado: 4 *
2026-07-28 14:51:32,722 INFO AVS_ZohoIntegration.Program - id: 1
2026-07-28 14:51:32,722 INFO AVS_ZohoIntegration.Program - * Procesando resultado: 5 *
2026-07-28 14:51:32,722 INFO AVS_ZohoIntegration.Program - id: 4
2026-07-28 14:51:32,722 INFO AVS_ZohoIntegration.Program - * Procesando resultado: 6 *
2026-07-28 14:51:32,722 INFO AVS_ZohoIntegration.Program - id: 1
2026-07-28 14:51:32,722 INFO AVS_ZohoIntegration.Program - * Procesando resultado: 7 *
2026-07-28 14:51:32,722 INFO AVS_ZohoIntegration.Program - id: 1
2026-07-28 14:51:32,722 INFO AVS_ZohoIntegration.Program - * Procesando resultado: 8 *
2026-07-28 14:51:32,722 INFO AVS_ZohoIntegration.Program - id: 2
2026-07-28 14:51:32,722 INFO AVS_ZohoIntegration.Program - * Procesando resultado: 9 *
2026-07-28 14:51:32,732 INFO AVS_ZohoIntegration.Program - id: 3
2026-07-28 14:51:32,733 INFO AVS_ZohoIntegration.Program - * Procesando resultado: 10 *
2026-07-28 14:51:32,733 INFO AVS_ZohoIntegration.Program - id: 5
2026-07-28 14:51:32,734 INFO AVS_ZohoIntegration.Program - * Procesando resultado: 11 *
2026-07-28 14:51:32,734 INFO AVS_ZohoIntegration.Program - id: 2
2026-07-28 14:51:32,735 INFO AVS_ZohoIntegration.Program - * Procesando resultado: 12 *
2026-07-28 14:51:32,735 INFO AVS_ZohoIntegration.Program - id: 5
2026-07-28 14:51:32,735 INFO AVS_ZohoIntegration.Program - * Procesando resultado: 13 *
2026-07-28 14:51:32,736 INFO AVS_ZohoIntegration.Program - id: 4
2026-07-28 14:51:32,736 INFO AVS_ZohoIntegration.Program - * Procesando resultado: 14 *
2026-07-28 14:51:32,737 INFO AVS_ZohoIntegration.Program - id: 1
2026-07-28 14:51:32,737 INFO AVS_ZohoIntegration.Program - * Procesando resultado: 15 *
2026-07-28 14:51:32,738 INFO AVS_ZohoIntegration.Program - id: -1
2026-07-28 14:51:32,738 INFO AVS_ZohoIntegration.Program - * Procesando resultado: 16 *
2026-07-28 14:51:32,739 INFO AVS_ZohoIntegration.Program - id: -1
2026-07-28 14:51:32,739 INFO AVS_ZohoIntegration.Program - * Procesando resultado: 17 *
2026-07-28 14:51:32,739 INFO AVS_ZohoIntegration.Program - id: -1
2026-07-28 14:51:32,740 INFO AVS_ZohoIntegration.Program - * Procesando resultado: 18 *
2026-07-28 14:51:32,740 INFO AVS_ZohoIntegration.Program - id: -1
2026-07-28 14:51:32,740 INFO AVS_ZohoIntegration.Program - * Procesando resultado: 19 *
2026-07-28 14:51:32,741 INFO AVS_ZohoIntegration.Program - id: -1
2026-07-28 14:51:32,741 INFO AVS_ZohoIntegration.Program - * Procesando resultado: 20 *
2026-07-28 14:51:32,742 INFO AVS_ZohoIntegration.Program - id: -1
2026-07-28 14:51:32,742 INFO AVS_ZohoIntegration.Program - * Procesando resultado: 21 *
2026-07-28 14:51:32,742 INFO AVS_ZohoIntegration.Program - id: -1
2026-07-28 14:51:32,743 INFO AVS_ZohoIntegration.Program - * Procesando resultado: 22 *
2026-07-28 14:51:32,743 INFO AVS_ZohoIntegration.Program - id: -1
2026-07-28 14:51:51,496 INFO AVS_ZohoIntegration.Program - AVS SFTPSync Version [1.0.0.0]
2026-07-28 14:51:51,507 INFO AVS_ZohoIntegration.Program - Leyendo archivo de configuracion.
2026-07-28 14:51:51,571 INFO AVS_ZohoIntegration.Program - Archivo de configuracion leido correctamente.
2026-07-28 14:51:51,572 DEBUG AVS_ZohoIntegration.Program - **************************************************************************
2026-07-28 14:51:51,573 DEBUG AVS_ZohoIntegration.Program - Ejecutando sincronizacion para: SBODemoMX
2026-07-28 14:51:55,091 DEBUG AVS_ZohoIntegration.Program - Validando licencia...
2026-07-28 14:51:55,092 INFO AVS_ZohoIntegration.Program - Licencia valida.
2026-07-28 14:51:55,092 INFO AVS_ZohoIntegration.Program - Comando recibido: SENDBUSINESSPARTNERS
2026-07-28 14:51:55,094 INFO AVS_ZohoIntegration.Program - Iniciando proceso de envío de socios de negocio...
2026-07-28 14:51:55,097 INFO AVS_ZohoIntegration.Program - *** Obteniendo información de cabecera: Socios de Negocio (OCRD) ***
2026-07-28 14:51:55,356 INFO AVS_ZohoIntegration.Program - Se han obtenido 22 resultados pendientes de procesar.
2026-07-28 14:51:55,356 INFO AVS_ZohoIntegration.Program - * Procesando resultado: 1 *
2026-07-28 14:51:55,356 INFO AVS_ZohoIntegration.Program - Cliente_SAP: C1111
2026-07-28 14:51:55,356 INFO AVS_ZohoIntegration.Program - Account_Name: Cliente Mostrador
2026-07-28 14:51:55,358 INFO AVS_ZohoIntegration.Program - Phone: 
2026-07-28 14:51:55,358 INFO AVS_ZohoIntegration.Program - Website: 
2026-07-28 14:51:55,358 INFO AVS_ZohoIntegration.Program - Billing_Street: 
2026-07-28 14:51:55,358 INFO AVS_ZohoIntegration.Program - Billing_City: 
2026-07-28 14:51:55,359 INFO AVS_ZohoIntegration.Program - Billing_State: 
2026-07-28 14:51:55,359 INFO AVS_ZohoIntegration.Program - Billing_Code: 
2026-07-28 14:51:55,359 INFO AVS_ZohoIntegration.Program - Billing_Country: MX
2026-07-28 14:51:55,359 INFO AVS_ZohoIntegration.Program - Shipping_Street: 
2026-07-28 14:51:55,359 INFO AVS_ZohoIntegration.Program - Shipping_City: 
2026-07-28 14:51:55,359 INFO AVS_ZohoIntegration.Program - Shipping_State: 
2026-07-28 14:51:55,360 INFO AVS_ZohoIntegration.Program - Shipping_Code: 
2026-07-28 14:51:55,360 INFO AVS_ZohoIntegration.Program - Shipping_Country: MX
2026-07-28 14:51:55,360 INFO AVS_ZohoIntegration.Program - * Procesando resultado: 2 *
2026-07-28 14:51:55,361 INFO AVS_ZohoIntegration.Program - Cliente_SAP: C12345
2026-07-28 14:51:55,361 INFO AVS_ZohoIntegration.Program - Account_Name: Comercializadora XYZ S.A. de C.V.
2026-07-28 14:51:55,361 INFO AVS_ZohoIntegration.Program - Phone: 
2026-07-28 14:51:55,361 INFO AVS_ZohoIntegration.Program - Website: 
2026-07-28 14:51:55,361 INFO AVS_ZohoIntegration.Program - Billing_Street: Av. Insurgentes Sur
2026-07-28 14:51:55,363 INFO AVS_ZohoIntegration.Program - Billing_City: Ciudad de México
2026-07-28 14:51:55,363 INFO AVS_ZohoIntegration.Program - Billing_State: DF
2026-07-28 14:51:55,363 INFO AVS_ZohoIntegration.Program - Billing_Code: 03100
2026-07-28 14:51:55,363 INFO AVS_ZohoIntegration.Program - Billing_Country: MX
2026-07-28 14:51:55,363 INFO AVS_ZohoIntegration.Program - Shipping_Street: Carretera México-Toluca
2026-07-28 14:51:55,364 INFO AVS_ZohoIntegration.Program - Shipping_City: Toluca
2026-07-28 14:51:55,364 INFO AVS_ZohoIntegration.Program - Shipping_State: MEX
2026-07-28 14:51:55,364 INFO AVS_ZohoIntegration.Program - Shipping_Code: 50000
2026-07-28 14:51:55,364 INFO AVS_ZohoIntegration.Program - Shipping_Country: MX
2026-07-28 14:51:55,365 INFO AVS_ZohoIntegration.Program - * Procesando resultado: 3 *
2026-07-28 14:51:55,365 INFO AVS_ZohoIntegration.Program - Cliente_SAP: C123456
2026-07-28 14:51:55,365 INFO AVS_ZohoIntegration.Program - Account_Name: Comercializadora XYZ S.A. de C.V.
2026-07-28 14:51:55,365 INFO AVS_ZohoIntegration.Program - Phone: 
2026-07-28 14:51:55,365 INFO AVS_ZohoIntegration.Program - Website: 
2026-07-28 14:51:55,366 INFO AVS_ZohoIntegration.Program - Billing_Street: Av. Insurgentes Sur
2026-07-28 14:51:55,366 INFO AVS_ZohoIntegration.Program - Billing_City: Ciudad de México
2026-07-28 14:51:55,367 INFO AVS_ZohoIntegration.Program - Billing_State: DF
2026-07-28 14:51:55,367 INFO AVS_ZohoIntegration.Program - Billing_Code: 03100
2026-07-28 14:51:55,367 INFO AVS_ZohoIntegration.Program - Billing_Country: MX
2026-07-28 14:51:55,367 INFO AVS_ZohoIntegration.Program - Shipping_Street: Carretera México-Toluca
2026-07-28 14:51:55,367 INFO AVS_ZohoIntegration.Program - Shipping_City: Toluca
2026-07-28 14:51:55,367 INFO AVS_ZohoIntegration.Program - Shipping_State: MEX
2026-07-28 14:51:55,367 INFO AVS_ZohoIntegration.Program - Shipping_Code: 50000
2026-07-28 14:51:55,367 INFO AVS_ZohoIntegration.Program - Shipping_Country: MX
2026-07-28 14:51:55,367 INFO AVS_ZohoIntegration.Program - * Procesando resultado: 4 *
2026-07-28 14:51:55,367 INFO AVS_ZohoIntegration.Program - Cliente_SAP: C20000
2026-07-28 14:51:55,367 INFO AVS_ZohoIntegration.Program - Account_Name: Maxi-Teq
2026-07-28 14:51:55,367 INFO AVS_ZohoIntegration.Program - Phone: +52 (55) 5565-9032
2026-07-28 14:51:55,367 INFO AVS_ZohoIntegration.Program - Website: www.maxi-teq.sap.com
2026-07-28 14:51:55,367 INFO AVS_ZohoIntegration.Program - Billing_Street: 300 Billings Drive
2026-07-28 14:51:55,367 INFO AVS_ZohoIntegration.Program - Billing_City: 
2026-07-28 14:51:55,367 INFO AVS_ZohoIntegration.Program - Billing_State: DF
2026-07-28 14:51:55,367 INFO AVS_ZohoIntegration.Program - Billing_Code: 19083
2026-07-28 14:51:55,367 INFO AVS_ZohoIntegration.Program - Billing_Country: MX
2026-07-28 14:51:55,367 INFO AVS_ZohoIntegration.Program - Shipping_Street: 300 Billings Drive
2026-07-28 14:51:55,367 INFO AVS_ZohoIntegration.Program - Shipping_City: Mexico D.F.
2026-07-28 14:51:55,367 INFO AVS_ZohoIntegration.Program - Shipping_State: DF
2026-07-28 14:51:55,367 INFO AVS_ZohoIntegration.Program - Shipping_Code: 19083
2026-07-28 14:51:55,367 INFO AVS_ZohoIntegration.Program - Shipping_Country: MX
2026-07-28 14:51:55,367 INFO AVS_ZohoIntegration.Program - * Procesando resultado: 5 *
2026-07-28 14:51:55,367 INFO AVS_ZohoIntegration.Program - Cliente_SAP: C23900
2026-07-28 14:51:55,367 INFO AVS_ZohoIntegration.Program - Account_Name: Parameter Technology
2026-07-28 14:51:55,367 INFO AVS_ZohoIntegration.Program - Phone: +52 (55)  5654-7633
2026-07-28 14:51:55,367 INFO AVS_ZohoIntegration.Program - Website: www.parameter.sap.com
2026-07-28 14:51:55,367 INFO AVS_ZohoIntegration.Program - Billing_Street: 908 Darby Road
2026-07-28 14:51:55,367 INFO AVS_ZohoIntegration.Program - Billing_City: Mexico D.F.
2026-07-28 14:51:55,367 INFO AVS_ZohoIntegration.Program - Billing_State: DF
2026-07-28 14:51:55,367 INFO AVS_ZohoIntegration.Program - Billing_Code: 19083
2026-07-28 14:51:55,367 INFO AVS_ZohoIntegration.Program - Billing_Country: MX
2026-07-28 14:51:55,367 INFO AVS_ZohoIntegration.Program - Shipping_Street: 908 Darby Road
2026-07-28 14:51:55,367 INFO AVS_ZohoIntegration.Program - Shipping_City: Mexico D.F.
2026-07-28 14:51:55,367 INFO AVS_ZohoIntegration.Program - Shipping_State: DF
2026-07-28 14:51:55,367 INFO AVS_ZohoIntegration.Program - Shipping_Code: 19083
2026-07-28 14:51:55,367 INFO AVS_ZohoIntegration.Program - Shipping_Country: MX
2026-07-28 14:51:55,367 INFO AVS_ZohoIntegration.Program - * Procesando resultado: 6 *
2026-07-28 14:51:55,367 INFO AVS_ZohoIntegration.Program - Cliente_SAP: C25000
2026-07-28 14:51:55,367 INFO AVS_ZohoIntegration.Program - Account_Name: Star Company
2026-07-28 14:51:55,367 INFO AVS_ZohoIntegration.Program - Phone: 00421 2 582 56 33
2026-07-28 14:51:55,367 INFO AVS_ZohoIntegration.Program - Website: www.starcompa.eu
2026-07-28 14:51:55,367 INFO AVS_ZohoIntegration.Program - Billing_Street: Plynarenska
2026-07-28 14:51:55,367 INFO AVS_ZohoIntegration.Program - Billing_City: Bratislava
2026-07-28 14:51:55,367 INFO AVS_ZohoIntegration.Program - Billing_State: 
2026-07-28 14:51:55,367 INFO AVS_ZohoIntegration.Program - Billing_Code: 821 09
2026-07-28 14:51:55,367 INFO AVS_ZohoIntegration.Program - Billing_Country: SK
2026-07-28 14:51:55,367 INFO AVS_ZohoIntegration.Program - Shipping_Street: Plynarenska
2026-07-28 14:51:55,367 INFO AVS_ZohoIntegration.Program - Shipping_City: Bratislava
2026-07-28 14:51:55,367 INFO AVS_ZohoIntegration.Program - Shipping_State: 
2026-07-28 14:51:55,367 INFO AVS_ZohoIntegration.Program - Shipping_Code: 821 09
2026-07-28 14:51:55,367 INFO AVS_ZohoIntegration.Program - Shipping_Country: SK
2026-07-28 14:51:55,367 INFO AVS_ZohoIntegration.Program - * Procesando resultado: 7 *
2026-07-28 14:51:55,367 INFO AVS_ZohoIntegration.Program - Cliente_SAP: C26000
2026-07-28 14:51:55,367 INFO AVS_ZohoIntegration.Program - Account_Name: River Inc
2026-07-28 14:51:55,367 INFO AVS_ZohoIntegration.Program - Phone: 0044 161 869 9000
2026-07-28 14:51:55,384 INFO AVS_ZohoIntegration.Program - Website: www.riveri.co.uk
2026-07-28 14:51:55,384 INFO AVS_ZohoIntegration.Program - Billing_Street: United Rd
2026-07-28 14:51:55,385 INFO AVS_ZohoIntegration.Program - Billing_City: Manchester
2026-07-28 14:51:55,385 INFO AVS_ZohoIntegration.Program - Billing_State: 
2026-07-28 14:51:55,385 INFO AVS_ZohoIntegration.Program - Billing_Code: M16 0RA
2026-07-28 14:51:55,385 INFO AVS_ZohoIntegration.Program - Billing_Country: GB
2026-07-28 14:51:55,386 INFO AVS_ZohoIntegration.Program - Shipping_Street: United Rd
2026-07-28 14:51:55,386 INFO AVS_ZohoIntegration.Program - Shipping_City: Manchester
2026-07-28 14:51:55,387 INFO AVS_ZohoIntegration.Program - Shipping_State: 
2026-07-28 14:51:55,387 INFO AVS_ZohoIntegration.Program - Shipping_Code: M16 0RA
2026-07-28 14:51:55,387 INFO AVS_ZohoIntegration.Program - Shipping_Country: GB
2026-07-28 14:51:55,387 INFO AVS_ZohoIntegration.Program - * Procesando resultado: 8 *
2026-07-28 14:51:55,388 INFO AVS_ZohoIntegration.Program - Cliente_SAP: C30000
2026-07-28 14:51:55,388 INFO AVS_ZohoIntegration.Program - Account_Name: Microchips
2026-07-28 14:51:55,388 INFO AVS_ZohoIntegration.Program - Phone: +52 (55) 5345-9000
2026-07-28 14:51:55,388 INFO AVS_ZohoIntegration.Program - Website: www.microchips.sap.com
2026-07-28 14:51:55,389 INFO AVS_ZohoIntegration.Program - Billing_Street: 45th Street
2026-07-28 14:51:55,389 INFO AVS_ZohoIntegration.Program - Billing_City: Mexico D.F.
2026-07-28 14:51:55,389 INFO AVS_ZohoIntegration.Program - Billing_State: DF
2026-07-28 14:51:55,389 INFO AVS_ZohoIntegration.Program - Billing_Code: 10010
2026-07-28 14:51:55,389 INFO AVS_ZohoIntegration.Program - Billing_Country: MX
2026-07-28 14:51:55,390 INFO AVS_ZohoIntegration.Program - Shipping_Street: 5th Ave
2026-07-28 14:51:55,390 INFO AVS_ZohoIntegration.Program - Shipping_City: Mexico D.F.
2026-07-28 14:51:55,390 INFO AVS_ZohoIntegration.Program - Shipping_State: DF
2026-07-28 14:51:55,390 INFO AVS_ZohoIntegration.Program - Shipping_Code: 10005
2026-07-28 14:51:55,391 INFO AVS_ZohoIntegration.Program - Shipping_Country: MX
2026-07-28 14:51:55,391 INFO AVS_ZohoIntegration.Program - * Procesando resultado: 9 *
2026-07-28 14:51:55,391 INFO AVS_ZohoIntegration.Program - Cliente_SAP: C40000
2026-07-28 14:51:55,391 INFO AVS_ZohoIntegration.Program - Account_Name: Earthshaker Corporation
2026-07-28 14:51:55,391 INFO AVS_ZohoIntegration.Program - Phone: +52 (55) 5632-3399
2026-07-28 14:51:55,391 INFO AVS_ZohoIntegration.Program - Website: www.earthshaker.sap.com.mx
2026-07-28 14:51:55,393 INFO AVS_ZohoIntegration.Program - Billing_Street: 208 Hollywood Ave
2026-07-28 14:51:55,393 INFO AVS_ZohoIntegration.Program - Billing_City: Mexico D.F.
2026-07-28 14:51:55,393 INFO AVS_ZohoIntegration.Program - Billing_State: DF
2026-07-28 14:51:55,394 INFO AVS_ZohoIntegration.Program - Billing_Code: 95030
2026-07-28 14:51:55,394 INFO AVS_ZohoIntegration.Program - Billing_Country: MX
2026-07-28 14:51:55,394 INFO AVS_ZohoIntegration.Program - Shipping_Street: 208 Hollywood Ave
2026-07-28 14:51:55,395 INFO AVS_ZohoIntegration.Program - Shipping_City: Mexico D.F.
2026-07-28 14:51:55,395 INFO AVS_ZohoIntegration.Program - Shipping_State: DF
2026-07-28 14:51:55,395 INFO AVS_ZohoIntegration.Program - Shipping_Code: 95030
2026-07-28 14:51:55,395 INFO AVS_ZohoIntegration.Program - Shipping_Country: MX
2026-07-28 14:51:55,396 INFO AVS_ZohoIntegration.Program - * Procesando resultado: 10 *
2026-07-28 14:51:55,396 INFO AVS_ZohoIntegration.Program - Cliente_SAP: C42000
2026-07-28 14:51:55,396 INFO AVS_ZohoIntegration.Program - Account_Name: Mashina Corporation
2026-07-28 14:51:55,396 INFO AVS_ZohoIntegration.Program - Phone: +52 (55) 5115-7733
2026-07-28 14:51:55,396 INFO AVS_ZohoIntegration.Program - Website: www.mashina.sap.com.mx
2026-07-28 14:51:55,397 INFO AVS_ZohoIntegration.Program - Billing_Street: 400 Range Road
2026-07-28 14:51:55,397 INFO AVS_ZohoIntegration.Program - Billing_City: Mexico D.F.
2026-07-28 14:51:55,397 INFO AVS_ZohoIntegration.Program - Billing_State: DF
2026-07-28 14:51:55,397 INFO AVS_ZohoIntegration.Program - Billing_Code: 44113
2026-07-28 14:51:55,397 INFO AVS_ZohoIntegration.Program - Billing_Country: MX
2026-07-28 14:51:55,398 INFO AVS_ZohoIntegration.Program - Shipping_Street: 400 Range Road
2026-07-28 14:51:55,398 INFO AVS_ZohoIntegration.Program - Shipping_City: Mexico D.F.
2026-07-28 14:51:55,400 INFO AVS_ZohoIntegration.Program - Shipping_State: DF
2026-07-28 14:51:55,400 INFO AVS_ZohoIntegration.Program - Shipping_Code: 44113
2026-07-28 14:51:55,400 INFO AVS_ZohoIntegration.Program - Shipping_Country: MX
2026-07-28 14:51:55,400 INFO AVS_ZohoIntegration.Program - * Procesando resultado: 11 *
2026-07-28 14:51:55,400 INFO AVS_ZohoIntegration.Program - Cliente_SAP: C50000
2026-07-28 14:51:55,400 INFO AVS_ZohoIntegration.Program - Account_Name: ADA Technologies
2026-07-28 14:51:55,400 INFO AVS_ZohoIntegration.Program - Phone: +52 (55) 5456-9000
2026-07-28 14:51:55,400 INFO AVS_ZohoIntegration.Program - Website: www.ada-tech.sap.com.mx
2026-07-28 14:51:55,400 INFO AVS_ZohoIntegration.Program - Billing_Street: 34 Highway 6
2026-07-28 14:51:55,400 INFO AVS_ZohoIntegration.Program - Billing_City: Mexico D.F.
2026-07-28 14:51:55,400 INFO AVS_ZohoIntegration.Program - Billing_State: DF
2026-07-28 14:51:55,400 INFO AVS_ZohoIntegration.Program - Billing_Code: 3102
2026-07-28 14:51:55,400 INFO AVS_ZohoIntegration.Program - Billing_Country: MX
2026-07-28 14:51:55,400 INFO AVS_ZohoIntegration.Program - Shipping_Street: 34 Highway 6
2026-07-28 14:51:55,400 INFO AVS_ZohoIntegration.Program - Shipping_City: Mexico D.F.
2026-07-28 14:51:55,400 INFO AVS_ZohoIntegration.Program - Shipping_State: DF
2026-07-28 14:51:55,400 INFO AVS_ZohoIntegration.Program - Shipping_Code: 3102
2026-07-28 14:51:55,400 INFO AVS_ZohoIntegration.Program - Shipping_Country: MX
2026-07-28 14:51:55,400 INFO AVS_ZohoIntegration.Program - * Procesando resultado: 12 *
2026-07-28 14:51:55,400 INFO AVS_ZohoIntegration.Program - Cliente_SAP: C60000
2026-07-28 14:51:55,400 INFO AVS_ZohoIntegration.Program - Account_Name: SG Electronics
2026-07-28 14:51:55,400 INFO AVS_ZohoIntegration.Program - Phone: +52 (55) 5980-7723
2026-07-28 14:51:55,400 INFO AVS_ZohoIntegration.Program - Website: www.sg.sap.com.com.mx
2026-07-28 14:51:55,400 INFO AVS_ZohoIntegration.Program - Billing_Street: 67 Grant Ave
2026-07-28 14:51:55,400 INFO AVS_ZohoIntegration.Program - Billing_City: Toronto
2026-07-28 14:51:55,400 INFO AVS_ZohoIntegration.Program - Billing_State: 
2026-07-28 14:51:55,400 INFO AVS_ZohoIntegration.Program - Billing_Code: M4B 1B3
2026-07-28 14:51:55,400 INFO AVS_ZohoIntegration.Program - Billing_Country: CA
2026-07-28 14:51:55,400 INFO AVS_ZohoIntegration.Program - Shipping_Street: 67 Grant Ave
2026-07-28 14:51:55,400 INFO AVS_ZohoIntegration.Program - Shipping_City: DF
2026-07-28 14:51:55,400 INFO AVS_ZohoIntegration.Program - Shipping_State: DF
2026-07-28 14:51:55,400 INFO AVS_ZohoIntegration.Program - Shipping_Code: M4B 1B3
2026-07-28 14:51:55,400 INFO AVS_ZohoIntegration.Program - Shipping_Country: MX
2026-07-28 14:51:55,400 INFO AVS_ZohoIntegration.Program - * Procesando resultado: 13 *
2026-07-28 14:51:55,400 INFO AVS_ZohoIntegration.Program - Cliente_SAP: C70000
2026-07-28 14:51:55,400 INFO AVS_ZohoIntegration.Program - Account_Name: Aquent Systems
2026-07-28 14:51:55,400 INFO AVS_ZohoIntegration.Program - Phone: +52 (81) 5711-6124
2026-07-28 14:51:55,400 INFO AVS_ZohoIntegration.Program - Website: www.aquent-sys.sap.com.mx
2026-07-28 14:51:55,400 INFO AVS_ZohoIntegration.Program - Billing_Street: 123 Kathryn Ave
2026-07-28 14:51:55,400 INFO AVS_ZohoIntegration.Program - Billing_City: Montreal
2026-07-28 14:51:55,400 INFO AVS_ZohoIntegration.Program - Billing_State: 
2026-07-28 14:51:55,400 INFO AVS_ZohoIntegration.Program - Billing_Code: H7B 2A5
2026-07-28 14:51:55,400 INFO AVS_ZohoIntegration.Program - Billing_Country: CA
2026-07-28 14:51:55,400 INFO AVS_ZohoIntegration.Program - Shipping_Street: 123 Kathryn Ave
2026-07-28 14:51:55,400 INFO AVS_ZohoIntegration.Program - Shipping_City: Montreal
2026-07-28 14:51:55,400 INFO AVS_ZohoIntegration.Program - Shipping_State: 
2026-07-28 14:51:55,400 INFO AVS_ZohoIntegration.Program - Shipping_Code: H7B 2A5
2026-07-28 14:51:55,400 INFO AVS_ZohoIntegration.Program - Shipping_Country: CA
2026-07-28 14:51:55,400 INFO AVS_ZohoIntegration.Program - * Procesando resultado: 14 *
2026-07-28 14:51:55,400 INFO AVS_ZohoIntegration.Program - Cliente_SAP: C99998
2026-07-28 14:51:55,400 INFO AVS_ZohoIntegration.Program - Account_Name: Cliente Web
2026-07-28 14:51:55,400 INFO AVS_ZohoIntegration.Program - Phone: 
2026-07-28 14:51:55,415 INFO AVS_ZohoIntegration.Program - Website: 
2026-07-28 14:51:55,415 INFO AVS_ZohoIntegration.Program - Billing_Street: 
2026-07-28 14:51:55,416 INFO AVS_ZohoIntegration.Program - Billing_City: 
2026-07-28 14:51:55,416 INFO AVS_ZohoIntegration.Program - Billing_State: 
2026-07-28 14:51:55,417 INFO AVS_ZohoIntegration.Program - Billing_Code: 
2026-07-28 14:51:55,417 INFO AVS_ZohoIntegration.Program - Billing_Country: 
2026-07-28 14:51:55,418 INFO AVS_ZohoIntegration.Program - Shipping_Street: 
2026-07-28 14:51:55,418 INFO AVS_ZohoIntegration.Program - Shipping_City: 
2026-07-28 14:51:55,418 INFO AVS_ZohoIntegration.Program - Shipping_State: 
2026-07-28 14:51:55,419 INFO AVS_ZohoIntegration.Program - Shipping_Code: 
2026-07-28 14:51:55,419 INFO AVS_ZohoIntegration.Program - Shipping_Country: MX
2026-07-28 14:51:55,419 INFO AVS_ZohoIntegration.Program - * Procesando resultado: 15 *
2026-07-28 14:51:55,419 INFO AVS_ZohoIntegration.Program - Cliente_SAP: CMF0001
2026-07-28 14:51:55,419 INFO AVS_ZohoIntegration.Program - Account_Name: Cliente curso SL
2026-07-28 14:51:55,421 INFO AVS_ZohoIntegration.Program - Phone: 
2026-07-28 14:51:55,421 INFO AVS_ZohoIntegration.Program - Website: 
2026-07-28 14:51:55,421 INFO AVS_ZohoIntegration.Program - Billing_Street: 
2026-07-28 14:51:55,422 INFO AVS_ZohoIntegration.Program - Billing_City: 
2026-07-28 14:51:55,422 INFO AVS_ZohoIntegration.Program - Billing_State: 
2026-07-28 14:51:55,422 INFO AVS_ZohoIntegration.Program - Billing_Code: 
2026-07-28 14:51:55,422 INFO AVS_ZohoIntegration.Program - Billing_Country: 
2026-07-28 14:51:55,422 INFO AVS_ZohoIntegration.Program - Shipping_Street: 
2026-07-28 14:51:55,422 INFO AVS_ZohoIntegration.Program - Shipping_City: 
2026-07-28 14:51:55,423 INFO AVS_ZohoIntegration.Program - Shipping_State: 
2026-07-28 14:51:55,423 INFO AVS_ZohoIntegration.Program - Shipping_Code: 
2026-07-28 14:51:55,423 INFO AVS_ZohoIntegration.Program - Shipping_Country: 
2026-07-28 14:51:55,423 INFO AVS_ZohoIntegration.Program - * Procesando resultado: 16 *
2026-07-28 14:51:55,424 INFO AVS_ZohoIntegration.Program - Cliente_SAP: CMF0002
2026-07-28 14:51:55,424 INFO AVS_ZohoIntegration.Program - Account_Name: Cliente 01
2026-07-28 14:51:55,424 INFO AVS_ZohoIntegration.Program - Phone: 
2026-07-28 14:51:55,425 INFO AVS_ZohoIntegration.Program - Website: 
2026-07-28 14:51:55,425 INFO AVS_ZohoIntegration.Program - Billing_Street: Paseo de lo sauces
2026-07-28 14:51:55,425 INFO AVS_ZohoIntegration.Program - Billing_City: México
2026-07-28 14:51:55,425 INFO AVS_ZohoIntegration.Program - Billing_State: MEX
2026-07-28 14:51:55,426 INFO AVS_ZohoIntegration.Program - Billing_Code: 54130
2026-07-28 14:51:55,426 INFO AVS_ZohoIntegration.Program - Billing_Country: MX
2026-07-28 14:51:55,426 INFO AVS_ZohoIntegration.Program - Shipping_Street: 
2026-07-28 14:51:55,426 INFO AVS_ZohoIntegration.Program - Shipping_City: 
2026-07-28 14:51:55,427 INFO AVS_ZohoIntegration.Program - Shipping_State: 
2026-07-28 14:51:55,427 INFO AVS_ZohoIntegration.Program - Shipping_Code: 
2026-07-28 14:51:55,427 INFO AVS_ZohoIntegration.Program - Shipping_Country: 
2026-07-28 14:51:55,427 INFO AVS_ZohoIntegration.Program - * Procesando resultado: 17 *
2026-07-28 14:51:55,428 INFO AVS_ZohoIntegration.Program - Cliente_SAP: CMF0003
2026-07-28 14:51:55,428 INFO AVS_ZohoIntegration.Program - Account_Name: Cliente Mostrador prueba
2026-07-28 14:51:55,428 INFO AVS_ZohoIntegration.Program - Phone: 
2026-07-28 14:51:55,429 INFO AVS_ZohoIntegration.Program - Website: 
2026-07-28 14:51:55,429 INFO AVS_ZohoIntegration.Program - Billing_Street: 300 Billings Drive
2026-07-28 14:51:55,429 INFO AVS_ZohoIntegration.Program - Billing_City: 
2026-07-28 14:51:55,429 INFO AVS_ZohoIntegration.Program - Billing_State: DF
2026-07-28 14:51:55,430 INFO AVS_ZohoIntegration.Program - Billing_Code: 19083
2026-07-28 14:51:55,430 INFO AVS_ZohoIntegration.Program - Billing_Country: MX
2026-07-28 14:51:55,430 INFO AVS_ZohoIntegration.Program - Shipping_Street: 
2026-07-28 14:51:55,432 INFO AVS_ZohoIntegration.Program - Shipping_City: 
2026-07-28 14:51:55,432 INFO AVS_ZohoIntegration.Program - Shipping_State: 
2026-07-28 14:51:55,433 INFO AVS_ZohoIntegration.Program - Shipping_Code: 
2026-07-28 14:51:55,433 INFO AVS_ZohoIntegration.Program - Shipping_Country: 
2026-07-28 14:51:55,434 INFO AVS_ZohoIntegration.Program - * Procesando resultado: 18 *
2026-07-28 14:51:55,434 INFO AVS_ZohoIntegration.Program - Cliente_SAP: CMF0004
2026-07-28 14:51:55,434 INFO AVS_ZohoIntegration.Program - Account_Name: Empresa Ejemplo 1
2026-07-28 14:51:55,435 INFO AVS_ZohoIntegration.Program - Phone: 5551234567
2026-07-28 14:51:55,435 INFO AVS_ZohoIntegration.Program - Website: 
2026-07-28 14:51:55,436 INFO AVS_ZohoIntegration.Program - Billing_Street: Calle Secundaria 456
2026-07-28 14:51:55,436 INFO AVS_ZohoIntegration.Program - Billing_City: Monterrey
2026-07-28 14:51:55,437 INFO AVS_ZohoIntegration.Program - Billing_State: NL
2026-07-28 14:51:55,437 INFO AVS_ZohoIntegration.Program - Billing_Code: 67890
2026-07-28 14:51:55,437 INFO AVS_ZohoIntegration.Program - Billing_Country: MX
2026-07-28 14:51:55,438 INFO AVS_ZohoIntegration.Program - Shipping_Street: 
2026-07-28 14:51:55,438 INFO AVS_ZohoIntegration.Program - Shipping_City: 
2026-07-28 14:51:55,439 INFO AVS_ZohoIntegration.Program - Shipping_State: 
2026-07-28 14:51:55,439 INFO AVS_ZohoIntegration.Program - Shipping_Code: 
2026-07-28 14:51:55,439 INFO AVS_ZohoIntegration.Program - Shipping_Country: 
2026-07-28 14:51:55,439 INFO AVS_ZohoIntegration.Program - * Procesando resultado: 19 *
2026-07-28 14:51:55,440 INFO AVS_ZohoIntegration.Program - Cliente_SAP: CMF0005
2026-07-28 14:51:55,440 INFO AVS_ZohoIntegration.Program - Account_Name: Cliente Mostrador 2
2026-07-28 14:51:55,440 INFO AVS_ZohoIntegration.Program - Phone: 
2026-07-28 14:51:55,441 INFO AVS_ZohoIntegration.Program - Website: 
2026-07-28 14:51:55,441 INFO AVS_ZohoIntegration.Program - Billing_Street: 300 Billings Drive
2026-07-28 14:51:55,442 INFO AVS_ZohoIntegration.Program - Billing_City: 
2026-07-28 14:51:55,442 INFO AVS_ZohoIntegration.Program - Billing_State: NAY
2026-07-28 14:51:55,442 INFO AVS_ZohoIntegration.Program - Billing_Code: 19083
2026-07-28 14:51:55,443 INFO AVS_ZohoIntegration.Program - Billing_Country: MX
2026-07-28 14:51:55,443 INFO AVS_ZohoIntegration.Program - Shipping_Street: 
2026-07-28 14:51:55,443 INFO AVS_ZohoIntegration.Program - Shipping_City: 
2026-07-28 14:51:55,444 INFO AVS_ZohoIntegration.Program - Shipping_State: 
2026-07-28 14:51:55,444 INFO AVS_ZohoIntegration.Program - Shipping_Code: 
2026-07-28 14:51:55,444 INFO AVS_ZohoIntegration.Program - Shipping_Country: 
2026-07-28 14:51:55,444 INFO AVS_ZohoIntegration.Program - * Procesando resultado: 20 *
2026-07-28 14:51:55,445 INFO AVS_ZohoIntegration.Program - Cliente_SAP: CSL0002
2026-07-28 14:51:55,445 INFO AVS_ZohoIntegration.Program - Account_Name: Cliente curso SL
2026-07-28 14:51:55,445 INFO AVS_ZohoIntegration.Program - Phone: 
2026-07-28 14:51:55,446 INFO AVS_ZohoIntegration.Program - Website: 
2026-07-28 14:51:55,446 INFO AVS_ZohoIntegration.Program - Billing_Street: 
2026-07-28 14:51:55,446 INFO AVS_ZohoIntegration.Program - Billing_City: 
2026-07-28 14:51:55,446 INFO AVS_ZohoIntegration.Program - Billing_State: 
2026-07-28 14:51:55,447 INFO AVS_ZohoIntegration.Program - Billing_Code: 
2026-07-28 14:51:55,447 INFO AVS_ZohoIntegration.Program - Billing_Country: 
2026-07-28 14:51:55,447 INFO AVS_ZohoIntegration.Program - Shipping_Street: 
2026-07-28 14:51:55,448 INFO AVS_ZohoIntegration.Program - Shipping_City: 
2026-07-28 14:51:55,448 INFO AVS_ZohoIntegration.Program - Shipping_State: 
2026-07-28 14:51:55,448 INFO AVS_ZohoIntegration.Program - Shipping_Code: 
2026-07-28 14:51:55,448 INFO AVS_ZohoIntegration.Program - Shipping_Country: 
2026-07-28 14:51:55,449 INFO AVS_ZohoIntegration.Program - * Procesando resultado: 21 *
2026-07-28 14:51:55,449 INFO AVS_ZohoIntegration.Program - Cliente_SAP: PR000336
2026-07-28 14:51:55,450 INFO AVS_ZohoIntegration.Program - Account_Name: Cliente Beluga
2026-07-28 14:51:55,450 INFO AVS_ZohoIntegration.Program - Phone: 
2026-07-28 14:51:55,450 INFO AVS_ZohoIntegration.Program - Website: 
2026-07-28 14:51:55,450 INFO AVS_ZohoIntegration.Program - Billing_Street: 
2026-07-28 14:51:55,450 INFO AVS_ZohoIntegration.Program - Billing_City: 
2026-07-28 14:51:55,450 INFO AVS_ZohoIntegration.Program - Billing_State: 
2026-07-28 14:51:55,450 INFO AVS_ZohoIntegration.Program - Billing_Code: 
2026-07-28 14:51:55,450 INFO AVS_ZohoIntegration.Program - Billing_Country: 
2026-07-28 14:51:55,450 INFO AVS_ZohoIntegration.Program - Shipping_Street: 
2026-07-28 14:51:55,450 INFO AVS_ZohoIntegration.Program - Shipping_City: 
2026-07-28 14:51:55,450 INFO AVS_ZohoIntegration.Program - Shipping_State: 
2026-07-28 14:51:55,450 INFO AVS_ZohoIntegration.Program - Shipping_Code: 
2026-07-28 14:51:55,450 INFO AVS_ZohoIntegration.Program - Shipping_Country: 
2026-07-28 14:51:55,450 INFO AVS_ZohoIntegration.Program - * Procesando resultado: 22 *
2026-07-28 14:51:55,450 INFO AVS_ZohoIntegration.Program - Cliente_SAP: PRAVS01
2026-07-28 14:51:55,450 INFO AVS_ZohoIntegration.Program - Account_Name: Prueba curso SL
2026-07-28 14:51:55,450 INFO AVS_ZohoIntegration.Program - Phone: 
2026-07-28 14:51:55,450 INFO AVS_ZohoIntegration.Program - Website: 
2026-07-28 14:51:55,450 INFO AVS_ZohoIntegration.Program - Billing_Street: 
2026-07-28 14:51:55,450 INFO AVS_ZohoIntegration.Program - Billing_City: 
2026-07-28 14:51:55,450 INFO AVS_ZohoIntegration.Program - Billing_State: 
2026-07-28 14:51:55,450 INFO AVS_ZohoIntegration.Program - Billing_Code: 
2026-07-28 14:51:55,450 INFO AVS_ZohoIntegration.Program - Billing_Country: 
2026-07-28 14:51:55,450 INFO AVS_ZohoIntegration.Program - Shipping_Street: 
2026-07-28 14:51:55,450 INFO AVS_ZohoIntegration.Program - Shipping_City: 
2026-07-28 14:51:55,450 INFO AVS_ZohoIntegration.Program - Shipping_State: 
2026-07-28 14:51:55,450 INFO AVS_ZohoIntegration.Program - Shipping_Code: 
2026-07-28 14:51:55,450 INFO AVS_ZohoIntegration.Program - Shipping_Country: 
2026-07-28 14:51:55,450 INFO AVS_ZohoIntegration.Program - * Consultando sub-entidad [Owner] para OCRD...
2026-07-28 14:51:55,508 INFO AVS_ZohoIntegration.Program - Se han obtenido 22 resultados pendientes de procesar.
2026-07-28 14:51:55,509 INFO AVS_ZohoIntegration.Program - * Procesando resultado: 1 *
2026-07-28 14:51:55,509 INFO AVS_ZohoIntegration.Program - id: -1
2026-07-28 14:51:55,510 INFO AVS_ZohoIntegration.Program - * Procesando resultado: 2 *
2026-07-28 14:51:55,510 INFO AVS_ZohoIntegration.Program - id: -1
2026-07-28 14:51:55,510 INFO AVS_ZohoIntegration.Program - * Procesando resultado: 3 *
2026-07-28 14:51:55,511 INFO AVS_ZohoIntegration.Program - id: -1
2026-07-28 14:51:55,511 INFO AVS_ZohoIntegration.Program - * Procesando resultado: 4 *
2026-07-28 14:51:55,511 INFO AVS_ZohoIntegration.Program - id: 1
2026-07-28 14:51:55,512 INFO AVS_ZohoIntegration.Program - * Procesando resultado: 5 *
2026-07-28 14:51:55,512 INFO AVS_ZohoIntegration.Program - id: 4
2026-07-28 14:51:55,512 INFO AVS_ZohoIntegration.Program - * Procesando resultado: 6 *
2026-07-28 14:51:55,512 INFO AVS_ZohoIntegration.Program - id: 1
2026-07-28 14:51:55,513 INFO AVS_ZohoIntegration.Program - * Procesando resultado: 7 *
2026-07-28 14:51:55,513 INFO AVS_ZohoIntegration.Program - id: 1
2026-07-28 14:51:55,513 INFO AVS_ZohoIntegration.Program - * Procesando resultado: 8 *
2026-07-28 14:51:55,513 INFO AVS_ZohoIntegration.Program - id: 2
2026-07-28 14:51:55,513 INFO AVS_ZohoIntegration.Program - * Procesando resultado: 9 *
2026-07-28 14:51:55,513 INFO AVS_ZohoIntegration.Program - id: 3
2026-07-28 14:51:55,514 INFO AVS_ZohoIntegration.Program - * Procesando resultado: 10 *
2026-07-28 14:51:55,514 INFO AVS_ZohoIntegration.Program - id: 5
2026-07-28 14:51:55,514 INFO AVS_ZohoIntegration.Program - * Procesando resultado: 11 *
2026-07-28 14:51:55,514 INFO AVS_ZohoIntegration.Program - id: 2
2026-07-28 14:51:55,514 INFO AVS_ZohoIntegration.Program - * Procesando resultado: 12 *
2026-07-28 14:51:55,515 INFO AVS_ZohoIntegration.Program - id: 5
2026-07-28 14:51:55,515 INFO AVS_ZohoIntegration.Program - * Procesando resultado: 13 *
2026-07-28 14:51:55,515 INFO AVS_ZohoIntegration.Program - id: 4
2026-07-28 14:51:55,515 INFO AVS_ZohoIntegration.Program - * Procesando resultado: 14 *
2026-07-28 14:51:55,516 INFO AVS_ZohoIntegration.Program - id: 1
2026-07-28 14:51:55,516 INFO AVS_ZohoIntegration.Program - * Procesando resultado: 15 *
2026-07-28 14:51:55,516 INFO AVS_ZohoIntegration.Program - id: -1
2026-07-28 14:51:55,517 INFO AVS_ZohoIntegration.Program - * Procesando resultado: 16 *
2026-07-28 14:51:55,517 INFO AVS_ZohoIntegration.Program - id: -1
2026-07-28 14:51:55,517 INFO AVS_ZohoIntegration.Program - * Procesando resultado: 17 *
2026-07-28 14:51:55,517 INFO AVS_ZohoIntegration.Program - id: -1
2026-07-28 14:51:55,517 INFO AVS_ZohoIntegration.Program - * Procesando resultado: 18 *
2026-07-28 14:51:55,517 INFO AVS_ZohoIntegration.Program - id: -1
2026-07-28 14:51:55,517 INFO AVS_ZohoIntegration.Program - * Procesando resultado: 19 *
2026-07-28 14:51:55,517 INFO AVS_ZohoIntegration.Program - id: -1
2026-07-28 14:51:55,517 INFO AVS_ZohoIntegration.Program - * Procesando resultado: 20 *
2026-07-28 14:51:55,517 INFO AVS_ZohoIntegration.Program - id: -1
2026-07-28 14:51:55,517 INFO AVS_ZohoIntegration.Program - * Procesando resultado: 21 *
2026-07-28 14:51:55,517 INFO AVS_ZohoIntegration.Program - id: -1
2026-07-28 14:51:55,517 INFO AVS_ZohoIntegration.Program - * Procesando resultado: 22 *
2026-07-28 14:51:55,517 INFO AVS_ZohoIntegration.Program - id: -1
2026-07-28 14:53:54,539 INFO AVS_ZohoIntegration.Program - AVS SFTPSync Version [1.0.0.0]
2026-07-28 14:53:54,549 INFO AVS_ZohoIntegration.Program - Leyendo archivo de configuracion.
2026-07-28 14:53:54,603 INFO AVS_ZohoIntegration.Program - Archivo de configuracion leido correctamente.
2026-07-28 14:53:54,604 DEBUG AVS_ZohoIntegration.Program - **************************************************************************
2026-07-28 14:53:54,605 DEBUG AVS_ZohoIntegration.Program - Ejecutando sincronizacion para: SBODemoMX
2026-07-28 14:53:57,259 DEBUG AVS_ZohoIntegration.Program - Validando licencia...
2026-07-28 14:53:57,260 INFO AVS_ZohoIntegration.Program - Licencia valida.
2026-07-28 14:53:57,260 INFO AVS_ZohoIntegration.Program - Comando recibido: SENDBUSINESSPARTNERS
2026-07-28 14:53:57,262 INFO AVS_ZohoIntegration.Program - Iniciando proceso de envío de socios de negocio...
2026-07-28 14:53:57,264 INFO AVS_ZohoIntegration.Program - *** Obteniendo información de cabecera: Socios de Negocio (OCRD) ***
2026-07-28 14:53:57,508 INFO AVS_ZohoIntegration.Program - Se han obtenido 22 resultados pendientes de procesar.
2026-07-28 14:53:57,509 INFO AVS_ZohoIntegration.Program - * Procesando resultado: 1 *
2026-07-28 14:53:57,509 INFO AVS_ZohoIntegration.Program - Cliente_SAP: C1111
2026-07-28 14:53:57,510 INFO AVS_ZohoIntegration.Program - Account_Name: Cliente Mostrador
2026-07-28 14:53:57,510 INFO AVS_ZohoIntegration.Program - Phone: 
2026-07-28 14:53:57,510 INFO AVS_ZohoIntegration.Program - Website: 
2026-07-28 14:53:57,511 INFO AVS_ZohoIntegration.Program - Billing_Street: 
2026-07-28 14:53:57,511 INFO AVS_ZohoIntegration.Program - Billing_City: 
2026-07-28 14:53:57,511 INFO AVS_ZohoIntegration.Program - Billing_State: 
2026-07-28 14:53:57,512 INFO AVS_ZohoIntegration.Program - Billing_Code: 
2026-07-28 14:53:57,512 INFO AVS_ZohoIntegration.Program - Billing_Country: MX
2026-07-28 14:53:57,512 INFO AVS_ZohoIntegration.Program - Shipping_Street: 
2026-07-28 14:53:57,512 INFO AVS_ZohoIntegration.Program - Shipping_City: 
2026-07-28 14:53:57,513 INFO AVS_ZohoIntegration.Program - Shipping_State: 
2026-07-28 14:53:57,513 INFO AVS_ZohoIntegration.Program - Shipping_Code: 
2026-07-28 14:53:57,513 INFO AVS_ZohoIntegration.Program - Shipping_Country: MX
2026-07-28 14:53:57,513 INFO AVS_ZohoIntegration.Program - * Procesando resultado: 2 *
2026-07-28 14:53:57,514 INFO AVS_ZohoIntegration.Program - Cliente_SAP: C12345
2026-07-28 14:53:57,514 INFO AVS_ZohoIntegration.Program - Account_Name: Comercializadora XYZ S.A. de C.V.
2026-07-28 14:53:57,515 INFO AVS_ZohoIntegration.Program - Phone: 
2026-07-28 14:53:57,515 INFO AVS_ZohoIntegration.Program - Website: 
2026-07-28 14:53:57,515 INFO AVS_ZohoIntegration.Program - Billing_Street: Av. Insurgentes Sur
2026-07-28 14:53:57,515 INFO AVS_ZohoIntegration.Program - Billing_City: Ciudad de México
2026-07-28 14:53:57,515 INFO AVS_ZohoIntegration.Program - Billing_State: DF
2026-07-28 14:53:57,517 INFO AVS_ZohoIntegration.Program - Billing_Code: 03100
2026-07-28 14:53:57,517 INFO AVS_ZohoIntegration.Program - Billing_Country: MX
2026-07-28 14:53:57,517 INFO AVS_ZohoIntegration.Program - Shipping_Street: Carretera México-Toluca
2026-07-28 14:53:57,517 INFO AVS_ZohoIntegration.Program - Shipping_City: Toluca
2026-07-28 14:53:57,517 INFO AVS_ZohoIntegration.Program - Shipping_State: MEX
2026-07-28 14:53:57,517 INFO AVS_ZohoIntegration.Program - Shipping_Code: 50000
2026-07-28 14:53:57,517 INFO AVS_ZohoIntegration.Program - Shipping_Country: MX
2026-07-28 14:53:57,517 INFO AVS_ZohoIntegration.Program - * Procesando resultado: 3 *
2026-07-28 14:53:57,517 INFO AVS_ZohoIntegration.Program - Cliente_SAP: C123456
2026-07-28 14:53:57,517 INFO AVS_ZohoIntegration.Program - Account_Name: Comercializadora XYZ S.A. de C.V.
2026-07-28 14:53:57,517 INFO AVS_ZohoIntegration.Program - Phone: 
2026-07-28 14:53:57,517 INFO AVS_ZohoIntegration.Program - Website: 
2026-07-28 14:53:57,517 INFO AVS_ZohoIntegration.Program - Billing_Street: Av. Insurgentes Sur
2026-07-28 14:53:57,517 INFO AVS_ZohoIntegration.Program - Billing_City: Ciudad de México
2026-07-28 14:53:57,517 INFO AVS_ZohoIntegration.Program - Billing_State: DF
2026-07-28 14:53:57,517 INFO AVS_ZohoIntegration.Program - Billing_Code: 03100
2026-07-28 14:53:57,517 INFO AVS_ZohoIntegration.Program - Billing_Country: MX
2026-07-28 14:53:57,517 INFO AVS_ZohoIntegration.Program - Shipping_Street: Carretera México-Toluca
2026-07-28 14:53:57,517 INFO AVS_ZohoIntegration.Program - Shipping_City: Toluca
2026-07-28 14:53:57,523 INFO AVS_ZohoIntegration.Program - Shipping_State: MEX
2026-07-28 14:53:57,523 INFO AVS_ZohoIntegration.Program - Shipping_Code: 50000
2026-07-28 14:53:57,523 INFO AVS_ZohoIntegration.Program - Shipping_Country: MX
2026-07-28 14:53:57,523 INFO AVS_ZohoIntegration.Program - * Procesando resultado: 4 *
2026-07-28 14:53:57,525 INFO AVS_ZohoIntegration.Program - Cliente_SAP: C20000
2026-07-28 14:53:57,525 INFO AVS_ZohoIntegration.Program - Account_Name: Maxi-Teq
2026-07-28 14:53:57,525 INFO AVS_ZohoIntegration.Program - Phone: +52 (55) 5565-9032
2026-07-28 14:53:57,525 INFO AVS_ZohoIntegration.Program - Website: www.maxi-teq.sap.com
2026-07-28 14:53:57,525 INFO AVS_ZohoIntegration.Program - Billing_Street: 300 Billings Drive
2026-07-28 14:53:57,525 INFO AVS_ZohoIntegration.Program - Billing_City: 
2026-07-28 14:53:57,525 INFO AVS_ZohoIntegration.Program - Billing_State: DF
2026-07-28 14:53:57,525 INFO AVS_ZohoIntegration.Program - Billing_Code: 19083
2026-07-28 14:53:57,525 INFO AVS_ZohoIntegration.Program - Billing_Country: MX
2026-07-28 14:53:57,525 INFO AVS_ZohoIntegration.Program - Shipping_Street: 300 Billings Drive
2026-07-28 14:53:57,525 INFO AVS_ZohoIntegration.Program - Shipping_City: Mexico D.F.
2026-07-28 14:53:57,525 INFO AVS_ZohoIntegration.Program - Shipping_State: DF
2026-07-28 14:53:57,525 INFO AVS_ZohoIntegration.Program - Shipping_Code: 19083
2026-07-28 14:53:57,525 INFO AVS_ZohoIntegration.Program - Shipping_Country: MX
2026-07-28 14:53:57,525 INFO AVS_ZohoIntegration.Program - * Procesando resultado: 5 *
2026-07-28 14:53:57,525 INFO AVS_ZohoIntegration.Program - Cliente_SAP: C23900
2026-07-28 14:53:57,525 INFO AVS_ZohoIntegration.Program - Account_Name: Parameter Technology
2026-07-28 14:53:57,525 INFO AVS_ZohoIntegration.Program - Phone: +52 (55)  5654-7633
2026-07-28 14:53:57,525 INFO AVS_ZohoIntegration.Program - Website: www.parameter.sap.com
2026-07-28 14:53:57,525 INFO AVS_ZohoIntegration.Program - Billing_Street: 908 Darby Road
2026-07-28 14:53:57,525 INFO AVS_ZohoIntegration.Program - Billing_City: Mexico D.F.
2026-07-28 14:53:57,525 INFO AVS_ZohoIntegration.Program - Billing_State: DF
2026-07-28 14:53:57,533 INFO AVS_ZohoIntegration.Program - Billing_Code: 19083
2026-07-28 14:53:57,533 INFO AVS_ZohoIntegration.Program - Billing_Country: MX
2026-07-28 14:53:57,534 INFO AVS_ZohoIntegration.Program - Shipping_Street: 908 Darby Road
2026-07-28 14:53:57,534 INFO AVS_ZohoIntegration.Program - Shipping_City: Mexico D.F.
2026-07-28 14:53:57,534 INFO AVS_ZohoIntegration.Program - Shipping_State: DF
2026-07-28 14:53:57,534 INFO AVS_ZohoIntegration.Program - Shipping_Code: 19083
2026-07-28 14:53:57,534 INFO AVS_ZohoIntegration.Program - Shipping_Country: MX
2026-07-28 14:53:57,536 INFO AVS_ZohoIntegration.Program - * Procesando resultado: 6 *
2026-07-28 14:53:57,536 INFO AVS_ZohoIntegration.Program - Cliente_SAP: C25000
2026-07-28 14:53:57,536 INFO AVS_ZohoIntegration.Program - Account_Name: Star Company
2026-07-28 14:53:57,536 INFO AVS_ZohoIntegration.Program - Phone: 00421 2 582 56 33
2026-07-28 14:53:57,536 INFO AVS_ZohoIntegration.Program - Website: www.starcompa.eu
2026-07-28 14:53:57,536 INFO AVS_ZohoIntegration.Program - Billing_Street: Plynarenska
2026-07-28 14:53:57,536 INFO AVS_ZohoIntegration.Program - Billing_City: Bratislava
2026-07-28 14:53:57,536 INFO AVS_ZohoIntegration.Program - Billing_State: 
2026-07-28 14:53:57,539 INFO AVS_ZohoIntegration.Program - Billing_Code: 821 09
2026-07-28 14:53:57,539 INFO AVS_ZohoIntegration.Program - Billing_Country: SK
2026-07-28 14:53:57,539 INFO AVS_ZohoIntegration.Program - Shipping_Street: Plynarenska
2026-07-28 14:53:57,539 INFO AVS_ZohoIntegration.Program - Shipping_City: Bratislava
2026-07-28 14:53:57,539 INFO AVS_ZohoIntegration.Program - Shipping_State: 
2026-07-28 14:53:57,539 INFO AVS_ZohoIntegration.Program - Shipping_Code: 821 09
2026-07-28 14:53:57,539 INFO AVS_ZohoIntegration.Program - Shipping_Country: SK
2026-07-28 14:53:57,539 INFO AVS_ZohoIntegration.Program - * Procesando resultado: 7 *
2026-07-28 14:53:57,541 INFO AVS_ZohoIntegration.Program - Cliente_SAP: C26000
2026-07-28 14:53:57,541 INFO AVS_ZohoIntegration.Program - Account_Name: River Inc
2026-07-28 14:53:57,541 INFO AVS_ZohoIntegration.Program - Phone: 0044 161 869 9000
2026-07-28 14:53:57,541 INFO AVS_ZohoIntegration.Program - Website: www.riveri.co.uk
2026-07-28 14:53:57,541 INFO AVS_ZohoIntegration.Program - Billing_Street: United Rd
2026-07-28 14:53:57,541 INFO AVS_ZohoIntegration.Program - Billing_City: Manchester
2026-07-28 14:53:57,541 INFO AVS_ZohoIntegration.Program - Billing_State: 
2026-07-28 14:53:57,541 INFO AVS_ZohoIntegration.Program - Billing_Code: M16 0RA
2026-07-28 14:53:57,541 INFO AVS_ZohoIntegration.Program - Billing_Country: GB
2026-07-28 14:53:57,543 INFO AVS_ZohoIntegration.Program - Shipping_Street: United Rd
2026-07-28 14:53:57,543 INFO AVS_ZohoIntegration.Program - Shipping_City: Manchester
2026-07-28 14:53:57,543 INFO AVS_ZohoIntegration.Program - Shipping_State: 
2026-07-28 14:53:57,543 INFO AVS_ZohoIntegration.Program - Shipping_Code: M16 0RA
2026-07-28 14:53:57,543 INFO AVS_ZohoIntegration.Program - Shipping_Country: GB
2026-07-28 14:53:57,543 INFO AVS_ZohoIntegration.Program - * Procesando resultado: 8 *
2026-07-28 14:53:57,543 INFO AVS_ZohoIntegration.Program - Cliente_SAP: C30000
2026-07-28 14:53:57,545 INFO AVS_ZohoIntegration.Program - Account_Name: Microchips
2026-07-28 14:53:57,545 INFO AVS_ZohoIntegration.Program - Phone: +52 (55) 5345-9000
2026-07-28 14:53:57,545 INFO AVS_ZohoIntegration.Program - Website: www.microchips.sap.com
2026-07-28 14:53:57,545 INFO AVS_ZohoIntegration.Program - Billing_Street: 45th Street
2026-07-28 14:53:57,545 INFO AVS_ZohoIntegration.Program - Billing_City: Mexico D.F.
2026-07-28 14:53:57,545 INFO AVS_ZohoIntegration.Program - Billing_State: DF
2026-07-28 14:53:57,547 INFO AVS_ZohoIntegration.Program - Billing_Code: 10010
2026-07-28 14:53:57,549 INFO AVS_ZohoIntegration.Program - Billing_Country: MX
2026-07-28 14:53:57,549 INFO AVS_ZohoIntegration.Program - Shipping_Street: 5th Ave
2026-07-28 14:53:57,550 INFO AVS_ZohoIntegration.Program - Shipping_City: Mexico D.F.
2026-07-28 14:53:57,551 INFO AVS_ZohoIntegration.Program - Shipping_State: DF
2026-07-28 14:53:57,551 INFO AVS_ZohoIntegration.Program - Shipping_Code: 10005
2026-07-28 14:53:57,551 INFO AVS_ZohoIntegration.Program - Shipping_Country: MX
2026-07-28 14:53:57,552 INFO AVS_ZohoIntegration.Program - * Procesando resultado: 9 *
2026-07-28 14:53:57,552 INFO AVS_ZohoIntegration.Program - Cliente_SAP: C40000
2026-07-28 14:53:57,552 INFO AVS_ZohoIntegration.Program - Account_Name: Earthshaker Corporation
2026-07-28 14:53:57,552 INFO AVS_ZohoIntegration.Program - Phone: +52 (55) 5632-3399
2026-07-28 14:53:57,553 INFO AVS_ZohoIntegration.Program - Website: www.earthshaker.sap.com.mx
2026-07-28 14:53:57,553 INFO AVS_ZohoIntegration.Program - Billing_Street: 208 Hollywood Ave
2026-07-28 14:53:57,553 INFO AVS_ZohoIntegration.Program - Billing_City: Mexico D.F.
2026-07-28 14:53:57,554 INFO AVS_ZohoIntegration.Program - Billing_State: DF
2026-07-28 14:53:57,554 INFO AVS_ZohoIntegration.Program - Billing_Code: 95030
2026-07-28 14:53:57,555 INFO AVS_ZohoIntegration.Program - Billing_Country: MX
2026-07-28 14:53:57,555 INFO AVS_ZohoIntegration.Program - Shipping_Street: 208 Hollywood Ave
2026-07-28 14:53:57,556 INFO AVS_ZohoIntegration.Program - Shipping_City: Mexico D.F.
2026-07-28 14:53:57,557 INFO AVS_ZohoIntegration.Program - Shipping_State: DF
2026-07-28 14:53:57,557 INFO AVS_ZohoIntegration.Program - Shipping_Code: 95030
2026-07-28 14:53:57,558 INFO AVS_ZohoIntegration.Program - Shipping_Country: MX
2026-07-28 14:53:57,558 INFO AVS_ZohoIntegration.Program - * Procesando resultado: 10 *
2026-07-28 14:53:57,558 INFO AVS_ZohoIntegration.Program - Cliente_SAP: C42000
2026-07-28 14:53:57,559 INFO AVS_ZohoIntegration.Program - Account_Name: Mashina Corporation
2026-07-28 14:53:57,559 INFO AVS_ZohoIntegration.Program - Phone: +52 (55) 5115-7733
2026-07-28 14:53:57,559 INFO AVS_ZohoIntegration.Program - Website: www.mashina.sap.com.mx
2026-07-28 14:53:57,560 INFO AVS_ZohoIntegration.Program - Billing_Street: 400 Range Road
2026-07-28 14:53:57,560 INFO AVS_ZohoIntegration.Program - Billing_City: Mexico D.F.
2026-07-28 14:53:57,560 INFO AVS_ZohoIntegration.Program - Billing_State: DF
2026-07-28 14:53:57,560 INFO AVS_ZohoIntegration.Program - Billing_Code: 44113
2026-07-28 14:53:57,560 INFO AVS_ZohoIntegration.Program - Billing_Country: MX
2026-07-28 14:53:57,561 INFO AVS_ZohoIntegration.Program - Shipping_Street: 400 Range Road
2026-07-28 14:53:57,561 INFO AVS_ZohoIntegration.Program - Shipping_City: Mexico D.F.
2026-07-28 14:53:57,561 INFO AVS_ZohoIntegration.Program - Shipping_State: DF
2026-07-28 14:53:57,561 INFO AVS_ZohoIntegration.Program - Shipping_Code: 44113
2026-07-28 14:53:57,561 INFO AVS_ZohoIntegration.Program - Shipping_Country: MX
2026-07-28 14:53:57,562 INFO AVS_ZohoIntegration.Program - * Procesando resultado: 11 *
2026-07-28 14:53:57,562 INFO AVS_ZohoIntegration.Program - Cliente_SAP: C50000
2026-07-28 14:53:57,562 INFO AVS_ZohoIntegration.Program - Account_Name: ADA Technologies
2026-07-28 14:53:57,562 INFO AVS_ZohoIntegration.Program - Phone: +52 (55) 5456-9000
2026-07-28 14:53:57,563 INFO AVS_ZohoIntegration.Program - Website: www.ada-tech.sap.com.mx
2026-07-28 14:53:57,563 INFO AVS_ZohoIntegration.Program - Billing_Street: 34 Highway 6
2026-07-28 14:53:57,563 INFO AVS_ZohoIntegration.Program - Billing_City: Mexico D.F.
2026-07-28 14:53:57,564 INFO AVS_ZohoIntegration.Program - Billing_State: DF
2026-07-28 14:53:57,564 INFO AVS_ZohoIntegration.Program - Billing_Code: 3102
2026-07-28 14:53:57,565 INFO AVS_ZohoIntegration.Program - Billing_Country: MX
2026-07-28 14:53:57,565 INFO AVS_ZohoIntegration.Program - Shipping_Street: 34 Highway 6
2026-07-28 14:53:57,565 INFO AVS_ZohoIntegration.Program - Shipping_City: Mexico D.F.
2026-07-28 14:53:57,566 INFO AVS_ZohoIntegration.Program - Shipping_State: DF
2026-07-28 14:53:57,566 INFO AVS_ZohoIntegration.Program - Shipping_Code: 3102
2026-07-28 14:53:57,568 INFO AVS_ZohoIntegration.Program - Shipping_Country: MX
2026-07-28 14:53:57,568 INFO AVS_ZohoIntegration.Program - * Procesando resultado: 12 *
2026-07-28 14:53:57,568 INFO AVS_ZohoIntegration.Program - Cliente_SAP: C60000
2026-07-28 14:53:57,568 INFO AVS_ZohoIntegration.Program - Account_Name: SG Electronics
2026-07-28 14:53:57,568 INFO AVS_ZohoIntegration.Program - Phone: +52 (55) 5980-7723
2026-07-28 14:53:57,568 INFO AVS_ZohoIntegration.Program - Website: www.sg.sap.com.com.mx
2026-07-28 14:53:57,568 INFO AVS_ZohoIntegration.Program - Billing_Street: 67 Grant Ave
2026-07-28 14:53:57,568 INFO AVS_ZohoIntegration.Program - Billing_City: Toronto
2026-07-28 14:53:57,568 INFO AVS_ZohoIntegration.Program - Billing_State: 
2026-07-28 14:53:57,568 INFO AVS_ZohoIntegration.Program - Billing_Code: M4B 1B3
2026-07-28 14:53:57,568 INFO AVS_ZohoIntegration.Program - Billing_Country: CA
2026-07-28 14:53:57,568 INFO AVS_ZohoIntegration.Program - Shipping_Street: 67 Grant Ave
2026-07-28 14:53:57,568 INFO AVS_ZohoIntegration.Program - Shipping_City: DF
2026-07-28 14:53:57,568 INFO AVS_ZohoIntegration.Program - Shipping_State: DF
2026-07-28 14:53:57,568 INFO AVS_ZohoIntegration.Program - Shipping_Code: M4B 1B3
2026-07-28 14:53:57,568 INFO AVS_ZohoIntegration.Program - Shipping_Country: MX
2026-07-28 14:53:57,568 INFO AVS_ZohoIntegration.Program - * Procesando resultado: 13 *
2026-07-28 14:53:57,568 INFO AVS_ZohoIntegration.Program - Cliente_SAP: C70000
2026-07-28 14:53:57,568 INFO AVS_ZohoIntegration.Program - Account_Name: Aquent Systems
2026-07-28 14:53:57,568 INFO AVS_ZohoIntegration.Program - Phone: +52 (81) 5711-6124
2026-07-28 14:53:57,568 INFO AVS_ZohoIntegration.Program - Website: www.aquent-sys.sap.com.mx
2026-07-28 14:53:57,568 INFO AVS_ZohoIntegration.Program - Billing_Street: 123 Kathryn Ave
2026-07-28 14:53:57,568 INFO AVS_ZohoIntegration.Program - Billing_City: Montreal
2026-07-28 14:53:57,568 INFO AVS_ZohoIntegration.Program - Billing_State: 
2026-07-28 14:53:57,568 INFO AVS_ZohoIntegration.Program - Billing_Code: H7B 2A5
2026-07-28 14:53:57,568 INFO AVS_ZohoIntegration.Program - Billing_Country: CA
2026-07-28 14:53:57,568 INFO AVS_ZohoIntegration.Program - Shipping_Street: 123 Kathryn Ave
2026-07-28 14:53:57,568 INFO AVS_ZohoIntegration.Program - Shipping_City: Montreal
2026-07-28 14:53:57,568 INFO AVS_ZohoIntegration.Program - Shipping_State: 
2026-07-28 14:53:57,568 INFO AVS_ZohoIntegration.Program - Shipping_Code: H7B 2A5
2026-07-28 14:53:57,568 INFO AVS_ZohoIntegration.Program - Shipping_Country: CA
2026-07-28 14:53:57,568 INFO AVS_ZohoIntegration.Program - * Procesando resultado: 14 *
2026-07-28 14:53:57,568 INFO AVS_ZohoIntegration.Program - Cliente_SAP: C99998
2026-07-28 14:53:57,568 INFO AVS_ZohoIntegration.Program - Account_Name: Cliente Web
2026-07-28 14:53:57,568 INFO AVS_ZohoIntegration.Program - Phone: 
2026-07-28 14:53:57,568 INFO AVS_ZohoIntegration.Program - Website: 
2026-07-28 14:53:57,568 INFO AVS_ZohoIntegration.Program - Billing_Street: 
2026-07-28 14:53:57,568 INFO AVS_ZohoIntegration.Program - Billing_City: 
2026-07-28 14:53:57,568 INFO AVS_ZohoIntegration.Program - Billing_State: 
2026-07-28 14:53:57,568 INFO AVS_ZohoIntegration.Program - Billing_Code: 
2026-07-28 14:53:57,568 INFO AVS_ZohoIntegration.Program - Billing_Country: 
2026-07-28 14:53:57,568 INFO AVS_ZohoIntegration.Program - Shipping_Street: 
2026-07-28 14:53:57,568 INFO AVS_ZohoIntegration.Program - Shipping_City: 
2026-07-28 14:53:57,583 INFO AVS_ZohoIntegration.Program - Shipping_State: 
2026-07-28 14:53:57,583 INFO AVS_ZohoIntegration.Program - Shipping_Code: 
2026-07-28 14:53:57,583 INFO AVS_ZohoIntegration.Program - Shipping_Country: MX
2026-07-28 14:53:57,583 INFO AVS_ZohoIntegration.Program - * Procesando resultado: 15 *
2026-07-28 14:53:57,584 INFO AVS_ZohoIntegration.Program - Cliente_SAP: CMF0001
2026-07-28 14:53:57,584 INFO AVS_ZohoIntegration.Program - Account_Name: Cliente curso SL
2026-07-28 14:53:57,584 INFO AVS_ZohoIntegration.Program - Phone: 
2026-07-28 14:53:57,585 INFO AVS_ZohoIntegration.Program - Website: 
2026-07-28 14:53:57,585 INFO AVS_ZohoIntegration.Program - Billing_Street: 
2026-07-28 14:53:57,586 INFO AVS_ZohoIntegration.Program - Billing_City: 
2026-07-28 14:53:57,586 INFO AVS_ZohoIntegration.Program - Billing_State: 
2026-07-28 14:53:57,586 INFO AVS_ZohoIntegration.Program - Billing_Code: 
2026-07-28 14:53:57,586 INFO AVS_ZohoIntegration.Program - Billing_Country: 
2026-07-28 14:53:57,587 INFO AVS_ZohoIntegration.Program - Shipping_Street: 
2026-07-28 14:53:57,587 INFO AVS_ZohoIntegration.Program - Shipping_City: 
2026-07-28 14:53:57,588 INFO AVS_ZohoIntegration.Program - Shipping_State: 
2026-07-28 14:53:57,589 INFO AVS_ZohoIntegration.Program - Shipping_Code: 
2026-07-28 14:53:57,589 INFO AVS_ZohoIntegration.Program - Shipping_Country: 
2026-07-28 14:53:57,589 INFO AVS_ZohoIntegration.Program - * Procesando resultado: 16 *
2026-07-28 14:53:57,590 INFO AVS_ZohoIntegration.Program - Cliente_SAP: CMF0002
2026-07-28 14:53:57,590 INFO AVS_ZohoIntegration.Program - Account_Name: Cliente 01
2026-07-28 14:53:57,590 INFO AVS_ZohoIntegration.Program - Phone: 
2026-07-28 14:53:57,590 INFO AVS_ZohoIntegration.Program - Website: 
2026-07-28 14:53:57,591 INFO AVS_ZohoIntegration.Program - Billing_Street: Paseo de lo sauces
2026-07-28 14:53:57,591 INFO AVS_ZohoIntegration.Program - Billing_City: México
2026-07-28 14:53:57,591 INFO AVS_ZohoIntegration.Program - Billing_State: MEX
2026-07-28 14:53:57,591 INFO AVS_ZohoIntegration.Program - Billing_Code: 54130
2026-07-28 14:53:57,592 INFO AVS_ZohoIntegration.Program - Billing_Country: MX
2026-07-28 14:53:57,592 INFO AVS_ZohoIntegration.Program - Shipping_Street: 
2026-07-28 14:53:57,592 INFO AVS_ZohoIntegration.Program - Shipping_City: 
2026-07-28 14:53:57,592 INFO AVS_ZohoIntegration.Program - Shipping_State: 
2026-07-28 14:53:57,593 INFO AVS_ZohoIntegration.Program - Shipping_Code: 
2026-07-28 14:53:57,593 INFO AVS_ZohoIntegration.Program - Shipping_Country: 
2026-07-28 14:53:57,593 INFO AVS_ZohoIntegration.Program - * Procesando resultado: 17 *
2026-07-28 14:53:57,593 INFO AVS_ZohoIntegration.Program - Cliente_SAP: CMF0003
2026-07-28 14:53:57,594 INFO AVS_ZohoIntegration.Program - Account_Name: Cliente Mostrador prueba
2026-07-28 14:53:57,594 INFO AVS_ZohoIntegration.Program - Phone: 
2026-07-28 14:53:57,594 INFO AVS_ZohoIntegration.Program - Website: 
2026-07-28 14:53:57,594 INFO AVS_ZohoIntegration.Program - Billing_Street: 300 Billings Drive
2026-07-28 14:53:57,595 INFO AVS_ZohoIntegration.Program - Billing_City: 
2026-07-28 14:53:57,595 INFO AVS_ZohoIntegration.Program - Billing_State: DF
2026-07-28 14:53:57,595 INFO AVS_ZohoIntegration.Program - Billing_Code: 19083
2026-07-28 14:53:57,595 INFO AVS_ZohoIntegration.Program - Billing_Country: MX
2026-07-28 14:53:57,596 INFO AVS_ZohoIntegration.Program - Shipping_Street: 
2026-07-28 14:53:57,596 INFO AVS_ZohoIntegration.Program - Shipping_City: 
2026-07-28 14:53:57,596 INFO AVS_ZohoIntegration.Program - Shipping_State: 
2026-07-28 14:53:57,597 INFO AVS_ZohoIntegration.Program - Shipping_Code: 
2026-07-28 14:53:57,597 INFO AVS_ZohoIntegration.Program - Shipping_Country: 
2026-07-28 14:53:57,597 INFO AVS_ZohoIntegration.Program - * Procesando resultado: 18 *
2026-07-28 14:53:57,597 INFO AVS_ZohoIntegration.Program - Cliente_SAP: CMF0004
2026-07-28 14:53:57,598 INFO AVS_ZohoIntegration.Program - Account_Name: Empresa Ejemplo 1
2026-07-28 14:53:57,598 INFO AVS_ZohoIntegration.Program - Phone: 5551234567
2026-07-28 14:53:57,598 INFO AVS_ZohoIntegration.Program - Website: 
2026-07-28 14:53:57,599 INFO AVS_ZohoIntegration.Program - Billing_Street: Calle Secundaria 456
2026-07-28 14:53:57,600 INFO AVS_ZohoIntegration.Program - Billing_City: Monterrey
2026-07-28 14:53:57,600 INFO AVS_ZohoIntegration.Program - Billing_State: NL
2026-07-28 14:53:57,600 INFO AVS_ZohoIntegration.Program - Billing_Code: 67890
2026-07-28 14:53:57,601 INFO AVS_ZohoIntegration.Program - Billing_Country: MX
2026-07-28 14:53:57,601 INFO AVS_ZohoIntegration.Program - Shipping_Street: 
2026-07-28 14:53:57,601 INFO AVS_ZohoIntegration.Program - Shipping_City: 
2026-07-28 14:53:57,602 INFO AVS_ZohoIntegration.Program - Shipping_State: 
2026-07-28 14:53:57,602 INFO AVS_ZohoIntegration.Program - Shipping_Code: 
2026-07-28 14:53:57,602 INFO AVS_ZohoIntegration.Program - Shipping_Country: 
2026-07-28 14:53:57,602 INFO AVS_ZohoIntegration.Program - * Procesando resultado: 19 *
2026-07-28 14:53:57,603 INFO AVS_ZohoIntegration.Program - Cliente_SAP: CMF0005
2026-07-28 14:53:57,603 INFO AVS_ZohoIntegration.Program - Account_Name: Cliente Mostrador 2
2026-07-28 14:53:57,603 INFO AVS_ZohoIntegration.Program - Phone: 
2026-07-28 14:53:57,604 INFO AVS_ZohoIntegration.Program - Website: 
2026-07-28 14:53:57,605 INFO AVS_ZohoIntegration.Program - Billing_Street: 300 Billings Drive
2026-07-28 14:53:57,605 INFO AVS_ZohoIntegration.Program - Billing_City: 
2026-07-28 14:53:57,605 INFO AVS_ZohoIntegration.Program - Billing_State: NAY
2026-07-28 14:53:57,606 INFO AVS_ZohoIntegration.Program - Billing_Code: 19083
2026-07-28 14:53:57,606 INFO AVS_ZohoIntegration.Program - Billing_Country: MX
2026-07-28 14:53:57,606 INFO AVS_ZohoIntegration.Program - Shipping_Street: 
2026-07-28 14:53:57,607 INFO AVS_ZohoIntegration.Program - Shipping_City: 
2026-07-28 14:53:57,607 INFO AVS_ZohoIntegration.Program - Shipping_State: 
2026-07-28 14:53:57,607 INFO AVS_ZohoIntegration.Program - Shipping_Code: 
2026-07-28 14:53:57,607 INFO AVS_ZohoIntegration.Program - Shipping_Country: 
2026-07-28 14:53:57,607 INFO AVS_ZohoIntegration.Program - * Procesando resultado: 20 *
2026-07-28 14:53:57,607 INFO AVS_ZohoIntegration.Program - Cliente_SAP: CSL0002
2026-07-28 14:53:57,608 INFO AVS_ZohoIntegration.Program - Account_Name: Cliente curso SL
2026-07-28 14:53:57,608 INFO AVS_ZohoIntegration.Program - Phone: 
2026-07-28 14:53:57,608 INFO AVS_ZohoIntegration.Program - Website: 
2026-07-28 14:53:57,608 INFO AVS_ZohoIntegration.Program - Billing_Street: 
2026-07-28 14:53:57,608 INFO AVS_ZohoIntegration.Program - Billing_City: 
2026-07-28 14:53:57,609 INFO AVS_ZohoIntegration.Program - Billing_State: 
2026-07-28 14:53:57,609 INFO AVS_ZohoIntegration.Program - Billing_Code: 
2026-07-28 14:53:57,609 INFO AVS_ZohoIntegration.Program - Billing_Country: 
2026-07-28 14:53:57,609 INFO AVS_ZohoIntegration.Program - Shipping_Street: 
2026-07-28 14:53:57,610 INFO AVS_ZohoIntegration.Program - Shipping_City: 
2026-07-28 14:53:57,610 INFO AVS_ZohoIntegration.Program - Shipping_State: 
2026-07-28 14:53:57,610 INFO AVS_ZohoIntegration.Program - Shipping_Code: 
2026-07-28 14:53:57,610 INFO AVS_ZohoIntegration.Program - Shipping_Country: 
2026-07-28 14:53:57,611 INFO AVS_ZohoIntegration.Program - * Procesando resultado: 21 *
2026-07-28 14:53:57,611 INFO AVS_ZohoIntegration.Program - Cliente_SAP: PR000336
2026-07-28 14:53:57,611 INFO AVS_ZohoIntegration.Program - Account_Name: Cliente Beluga
2026-07-28 14:53:57,611 INFO AVS_ZohoIntegration.Program - Phone: 
2026-07-28 14:53:57,612 INFO AVS_ZohoIntegration.Program - Website: 
2026-07-28 14:53:57,612 INFO AVS_ZohoIntegration.Program - Billing_Street: 
2026-07-28 14:53:57,612 INFO AVS_ZohoIntegration.Program - Billing_City: 
2026-07-28 14:53:57,612 INFO AVS_ZohoIntegration.Program - Billing_State: 
2026-07-28 14:53:57,613 INFO AVS_ZohoIntegration.Program - Billing_Code: 
2026-07-28 14:53:57,613 INFO AVS_ZohoIntegration.Program - Billing_Country: 
2026-07-28 14:53:57,613 INFO AVS_ZohoIntegration.Program - Shipping_Street: 
2026-07-28 14:53:57,614 INFO AVS_ZohoIntegration.Program - Shipping_City: 
2026-07-28 14:53:57,614 INFO AVS_ZohoIntegration.Program - Shipping_State: 
2026-07-28 14:53:57,614 INFO AVS_ZohoIntegration.Program - Shipping_Code: 
2026-07-28 14:53:57,614 INFO AVS_ZohoIntegration.Program - Shipping_Country: 
2026-07-28 14:53:57,614 INFO AVS_ZohoIntegration.Program - * Procesando resultado: 22 *
2026-07-28 14:53:57,615 INFO AVS_ZohoIntegration.Program - Cliente_SAP: PRAVS01
2026-07-28 14:53:57,615 INFO AVS_ZohoIntegration.Program - Account_Name: Prueba curso SL
2026-07-28 14:53:57,615 INFO AVS_ZohoIntegration.Program - Phone: 
2026-07-28 14:53:57,616 INFO AVS_ZohoIntegration.Program - Website: 
2026-07-28 14:53:57,617 INFO AVS_ZohoIntegration.Program - Billing_Street: 
2026-07-28 14:53:57,617 INFO AVS_ZohoIntegration.Program - Billing_City: 
2026-07-28 14:53:57,617 INFO AVS_ZohoIntegration.Program - Billing_State: 
2026-07-28 14:53:57,617 INFO AVS_ZohoIntegration.Program - Billing_Code: 
2026-07-28 14:53:57,617 INFO AVS_ZohoIntegration.Program - Billing_Country: 
2026-07-28 14:53:57,617 INFO AVS_ZohoIntegration.Program - Shipping_Street: 
2026-07-28 14:53:57,617 INFO AVS_ZohoIntegration.Program - Shipping_City: 
2026-07-28 14:53:57,617 INFO AVS_ZohoIntegration.Program - Shipping_State: 
2026-07-28 14:53:57,617 INFO AVS_ZohoIntegration.Program - Shipping_Code: 
2026-07-28 14:53:57,617 INFO AVS_ZohoIntegration.Program - Shipping_Country: 
2026-07-28 14:53:57,617 INFO AVS_ZohoIntegration.Program - * Consultando sub-entidad [Owner] para OCRD...
2026-07-28 14:53:57,667 INFO AVS_ZohoIntegration.Program - Se han obtenido 22 resultados pendientes de procesar.
2026-07-28 14:53:57,667 INFO AVS_ZohoIntegration.Program - * Procesando resultado: 1 *
2026-07-28 14:53:57,667 INFO AVS_ZohoIntegration.Program - id: -1
2026-07-28 14:53:57,667 INFO AVS_ZohoIntegration.Program - Cliente_SAP: C1111
2026-07-28 14:53:57,667 INFO AVS_ZohoIntegration.Program - * Procesando resultado: 2 *
2026-07-28 14:53:57,667 INFO AVS_ZohoIntegration.Program - id: -1
2026-07-28 14:53:57,667 INFO AVS_ZohoIntegration.Program - Cliente_SAP: C12345
2026-07-28 14:53:57,667 INFO AVS_ZohoIntegration.Program - * Procesando resultado: 3 *
2026-07-28 14:53:57,667 INFO AVS_ZohoIntegration.Program - id: -1
2026-07-28 14:53:57,667 INFO AVS_ZohoIntegration.Program - Cliente_SAP: C123456
2026-07-28 14:53:57,667 INFO AVS_ZohoIntegration.Program - * Procesando resultado: 4 *
2026-07-28 14:53:57,667 INFO AVS_ZohoIntegration.Program - id: 1
2026-07-28 14:53:57,667 INFO AVS_ZohoIntegration.Program - Cliente_SAP: C20000
2026-07-28 14:53:57,667 INFO AVS_ZohoIntegration.Program - * Procesando resultado: 5 *
2026-07-28 14:53:57,667 INFO AVS_ZohoIntegration.Program - id: 4
2026-07-28 14:53:57,667 INFO AVS_ZohoIntegration.Program - Cliente_SAP: C23900
2026-07-28 14:53:57,667 INFO AVS_ZohoIntegration.Program - * Procesando resultado: 6 *
2026-07-28 14:53:57,667 INFO AVS_ZohoIntegration.Program - id: 1
2026-07-28 14:53:57,667 INFO AVS_ZohoIntegration.Program - Cliente_SAP: C25000
2026-07-28 14:53:57,667 INFO AVS_ZohoIntegration.Program - * Procesando resultado: 7 *
2026-07-28 14:53:57,667 INFO AVS_ZohoIntegration.Program - id: 1
2026-07-28 14:53:57,667 INFO AVS_ZohoIntegration.Program - Cliente_SAP: C26000
2026-07-28 14:53:57,667 INFO AVS_ZohoIntegration.Program - * Procesando resultado: 8 *
2026-07-28 14:53:57,667 INFO AVS_ZohoIntegration.Program - id: 2
2026-07-28 14:53:57,667 INFO AVS_ZohoIntegration.Program - Cliente_SAP: C30000
2026-07-28 14:53:57,667 INFO AVS_ZohoIntegration.Program - * Procesando resultado: 9 *
2026-07-28 14:53:57,667 INFO AVS_ZohoIntegration.Program - id: 3
2026-07-28 14:53:57,667 INFO AVS_ZohoIntegration.Program - Cliente_SAP: C40000
2026-07-28 14:53:57,667 INFO AVS_ZohoIntegration.Program - * Procesando resultado: 10 *
2026-07-28 14:53:57,667 INFO AVS_ZohoIntegration.Program - id: 5
2026-07-28 14:53:57,667 INFO AVS_ZohoIntegration.Program - Cliente_SAP: C42000
2026-07-28 14:53:57,667 INFO AVS_ZohoIntegration.Program - * Procesando resultado: 11 *
2026-07-28 14:53:57,667 INFO AVS_ZohoIntegration.Program - id: 2
2026-07-28 14:53:57,667 INFO AVS_ZohoIntegration.Program - Cliente_SAP: C50000
2026-07-28 14:53:57,667 INFO AVS_ZohoIntegration.Program - * Procesando resultado: 12 *
2026-07-28 14:53:57,678 INFO AVS_ZohoIntegration.Program - id: 5
2026-07-28 14:53:57,678 INFO AVS_ZohoIntegration.Program - Cliente_SAP: C60000
2026-07-28 14:53:57,678 INFO AVS_ZohoIntegration.Program - * Procesando resultado: 13 *
2026-07-28 14:53:57,678 INFO AVS_ZohoIntegration.Program - id: 4
2026-07-28 14:53:57,678 INFO AVS_ZohoIntegration.Program - Cliente_SAP: C70000
2026-07-28 14:53:57,678 INFO AVS_ZohoIntegration.Program - * Procesando resultado: 14 *
2026-07-28 14:53:57,678 INFO AVS_ZohoIntegration.Program - id: 1
2026-07-28 14:53:57,678 INFO AVS_ZohoIntegration.Program - Cliente_SAP: C99998
2026-07-28 14:53:57,678 INFO AVS_ZohoIntegration.Program - * Procesando resultado: 15 *
2026-07-28 14:53:57,678 INFO AVS_ZohoIntegration.Program - id: -1
2026-07-28 14:53:57,678 INFO AVS_ZohoIntegration.Program - Cliente_SAP: CMF0001
2026-07-28 14:53:57,678 INFO AVS_ZohoIntegration.Program - * Procesando resultado: 16 *
2026-07-28 14:53:57,678 INFO AVS_ZohoIntegration.Program - id: -1
2026-07-28 14:53:57,678 INFO AVS_ZohoIntegration.Program - Cliente_SAP: CMF0002
2026-07-28 14:53:57,683 INFO AVS_ZohoIntegration.Program - * Procesando resultado: 17 *
2026-07-28 14:53:57,684 INFO AVS_ZohoIntegration.Program - id: -1
2026-07-28 14:53:57,684 INFO AVS_ZohoIntegration.Program - Cliente_SAP: CMF0003
2026-07-28 14:53:57,685 INFO AVS_ZohoIntegration.Program - * Procesando resultado: 18 *
2026-07-28 14:53:57,685 INFO AVS_ZohoIntegration.Program - id: -1
2026-07-28 14:53:57,685 INFO AVS_ZohoIntegration.Program - Cliente_SAP: CMF0004
2026-07-28 14:53:57,685 INFO AVS_ZohoIntegration.Program - * Procesando resultado: 19 *
2026-07-28 14:53:57,685 INFO AVS_ZohoIntegration.Program - id: -1
2026-07-28 14:53:57,685 INFO AVS_ZohoIntegration.Program - Cliente_SAP: CMF0005
2026-07-28 14:53:57,687 INFO AVS_ZohoIntegration.Program - * Procesando resultado: 20 *
2026-07-28 14:53:57,687 INFO AVS_ZohoIntegration.Program - id: -1
2026-07-28 14:53:57,687 INFO AVS_ZohoIntegration.Program - Cliente_SAP: CSL0002
2026-07-28 14:53:57,687 INFO AVS_ZohoIntegration.Program - * Procesando resultado: 21 *
2026-07-28 14:53:57,687 INFO AVS_ZohoIntegration.Program - id: -1
2026-07-28 14:53:57,687 INFO AVS_ZohoIntegration.Program - Cliente_SAP: PR000336
2026-07-28 14:53:57,687 INFO AVS_ZohoIntegration.Program - * Procesando resultado: 22 *
2026-07-28 14:53:57,689 INFO AVS_ZohoIntegration.Program - id: -1
2026-07-28 14:53:57,689 INFO AVS_ZohoIntegration.Program - Cliente_SAP: PRAVS01
2026-07-28 14:55:09,674 INFO AVS_ZohoIntegration.Program - AVS SFTPSync Version [1.0.0.0]
2026-07-28 14:55:09,687 INFO AVS_ZohoIntegration.Program - Leyendo archivo de configuracion.
2026-07-28 14:55:09,751 INFO AVS_ZohoIntegration.Program - Archivo de configuracion leido correctamente.
2026-07-28 14:55:09,752 DEBUG AVS_ZohoIntegration.Program - **************************************************************************
2026-07-28 14:55:09,753 DEBUG AVS_ZohoIntegration.Program - Ejecutando sincronizacion para: SBODemoMX
2026-07-28 14:55:12,633 DEBUG AVS_ZohoIntegration.Program - Validando licencia...
2026-07-28 14:55:12,633 INFO AVS_ZohoIntegration.Program - Licencia valida.
2026-07-28 14:55:12,633 INFO AVS_ZohoIntegration.Program - Comando recibido: SENDBUSINESSPARTNERS
2026-07-28 14:55:12,633 INFO AVS_ZohoIntegration.Program - Iniciando proceso de envío de socios de negocio...
2026-07-28 14:55:12,638 INFO AVS_ZohoIntegration.Program - *** Obteniendo información de cabecera: Socios de Negocio (OCRD) ***
2026-07-28 14:55:12,866 INFO AVS_ZohoIntegration.Program - Se han obtenido 22 resultados pendientes de procesar.
2026-07-28 14:55:12,866 INFO AVS_ZohoIntegration.Program - * Procesando resultado: 1 *
2026-07-28 14:55:12,866 INFO AVS_ZohoIntegration.Program - Cliente_SAP: C1111
2026-07-28 14:55:12,866 INFO AVS_ZohoIntegration.Program - Account_Name: Cliente Mostrador
2026-07-28 14:55:12,866 INFO AVS_ZohoIntegration.Program - Phone: 
2026-07-28 14:55:12,866 INFO AVS_ZohoIntegration.Program - Website: 
2026-07-28 14:55:12,866 INFO AVS_ZohoIntegration.Program - Billing_Street: 
2026-07-28 14:55:12,866 INFO AVS_ZohoIntegration.Program - Billing_City: 
2026-07-28 14:55:12,866 INFO AVS_ZohoIntegration.Program - Billing_State: 
2026-07-28 14:55:12,866 INFO AVS_ZohoIntegration.Program - Billing_Code: 
2026-07-28 14:55:12,866 INFO AVS_ZohoIntegration.Program - Billing_Country: MX
2026-07-28 14:55:12,866 INFO AVS_ZohoIntegration.Program - Shipping_Street: 
2026-07-28 14:55:12,866 INFO AVS_ZohoIntegration.Program - Shipping_City: 
2026-07-28 14:55:12,866 INFO AVS_ZohoIntegration.Program - Shipping_State: 
2026-07-28 14:55:12,866 INFO AVS_ZohoIntegration.Program - Shipping_Code: 
2026-07-28 14:55:12,866 INFO AVS_ZohoIntegration.Program - Shipping_Country: MX
2026-07-28 14:55:12,866 INFO AVS_ZohoIntegration.Program - * Procesando resultado: 2 *
2026-07-28 14:55:12,866 INFO AVS_ZohoIntegration.Program - Cliente_SAP: C12345
2026-07-28 14:55:12,866 INFO AVS_ZohoIntegration.Program - Account_Name: Comercializadora XYZ S.A. de C.V.
2026-07-28 14:55:12,866 INFO AVS_ZohoIntegration.Program - Phone: 
2026-07-28 14:55:12,882 INFO AVS_ZohoIntegration.Program - Website: 
2026-07-28 14:55:12,882 INFO AVS_ZohoIntegration.Program - Billing_Street: Av. Insurgentes Sur
2026-07-28 14:55:12,882 INFO AVS_ZohoIntegration.Program - Billing_City: Ciudad de México
2026-07-28 14:55:12,882 INFO AVS_ZohoIntegration.Program - Billing_State: DF
2026-07-28 14:55:12,882 INFO AVS_ZohoIntegration.Program - Billing_Code: 03100
2026-07-28 14:55:12,882 INFO AVS_ZohoIntegration.Program - Billing_Country: MX
2026-07-28 14:55:12,882 INFO AVS_ZohoIntegration.Program - Shipping_Street: Carretera México-Toluca
2026-07-28 14:55:12,882 INFO AVS_ZohoIntegration.Program - Shipping_City: Toluca
2026-07-28 14:55:12,882 INFO AVS_ZohoIntegration.Program - Shipping_State: MEX
2026-07-28 14:55:12,882 INFO AVS_ZohoIntegration.Program - Shipping_Code: 50000
2026-07-28 14:55:12,882 INFO AVS_ZohoIntegration.Program - Shipping_Country: MX
2026-07-28 14:55:12,882 INFO AVS_ZohoIntegration.Program - * Procesando resultado: 3 *
2026-07-28 14:55:12,882 INFO AVS_ZohoIntegration.Program - Cliente_SAP: C123456
2026-07-28 14:55:12,882 INFO AVS_ZohoIntegration.Program - Account_Name: Comercializadora XYZ S.A. de C.V.
2026-07-28 14:55:12,882 INFO AVS_ZohoIntegration.Program - Phone: 
2026-07-28 14:55:12,882 INFO AVS_ZohoIntegration.Program - Website: 
2026-07-28 14:55:12,882 INFO AVS_ZohoIntegration.Program - Billing_Street: Av. Insurgentes Sur
2026-07-28 14:55:12,882 INFO AVS_ZohoIntegration.Program - Billing_City: Ciudad de México
2026-07-28 14:55:12,882 INFO AVS_ZohoIntegration.Program - Billing_State: DF
2026-07-28 14:55:12,882 INFO AVS_ZohoIntegration.Program - Billing_Code: 03100
2026-07-28 14:55:12,882 INFO AVS_ZohoIntegration.Program - Billing_Country: MX
2026-07-28 14:55:12,882 INFO AVS_ZohoIntegration.Program - Shipping_Street: Carretera México-Toluca
2026-07-28 14:55:12,882 INFO AVS_ZohoIntegration.Program - Shipping_City: Toluca
2026-07-28 14:55:12,882 INFO AVS_ZohoIntegration.Program - Shipping_State: MEX
2026-07-28 14:55:12,882 INFO AVS_ZohoIntegration.Program - Shipping_Code: 50000
2026-07-28 14:55:12,882 INFO AVS_ZohoIntegration.Program - Shipping_Country: MX
2026-07-28 14:55:12,892 INFO AVS_ZohoIntegration.Program - * Procesando resultado: 4 *
2026-07-28 14:55:12,892 INFO AVS_ZohoIntegration.Program - Cliente_SAP: C20000
2026-07-28 14:55:12,892 INFO AVS_ZohoIntegration.Program - Account_Name: Maxi-Teq
2026-07-28 14:55:12,892 INFO AVS_ZohoIntegration.Program - Phone: +52 (55) 5565-9032
2026-07-28 14:55:12,892 INFO AVS_ZohoIntegration.Program - Website: www.maxi-teq.sap.com
2026-07-28 14:55:12,892 INFO AVS_ZohoIntegration.Program - Billing_Street: 300 Billings Drive
2026-07-28 14:55:12,892 INFO AVS_ZohoIntegration.Program - Billing_City: 
2026-07-28 14:55:12,894 INFO AVS_ZohoIntegration.Program - Billing_State: DF
2026-07-28 14:55:12,894 INFO AVS_ZohoIntegration.Program - Billing_Code: 19083
2026-07-28 14:55:12,894 INFO AVS_ZohoIntegration.Program - Billing_Country: MX
2026-07-28 14:55:12,894 INFO AVS_ZohoIntegration.Program - Shipping_Street: 300 Billings Drive
2026-07-28 14:55:12,894 INFO AVS_ZohoIntegration.Program - Shipping_City: Mexico D.F.
2026-07-28 14:55:12,894 INFO AVS_ZohoIntegration.Program - Shipping_State: DF
2026-07-28 14:55:12,894 INFO AVS_ZohoIntegration.Program - Shipping_Code: 19083
2026-07-28 14:55:12,894 INFO AVS_ZohoIntegration.Program - Shipping_Country: MX
2026-07-28 14:55:12,894 INFO AVS_ZohoIntegration.Program - * Procesando resultado: 5 *
2026-07-28 14:55:12,894 INFO AVS_ZohoIntegration.Program - Cliente_SAP: C23900
2026-07-28 14:55:12,894 INFO AVS_ZohoIntegration.Program - Account_Name: Parameter Technology
2026-07-28 14:55:12,894 INFO AVS_ZohoIntegration.Program - Phone: +52 (55)  5654-7633
2026-07-28 14:55:12,894 INFO AVS_ZohoIntegration.Program - Website: www.parameter.sap.com
2026-07-28 14:55:12,894 INFO AVS_ZohoIntegration.Program - Billing_Street: 908 Darby Road
2026-07-28 14:55:12,894 INFO AVS_ZohoIntegration.Program - Billing_City: Mexico D.F.
2026-07-28 14:55:12,898 INFO AVS_ZohoIntegration.Program - Billing_State: DF
2026-07-28 14:55:12,898 INFO AVS_ZohoIntegration.Program - Billing_Code: 19083
2026-07-28 14:55:12,898 INFO AVS_ZohoIntegration.Program - Billing_Country: MX
2026-07-28 14:55:12,898 INFO AVS_ZohoIntegration.Program - Shipping_Street: 908 Darby Road
2026-07-28 14:55:12,900 INFO AVS_ZohoIntegration.Program - Shipping_City: Mexico D.F.
2026-07-28 14:55:12,901 INFO AVS_ZohoIntegration.Program - Shipping_State: DF
2026-07-28 14:55:12,901 INFO AVS_ZohoIntegration.Program - Shipping_Code: 19083
2026-07-28 14:55:12,902 INFO AVS_ZohoIntegration.Program - Shipping_Country: MX
2026-07-28 14:55:12,902 INFO AVS_ZohoIntegration.Program - * Procesando resultado: 6 *
2026-07-28 14:55:12,902 INFO AVS_ZohoIntegration.Program - Cliente_SAP: C25000
2026-07-28 14:55:12,903 INFO AVS_ZohoIntegration.Program - Account_Name: Star Company
2026-07-28 14:55:12,903 INFO AVS_ZohoIntegration.Program - Phone: 00421 2 582 56 33
2026-07-28 14:55:12,903 INFO AVS_ZohoIntegration.Program - Website: www.starcompa.eu
2026-07-28 14:55:12,903 INFO AVS_ZohoIntegration.Program - Billing_Street: Plynarenska
2026-07-28 14:55:12,904 INFO AVS_ZohoIntegration.Program - Billing_City: Bratislava
2026-07-28 14:55:12,904 INFO AVS_ZohoIntegration.Program - Billing_State: 
2026-07-28 14:55:12,904 INFO AVS_ZohoIntegration.Program - Billing_Code: 821 09
2026-07-28 14:55:12,904 INFO AVS_ZohoIntegration.Program - Billing_Country: SK
2026-07-28 14:55:12,905 INFO AVS_ZohoIntegration.Program - Shipping_Street: Plynarenska
2026-07-28 14:55:12,905 INFO AVS_ZohoIntegration.Program - Shipping_City: Bratislava
2026-07-28 14:55:12,905 INFO AVS_ZohoIntegration.Program - Shipping_State: 
2026-07-28 14:55:12,905 INFO AVS_ZohoIntegration.Program - Shipping_Code: 821 09
2026-07-28 14:55:12,906 INFO AVS_ZohoIntegration.Program - Shipping_Country: SK
2026-07-28 14:55:12,906 INFO AVS_ZohoIntegration.Program - * Procesando resultado: 7 *
2026-07-28 14:55:12,907 INFO AVS_ZohoIntegration.Program - Cliente_SAP: C26000
2026-07-28 14:55:12,907 INFO AVS_ZohoIntegration.Program - Account_Name: River Inc
2026-07-28 14:55:12,907 INFO AVS_ZohoIntegration.Program - Phone: 0044 161 869 9000
2026-07-28 14:55:12,907 INFO AVS_ZohoIntegration.Program - Website: www.riveri.co.uk
2026-07-28 14:55:12,908 INFO AVS_ZohoIntegration.Program - Billing_Street: United Rd
2026-07-28 14:55:12,908 INFO AVS_ZohoIntegration.Program - Billing_City: Manchester
2026-07-28 14:55:12,908 INFO AVS_ZohoIntegration.Program - Billing_State: 
2026-07-28 14:55:12,908 INFO AVS_ZohoIntegration.Program - Billing_Code: M16 0RA
2026-07-28 14:55:12,908 INFO AVS_ZohoIntegration.Program - Billing_Country: GB
2026-07-28 14:55:12,908 INFO AVS_ZohoIntegration.Program - Shipping_Street: United Rd
2026-07-28 14:55:12,910 INFO AVS_ZohoIntegration.Program - Shipping_City: Manchester
2026-07-28 14:55:12,910 INFO AVS_ZohoIntegration.Program - Shipping_State: 
2026-07-28 14:55:12,910 INFO AVS_ZohoIntegration.Program - Shipping_Code: M16 0RA
2026-07-28 14:55:12,911 INFO AVS_ZohoIntegration.Program - Shipping_Country: GB
2026-07-28 14:55:12,911 INFO AVS_ZohoIntegration.Program - * Procesando resultado: 8 *
2026-07-28 14:55:12,911 INFO AVS_ZohoIntegration.Program - Cliente_SAP: C30000
2026-07-28 14:55:12,911 INFO AVS_ZohoIntegration.Program - Account_Name: Microchips
2026-07-28 14:55:12,912 INFO AVS_ZohoIntegration.Program - Phone: +52 (55) 5345-9000
2026-07-28 14:55:12,912 INFO AVS_ZohoIntegration.Program - Website: www.microchips.sap.com
2026-07-28 14:55:12,912 INFO AVS_ZohoIntegration.Program - Billing_Street: 45th Street
2026-07-28 14:55:12,912 INFO AVS_ZohoIntegration.Program - Billing_City: Mexico D.F.
2026-07-28 14:55:12,912 INFO AVS_ZohoIntegration.Program - Billing_State: DF
2026-07-28 14:55:12,913 INFO AVS_ZohoIntegration.Program - Billing_Code: 10010
2026-07-28 14:55:12,913 INFO AVS_ZohoIntegration.Program - Billing_Country: MX
2026-07-28 14:55:12,913 INFO AVS_ZohoIntegration.Program - Shipping_Street: 5th Ave
2026-07-28 14:55:12,913 INFO AVS_ZohoIntegration.Program - Shipping_City: Mexico D.F.
2026-07-28 14:55:12,914 INFO AVS_ZohoIntegration.Program - Shipping_State: DF
2026-07-28 14:55:12,914 INFO AVS_ZohoIntegration.Program - Shipping_Code: 10005
2026-07-28 14:55:12,914 INFO AVS_ZohoIntegration.Program - Shipping_Country: MX
2026-07-28 14:55:12,915 INFO AVS_ZohoIntegration.Program - * Procesando resultado: 9 *
2026-07-28 14:55:12,915 INFO AVS_ZohoIntegration.Program - Cliente_SAP: C40000
2026-07-28 14:55:12,915 INFO AVS_ZohoIntegration.Program - Account_Name: Earthshaker Corporation
2026-07-28 14:55:12,917 INFO AVS_ZohoIntegration.Program - Phone: +52 (55) 5632-3399
2026-07-28 14:55:12,917 INFO AVS_ZohoIntegration.Program - Website: www.earthshaker.sap.com.mx
2026-07-28 14:55:12,918 INFO AVS_ZohoIntegration.Program - Billing_Street: 208 Hollywood Ave
2026-07-28 14:55:12,919 INFO AVS_ZohoIntegration.Program - Billing_City: Mexico D.F.
2026-07-28 14:55:12,919 INFO AVS_ZohoIntegration.Program - Billing_State: DF
2026-07-28 14:55:12,919 INFO AVS_ZohoIntegration.Program - Billing_Code: 95030
2026-07-28 14:55:12,919 INFO AVS_ZohoIntegration.Program - Billing_Country: MX
2026-07-28 14:55:12,920 INFO AVS_ZohoIntegration.Program - Shipping_Street: 208 Hollywood Ave
2026-07-28 14:55:12,920 INFO AVS_ZohoIntegration.Program - Shipping_City: Mexico D.F.
2026-07-28 14:55:12,920 INFO AVS_ZohoIntegration.Program - Shipping_State: DF
2026-07-28 14:55:12,921 INFO AVS_ZohoIntegration.Program - Shipping_Code: 95030
2026-07-28 14:55:12,921 INFO AVS_ZohoIntegration.Program - Shipping_Country: MX
2026-07-28 14:55:12,922 INFO AVS_ZohoIntegration.Program - * Procesando resultado: 10 *
2026-07-28 14:55:12,922 INFO AVS_ZohoIntegration.Program - Cliente_SAP: C42000
2026-07-28 14:55:12,922 INFO AVS_ZohoIntegration.Program - Account_Name: Mashina Corporation
2026-07-28 14:55:12,922 INFO AVS_ZohoIntegration.Program - Phone: +52 (55) 5115-7733
2026-07-28 14:55:12,923 INFO AVS_ZohoIntegration.Program - Website: www.mashina.sap.com.mx
2026-07-28 14:55:12,923 INFO AVS_ZohoIntegration.Program - Billing_Street: 400 Range Road
2026-07-28 14:55:12,923 INFO AVS_ZohoIntegration.Program - Billing_City: Mexico D.F.
2026-07-28 14:55:12,924 INFO AVS_ZohoIntegration.Program - Billing_State: DF
2026-07-28 14:55:12,924 INFO AVS_ZohoIntegration.Program - Billing_Code: 44113
2026-07-28 14:55:12,924 INFO AVS_ZohoIntegration.Program - Billing_Country: MX
2026-07-28 14:55:12,924 INFO AVS_ZohoIntegration.Program - Shipping_Street: 400 Range Road
2026-07-28 14:55:12,924 INFO AVS_ZohoIntegration.Program - Shipping_City: Mexico D.F.
2026-07-28 14:55:12,925 INFO AVS_ZohoIntegration.Program - Shipping_State: DF
2026-07-28 14:55:12,925 INFO AVS_ZohoIntegration.Program - Shipping_Code: 44113
2026-07-28 14:55:12,925 INFO AVS_ZohoIntegration.Program - Shipping_Country: MX
2026-07-28 14:55:12,925 INFO AVS_ZohoIntegration.Program - * Procesando resultado: 11 *
2026-07-28 14:55:12,926 INFO AVS_ZohoIntegration.Program - Cliente_SAP: C50000
2026-07-28 14:55:12,926 INFO AVS_ZohoIntegration.Program - Account_Name: ADA Technologies
2026-07-28 14:55:12,926 INFO AVS_ZohoIntegration.Program - Phone: +52 (55) 5456-9000
2026-07-28 14:55:12,926 INFO AVS_ZohoIntegration.Program - Website: www.ada-tech.sap.com.mx
2026-07-28 14:55:12,926 INFO AVS_ZohoIntegration.Program - Billing_Street: 34 Highway 6
2026-07-28 14:55:12,927 INFO AVS_ZohoIntegration.Program - Billing_City: Mexico D.F.
2026-07-28 14:55:12,927 INFO AVS_ZohoIntegration.Program - Billing_State: DF
2026-07-28 14:55:12,927 INFO AVS_ZohoIntegration.Program - Billing_Code: 3102
2026-07-28 14:55:12,927 INFO AVS_ZohoIntegration.Program - Billing_Country: MX
2026-07-28 14:55:12,927 INFO AVS_ZohoIntegration.Program - Shipping_Street: 34 Highway 6
2026-07-28 14:55:12,927 INFO AVS_ZohoIntegration.Program - Shipping_City: Mexico D.F.
2026-07-28 14:55:12,928 INFO AVS_ZohoIntegration.Program - Shipping_State: DF
2026-07-28 14:55:12,928 INFO AVS_ZohoIntegration.Program - Shipping_Code: 3102
2026-07-28 14:55:12,928 INFO AVS_ZohoIntegration.Program - Shipping_Country: MX
2026-07-28 14:55:12,928 INFO AVS_ZohoIntegration.Program - * Procesando resultado: 12 *
2026-07-28 14:55:12,929 INFO AVS_ZohoIntegration.Program - Cliente_SAP: C60000
2026-07-28 14:55:12,929 INFO AVS_ZohoIntegration.Program - Account_Name: SG Electronics
2026-07-28 14:55:12,929 INFO AVS_ZohoIntegration.Program - Phone: +52 (55) 5980-7723
2026-07-28 14:55:12,930 INFO AVS_ZohoIntegration.Program - Website: www.sg.sap.com.com.mx
2026-07-28 14:55:12,930 INFO AVS_ZohoIntegration.Program - Billing_Street: 67 Grant Ave
2026-07-28 14:55:12,930 INFO AVS_ZohoIntegration.Program - Billing_City: Toronto
2026-07-28 14:55:12,930 INFO AVS_ZohoIntegration.Program - Billing_State: 
2026-07-28 14:55:12,930 INFO AVS_ZohoIntegration.Program - Billing_Code: M4B 1B3
2026-07-28 14:55:12,931 INFO AVS_ZohoIntegration.Program - Billing_Country: CA
2026-07-28 14:55:12,931 INFO AVS_ZohoIntegration.Program - Shipping_Street: 67 Grant Ave
2026-07-28 14:55:12,932 INFO AVS_ZohoIntegration.Program - Shipping_City: DF
2026-07-28 14:55:12,932 INFO AVS_ZohoIntegration.Program - Shipping_State: DF
2026-07-28 14:55:12,933 INFO AVS_ZohoIntegration.Program - Shipping_Code: M4B 1B3
2026-07-28 14:55:12,933 INFO AVS_ZohoIntegration.Program - Shipping_Country: MX
2026-07-28 14:55:12,933 INFO AVS_ZohoIntegration.Program - * Procesando resultado: 13 *
2026-07-28 14:55:12,933 INFO AVS_ZohoIntegration.Program - Cliente_SAP: C70000
2026-07-28 14:55:12,933 INFO AVS_ZohoIntegration.Program - Account_Name: Aquent Systems
2026-07-28 14:55:12,933 INFO AVS_ZohoIntegration.Program - Phone: +52 (81) 5711-6124
2026-07-28 14:55:12,933 INFO AVS_ZohoIntegration.Program - Website: www.aquent-sys.sap.com.mx
2026-07-28 14:55:12,933 INFO AVS_ZohoIntegration.Program - Billing_Street: 123 Kathryn Ave
2026-07-28 14:55:12,933 INFO AVS_ZohoIntegration.Program - Billing_City: Montreal
2026-07-28 14:55:12,933 INFO AVS_ZohoIntegration.Program - Billing_State: 
2026-07-28 14:55:12,933 INFO AVS_ZohoIntegration.Program - Billing_Code: H7B 2A5
2026-07-28 14:55:12,933 INFO AVS_ZohoIntegration.Program - Billing_Country: CA
2026-07-28 14:55:12,933 INFO AVS_ZohoIntegration.Program - Shipping_Street: 123 Kathryn Ave
2026-07-28 14:55:12,933 INFO AVS_ZohoIntegration.Program - Shipping_City: Montreal
2026-07-28 14:55:12,933 INFO AVS_ZohoIntegration.Program - Shipping_State: 
2026-07-28 14:55:12,933 INFO AVS_ZohoIntegration.Program - Shipping_Code: H7B 2A5
2026-07-28 14:55:12,933 INFO AVS_ZohoIntegration.Program - Shipping_Country: CA
2026-07-28 14:55:12,933 INFO AVS_ZohoIntegration.Program - * Procesando resultado: 14 *
2026-07-28 14:55:12,933 INFO AVS_ZohoIntegration.Program - Cliente_SAP: C99998
2026-07-28 14:55:12,933 INFO AVS_ZohoIntegration.Program - Account_Name: Cliente Web
2026-07-28 14:55:12,933 INFO AVS_ZohoIntegration.Program - Phone: 
2026-07-28 14:55:12,933 INFO AVS_ZohoIntegration.Program - Website: 
2026-07-28 14:55:12,933 INFO AVS_ZohoIntegration.Program - Billing_Street: 
2026-07-28 14:55:12,933 INFO AVS_ZohoIntegration.Program - Billing_City: 
2026-07-28 14:55:12,933 INFO AVS_ZohoIntegration.Program - Billing_State: 
2026-07-28 14:55:12,933 INFO AVS_ZohoIntegration.Program - Billing_Code: 
2026-07-28 14:55:12,933 INFO AVS_ZohoIntegration.Program - Billing_Country: 
2026-07-28 14:55:12,933 INFO AVS_ZohoIntegration.Program - Shipping_Street: 
2026-07-28 14:55:12,933 INFO AVS_ZohoIntegration.Program - Shipping_City: 
2026-07-28 14:55:12,933 INFO AVS_ZohoIntegration.Program - Shipping_State: 
2026-07-28 14:55:12,933 INFO AVS_ZohoIntegration.Program - Shipping_Code: 
2026-07-28 14:55:12,933 INFO AVS_ZohoIntegration.Program - Shipping_Country: MX
2026-07-28 14:55:12,933 INFO AVS_ZohoIntegration.Program - * Procesando resultado: 15 *
2026-07-28 14:55:12,933 INFO AVS_ZohoIntegration.Program - Cliente_SAP: CMF0001
2026-07-28 14:55:12,933 INFO AVS_ZohoIntegration.Program - Account_Name: Cliente curso SL
2026-07-28 14:55:12,933 INFO AVS_ZohoIntegration.Program - Phone: 
2026-07-28 14:55:12,933 INFO AVS_ZohoIntegration.Program - Website: 
2026-07-28 14:55:12,933 INFO AVS_ZohoIntegration.Program - Billing_Street: 
2026-07-28 14:55:12,933 INFO AVS_ZohoIntegration.Program - Billing_City: 
2026-07-28 14:55:12,933 INFO AVS_ZohoIntegration.Program - Billing_State: 
2026-07-28 14:55:12,933 INFO AVS_ZohoIntegration.Program - Billing_Code: 
2026-07-28 14:55:12,933 INFO AVS_ZohoIntegration.Program - Billing_Country: 
2026-07-28 14:55:12,933 INFO AVS_ZohoIntegration.Program - Shipping_Street: 
2026-07-28 14:55:12,933 INFO AVS_ZohoIntegration.Program - Shipping_City: 
2026-07-28 14:55:12,933 INFO AVS_ZohoIntegration.Program - Shipping_State: 
2026-07-28 14:55:12,933 INFO AVS_ZohoIntegration.Program - Shipping_Code: 
2026-07-28 14:55:12,933 INFO AVS_ZohoIntegration.Program - Shipping_Country: 
2026-07-28 14:55:12,933 INFO AVS_ZohoIntegration.Program - * Procesando resultado: 16 *
2026-07-28 14:55:12,933 INFO AVS_ZohoIntegration.Program - Cliente_SAP: CMF0002
2026-07-28 14:55:12,933 INFO AVS_ZohoIntegration.Program - Account_Name: Cliente 01
2026-07-28 14:55:12,933 INFO AVS_ZohoIntegration.Program - Phone: 
2026-07-28 14:55:12,933 INFO AVS_ZohoIntegration.Program - Website: 
2026-07-28 14:55:12,933 INFO AVS_ZohoIntegration.Program - Billing_Street: Paseo de lo sauces
2026-07-28 14:55:12,933 INFO AVS_ZohoIntegration.Program - Billing_City: México
2026-07-28 14:55:12,933 INFO AVS_ZohoIntegration.Program - Billing_State: MEX
2026-07-28 14:55:12,933 INFO AVS_ZohoIntegration.Program - Billing_Code: 54130
2026-07-28 14:55:12,933 INFO AVS_ZohoIntegration.Program - Billing_Country: MX
2026-07-28 14:55:12,933 INFO AVS_ZohoIntegration.Program - Shipping_Street: 
2026-07-28 14:55:12,933 INFO AVS_ZohoIntegration.Program - Shipping_City: 
2026-07-28 14:55:12,933 INFO AVS_ZohoIntegration.Program - Shipping_State: 
2026-07-28 14:55:12,933 INFO AVS_ZohoIntegration.Program - Shipping_Code: 
2026-07-28 14:55:12,933 INFO AVS_ZohoIntegration.Program - Shipping_Country: 
2026-07-28 14:55:12,933 INFO AVS_ZohoIntegration.Program - * Procesando resultado: 17 *
2026-07-28 14:55:12,950 INFO AVS_ZohoIntegration.Program - Cliente_SAP: CMF0003
2026-07-28 14:55:12,950 INFO AVS_ZohoIntegration.Program - Account_Name: Cliente Mostrador prueba
2026-07-28 14:55:12,951 INFO AVS_ZohoIntegration.Program - Phone: 
2026-07-28 14:55:12,951 INFO AVS_ZohoIntegration.Program - Website: 
2026-07-28 14:55:12,952 INFO AVS_ZohoIntegration.Program - Billing_Street: 300 Billings Drive
2026-07-28 14:55:12,952 INFO AVS_ZohoIntegration.Program - Billing_City: 
2026-07-28 14:55:12,953 INFO AVS_ZohoIntegration.Program - Billing_State: DF
2026-07-28 14:55:12,953 INFO AVS_ZohoIntegration.Program - Billing_Code: 19083
2026-07-28 14:55:12,953 INFO AVS_ZohoIntegration.Program - Billing_Country: MX
2026-07-28 14:55:12,954 INFO AVS_ZohoIntegration.Program - Shipping_Street: 
2026-07-28 14:55:12,954 INFO AVS_ZohoIntegration.Program - Shipping_City: 
2026-07-28 14:55:12,954 INFO AVS_ZohoIntegration.Program - Shipping_State: 
2026-07-28 14:55:12,954 INFO AVS_ZohoIntegration.Program - Shipping_Code: 
2026-07-28 14:55:12,955 INFO AVS_ZohoIntegration.Program - Shipping_Country: 
2026-07-28 14:55:12,955 INFO AVS_ZohoIntegration.Program - * Procesando resultado: 18 *
2026-07-28 14:55:12,955 INFO AVS_ZohoIntegration.Program - Cliente_SAP: CMF0004
2026-07-28 14:55:12,956 INFO AVS_ZohoIntegration.Program - Account_Name: Empresa Ejemplo 1
2026-07-28 14:55:12,956 INFO AVS_ZohoIntegration.Program - Phone: 5551234567
2026-07-28 14:55:12,956 INFO AVS_ZohoIntegration.Program - Website: 
2026-07-28 14:55:12,956 INFO AVS_ZohoIntegration.Program - Billing_Street: Calle Secundaria 456
2026-07-28 14:55:12,956 INFO AVS_ZohoIntegration.Program - Billing_City: Monterrey
2026-07-28 14:55:12,957 INFO AVS_ZohoIntegration.Program - Billing_State: NL
2026-07-28 14:55:12,957 INFO AVS_ZohoIntegration.Program - Billing_Code: 67890
2026-07-28 14:55:12,957 INFO AVS_ZohoIntegration.Program - Billing_Country: MX
2026-07-28 14:55:12,958 INFO AVS_ZohoIntegration.Program - Shipping_Street: 
2026-07-28 14:55:12,958 INFO AVS_ZohoIntegration.Program - Shipping_City: 
2026-07-28 14:55:12,958 INFO AVS_ZohoIntegration.Program - Shipping_State: 
2026-07-28 14:55:12,959 INFO AVS_ZohoIntegration.Program - Shipping_Code: 
2026-07-28 14:55:12,959 INFO AVS_ZohoIntegration.Program - Shipping_Country: 
2026-07-28 14:55:12,959 INFO AVS_ZohoIntegration.Program - * Procesando resultado: 19 *
2026-07-28 14:55:12,960 INFO AVS_ZohoIntegration.Program - Cliente_SAP: CMF0005
2026-07-28 14:55:12,960 INFO AVS_ZohoIntegration.Program - Account_Name: Cliente Mostrador 2
2026-07-28 14:55:12,961 INFO AVS_ZohoIntegration.Program - Phone: 
2026-07-28 14:55:12,961 INFO AVS_ZohoIntegration.Program - Website: 
2026-07-28 14:55:12,961 INFO AVS_ZohoIntegration.Program - Billing_Street: 300 Billings Drive
2026-07-28 14:55:12,961 INFO AVS_ZohoIntegration.Program - Billing_City: 
2026-07-28 14:55:12,961 INFO AVS_ZohoIntegration.Program - Billing_State: NAY
2026-07-28 14:55:12,962 INFO AVS_ZohoIntegration.Program - Billing_Code: 19083
2026-07-28 14:55:12,962 INFO AVS_ZohoIntegration.Program - Billing_Country: MX
2026-07-28 14:55:12,962 INFO AVS_ZohoIntegration.Program - Shipping_Street: 
2026-07-28 14:55:12,962 INFO AVS_ZohoIntegration.Program - Shipping_City: 
2026-07-28 14:55:12,962 INFO AVS_ZohoIntegration.Program - Shipping_State: 
2026-07-28 14:55:12,963 INFO AVS_ZohoIntegration.Program - Shipping_Code: 
2026-07-28 14:55:12,963 INFO AVS_ZohoIntegration.Program - Shipping_Country: 
2026-07-28 14:55:12,963 INFO AVS_ZohoIntegration.Program - * Procesando resultado: 20 *
2026-07-28 14:55:12,963 INFO AVS_ZohoIntegration.Program - Cliente_SAP: CSL0002
2026-07-28 14:55:12,963 INFO AVS_ZohoIntegration.Program - Account_Name: Cliente curso SL
2026-07-28 14:55:12,964 INFO AVS_ZohoIntegration.Program - Phone: 
2026-07-28 14:55:12,964 INFO AVS_ZohoIntegration.Program - Website: 
2026-07-28 14:55:12,964 INFO AVS_ZohoIntegration.Program - Billing_Street: 
2026-07-28 14:55:12,964 INFO AVS_ZohoIntegration.Program - Billing_City: 
2026-07-28 14:55:12,964 INFO AVS_ZohoIntegration.Program - Billing_State: 
2026-07-28 14:55:12,965 INFO AVS_ZohoIntegration.Program - Billing_Code: 
2026-07-28 14:55:12,965 INFO AVS_ZohoIntegration.Program - Billing_Country: 
2026-07-28 14:55:12,965 INFO AVS_ZohoIntegration.Program - Shipping_Street: 
2026-07-28 14:55:12,967 INFO AVS_ZohoIntegration.Program - Shipping_City: 
2026-07-28 14:55:12,967 INFO AVS_ZohoIntegration.Program - Shipping_State: 
2026-07-28 14:55:12,968 INFO AVS_ZohoIntegration.Program - Shipping_Code: 
2026-07-28 14:55:12,968 INFO AVS_ZohoIntegration.Program - Shipping_Country: 
2026-07-28 14:55:12,968 INFO AVS_ZohoIntegration.Program - * Procesando resultado: 21 *
2026-07-28 14:55:12,968 INFO AVS_ZohoIntegration.Program - Cliente_SAP: PR000336
2026-07-28 14:55:12,968 INFO AVS_ZohoIntegration.Program - Account_Name: Cliente Beluga
2026-07-28 14:55:12,969 INFO AVS_ZohoIntegration.Program - Phone: 
2026-07-28 14:55:12,969 INFO AVS_ZohoIntegration.Program - Website: 
2026-07-28 14:55:12,969 INFO AVS_ZohoIntegration.Program - Billing_Street: 
2026-07-28 14:55:12,970 INFO AVS_ZohoIntegration.Program - Billing_City: 
2026-07-28 14:55:12,970 INFO AVS_ZohoIntegration.Program - Billing_State: 
2026-07-28 14:55:12,971 INFO AVS_ZohoIntegration.Program - Billing_Code: 
2026-07-28 14:55:12,971 INFO AVS_ZohoIntegration.Program - Billing_Country: 
2026-07-28 14:55:12,971 INFO AVS_ZohoIntegration.Program - Shipping_Street: 
2026-07-28 14:55:12,971 INFO AVS_ZohoIntegration.Program - Shipping_City: 
2026-07-28 14:55:12,971 INFO AVS_ZohoIntegration.Program - Shipping_State: 
2026-07-28 14:55:12,972 INFO AVS_ZohoIntegration.Program - Shipping_Code: 
2026-07-28 14:55:12,972 INFO AVS_ZohoIntegration.Program - Shipping_Country: 
2026-07-28 14:55:12,972 INFO AVS_ZohoIntegration.Program - * Procesando resultado: 22 *
2026-07-28 14:55:12,972 INFO AVS_ZohoIntegration.Program - Cliente_SAP: PRAVS01
2026-07-28 14:55:12,973 INFO AVS_ZohoIntegration.Program - Account_Name: Prueba curso SL
2026-07-28 14:55:12,973 INFO AVS_ZohoIntegration.Program - Phone: 
2026-07-28 14:55:12,973 INFO AVS_ZohoIntegration.Program - Website: 
2026-07-28 14:55:12,973 INFO AVS_ZohoIntegration.Program - Billing_Street: 
2026-07-28 14:55:12,974 INFO AVS_ZohoIntegration.Program - Billing_City: 
2026-07-28 14:55:12,974 INFO AVS_ZohoIntegration.Program - Billing_State: 
2026-07-28 14:55:12,975 INFO AVS_ZohoIntegration.Program - Billing_Code: 
2026-07-28 14:55:12,975 INFO AVS_ZohoIntegration.Program - Billing_Country: 
2026-07-28 14:55:12,975 INFO AVS_ZohoIntegration.Program - Shipping_Street: 
2026-07-28 14:55:12,975 INFO AVS_ZohoIntegration.Program - Shipping_City: 
2026-07-28 14:55:12,976 INFO AVS_ZohoIntegration.Program - Shipping_State: 
2026-07-28 14:55:12,976 INFO AVS_ZohoIntegration.Program - Shipping_Code: 
2026-07-28 14:55:12,976 INFO AVS_ZohoIntegration.Program - Shipping_Country: 
2026-07-28 14:55:12,976 INFO AVS_ZohoIntegration.Program - * Consultando sub-entidad [Owner] para OCRD...
2026-07-28 14:55:13,026 INFO AVS_ZohoIntegration.Program - Se han obtenido 22 resultados pendientes de procesar.
2026-07-28 14:55:13,026 INFO AVS_ZohoIntegration.Program - * Procesando resultado: 1 *
2026-07-28 14:55:13,027 INFO AVS_ZohoIntegration.Program - id: -1
2026-07-28 14:55:13,027 INFO AVS_ZohoIntegration.Program - * Procesando resultado: 2 *
2026-07-28 14:55:13,027 INFO AVS_ZohoIntegration.Program - id: -1
2026-07-28 14:55:13,029 INFO AVS_ZohoIntegration.Program - * Procesando resultado: 3 *
2026-07-28 14:55:13,029 INFO AVS_ZohoIntegration.Program - id: -1
2026-07-28 14:55:13,029 INFO AVS_ZohoIntegration.Program - * Procesando resultado: 4 *
2026-07-28 14:55:13,030 INFO AVS_ZohoIntegration.Program - id: 1
2026-07-28 14:55:13,030 INFO AVS_ZohoIntegration.Program - * Procesando resultado: 5 *
2026-07-28 14:55:13,030 INFO AVS_ZohoIntegration.Program - id: 4
2026-07-28 14:55:13,031 INFO AVS_ZohoIntegration.Program - * Procesando resultado: 6 *
2026-07-28 14:55:13,031 INFO AVS_ZohoIntegration.Program - id: 1
2026-07-28 14:55:13,032 INFO AVS_ZohoIntegration.Program - * Procesando resultado: 7 *
2026-07-28 14:55:13,032 INFO AVS_ZohoIntegration.Program - id: 1
2026-07-28 14:55:13,032 INFO AVS_ZohoIntegration.Program - * Procesando resultado: 8 *
2026-07-28 14:55:13,033 INFO AVS_ZohoIntegration.Program - id: 2
2026-07-28 14:55:13,033 INFO AVS_ZohoIntegration.Program - * Procesando resultado: 9 *
2026-07-28 14:55:13,034 INFO AVS_ZohoIntegration.Program - id: 3
2026-07-28 14:55:13,034 INFO AVS_ZohoIntegration.Program - * Procesando resultado: 10 *
2026-07-28 14:55:13,034 INFO AVS_ZohoIntegration.Program - id: 5
2026-07-28 14:55:13,034 INFO AVS_ZohoIntegration.Program - * Procesando resultado: 11 *
2026-07-28 14:55:13,036 INFO AVS_ZohoIntegration.Program - id: 2
2026-07-28 14:55:13,036 INFO AVS_ZohoIntegration.Program - * Procesando resultado: 12 *
2026-07-28 14:55:13,036 INFO AVS_ZohoIntegration.Program - id: 5
2026-07-28 14:55:13,036 INFO AVS_ZohoIntegration.Program - * Procesando resultado: 13 *
2026-07-28 14:55:13,036 INFO AVS_ZohoIntegration.Program - id: 4
2026-07-28 14:55:13,037 INFO AVS_ZohoIntegration.Program - * Procesando resultado: 14 *
2026-07-28 14:55:13,037 INFO AVS_ZohoIntegration.Program - id: 1
2026-07-28 14:55:13,037 INFO AVS_ZohoIntegration.Program - * Procesando resultado: 15 *
2026-07-28 14:55:13,038 INFO AVS_ZohoIntegration.Program - id: -1
2026-07-28 14:55:13,038 INFO AVS_ZohoIntegration.Program - * Procesando resultado: 16 *
2026-07-28 14:55:13,039 INFO AVS_ZohoIntegration.Program - id: -1
2026-07-28 14:55:13,039 INFO AVS_ZohoIntegration.Program - * Procesando resultado: 17 *
2026-07-28 14:55:13,039 INFO AVS_ZohoIntegration.Program - id: -1
2026-07-28 14:55:13,039 INFO AVS_ZohoIntegration.Program - * Procesando resultado: 18 *
2026-07-28 14:55:13,041 INFO AVS_ZohoIntegration.Program - id: -1
2026-07-28 14:55:13,041 INFO AVS_ZohoIntegration.Program - * Procesando resultado: 19 *
2026-07-28 14:55:13,041 INFO AVS_ZohoIntegration.Program - id: -1
2026-07-28 14:55:13,041 INFO AVS_ZohoIntegration.Program - * Procesando resultado: 20 *
2026-07-28 14:55:13,041 INFO AVS_ZohoIntegration.Program - id: -1
2026-07-28 14:55:13,042 INFO AVS_ZohoIntegration.Program - * Procesando resultado: 21 *
2026-07-28 14:55:13,042 INFO AVS_ZohoIntegration.Program - id: -1
2026-07-28 14:55:13,042 INFO AVS_ZohoIntegration.Program - * Procesando resultado: 22 *
2026-07-28 14:55:13,043 INFO AVS_ZohoIntegration.Program - id: -1
2026-07-28 14:57:26,779 INFO AVS_ZohoIntegration.Program - AVS SFTPSync Version [1.0.0.0]
2026-07-28 14:57:26,807 INFO AVS_ZohoIntegration.Program - Leyendo archivo de configuracion.
2026-07-28 14:57:26,954 INFO AVS_ZohoIntegration.Program - Archivo de configuracion leido correctamente.
2026-07-28 14:57:26,956 DEBUG AVS_ZohoIntegration.Program - **************************************************************************
2026-07-28 14:57:26,957 DEBUG AVS_ZohoIntegration.Program - Ejecutando sincronizacion para: SBODemoMX
2026-07-28 14:57:30,386 DEBUG AVS_ZohoIntegration.Program - Validando licencia...
2026-07-28 14:57:30,395 INFO AVS_ZohoIntegration.Program - Licencia valida.
2026-07-28 14:57:30,395 INFO AVS_ZohoIntegration.Program - Comando recibido: SENDBUSINESSPARTNERS
2026-07-28 14:57:30,395 INFO AVS_ZohoIntegration.Program - Iniciando proceso de envío de socios de negocio...
2026-07-28 14:57:30,400 INFO AVS_ZohoIntegration.Program - *** Obteniendo información de cabecera: Socios de Negocio (OCRD) ***
2026-07-28 14:57:30,676 INFO AVS_ZohoIntegration.Program - Se han obtenido 22 resultados pendientes de procesar.
2026-07-28 14:57:30,677 INFO AVS_ZohoIntegration.Program - * Procesando resultado: 1 *
2026-07-28 14:57:30,678 INFO AVS_ZohoIntegration.Program - Cliente_SAP: C1111
2026-07-28 14:57:30,678 INFO AVS_ZohoIntegration.Program - Account_Name: Cliente Mostrador
2026-07-28 14:57:30,679 INFO AVS_ZohoIntegration.Program - Phone: 
2026-07-28 14:57:30,679 INFO AVS_ZohoIntegration.Program - Website: 
2026-07-28 14:57:30,679 INFO AVS_ZohoIntegration.Program - Billing_Street: 
2026-07-28 14:57:30,680 INFO AVS_ZohoIntegration.Program - Billing_City: 
2026-07-28 14:57:30,680 INFO AVS_ZohoIntegration.Program - Billing_State: 
2026-07-28 14:57:30,680 INFO AVS_ZohoIntegration.Program - Billing_Code: 
2026-07-28 14:57:30,681 INFO AVS_ZohoIntegration.Program - Billing_Country: MX
2026-07-28 14:57:30,682 INFO AVS_ZohoIntegration.Program - Shipping_Street: 
2026-07-28 14:57:30,682 INFO AVS_ZohoIntegration.Program - Shipping_City: 
2026-07-28 14:57:30,682 INFO AVS_ZohoIntegration.Program - Shipping_State: 
2026-07-28 14:57:30,683 INFO AVS_ZohoIntegration.Program - Shipping_Code: 
2026-07-28 14:57:30,683 INFO AVS_ZohoIntegration.Program - Shipping_Country: MX
2026-07-28 14:57:30,683 INFO AVS_ZohoIntegration.Program - * Procesando resultado: 2 *
2026-07-28 14:57:30,683 INFO AVS_ZohoIntegration.Program - Cliente_SAP: C12345
2026-07-28 14:57:30,684 INFO AVS_ZohoIntegration.Program - Account_Name: Comercializadora XYZ S.A. de C.V.
2026-07-28 14:57:30,684 INFO AVS_ZohoIntegration.Program - Phone: 
2026-07-28 14:57:30,684 INFO AVS_ZohoIntegration.Program - Website: 
2026-07-28 14:57:30,684 INFO AVS_ZohoIntegration.Program - Billing_Street: Av. Insurgentes Sur
2026-07-28 14:57:30,684 INFO AVS_ZohoIntegration.Program - Billing_City: Ciudad de México
2026-07-28 14:57:30,684 INFO AVS_ZohoIntegration.Program - Billing_State: DF
2026-07-28 14:57:30,684 INFO AVS_ZohoIntegration.Program - Billing_Code: 03100
2026-07-28 14:57:30,684 INFO AVS_ZohoIntegration.Program - Billing_Country: MX
2026-07-28 14:57:30,684 INFO AVS_ZohoIntegration.Program - Shipping_Street: Carretera México-Toluca
2026-07-28 14:57:30,684 INFO AVS_ZohoIntegration.Program - Shipping_City: Toluca
2026-07-28 14:57:30,684 INFO AVS_ZohoIntegration.Program - Shipping_State: MEX
2026-07-28 14:57:30,689 INFO AVS_ZohoIntegration.Program - Shipping_Code: 50000
2026-07-28 14:57:30,689 INFO AVS_ZohoIntegration.Program - Shipping_Country: MX
2026-07-28 14:57:30,689 INFO AVS_ZohoIntegration.Program - * Procesando resultado: 3 *
2026-07-28 14:57:30,689 INFO AVS_ZohoIntegration.Program - Cliente_SAP: C123456
2026-07-28 14:57:30,689 INFO AVS_ZohoIntegration.Program - Account_Name: Comercializadora XYZ S.A. de C.V.
2026-07-28 14:57:30,689 INFO AVS_ZohoIntegration.Program - Phone: 
2026-07-28 14:57:30,689 INFO AVS_ZohoIntegration.Program - Website: 
2026-07-28 14:57:30,689 INFO AVS_ZohoIntegration.Program - Billing_Street: Av. Insurgentes Sur
2026-07-28 14:57:30,689 INFO AVS_ZohoIntegration.Program - Billing_City: Ciudad de México
2026-07-28 14:57:30,689 INFO AVS_ZohoIntegration.Program - Billing_State: DF
2026-07-28 14:57:30,693 INFO AVS_ZohoIntegration.Program - Billing_Code: 03100
2026-07-28 14:57:30,693 INFO AVS_ZohoIntegration.Program - Billing_Country: MX
2026-07-28 14:57:30,693 INFO AVS_ZohoIntegration.Program - Shipping_Street: Carretera México-Toluca
2026-07-28 14:57:30,693 INFO AVS_ZohoIntegration.Program - Shipping_City: Toluca
2026-07-28 14:57:30,693 INFO AVS_ZohoIntegration.Program - Shipping_State: MEX
2026-07-28 14:57:30,693 INFO AVS_ZohoIntegration.Program - Shipping_Code: 50000
2026-07-28 14:57:30,693 INFO AVS_ZohoIntegration.Program - Shipping_Country: MX
2026-07-28 14:57:30,693 INFO AVS_ZohoIntegration.Program - * Procesando resultado: 4 *
2026-07-28 14:57:30,693 INFO AVS_ZohoIntegration.Program - Cliente_SAP: C20000
2026-07-28 14:57:30,696 INFO AVS_ZohoIntegration.Program - Account_Name: Maxi-Teq
2026-07-28 14:57:30,696 INFO AVS_ZohoIntegration.Program - Phone: +52 (55) 5565-9032
2026-07-28 14:57:30,696 INFO AVS_ZohoIntegration.Program - Website: www.maxi-teq.sap.com
2026-07-28 14:57:30,696 INFO AVS_ZohoIntegration.Program - Billing_Street: 300 Billings Drive
2026-07-28 14:57:30,696 INFO AVS_ZohoIntegration.Program - Billing_City: 
2026-07-28 14:57:30,696 INFO AVS_ZohoIntegration.Program - Billing_State: DF
2026-07-28 14:57:30,696 INFO AVS_ZohoIntegration.Program - Billing_Code: 19083
2026-07-28 14:57:30,696 INFO AVS_ZohoIntegration.Program - Billing_Country: MX
2026-07-28 14:57:30,696 INFO AVS_ZohoIntegration.Program - Shipping_Street: 300 Billings Drive
2026-07-28 14:57:30,696 INFO AVS_ZohoIntegration.Program - Shipping_City: Mexico D.F.
2026-07-28 14:57:30,696 INFO AVS_ZohoIntegration.Program - Shipping_State: DF
2026-07-28 14:57:30,696 INFO AVS_ZohoIntegration.Program - Shipping_Code: 19083
2026-07-28 14:57:30,696 INFO AVS_ZohoIntegration.Program - Shipping_Country: MX
2026-07-28 14:57:30,696 INFO AVS_ZohoIntegration.Program - * Procesando resultado: 5 *
2026-07-28 14:57:30,700 INFO AVS_ZohoIntegration.Program - Cliente_SAP: C23900
2026-07-28 14:57:30,701 INFO AVS_ZohoIntegration.Program - Account_Name: Parameter Technology
2026-07-28 14:57:30,701 INFO AVS_ZohoIntegration.Program - Phone: +52 (55)  5654-7633
2026-07-28 14:57:30,702 INFO AVS_ZohoIntegration.Program - Website: www.parameter.sap.com
2026-07-28 14:57:30,702 INFO AVS_ZohoIntegration.Program - Billing_Street: 908 Darby Road
2026-07-28 14:57:30,702 INFO AVS_ZohoIntegration.Program - Billing_City: Mexico D.F.
2026-07-28 14:57:30,703 INFO AVS_ZohoIntegration.Program - Billing_State: DF
2026-07-28 14:57:30,703 INFO AVS_ZohoIntegration.Program - Billing_Code: 19083
2026-07-28 14:57:30,703 INFO AVS_ZohoIntegration.Program - Billing_Country: MX
2026-07-28 14:57:30,703 INFO AVS_ZohoIntegration.Program - Shipping_Street: 908 Darby Road
2026-07-28 14:57:30,705 INFO AVS_ZohoIntegration.Program - Shipping_City: Mexico D.F.
2026-07-28 14:57:30,706 INFO AVS_ZohoIntegration.Program - Shipping_State: DF
2026-07-28 14:57:30,707 INFO AVS_ZohoIntegration.Program - Shipping_Code: 19083
2026-07-28 14:57:30,708 INFO AVS_ZohoIntegration.Program - Shipping_Country: MX
2026-07-28 14:57:30,708 INFO AVS_ZohoIntegration.Program - * Procesando resultado: 6 *
2026-07-28 14:57:30,708 INFO AVS_ZohoIntegration.Program - Cliente_SAP: C25000
2026-07-28 14:57:30,709 INFO AVS_ZohoIntegration.Program - Account_Name: Star Company
2026-07-28 14:57:30,709 INFO AVS_ZohoIntegration.Program - Phone: 00421 2 582 56 33
2026-07-28 14:57:30,710 INFO AVS_ZohoIntegration.Program - Website: www.starcompa.eu
2026-07-28 14:57:30,711 INFO AVS_ZohoIntegration.Program - Billing_Street: Plynarenska
2026-07-28 14:57:30,711 INFO AVS_ZohoIntegration.Program - Billing_City: Bratislava
2026-07-28 14:57:30,712 INFO AVS_ZohoIntegration.Program - Billing_State: 
2026-07-28 14:57:30,712 INFO AVS_ZohoIntegration.Program - Billing_Code: 821 09
2026-07-28 14:57:30,713 INFO AVS_ZohoIntegration.Program - Billing_Country: SK
2026-07-28 14:57:30,713 INFO AVS_ZohoIntegration.Program - Shipping_Street: Plynarenska
2026-07-28 14:57:30,713 INFO AVS_ZohoIntegration.Program - Shipping_City: Bratislava
2026-07-28 14:57:30,714 INFO AVS_ZohoIntegration.Program - Shipping_State: 
2026-07-28 14:57:30,715 INFO AVS_ZohoIntegration.Program - Shipping_Code: 821 09
2026-07-28 14:57:30,717 INFO AVS_ZohoIntegration.Program - Shipping_Country: SK
2026-07-28 14:57:30,718 INFO AVS_ZohoIntegration.Program - * Procesando resultado: 7 *
2026-07-28 14:57:30,720 INFO AVS_ZohoIntegration.Program - Cliente_SAP: C26000
2026-07-28 14:57:30,720 INFO AVS_ZohoIntegration.Program - Account_Name: River Inc
2026-07-28 14:57:30,721 INFO AVS_ZohoIntegration.Program - Phone: 0044 161 869 9000
2026-07-28 14:57:30,721 INFO AVS_ZohoIntegration.Program - Website: www.riveri.co.uk
2026-07-28 14:57:30,722 INFO AVS_ZohoIntegration.Program - Billing_Street: United Rd
2026-07-28 14:57:30,723 INFO AVS_ZohoIntegration.Program - Billing_City: Manchester
2026-07-28 14:57:30,723 INFO AVS_ZohoIntegration.Program - Billing_State: 
2026-07-28 14:57:30,724 INFO AVS_ZohoIntegration.Program - Billing_Code: M16 0RA
2026-07-28 14:57:30,724 INFO AVS_ZohoIntegration.Program - Billing_Country: GB
2026-07-28 14:57:30,725 INFO AVS_ZohoIntegration.Program - Shipping_Street: United Rd
2026-07-28 14:57:30,725 INFO AVS_ZohoIntegration.Program - Shipping_City: Manchester
2026-07-28 14:57:30,726 INFO AVS_ZohoIntegration.Program - Shipping_State: 
2026-07-28 14:57:30,726 INFO AVS_ZohoIntegration.Program - Shipping_Code: M16 0RA
2026-07-28 14:57:30,727 INFO AVS_ZohoIntegration.Program - Shipping_Country: GB
2026-07-28 14:57:30,727 INFO AVS_ZohoIntegration.Program - * Procesando resultado: 8 *
2026-07-28 14:57:30,727 INFO AVS_ZohoIntegration.Program - Cliente_SAP: C30000
2026-07-28 14:57:30,728 INFO AVS_ZohoIntegration.Program - Account_Name: Microchips
2026-07-28 14:57:30,728 INFO AVS_ZohoIntegration.Program - Phone: +52 (55) 5345-9000
2026-07-28 14:57:30,728 INFO AVS_ZohoIntegration.Program - Website: www.microchips.sap.com
2026-07-28 14:57:30,729 INFO AVS_ZohoIntegration.Program - Billing_Street: 45th Street
2026-07-28 14:57:30,729 INFO AVS_ZohoIntegration.Program - Billing_City: Mexico D.F.
2026-07-28 14:57:30,730 INFO AVS_ZohoIntegration.Program - Billing_State: DF
2026-07-28 14:57:30,730 INFO AVS_ZohoIntegration.Program - Billing_Code: 10010
2026-07-28 14:57:30,730 INFO AVS_ZohoIntegration.Program - Billing_Country: MX
2026-07-28 14:57:30,731 INFO AVS_ZohoIntegration.Program - Shipping_Street: 5th Ave
2026-07-28 14:57:30,731 INFO AVS_ZohoIntegration.Program - Shipping_City: Mexico D.F.
2026-07-28 14:57:30,732 INFO AVS_ZohoIntegration.Program - Shipping_State: DF
2026-07-28 14:57:30,733 INFO AVS_ZohoIntegration.Program - Shipping_Code: 10005
2026-07-28 14:57:30,733 INFO AVS_ZohoIntegration.Program - Shipping_Country: MX
2026-07-28 14:57:30,733 INFO AVS_ZohoIntegration.Program - * Procesando resultado: 9 *
2026-07-28 14:57:30,734 INFO AVS_ZohoIntegration.Program - Cliente_SAP: C40000
2026-07-28 14:57:30,734 INFO AVS_ZohoIntegration.Program - Account_Name: Earthshaker Corporation
2026-07-28 14:57:30,735 INFO AVS_ZohoIntegration.Program - Phone: +52 (55) 5632-3399
2026-07-28 14:57:30,735 INFO AVS_ZohoIntegration.Program - Website: www.earthshaker.sap.com.mx
2026-07-28 14:57:30,735 INFO AVS_ZohoIntegration.Program - Billing_Street: 208 Hollywood Ave
2026-07-28 14:57:30,735 INFO AVS_ZohoIntegration.Program - Billing_City: Mexico D.F.
2026-07-28 14:57:30,735 INFO AVS_ZohoIntegration.Program - Billing_State: DF
2026-07-28 14:57:30,735 INFO AVS_ZohoIntegration.Program - Billing_Code: 95030
2026-07-28 14:57:30,735 INFO AVS_ZohoIntegration.Program - Billing_Country: MX
2026-07-28 14:57:30,735 INFO AVS_ZohoIntegration.Program - Shipping_Street: 208 Hollywood Ave
2026-07-28 14:57:30,735 INFO AVS_ZohoIntegration.Program - Shipping_City: Mexico D.F.
2026-07-28 14:57:30,735 INFO AVS_ZohoIntegration.Program - Shipping_State: DF
2026-07-28 14:57:30,735 INFO AVS_ZohoIntegration.Program - Shipping_Code: 95030
2026-07-28 14:57:30,735 INFO AVS_ZohoIntegration.Program - Shipping_Country: MX
2026-07-28 14:57:30,735 INFO AVS_ZohoIntegration.Program - * Procesando resultado: 10 *
2026-07-28 14:57:30,735 INFO AVS_ZohoIntegration.Program - Cliente_SAP: C42000
2026-07-28 14:57:30,735 INFO AVS_ZohoIntegration.Program - Account_Name: Mashina Corporation
2026-07-28 14:57:30,735 INFO AVS_ZohoIntegration.Program - Phone: +52 (55) 5115-7733
2026-07-28 14:57:30,735 INFO AVS_ZohoIntegration.Program - Website: www.mashina.sap.com.mx
2026-07-28 14:57:30,735 INFO AVS_ZohoIntegration.Program - Billing_Street: 400 Range Road
2026-07-28 14:57:30,735 INFO AVS_ZohoIntegration.Program - Billing_City: Mexico D.F.
2026-07-28 14:57:30,735 INFO AVS_ZohoIntegration.Program - Billing_State: DF
2026-07-28 14:57:30,735 INFO AVS_ZohoIntegration.Program - Billing_Code: 44113
2026-07-28 14:57:30,735 INFO AVS_ZohoIntegration.Program - Billing_Country: MX
2026-07-28 14:57:30,735 INFO AVS_ZohoIntegration.Program - Shipping_Street: 400 Range Road
2026-07-28 14:57:30,735 INFO AVS_ZohoIntegration.Program - Shipping_City: Mexico D.F.
2026-07-28 14:57:30,735 INFO AVS_ZohoIntegration.Program - Shipping_State: DF
2026-07-28 14:57:30,735 INFO AVS_ZohoIntegration.Program - Shipping_Code: 44113
2026-07-28 14:57:30,735 INFO AVS_ZohoIntegration.Program - Shipping_Country: MX
2026-07-28 14:57:30,735 INFO AVS_ZohoIntegration.Program - * Procesando resultado: 11 *
2026-07-28 14:57:30,735 INFO AVS_ZohoIntegration.Program - Cliente_SAP: C50000
2026-07-28 14:57:30,735 INFO AVS_ZohoIntegration.Program - Account_Name: ADA Technologies
2026-07-28 14:57:30,735 INFO AVS_ZohoIntegration.Program - Phone: +52 (55) 5456-9000
2026-07-28 14:57:30,735 INFO AVS_ZohoIntegration.Program - Website: www.ada-tech.sap.com.mx
2026-07-28 14:57:30,735 INFO AVS_ZohoIntegration.Program - Billing_Street: 34 Highway 6
2026-07-28 14:57:30,735 INFO AVS_ZohoIntegration.Program - Billing_City: Mexico D.F.
2026-07-28 14:57:30,735 INFO AVS_ZohoIntegration.Program - Billing_State: DF
2026-07-28 14:57:30,735 INFO AVS_ZohoIntegration.Program - Billing_Code: 3102
2026-07-28 14:57:30,748 INFO AVS_ZohoIntegration.Program - Billing_Country: MX
2026-07-28 14:57:30,748 INFO AVS_ZohoIntegration.Program - Shipping_Street: 34 Highway 6
2026-07-28 14:57:30,748 INFO AVS_ZohoIntegration.Program - Shipping_City: Mexico D.F.
2026-07-28 14:57:30,748 INFO AVS_ZohoIntegration.Program - Shipping_State: DF
2026-07-28 14:57:30,748 INFO AVS_ZohoIntegration.Program - Shipping_Code: 3102
2026-07-28 14:57:30,750 INFO AVS_ZohoIntegration.Program - Shipping_Country: MX
2026-07-28 14:57:30,750 INFO AVS_ZohoIntegration.Program - * Procesando resultado: 12 *
2026-07-28 14:57:30,751 INFO AVS_ZohoIntegration.Program - Cliente_SAP: C60000
2026-07-28 14:57:30,752 INFO AVS_ZohoIntegration.Program - Account_Name: SG Electronics
2026-07-28 14:57:30,752 INFO AVS_ZohoIntegration.Program - Phone: +52 (55) 5980-7723
2026-07-28 14:57:30,752 INFO AVS_ZohoIntegration.Program - Website: www.sg.sap.com.com.mx
2026-07-28 14:57:30,752 INFO AVS_ZohoIntegration.Program - Billing_Street: 67 Grant Ave
2026-07-28 14:57:30,752 INFO AVS_ZohoIntegration.Program - Billing_City: Toronto
2026-07-28 14:57:30,752 INFO AVS_ZohoIntegration.Program - Billing_State: 
2026-07-28 14:57:30,752 INFO AVS_ZohoIntegration.Program - Billing_Code: M4B 1B3
2026-07-28 14:57:30,752 INFO AVS_ZohoIntegration.Program - Billing_Country: CA
2026-07-28 14:57:30,752 INFO AVS_ZohoIntegration.Program - Shipping_Street: 67 Grant Ave
2026-07-28 14:57:30,752 INFO AVS_ZohoIntegration.Program - Shipping_City: DF
2026-07-28 14:57:30,752 INFO AVS_ZohoIntegration.Program - Shipping_State: DF
2026-07-28 14:57:30,752 INFO AVS_ZohoIntegration.Program - Shipping_Code: M4B 1B3
2026-07-28 14:57:30,752 INFO AVS_ZohoIntegration.Program - Shipping_Country: MX
2026-07-28 14:57:30,752 INFO AVS_ZohoIntegration.Program - * Procesando resultado: 13 *
2026-07-28 14:57:30,752 INFO AVS_ZohoIntegration.Program - Cliente_SAP: C70000
2026-07-28 14:57:30,759 INFO AVS_ZohoIntegration.Program - Account_Name: Aquent Systems
2026-07-28 14:57:30,759 INFO AVS_ZohoIntegration.Program - Phone: +52 (81) 5711-6124
2026-07-28 14:57:30,759 INFO AVS_ZohoIntegration.Program - Website: www.aquent-sys.sap.com.mx
2026-07-28 14:57:30,759 INFO AVS_ZohoIntegration.Program - Billing_Street: 123 Kathryn Ave
2026-07-28 14:57:30,759 INFO AVS_ZohoIntegration.Program - Billing_City: Montreal
2026-07-28 14:57:30,759 INFO AVS_ZohoIntegration.Program - Billing_State: 
2026-07-28 14:57:30,761 INFO AVS_ZohoIntegration.Program - Billing_Code: H7B 2A5
2026-07-28 14:57:30,761 INFO AVS_ZohoIntegration.Program - Billing_Country: CA
2026-07-28 14:57:30,761 INFO AVS_ZohoIntegration.Program - Shipping_Street: 123 Kathryn Ave
2026-07-28 14:57:30,761 INFO AVS_ZohoIntegration.Program - Shipping_City: Montreal
2026-07-28 14:57:30,761 INFO AVS_ZohoIntegration.Program - Shipping_State: 
2026-07-28 14:57:30,761 INFO AVS_ZohoIntegration.Program - Shipping_Code: H7B 2A5
2026-07-28 14:57:30,761 INFO AVS_ZohoIntegration.Program - Shipping_Country: CA
2026-07-28 14:57:30,763 INFO AVS_ZohoIntegration.Program - * Procesando resultado: 14 *
2026-07-28 14:57:30,763 INFO AVS_ZohoIntegration.Program - Cliente_SAP: C99998
2026-07-28 14:57:30,763 INFO AVS_ZohoIntegration.Program - Account_Name: Cliente Web
2026-07-28 14:57:30,763 INFO AVS_ZohoIntegration.Program - Phone: 
2026-07-28 14:57:30,763 INFO AVS_ZohoIntegration.Program - Website: 
2026-07-28 14:57:30,763 INFO AVS_ZohoIntegration.Program - Billing_Street: 
2026-07-28 14:57:30,763 INFO AVS_ZohoIntegration.Program - Billing_City: 
2026-07-28 14:57:30,765 INFO AVS_ZohoIntegration.Program - Billing_State: 
2026-07-28 14:57:30,765 INFO AVS_ZohoIntegration.Program - Billing_Code: 
2026-07-28 14:57:30,765 INFO AVS_ZohoIntegration.Program - Billing_Country: 
2026-07-28 14:57:30,765 INFO AVS_ZohoIntegration.Program - Shipping_Street: 
2026-07-28 14:57:30,765 INFO AVS_ZohoIntegration.Program - Shipping_City: 
2026-07-28 14:57:30,767 INFO AVS_ZohoIntegration.Program - Shipping_State: 
2026-07-28 14:57:30,768 INFO AVS_ZohoIntegration.Program - Shipping_Code: 
2026-07-28 14:57:30,768 INFO AVS_ZohoIntegration.Program - Shipping_Country: MX
2026-07-28 14:57:30,768 INFO AVS_ZohoIntegration.Program - * Procesando resultado: 15 *
2026-07-28 14:57:30,769 INFO AVS_ZohoIntegration.Program - Cliente_SAP: CMF0001
2026-07-28 14:57:30,769 INFO AVS_ZohoIntegration.Program - Account_Name: Cliente curso SL
2026-07-28 14:57:30,769 INFO AVS_ZohoIntegration.Program - Phone: 
2026-07-28 14:57:30,770 INFO AVS_ZohoIntegration.Program - Website: 
2026-07-28 14:57:30,770 INFO AVS_ZohoIntegration.Program - Billing_Street: 
2026-07-28 14:57:30,770 INFO AVS_ZohoIntegration.Program - Billing_City: 
2026-07-28 14:57:30,771 INFO AVS_ZohoIntegration.Program - Billing_State: 
2026-07-28 14:57:30,771 INFO AVS_ZohoIntegration.Program - Billing_Code: 
2026-07-28 14:57:30,771 INFO AVS_ZohoIntegration.Program - Billing_Country: 
2026-07-28 14:57:30,772 INFO AVS_ZohoIntegration.Program - Shipping_Street: 
2026-07-28 14:57:30,773 INFO AVS_ZohoIntegration.Program - Shipping_City: 
2026-07-28 14:57:30,773 INFO AVS_ZohoIntegration.Program - Shipping_State: 
2026-07-28 14:57:30,774 INFO AVS_ZohoIntegration.Program - Shipping_Code: 
2026-07-28 14:57:30,774 INFO AVS_ZohoIntegration.Program - Shipping_Country: 
2026-07-28 14:57:30,775 INFO AVS_ZohoIntegration.Program - * Procesando resultado: 16 *
2026-07-28 14:57:30,775 INFO AVS_ZohoIntegration.Program - Cliente_SAP: CMF0002
2026-07-28 14:57:30,776 INFO AVS_ZohoIntegration.Program - Account_Name: Cliente 01
2026-07-28 14:57:30,776 INFO AVS_ZohoIntegration.Program - Phone: 
2026-07-28 14:57:30,776 INFO AVS_ZohoIntegration.Program - Website: 
2026-07-28 14:57:30,777 INFO AVS_ZohoIntegration.Program - Billing_Street: Paseo de lo sauces
2026-07-28 14:57:30,777 INFO AVS_ZohoIntegration.Program - Billing_City: México
2026-07-28 14:57:30,777 INFO AVS_ZohoIntegration.Program - Billing_State: MEX
2026-07-28 14:57:30,777 INFO AVS_ZohoIntegration.Program - Billing_Code: 54130
2026-07-28 14:57:30,778 INFO AVS_ZohoIntegration.Program - Billing_Country: MX
2026-07-28 14:57:30,778 INFO AVS_ZohoIntegration.Program - Shipping_Street: 
2026-07-28 14:57:30,778 INFO AVS_ZohoIntegration.Program - Shipping_City: 
2026-07-28 14:57:30,779 INFO AVS_ZohoIntegration.Program - Shipping_State: 
2026-07-28 14:57:30,779 INFO AVS_ZohoIntegration.Program - Shipping_Code: 
2026-07-28 14:57:30,779 INFO AVS_ZohoIntegration.Program - Shipping_Country: 
2026-07-28 14:57:30,779 INFO AVS_ZohoIntegration.Program - * Procesando resultado: 17 *
2026-07-28 14:57:30,779 INFO AVS_ZohoIntegration.Program - Cliente_SAP: CMF0003
2026-07-28 14:57:30,780 INFO AVS_ZohoIntegration.Program - Account_Name: Cliente Mostrador prueba
2026-07-28 14:57:30,780 INFO AVS_ZohoIntegration.Program - Phone: 
2026-07-28 14:57:30,780 INFO AVS_ZohoIntegration.Program - Website: 
2026-07-28 14:57:30,781 INFO AVS_ZohoIntegration.Program - Billing_Street: 300 Billings Drive
2026-07-28 14:57:30,781 INFO AVS_ZohoIntegration.Program - Billing_City: 
2026-07-28 14:57:30,782 INFO AVS_ZohoIntegration.Program - Billing_State: DF
2026-07-28 14:57:30,782 INFO AVS_ZohoIntegration.Program - Billing_Code: 19083
2026-07-28 14:57:30,782 INFO AVS_ZohoIntegration.Program - Billing_Country: MX
2026-07-28 14:57:30,783 INFO AVS_ZohoIntegration.Program - Shipping_Street: 
2026-07-28 14:57:30,783 INFO AVS_ZohoIntegration.Program - Shipping_City: 
2026-07-28 14:57:30,784 INFO AVS_ZohoIntegration.Program - Shipping_State: 
2026-07-28 14:57:30,784 INFO AVS_ZohoIntegration.Program - Shipping_Code: 
2026-07-28 14:57:30,785 INFO AVS_ZohoIntegration.Program - Shipping_Country: 
2026-07-28 14:57:30,786 INFO AVS_ZohoIntegration.Program - * Procesando resultado: 18 *
2026-07-28 14:57:30,786 INFO AVS_ZohoIntegration.Program - Cliente_SAP: CMF0004
2026-07-28 14:57:30,786 INFO AVS_ZohoIntegration.Program - Account_Name: Empresa Ejemplo 1
2026-07-28 14:57:30,787 INFO AVS_ZohoIntegration.Program - Phone: 5551234567
2026-07-28 14:57:30,788 INFO AVS_ZohoIntegration.Program - Website: 
2026-07-28 14:57:30,789 INFO AVS_ZohoIntegration.Program - Billing_Street: Calle Secundaria 456
2026-07-28 14:57:30,789 INFO AVS_ZohoIntegration.Program - Billing_City: Monterrey
2026-07-28 14:57:30,789 INFO AVS_ZohoIntegration.Program - Billing_State: NL
2026-07-28 14:57:30,790 INFO AVS_ZohoIntegration.Program - Billing_Code: 67890
2026-07-28 14:57:30,791 INFO AVS_ZohoIntegration.Program - Billing_Country: MX
2026-07-28 14:57:30,791 INFO AVS_ZohoIntegration.Program - Shipping_Street: 
2026-07-28 14:57:30,791 INFO AVS_ZohoIntegration.Program - Shipping_City: 
2026-07-28 14:57:30,791 INFO AVS_ZohoIntegration.Program - Shipping_State: 
2026-07-28 14:57:30,793 INFO AVS_ZohoIntegration.Program - Shipping_Code: 
2026-07-28 14:57:30,793 INFO AVS_ZohoIntegration.Program - Shipping_Country: 
2026-07-28 14:57:30,793 INFO AVS_ZohoIntegration.Program - * Procesando resultado: 19 *
2026-07-28 14:57:30,793 INFO AVS_ZohoIntegration.Program - Cliente_SAP: CMF0005
2026-07-28 14:57:30,794 INFO AVS_ZohoIntegration.Program - Account_Name: Cliente Mostrador 2
2026-07-28 14:57:30,794 INFO AVS_ZohoIntegration.Program - Phone: 
2026-07-28 14:57:30,794 INFO AVS_ZohoIntegration.Program - Website: 
2026-07-28 14:57:30,795 INFO AVS_ZohoIntegration.Program - Billing_Street: 300 Billings Drive
2026-07-28 14:57:30,795 INFO AVS_ZohoIntegration.Program - Billing_City: 
2026-07-28 14:57:30,795 INFO AVS_ZohoIntegration.Program - Billing_State: NAY
2026-07-28 14:57:30,795 INFO AVS_ZohoIntegration.Program - Billing_Code: 19083
2026-07-28 14:57:30,796 INFO AVS_ZohoIntegration.Program - Billing_Country: MX
2026-07-28 14:57:30,796 INFO AVS_ZohoIntegration.Program - Shipping_Street: 
2026-07-28 14:57:30,796 INFO AVS_ZohoIntegration.Program - Shipping_City: 
2026-07-28 14:57:30,796 INFO AVS_ZohoIntegration.Program - Shipping_State: 
2026-07-28 14:57:30,797 INFO AVS_ZohoIntegration.Program - Shipping_Code: 
2026-07-28 14:57:30,797 INFO AVS_ZohoIntegration.Program - Shipping_Country: 
2026-07-28 14:57:30,798 INFO AVS_ZohoIntegration.Program - * Procesando resultado: 20 *
2026-07-28 14:57:30,798 INFO AVS_ZohoIntegration.Program - Cliente_SAP: CSL0002
2026-07-28 14:57:30,798 INFO AVS_ZohoIntegration.Program - Account_Name: Cliente curso SL
2026-07-28 14:57:30,799 INFO AVS_ZohoIntegration.Program - Phone: 
2026-07-28 14:57:30,799 INFO AVS_ZohoIntegration.Program - Website: 
2026-07-28 14:57:30,799 INFO AVS_ZohoIntegration.Program - Billing_Street: 
2026-07-28 14:57:30,800 INFO AVS_ZohoIntegration.Program - Billing_City: 
2026-07-28 14:57:30,800 INFO AVS_ZohoIntegration.Program - Billing_State: 
2026-07-28 14:57:30,801 INFO AVS_ZohoIntegration.Program - Billing_Code: 
2026-07-28 14:57:30,802 INFO AVS_ZohoIntegration.Program - Billing_Country: 
2026-07-28 14:57:30,802 INFO AVS_ZohoIntegration.Program - Shipping_Street: 
2026-07-28 14:57:30,802 INFO AVS_ZohoIntegration.Program - Shipping_City: 
2026-07-28 14:57:30,802 INFO AVS_ZohoIntegration.Program - Shipping_State: 
2026-07-28 14:57:30,802 INFO AVS_ZohoIntegration.Program - Shipping_Code: 
2026-07-28 14:57:30,802 INFO AVS_ZohoIntegration.Program - Shipping_Country: 
2026-07-28 14:57:30,802 INFO AVS_ZohoIntegration.Program - * Procesando resultado: 21 *
2026-07-28 14:57:30,802 INFO AVS_ZohoIntegration.Program - Cliente_SAP: PR000336
2026-07-28 14:57:30,802 INFO AVS_ZohoIntegration.Program - Account_Name: Cliente Beluga
2026-07-28 14:57:30,802 INFO AVS_ZohoIntegration.Program - Phone: 
2026-07-28 14:57:30,802 INFO AVS_ZohoIntegration.Program - Website: 
2026-07-28 14:57:30,802 INFO AVS_ZohoIntegration.Program - Billing_Street: 
2026-07-28 14:57:30,802 INFO AVS_ZohoIntegration.Program - Billing_City: 
2026-07-28 14:57:30,802 INFO AVS_ZohoIntegration.Program - Billing_State: 
2026-07-28 14:57:30,802 INFO AVS_ZohoIntegration.Program - Billing_Code: 
2026-07-28 14:57:30,802 INFO AVS_ZohoIntegration.Program - Billing_Country: 
2026-07-28 14:57:30,802 INFO AVS_ZohoIntegration.Program - Shipping_Street: 
2026-07-28 14:57:30,810 INFO AVS_ZohoIntegration.Program - Shipping_City: 
2026-07-28 14:57:30,810 INFO AVS_ZohoIntegration.Program - Shipping_State: 
2026-07-28 14:57:30,810 INFO AVS_ZohoIntegration.Program - Shipping_Code: 
2026-07-28 14:57:30,810 INFO AVS_ZohoIntegration.Program - Shipping_Country: 
2026-07-28 14:57:30,810 INFO AVS_ZohoIntegration.Program - * Procesando resultado: 22 *
2026-07-28 14:57:30,810 INFO AVS_ZohoIntegration.Program - Cliente_SAP: PRAVS01
2026-07-28 14:57:30,812 INFO AVS_ZohoIntegration.Program - Account_Name: Prueba curso SL
2026-07-28 14:57:30,812 INFO AVS_ZohoIntegration.Program - Phone: 
2026-07-28 14:57:30,812 INFO AVS_ZohoIntegration.Program - Website: 
2026-07-28 14:57:30,812 INFO AVS_ZohoIntegration.Program - Billing_Street: 
2026-07-28 14:57:30,812 INFO AVS_ZohoIntegration.Program - Billing_City: 
2026-07-28 14:57:30,812 INFO AVS_ZohoIntegration.Program - Billing_State: 
2026-07-28 14:57:30,812 INFO AVS_ZohoIntegration.Program - Billing_Code: 
2026-07-28 14:57:30,812 INFO AVS_ZohoIntegration.Program - Billing_Country: 
2026-07-28 14:57:30,814 INFO AVS_ZohoIntegration.Program - Shipping_Street: 
2026-07-28 14:57:30,814 INFO AVS_ZohoIntegration.Program - Shipping_City: 
2026-07-28 14:57:30,814 INFO AVS_ZohoIntegration.Program - Shipping_State: 
2026-07-28 14:57:30,814 INFO AVS_ZohoIntegration.Program - Shipping_Code: 
2026-07-28 14:57:30,814 INFO AVS_ZohoIntegration.Program - Shipping_Country: 
2026-07-28 14:57:30,814 INFO AVS_ZohoIntegration.Program - * Consultando sub-entidad [Owner] para OCRD...
2026-07-28 14:57:30,880 INFO AVS_ZohoIntegration.Program - Se han obtenido 22 resultados pendientes de procesar.
2026-07-28 14:57:30,880 INFO AVS_ZohoIntegration.Program - * Procesando resultado: 1 *
2026-07-28 14:57:30,881 INFO AVS_ZohoIntegration.Program - id: -1
2026-07-28 14:57:30,881 INFO AVS_ZohoIntegration.Program - Cliente_SAP: C1111
2026-07-28 14:57:30,882 INFO AVS_ZohoIntegration.Program - * Procesando resultado: 2 *
2026-07-28 14:57:30,882 INFO AVS_ZohoIntegration.Program - id: -1
2026-07-28 14:57:30,884 INFO AVS_ZohoIntegration.Program - Cliente_SAP: C12345
2026-07-28 14:57:30,884 INFO AVS_ZohoIntegration.Program - * Procesando resultado: 3 *
2026-07-28 14:57:30,885 INFO AVS_ZohoIntegration.Program - id: -1
2026-07-28 14:57:30,885 INFO AVS_ZohoIntegration.Program - Cliente_SAP: C123456
2026-07-28 14:57:30,886 INFO AVS_ZohoIntegration.Program - * Procesando resultado: 4 *
2026-07-28 14:57:30,886 INFO AVS_ZohoIntegration.Program - id: 1
2026-07-28 14:57:30,887 INFO AVS_ZohoIntegration.Program - Cliente_SAP: C20000
2026-07-28 14:57:30,887 INFO AVS_ZohoIntegration.Program - * Procesando resultado: 5 *
2026-07-28 14:57:30,887 INFO AVS_ZohoIntegration.Program - id: 4
2026-07-28 14:57:30,888 INFO AVS_ZohoIntegration.Program - Cliente_SAP: C23900
2026-07-28 14:57:30,888 INFO AVS_ZohoIntegration.Program - * Procesando resultado: 6 *
2026-07-28 14:57:30,889 INFO AVS_ZohoIntegration.Program - id: 1
2026-07-28 14:57:30,889 INFO AVS_ZohoIntegration.Program - Cliente_SAP: C25000
2026-07-28 14:57:30,890 INFO AVS_ZohoIntegration.Program - * Procesando resultado: 7 *
2026-07-28 14:57:30,890 INFO AVS_ZohoIntegration.Program - id: 1
2026-07-28 14:57:30,890 INFO AVS_ZohoIntegration.Program - Cliente_SAP: C26000
2026-07-28 14:57:30,891 INFO AVS_ZohoIntegration.Program - * Procesando resultado: 8 *
2026-07-28 14:57:30,891 INFO AVS_ZohoIntegration.Program - id: 2
2026-07-28 14:57:30,892 INFO AVS_ZohoIntegration.Program - Cliente_SAP: C30000
2026-07-28 14:57:30,892 INFO AVS_ZohoIntegration.Program - * Procesando resultado: 9 *
2026-07-28 14:57:30,892 INFO AVS_ZohoIntegration.Program - id: 3
2026-07-28 14:57:30,893 INFO AVS_ZohoIntegration.Program - Cliente_SAP: C40000
2026-07-28 14:57:30,893 INFO AVS_ZohoIntegration.Program - * Procesando resultado: 10 *
2026-07-28 14:57:30,893 INFO AVS_ZohoIntegration.Program - id: 5
2026-07-28 14:57:30,893 INFO AVS_ZohoIntegration.Program - Cliente_SAP: C42000
2026-07-28 14:57:30,895 INFO AVS_ZohoIntegration.Program - * Procesando resultado: 11 *
2026-07-28 14:57:30,895 INFO AVS_ZohoIntegration.Program - id: 2
2026-07-28 14:57:30,896 INFO AVS_ZohoIntegration.Program - Cliente_SAP: C50000
2026-07-28 14:57:30,896 INFO AVS_ZohoIntegration.Program - * Procesando resultado: 12 *
2026-07-28 14:57:30,896 INFO AVS_ZohoIntegration.Program - id: 5
2026-07-28 14:57:30,897 INFO AVS_ZohoIntegration.Program - Cliente_SAP: C60000
2026-07-28 14:57:30,897 INFO AVS_ZohoIntegration.Program - * Procesando resultado: 13 *
2026-07-28 14:57:30,897 INFO AVS_ZohoIntegration.Program - id: 4
2026-07-28 14:57:30,898 INFO AVS_ZohoIntegration.Program - Cliente_SAP: C70000
2026-07-28 14:57:30,899 INFO AVS_ZohoIntegration.Program - * Procesando resultado: 14 *
2026-07-28 14:57:30,899 INFO AVS_ZohoIntegration.Program - id: 1
2026-07-28 14:57:30,900 INFO AVS_ZohoIntegration.Program - Cliente_SAP: C99998
2026-07-28 14:57:30,902 INFO AVS_ZohoIntegration.Program - * Procesando resultado: 15 *
2026-07-28 14:57:30,902 INFO AVS_ZohoIntegration.Program - id: -1
2026-07-28 14:57:30,902 INFO AVS_ZohoIntegration.Program - Cliente_SAP: CMF0001
2026-07-28 14:57:30,902 INFO AVS_ZohoIntegration.Program - * Procesando resultado: 16 *
2026-07-28 14:57:30,902 INFO AVS_ZohoIntegration.Program - id: -1
2026-07-28 14:57:30,905 INFO AVS_ZohoIntegration.Program - Cliente_SAP: CMF0002
2026-07-28 14:57:30,905 INFO AVS_ZohoIntegration.Program - * Procesando resultado: 17 *
2026-07-28 14:57:30,905 INFO AVS_ZohoIntegration.Program - id: -1
2026-07-28 14:57:30,905 INFO AVS_ZohoIntegration.Program - Cliente_SAP: CMF0003
2026-07-28 14:57:30,905 INFO AVS_ZohoIntegration.Program - * Procesando resultado: 18 *
2026-07-28 14:57:30,905 INFO AVS_ZohoIntegration.Program - id: -1
2026-07-28 14:57:30,905 INFO AVS_ZohoIntegration.Program - Cliente_SAP: CMF0004
2026-07-28 14:57:30,905 INFO AVS_ZohoIntegration.Program - * Procesando resultado: 19 *
2026-07-28 14:57:30,905 INFO AVS_ZohoIntegration.Program - id: -1
2026-07-28 14:57:30,905 INFO AVS_ZohoIntegration.Program - Cliente_SAP: CMF0005
2026-07-28 14:57:30,905 INFO AVS_ZohoIntegration.Program - * Procesando resultado: 20 *
2026-07-28 14:57:30,905 INFO AVS_ZohoIntegration.Program - id: -1
2026-07-28 14:57:30,905 INFO AVS_ZohoIntegration.Program - Cliente_SAP: CSL0002
2026-07-28 14:57:30,905 INFO AVS_ZohoIntegration.Program - * Procesando resultado: 21 *
2026-07-28 14:57:30,905 INFO AVS_ZohoIntegration.Program - id: -1
2026-07-28 14:57:30,905 INFO AVS_ZohoIntegration.Program - Cliente_SAP: PR000336
2026-07-28 14:57:30,905 INFO AVS_ZohoIntegration.Program - * Procesando resultado: 22 *
2026-07-28 14:57:30,905 INFO AVS_ZohoIntegration.Program - id: -1
2026-07-28 14:57:30,905 INFO AVS_ZohoIntegration.Program - Cliente_SAP: PRAVS01
2026-07-28 15:01:21,050 INFO AVS_ZohoIntegration.Program - AVS SFTPSync Version [1.0.0.0]
2026-07-28 15:01:21,053 INFO AVS_ZohoIntegration.Program - Leyendo archivo de configuracion.
2026-07-28 15:01:21,104 INFO AVS_ZohoIntegration.Program - Archivo de configuracion leido correctamente.
2026-07-28 15:01:21,104 DEBUG AVS_ZohoIntegration.Program - **************************************************************************
2026-07-28 15:01:21,104 DEBUG AVS_ZohoIntegration.Program - Ejecutando sincronizacion para: SBODemoMX
2026-07-28 15:01:23,785 DEBUG AVS_ZohoIntegration.Program - Validando licencia...
2026-07-28 15:01:23,785 INFO AVS_ZohoIntegration.Program - Licencia valida.
2026-07-28 15:01:23,785 INFO AVS_ZohoIntegration.Program - Comando recibido: SENDBUSINESSPARTNERS
2026-07-28 15:01:23,785 INFO AVS_ZohoIntegration.Program - Iniciando proceso de envío de socios de negocio...
2026-07-28 15:01:23,785 INFO AVS_ZohoIntegration.Program - *** Obteniendo información de cabecera: Socios de Negocio (OCRD) ***
2026-07-28 15:01:24,057 INFO AVS_ZohoIntegration.Program - Se han obtenido 22 resultados pendientes de procesar.
2026-07-28 15:01:24,067 INFO AVS_ZohoIntegration.Program - * Procesando resultado: 1 *
2026-07-28 15:01:24,068 INFO AVS_ZohoIntegration.Program - Cliente_SAP: C1111
2026-07-28 15:01:24,068 INFO AVS_ZohoIntegration.Program - Account_Name: Cliente Mostrador
2026-07-28 15:01:24,070 INFO AVS_ZohoIntegration.Program - Phone: 
2026-07-28 15:01:24,070 INFO AVS_ZohoIntegration.Program - Website: 
2026-07-28 15:01:24,071 INFO AVS_ZohoIntegration.Program - Billing_Street: 
2026-07-28 15:01:24,071 INFO AVS_ZohoIntegration.Program - Billing_City: 
2026-07-28 15:01:24,071 INFO AVS_ZohoIntegration.Program - Billing_State: 
2026-07-28 15:01:24,071 INFO AVS_ZohoIntegration.Program - Billing_Code: 
2026-07-28 15:01:24,073 INFO AVS_ZohoIntegration.Program - Billing_Country: MX
2026-07-28 15:01:24,073 INFO AVS_ZohoIntegration.Program - Shipping_Street: 
2026-07-28 15:01:24,073 INFO AVS_ZohoIntegration.Program - Shipping_City: 
2026-07-28 15:01:24,073 INFO AVS_ZohoIntegration.Program - Shipping_State: 
2026-07-28 15:01:24,073 INFO AVS_ZohoIntegration.Program - Shipping_Code: 
2026-07-28 15:01:24,073 INFO AVS_ZohoIntegration.Program - Shipping_Country: MX
2026-07-28 15:01:24,073 INFO AVS_ZohoIntegration.Program - * Procesando resultado: 2 *
2026-07-28 15:01:24,075 INFO AVS_ZohoIntegration.Program - Cliente_SAP: C12345
2026-07-28 15:01:24,075 INFO AVS_ZohoIntegration.Program - Account_Name: Comercializadora XYZ S.A. de C.V.
2026-07-28 15:01:24,075 INFO AVS_ZohoIntegration.Program - Phone: 
2026-07-28 15:01:24,075 INFO AVS_ZohoIntegration.Program - Website: 
2026-07-28 15:01:24,075 INFO AVS_ZohoIntegration.Program - Billing_Street: Av. Insurgentes Sur
2026-07-28 15:01:24,075 INFO AVS_ZohoIntegration.Program - Billing_City: Ciudad de México
2026-07-28 15:01:24,075 INFO AVS_ZohoIntegration.Program - Billing_State: DF
2026-07-28 15:01:24,077 INFO AVS_ZohoIntegration.Program - Billing_Code: 03100
2026-07-28 15:01:24,077 INFO AVS_ZohoIntegration.Program - Billing_Country: MX
2026-07-28 15:01:24,077 INFO AVS_ZohoIntegration.Program - Shipping_Street: Carretera México-Toluca
2026-07-28 15:01:24,077 INFO AVS_ZohoIntegration.Program - Shipping_City: Toluca
2026-07-28 15:01:24,079 INFO AVS_ZohoIntegration.Program - Shipping_State: MEX
2026-07-28 15:01:24,079 INFO AVS_ZohoIntegration.Program - Shipping_Code: 50000
2026-07-28 15:01:24,079 INFO AVS_ZohoIntegration.Program - Shipping_Country: MX
2026-07-28 15:01:24,079 INFO AVS_ZohoIntegration.Program - * Procesando resultado: 3 *
2026-07-28 15:01:24,079 INFO AVS_ZohoIntegration.Program - Cliente_SAP: C123456
2026-07-28 15:01:24,081 INFO AVS_ZohoIntegration.Program - Account_Name: Comercializadora XYZ S.A. de C.V.
2026-07-28 15:01:24,081 INFO AVS_ZohoIntegration.Program - Phone: 
2026-07-28 15:01:24,081 INFO AVS_ZohoIntegration.Program - Website: 
2026-07-28 15:01:24,081 INFO AVS_ZohoIntegration.Program - Billing_Street: Av. Insurgentes Sur
2026-07-28 15:01:24,081 INFO AVS_ZohoIntegration.Program - Billing_City: Ciudad de México
2026-07-28 15:01:24,081 INFO AVS_ZohoIntegration.Program - Billing_State: DF
2026-07-28 15:01:24,083 INFO AVS_ZohoIntegration.Program - Billing_Code: 03100
2026-07-28 15:01:24,083 INFO AVS_ZohoIntegration.Program - Billing_Country: MX
2026-07-28 15:01:24,084 INFO AVS_ZohoIntegration.Program - Shipping_Street: Carretera México-Toluca
2026-07-28 15:01:24,084 INFO AVS_ZohoIntegration.Program - Shipping_City: Toluca
2026-07-28 15:01:24,084 INFO AVS_ZohoIntegration.Program - Shipping_State: MEX
2026-07-28 15:01:24,085 INFO AVS_ZohoIntegration.Program - Shipping_Code: 50000
2026-07-28 15:01:24,085 INFO AVS_ZohoIntegration.Program - Shipping_Country: MX
2026-07-28 15:01:24,085 INFO AVS_ZohoIntegration.Program - * Procesando resultado: 4 *
2026-07-28 15:01:24,086 INFO AVS_ZohoIntegration.Program - Cliente_SAP: C20000
2026-07-28 15:01:24,086 INFO AVS_ZohoIntegration.Program - Account_Name: Maxi-Teq
2026-07-28 15:01:24,086 INFO AVS_ZohoIntegration.Program - Phone: +52 (55) 5565-9032
2026-07-28 15:01:24,087 INFO AVS_ZohoIntegration.Program - Website: www.maxi-teq.sap.com
2026-07-28 15:01:24,087 INFO AVS_ZohoIntegration.Program - Billing_Street: 300 Billings Drive
2026-07-28 15:01:24,087 INFO AVS_ZohoIntegration.Program - Billing_City: 
2026-07-28 15:01:24,087 INFO AVS_ZohoIntegration.Program - Billing_State: DF
2026-07-28 15:01:24,088 INFO AVS_ZohoIntegration.Program - Billing_Code: 19083
2026-07-28 15:01:24,088 INFO AVS_ZohoIntegration.Program - Billing_Country: MX
2026-07-28 15:01:24,088 INFO AVS_ZohoIntegration.Program - Shipping_Street: 300 Billings Drive
2026-07-28 15:01:24,089 INFO AVS_ZohoIntegration.Program - Shipping_City: Mexico D.F.
2026-07-28 15:01:24,089 INFO AVS_ZohoIntegration.Program - Shipping_State: DF
2026-07-28 15:01:24,090 INFO AVS_ZohoIntegration.Program - Shipping_Code: 19083
2026-07-28 15:01:24,090 INFO AVS_ZohoIntegration.Program - Shipping_Country: MX
2026-07-28 15:01:24,090 INFO AVS_ZohoIntegration.Program - * Procesando resultado: 5 *
2026-07-28 15:01:24,091 INFO AVS_ZohoIntegration.Program - Cliente_SAP: C23900
2026-07-28 15:01:24,091 INFO AVS_ZohoIntegration.Program - Account_Name: Parameter Technology
2026-07-28 15:01:24,092 INFO AVS_ZohoIntegration.Program - Phone: +52 (55)  5654-7633
2026-07-28 15:01:24,092 INFO AVS_ZohoIntegration.Program - Website: www.parameter.sap.com
2026-07-28 15:01:24,092 INFO AVS_ZohoIntegration.Program - Billing_Street: 908 Darby Road
2026-07-28 15:01:24,093 INFO AVS_ZohoIntegration.Program - Billing_City: Mexico D.F.
2026-07-28 15:01:24,093 INFO AVS_ZohoIntegration.Program - Billing_State: DF
2026-07-28 15:01:24,093 INFO AVS_ZohoIntegration.Program - Billing_Code: 19083
2026-07-28 15:01:24,093 INFO AVS_ZohoIntegration.Program - Billing_Country: MX
2026-07-28 15:01:24,094 INFO AVS_ZohoIntegration.Program - Shipping_Street: 908 Darby Road
2026-07-28 15:01:24,094 INFO AVS_ZohoIntegration.Program - Shipping_City: Mexico D.F.
2026-07-28 15:01:24,094 INFO AVS_ZohoIntegration.Program - Shipping_State: DF
2026-07-28 15:01:24,094 INFO AVS_ZohoIntegration.Program - Shipping_Code: 19083
2026-07-28 15:01:24,095 INFO AVS_ZohoIntegration.Program - Shipping_Country: MX
2026-07-28 15:01:24,095 INFO AVS_ZohoIntegration.Program - * Procesando resultado: 6 *
2026-07-28 15:01:24,095 INFO AVS_ZohoIntegration.Program - Cliente_SAP: C25000
2026-07-28 15:01:24,096 INFO AVS_ZohoIntegration.Program - Account_Name: Star Company
2026-07-28 15:01:24,096 INFO AVS_ZohoIntegration.Program - Phone: 00421 2 582 56 33
2026-07-28 15:01:24,096 INFO AVS_ZohoIntegration.Program - Website: www.starcompa.eu
2026-07-28 15:01:24,096 INFO AVS_ZohoIntegration.Program - Billing_Street: Plynarenska
2026-07-28 15:01:24,097 INFO AVS_ZohoIntegration.Program - Billing_City: Bratislava
2026-07-28 15:01:24,097 INFO AVS_ZohoIntegration.Program - Billing_State: 
2026-07-28 15:01:24,097 INFO AVS_ZohoIntegration.Program - Billing_Code: 821 09
2026-07-28 15:01:24,097 INFO AVS_ZohoIntegration.Program - Billing_Country: SK
2026-07-28 15:01:24,098 INFO AVS_ZohoIntegration.Program - Shipping_Street: Plynarenska
2026-07-28 15:01:24,098 INFO AVS_ZohoIntegration.Program - Shipping_City: Bratislava
2026-07-28 15:01:24,098 INFO AVS_ZohoIntegration.Program - Shipping_State: 
2026-07-28 15:01:24,098 INFO AVS_ZohoIntegration.Program - Shipping_Code: 821 09
2026-07-28 15:01:24,099 INFO AVS_ZohoIntegration.Program - Shipping_Country: SK
2026-07-28 15:01:24,099 INFO AVS_ZohoIntegration.Program - * Procesando resultado: 7 *
2026-07-28 15:01:24,100 INFO AVS_ZohoIntegration.Program - Cliente_SAP: C26000
2026-07-28 15:01:24,100 INFO AVS_ZohoIntegration.Program - Account_Name: River Inc
2026-07-28 15:01:24,101 INFO AVS_ZohoIntegration.Program - Phone: 0044 161 869 9000
2026-07-28 15:01:24,101 INFO AVS_ZohoIntegration.Program - Website: www.riveri.co.uk
2026-07-28 15:01:24,101 INFO AVS_ZohoIntegration.Program - Billing_Street: United Rd
2026-07-28 15:01:24,101 INFO AVS_ZohoIntegration.Program - Billing_City: Manchester
2026-07-28 15:01:24,102 INFO AVS_ZohoIntegration.Program - Billing_State: 
2026-07-28 15:01:24,102 INFO AVS_ZohoIntegration.Program - Billing_Code: M16 0RA
2026-07-28 15:01:24,103 INFO AVS_ZohoIntegration.Program - Billing_Country: GB
2026-07-28 15:01:24,103 INFO AVS_ZohoIntegration.Program - Shipping_Street: United Rd
2026-07-28 15:01:24,103 INFO AVS_ZohoIntegration.Program - Shipping_City: Manchester
2026-07-28 15:01:24,104 INFO AVS_ZohoIntegration.Program - Shipping_State: 
2026-07-28 15:01:24,104 INFO AVS_ZohoIntegration.Program - Shipping_Code: M16 0RA
2026-07-28 15:01:24,104 INFO AVS_ZohoIntegration.Program - Shipping_Country: GB
2026-07-28 15:01:24,104 INFO AVS_ZohoIntegration.Program - * Procesando resultado: 8 *
2026-07-28 15:01:24,105 INFO AVS_ZohoIntegration.Program - Cliente_SAP: C30000
2026-07-28 15:01:24,105 INFO AVS_ZohoIntegration.Program - Account_Name: Microchips
2026-07-28 15:01:24,106 INFO AVS_ZohoIntegration.Program - Phone: +52 (55) 5345-9000
2026-07-28 15:01:24,106 INFO AVS_ZohoIntegration.Program - Website: www.microchips.sap.com
2026-07-28 15:01:24,107 INFO AVS_ZohoIntegration.Program - Billing_Street: 45th Street
2026-07-28 15:01:24,107 INFO AVS_ZohoIntegration.Program - Billing_City: Mexico D.F.
2026-07-28 15:01:24,107 INFO AVS_ZohoIntegration.Program - Billing_State: DF
2026-07-28 15:01:24,107 INFO AVS_ZohoIntegration.Program - Billing_Code: 10010
2026-07-28 15:01:24,108 INFO AVS_ZohoIntegration.Program - Billing_Country: MX
2026-07-28 15:01:24,108 INFO AVS_ZohoIntegration.Program - Shipping_Street: 5th Ave
2026-07-28 15:01:24,108 INFO AVS_ZohoIntegration.Program - Shipping_City: Mexico D.F.
2026-07-28 15:01:24,109 INFO AVS_ZohoIntegration.Program - Shipping_State: DF
2026-07-28 15:01:24,109 INFO AVS_ZohoIntegration.Program - Shipping_Code: 10005
2026-07-28 15:01:24,109 INFO AVS_ZohoIntegration.Program - Shipping_Country: MX
2026-07-28 15:01:24,109 INFO AVS_ZohoIntegration.Program - * Procesando resultado: 9 *
2026-07-28 15:01:24,110 INFO AVS_ZohoIntegration.Program - Cliente_SAP: C40000
2026-07-28 15:01:24,110 INFO AVS_ZohoIntegration.Program - Account_Name: Earthshaker Corporation
2026-07-28 15:01:24,110 INFO AVS_ZohoIntegration.Program - Phone: +52 (55) 5632-3399
2026-07-28 15:01:24,110 INFO AVS_ZohoIntegration.Program - Website: www.earthshaker.sap.com.mx
2026-07-28 15:01:24,111 INFO AVS_ZohoIntegration.Program - Billing_Street: 208 Hollywood Ave
2026-07-28 15:01:24,111 INFO AVS_ZohoIntegration.Program - Billing_City: Mexico D.F.
2026-07-28 15:01:24,111 INFO AVS_ZohoIntegration.Program - Billing_State: DF
2026-07-28 15:01:24,111 INFO AVS_ZohoIntegration.Program - Billing_Code: 95030
2026-07-28 15:01:24,111 INFO AVS_ZohoIntegration.Program - Billing_Country: MX
2026-07-28 15:01:24,112 INFO AVS_ZohoIntegration.Program - Shipping_Street: 208 Hollywood Ave
2026-07-28 15:01:24,112 INFO AVS_ZohoIntegration.Program - Shipping_City: Mexico D.F.
2026-07-28 15:01:24,112 INFO AVS_ZohoIntegration.Program - Shipping_State: DF
2026-07-28 15:01:24,113 INFO AVS_ZohoIntegration.Program - Shipping_Code: 95030
2026-07-28 15:01:24,113 INFO AVS_ZohoIntegration.Program - Shipping_Country: MX
2026-07-28 15:01:24,113 INFO AVS_ZohoIntegration.Program - * Procesando resultado: 10 *
2026-07-28 15:01:24,113 INFO AVS_ZohoIntegration.Program - Cliente_SAP: C42000
2026-07-28 15:01:24,114 INFO AVS_ZohoIntegration.Program - Account_Name: Mashina Corporation
2026-07-28 15:01:24,114 INFO AVS_ZohoIntegration.Program - Phone: +52 (55) 5115-7733
2026-07-28 15:01:24,114 INFO AVS_ZohoIntegration.Program - Website: www.mashina.sap.com.mx
2026-07-28 15:01:24,115 INFO AVS_ZohoIntegration.Program - Billing_Street: 400 Range Road
2026-07-28 15:01:24,116 INFO AVS_ZohoIntegration.Program - Billing_City: Mexico D.F.
2026-07-28 15:01:24,116 INFO AVS_ZohoIntegration.Program - Billing_State: DF
2026-07-28 15:01:24,116 INFO AVS_ZohoIntegration.Program - Billing_Code: 44113
2026-07-28 15:01:24,116 INFO AVS_ZohoIntegration.Program - Billing_Country: MX
2026-07-28 15:01:24,118 INFO AVS_ZohoIntegration.Program - Shipping_Street: 400 Range Road
2026-07-28 15:01:24,118 INFO AVS_ZohoIntegration.Program - Shipping_City: Mexico D.F.
2026-07-28 15:01:24,119 INFO AVS_ZohoIntegration.Program - Shipping_State: DF
2026-07-28 15:01:24,120 INFO AVS_ZohoIntegration.Program - Shipping_Code: 44113
2026-07-28 15:01:24,120 INFO AVS_ZohoIntegration.Program - Shipping_Country: MX
2026-07-28 15:01:24,120 INFO AVS_ZohoIntegration.Program - * Procesando resultado: 11 *
2026-07-28 15:01:24,120 INFO AVS_ZohoIntegration.Program - Cliente_SAP: C50000
2026-07-28 15:01:24,120 INFO AVS_ZohoIntegration.Program - Account_Name: ADA Technologies
2026-07-28 15:01:24,122 INFO AVS_ZohoIntegration.Program - Phone: +52 (55) 5456-9000
2026-07-28 15:01:24,122 INFO AVS_ZohoIntegration.Program - Website: www.ada-tech.sap.com.mx
2026-07-28 15:01:24,122 INFO AVS_ZohoIntegration.Program - Billing_Street: 34 Highway 6
2026-07-28 15:01:24,122 INFO AVS_ZohoIntegration.Program - Billing_City: Mexico D.F.
2026-07-28 15:01:24,124 INFO AVS_ZohoIntegration.Program - Billing_State: DF
2026-07-28 15:01:24,124 INFO AVS_ZohoIntegration.Program - Billing_Code: 3102
2026-07-28 15:01:24,124 INFO AVS_ZohoIntegration.Program - Billing_Country: MX
2026-07-28 15:01:24,124 INFO AVS_ZohoIntegration.Program - Shipping_Street: 34 Highway 6
2026-07-28 15:01:24,124 INFO AVS_ZohoIntegration.Program - Shipping_City: Mexico D.F.
2026-07-28 15:01:24,124 INFO AVS_ZohoIntegration.Program - Shipping_State: DF
2026-07-28 15:01:24,124 INFO AVS_ZohoIntegration.Program - Shipping_Code: 3102
2026-07-28 15:01:24,124 INFO AVS_ZohoIntegration.Program - Shipping_Country: MX
2026-07-28 15:01:24,126 INFO AVS_ZohoIntegration.Program - * Procesando resultado: 12 *
2026-07-28 15:01:24,126 INFO AVS_ZohoIntegration.Program - Cliente_SAP: C60000
2026-07-28 15:01:24,126 INFO AVS_ZohoIntegration.Program - Account_Name: SG Electronics
2026-07-28 15:01:24,126 INFO AVS_ZohoIntegration.Program - Phone: +52 (55) 5980-7723
2026-07-28 15:01:24,128 INFO AVS_ZohoIntegration.Program - Website: www.sg.sap.com.com.mx
2026-07-28 15:01:24,128 INFO AVS_ZohoIntegration.Program - Billing_Street: 67 Grant Ave
2026-07-28 15:01:24,128 INFO AVS_ZohoIntegration.Program - Billing_City: Toronto
2026-07-28 15:01:24,128 INFO AVS_ZohoIntegration.Program - Billing_State: 
2026-07-28 15:01:24,128 INFO AVS_ZohoIntegration.Program - Billing_Code: M4B 1B3
2026-07-28 15:01:24,128 INFO AVS_ZohoIntegration.Program - Billing_Country: CA
2026-07-28 15:01:24,128 INFO AVS_ZohoIntegration.Program - Shipping_Street: 67 Grant Ave
2026-07-28 15:01:24,128 INFO AVS_ZohoIntegration.Program - Shipping_City: DF
2026-07-28 15:01:24,128 INFO AVS_ZohoIntegration.Program - Shipping_State: DF
2026-07-28 15:01:24,130 INFO AVS_ZohoIntegration.Program - Shipping_Code: M4B 1B3
2026-07-28 15:01:24,130 INFO AVS_ZohoIntegration.Program - Shipping_Country: MX
2026-07-28 15:01:24,130 INFO AVS_ZohoIntegration.Program - * Procesando resultado: 13 *
2026-07-28 15:01:24,130 INFO AVS_ZohoIntegration.Program - Cliente_SAP: C70000
2026-07-28 15:01:24,130 INFO AVS_ZohoIntegration.Program - Account_Name: Aquent Systems
2026-07-28 15:01:24,130 INFO AVS_ZohoIntegration.Program - Phone: +52 (81) 5711-6124
2026-07-28 15:01:24,130 INFO AVS_ZohoIntegration.Program - Website: www.aquent-sys.sap.com.mx
2026-07-28 15:01:24,130 INFO AVS_ZohoIntegration.Program - Billing_Street: 123 Kathryn Ave
2026-07-28 15:01:24,130 INFO AVS_ZohoIntegration.Program - Billing_City: Montreal
2026-07-28 15:01:24,130 INFO AVS_ZohoIntegration.Program - Billing_State: 
2026-07-28 15:01:24,130 INFO AVS_ZohoIntegration.Program - Billing_Code: H7B 2A5
2026-07-28 15:01:24,134 INFO AVS_ZohoIntegration.Program - Billing_Country: CA
2026-07-28 15:01:24,134 INFO AVS_ZohoIntegration.Program - Shipping_Street: 123 Kathryn Ave
2026-07-28 15:01:24,135 INFO AVS_ZohoIntegration.Program - Shipping_City: Montreal
2026-07-28 15:01:24,135 INFO AVS_ZohoIntegration.Program - Shipping_State: 
2026-07-28 15:01:24,136 INFO AVS_ZohoIntegration.Program - Shipping_Code: H7B 2A5
2026-07-28 15:01:24,136 INFO AVS_ZohoIntegration.Program - Shipping_Country: CA
2026-07-28 15:01:24,137 INFO AVS_ZohoIntegration.Program - * Procesando resultado: 14 *
2026-07-28 15:01:24,137 INFO AVS_ZohoIntegration.Program - Cliente_SAP: C99998
2026-07-28 15:01:24,137 INFO AVS_ZohoIntegration.Program - Account_Name: Cliente Web
2026-07-28 15:01:24,138 INFO AVS_ZohoIntegration.Program - Phone: 
2026-07-28 15:01:24,138 INFO AVS_ZohoIntegration.Program - Website: 
2026-07-28 15:01:24,139 INFO AVS_ZohoIntegration.Program - Billing_Street: 
2026-07-28 15:01:24,139 INFO AVS_ZohoIntegration.Program - Billing_City: 
2026-07-28 15:01:24,139 INFO AVS_ZohoIntegration.Program - Billing_State: 
2026-07-28 15:01:24,140 INFO AVS_ZohoIntegration.Program - Billing_Code: 
2026-07-28 15:01:24,140 INFO AVS_ZohoIntegration.Program - Billing_Country: 
2026-07-28 15:01:24,140 INFO AVS_ZohoIntegration.Program - Shipping_Street: 
2026-07-28 15:01:24,141 INFO AVS_ZohoIntegration.Program - Shipping_City: 
2026-07-28 15:01:24,141 INFO AVS_ZohoIntegration.Program - Shipping_State: 
2026-07-28 15:01:24,141 INFO AVS_ZohoIntegration.Program - Shipping_Code: 
2026-07-28 15:01:24,142 INFO AVS_ZohoIntegration.Program - Shipping_Country: MX
2026-07-28 15:01:24,142 INFO AVS_ZohoIntegration.Program - * Procesando resultado: 15 *
2026-07-28 15:01:24,142 INFO AVS_ZohoIntegration.Program - Cliente_SAP: CMF0001
2026-07-28 15:01:24,143 INFO AVS_ZohoIntegration.Program - Account_Name: Cliente curso SL
2026-07-28 15:01:24,143 INFO AVS_ZohoIntegration.Program - Phone: 
2026-07-28 15:01:24,143 INFO AVS_ZohoIntegration.Program - Website: 
2026-07-28 15:01:24,144 INFO AVS_ZohoIntegration.Program - Billing_Street: 
2026-07-28 15:01:24,144 INFO AVS_ZohoIntegration.Program - Billing_City: 
2026-07-28 15:01:24,144 INFO AVS_ZohoIntegration.Program - Billing_State: 
2026-07-28 15:01:24,144 INFO AVS_ZohoIntegration.Program - Billing_Code: 
2026-07-28 15:01:24,145 INFO AVS_ZohoIntegration.Program - Billing_Country: 
2026-07-28 15:01:24,145 INFO AVS_ZohoIntegration.Program - Shipping_Street: 
2026-07-28 15:01:24,145 INFO AVS_ZohoIntegration.Program - Shipping_City: 
2026-07-28 15:01:24,145 INFO AVS_ZohoIntegration.Program - Shipping_State: 
2026-07-28 15:01:24,146 INFO AVS_ZohoIntegration.Program - Shipping_Code: 
2026-07-28 15:01:24,146 INFO AVS_ZohoIntegration.Program - Shipping_Country: 
2026-07-28 15:01:24,146 INFO AVS_ZohoIntegration.Program - * Procesando resultado: 16 *
2026-07-28 15:01:24,147 INFO AVS_ZohoIntegration.Program - Cliente_SAP: CMF0002
2026-07-28 15:01:24,147 INFO AVS_ZohoIntegration.Program - Account_Name: Cliente 01
2026-07-28 15:01:24,148 INFO AVS_ZohoIntegration.Program - Phone: 
2026-07-28 15:01:24,148 INFO AVS_ZohoIntegration.Program - Website: 
2026-07-28 15:01:24,148 INFO AVS_ZohoIntegration.Program - Billing_Street: Paseo de lo sauces
2026-07-28 15:01:24,148 INFO AVS_ZohoIntegration.Program - Billing_City: México
2026-07-28 15:01:24,149 INFO AVS_ZohoIntegration.Program - Billing_State: MEX
2026-07-28 15:01:24,149 INFO AVS_ZohoIntegration.Program - Billing_Code: 54130
2026-07-28 15:01:24,150 INFO AVS_ZohoIntegration.Program - Billing_Country: MX
2026-07-28 15:01:24,150 INFO AVS_ZohoIntegration.Program - Shipping_Street: 
2026-07-28 15:01:24,150 INFO AVS_ZohoIntegration.Program - Shipping_City: 
2026-07-28 15:01:24,151 INFO AVS_ZohoIntegration.Program - Shipping_State: 
2026-07-28 15:01:24,152 INFO AVS_ZohoIntegration.Program - Shipping_Code: 
2026-07-28 15:01:24,152 INFO AVS_ZohoIntegration.Program - Shipping_Country: 
2026-07-28 15:01:24,153 INFO AVS_ZohoIntegration.Program - * Procesando resultado: 17 *
2026-07-28 15:01:24,153 INFO AVS_ZohoIntegration.Program - Cliente_SAP: CMF0003
2026-07-28 15:01:24,153 INFO AVS_ZohoIntegration.Program - Account_Name: Cliente Mostrador prueba
2026-07-28 15:01:24,153 INFO AVS_ZohoIntegration.Program - Phone: 
2026-07-28 15:01:24,154 INFO AVS_ZohoIntegration.Program - Website: 
2026-07-28 15:01:24,154 INFO AVS_ZohoIntegration.Program - Billing_Street: 300 Billings Drive
2026-07-28 15:01:24,154 INFO AVS_ZohoIntegration.Program - Billing_City: 
2026-07-28 15:01:24,155 INFO AVS_ZohoIntegration.Program - Billing_State: DF
2026-07-28 15:01:24,155 INFO AVS_ZohoIntegration.Program - Billing_Code: 19083
2026-07-28 15:01:24,156 INFO AVS_ZohoIntegration.Program - Billing_Country: MX
2026-07-28 15:01:24,156 INFO AVS_ZohoIntegration.Program - Shipping_Street: 
2026-07-28 15:01:24,157 INFO AVS_ZohoIntegration.Program - Shipping_City: 
2026-07-28 15:01:24,157 INFO AVS_ZohoIntegration.Program - Shipping_State: 
2026-07-28 15:01:24,158 INFO AVS_ZohoIntegration.Program - Shipping_Code: 
2026-07-28 15:01:24,158 INFO AVS_ZohoIntegration.Program - Shipping_Country: 
2026-07-28 15:01:24,158 INFO AVS_ZohoIntegration.Program - * Procesando resultado: 18 *
2026-07-28 15:01:24,159 INFO AVS_ZohoIntegration.Program - Cliente_SAP: CMF0004
2026-07-28 15:01:24,159 INFO AVS_ZohoIntegration.Program - Account_Name: Empresa Ejemplo 1
2026-07-28 15:01:24,159 INFO AVS_ZohoIntegration.Program - Phone: 5551234567
2026-07-28 15:01:24,159 INFO AVS_ZohoIntegration.Program - Website: 
2026-07-28 15:01:24,160 INFO AVS_ZohoIntegration.Program - Billing_Street: Calle Secundaria 456
2026-07-28 15:01:24,160 INFO AVS_ZohoIntegration.Program - Billing_City: Monterrey
2026-07-28 15:01:24,160 INFO AVS_ZohoIntegration.Program - Billing_State: NL
2026-07-28 15:01:24,161 INFO AVS_ZohoIntegration.Program - Billing_Code: 67890
2026-07-28 15:01:24,161 INFO AVS_ZohoIntegration.Program - Billing_Country: MX
2026-07-28 15:01:24,162 INFO AVS_ZohoIntegration.Program - Shipping_Street: 
2026-07-28 15:01:24,162 INFO AVS_ZohoIntegration.Program - Shipping_City: 
2026-07-28 15:01:24,162 INFO AVS_ZohoIntegration.Program - Shipping_State: 
2026-07-28 15:01:24,162 INFO AVS_ZohoIntegration.Program - Shipping_Code: 
2026-07-28 15:01:24,163 INFO AVS_ZohoIntegration.Program - Shipping_Country: 
2026-07-28 15:01:24,163 INFO AVS_ZohoIntegration.Program - * Procesando resultado: 19 *
2026-07-28 15:01:24,163 INFO AVS_ZohoIntegration.Program - Cliente_SAP: CMF0005
2026-07-28 15:01:24,163 INFO AVS_ZohoIntegration.Program - Account_Name: Cliente Mostrador 2
2026-07-28 15:01:24,163 INFO AVS_ZohoIntegration.Program - Phone: 
2026-07-28 15:01:24,164 INFO AVS_ZohoIntegration.Program - Website: 
2026-07-28 15:01:24,164 INFO AVS_ZohoIntegration.Program - Billing_Street: 300 Billings Drive
2026-07-28 15:01:24,164 INFO AVS_ZohoIntegration.Program - Billing_City: 
2026-07-28 15:01:24,164 INFO AVS_ZohoIntegration.Program - Billing_State: NAY
2026-07-28 15:01:24,165 INFO AVS_ZohoIntegration.Program - Billing_Code: 19083
2026-07-28 15:01:24,165 INFO AVS_ZohoIntegration.Program - Billing_Country: MX
2026-07-28 15:01:24,165 INFO AVS_ZohoIntegration.Program - Shipping_Street: 
2026-07-28 15:01:24,165 INFO AVS_ZohoIntegration.Program - Shipping_City: 
2026-07-28 15:01:24,166 INFO AVS_ZohoIntegration.Program - Shipping_State: 
2026-07-28 15:01:24,166 INFO AVS_ZohoIntegration.Program - Shipping_Code: 
2026-07-28 15:01:24,167 INFO AVS_ZohoIntegration.Program - Shipping_Country: 
2026-07-28 15:01:24,167 INFO AVS_ZohoIntegration.Program - * Procesando resultado: 20 *
2026-07-28 15:01:24,168 INFO AVS_ZohoIntegration.Program - Cliente_SAP: CSL0002
2026-07-28 15:01:24,168 INFO AVS_ZohoIntegration.Program - Account_Name: Cliente curso SL
2026-07-28 15:01:24,168 INFO AVS_ZohoIntegration.Program - Phone: 
2026-07-28 15:01:24,168 INFO AVS_ZohoIntegration.Program - Website: 
2026-07-28 15:01:24,168 INFO AVS_ZohoIntegration.Program - Billing_Street: 
2026-07-28 15:01:24,168 INFO AVS_ZohoIntegration.Program - Billing_City: 
2026-07-28 15:01:24,168 INFO AVS_ZohoIntegration.Program - Billing_State: 
2026-07-28 15:01:24,168 INFO AVS_ZohoIntegration.Program - Billing_Code: 
2026-07-28 15:01:24,168 INFO AVS_ZohoIntegration.Program - Billing_Country: 
2026-07-28 15:01:24,168 INFO AVS_ZohoIntegration.Program - Shipping_Street: 
2026-07-28 15:01:24,168 INFO AVS_ZohoIntegration.Program - Shipping_City: 
2026-07-28 15:01:24,168 INFO AVS_ZohoIntegration.Program - Shipping_State: 
2026-07-28 15:01:24,168 INFO AVS_ZohoIntegration.Program - Shipping_Code: 
2026-07-28 15:01:24,168 INFO AVS_ZohoIntegration.Program - Shipping_Country: 
2026-07-28 15:01:24,168 INFO AVS_ZohoIntegration.Program - * Procesando resultado: 21 *
2026-07-28 15:01:24,168 INFO AVS_ZohoIntegration.Program - Cliente_SAP: PR000336
2026-07-28 15:01:24,168 INFO AVS_ZohoIntegration.Program - Account_Name: Cliente Beluga
2026-07-28 15:01:24,168 INFO AVS_ZohoIntegration.Program - Phone: 
2026-07-28 15:01:24,168 INFO AVS_ZohoIntegration.Program - Website: 
2026-07-28 15:01:24,168 INFO AVS_ZohoIntegration.Program - Billing_Street: 
2026-07-28 15:01:24,168 INFO AVS_ZohoIntegration.Program - Billing_City: 
2026-07-28 15:01:24,168 INFO AVS_ZohoIntegration.Program - Billing_State: 
2026-07-28 15:01:24,168 INFO AVS_ZohoIntegration.Program - Billing_Code: 
2026-07-28 15:01:24,177 INFO AVS_ZohoIntegration.Program - Billing_Country: 
2026-07-28 15:01:24,177 INFO AVS_ZohoIntegration.Program - Shipping_Street: 
2026-07-28 15:01:24,177 INFO AVS_ZohoIntegration.Program - Shipping_City: 
2026-07-28 15:01:24,177 INFO AVS_ZohoIntegration.Program - Shipping_State: 
2026-07-28 15:01:24,177 INFO AVS_ZohoIntegration.Program - Shipping_Code: 
2026-07-28 15:01:24,177 INFO AVS_ZohoIntegration.Program - Shipping_Country: 
2026-07-28 15:01:24,177 INFO AVS_ZohoIntegration.Program - * Procesando resultado: 22 *
2026-07-28 15:01:24,179 INFO AVS_ZohoIntegration.Program - Cliente_SAP: PRAVS01
2026-07-28 15:01:24,179 INFO AVS_ZohoIntegration.Program - Account_Name: Prueba curso SL
2026-07-28 15:01:24,179 INFO AVS_ZohoIntegration.Program - Phone: 
2026-07-28 15:01:24,179 INFO AVS_ZohoIntegration.Program - Website: 
2026-07-28 15:01:24,179 INFO AVS_ZohoIntegration.Program - Billing_Street: 
2026-07-28 15:01:24,181 INFO AVS_ZohoIntegration.Program - Billing_City: 
2026-07-28 15:01:24,181 INFO AVS_ZohoIntegration.Program - Billing_State: 
2026-07-28 15:01:24,181 INFO AVS_ZohoIntegration.Program - Billing_Code: 
2026-07-28 15:01:24,181 INFO AVS_ZohoIntegration.Program - Billing_Country: 
2026-07-28 15:01:24,181 INFO AVS_ZohoIntegration.Program - Shipping_Street: 
2026-07-28 15:01:24,181 INFO AVS_ZohoIntegration.Program - Shipping_City: 
2026-07-28 15:01:24,181 INFO AVS_ZohoIntegration.Program - Shipping_State: 
2026-07-28 15:01:24,181 INFO AVS_ZohoIntegration.Program - Shipping_Code: 
2026-07-28 15:01:24,181 INFO AVS_ZohoIntegration.Program - Shipping_Country: 
2026-07-28 15:01:24,181 INFO AVS_ZohoIntegration.Program - * Consultando sub-entidad [Owner] para OCRD...
2026-07-28 15:01:24,227 INFO AVS_ZohoIntegration.Program - Se han obtenido 22 resultados pendientes de procesar.
2026-07-28 15:01:24,227 INFO AVS_ZohoIntegration.Program - * Procesando resultado: 1 *
2026-07-28 15:01:24,227 INFO AVS_ZohoIntegration.Program - id: -1
2026-07-28 15:01:24,227 INFO AVS_ZohoIntegration.Program - Cliente_SAP: C1111
2026-07-28 15:01:24,227 INFO AVS_ZohoIntegration.Program - * Procesando resultado: 2 *
2026-07-28 15:01:24,227 INFO AVS_ZohoIntegration.Program - id: -1
2026-07-28 15:01:24,231 INFO AVS_ZohoIntegration.Program - Cliente_SAP: C12345
2026-07-28 15:01:24,231 INFO AVS_ZohoIntegration.Program - * Procesando resultado: 3 *
2026-07-28 15:01:24,231 INFO AVS_ZohoIntegration.Program - id: -1
2026-07-28 15:01:24,231 INFO AVS_ZohoIntegration.Program - Cliente_SAP: C123456
2026-07-28 15:01:24,231 INFO AVS_ZohoIntegration.Program - * Procesando resultado: 4 *
2026-07-28 15:01:24,231 INFO AVS_ZohoIntegration.Program - id: 1
2026-07-28 15:01:24,231 INFO AVS_ZohoIntegration.Program - Cliente_SAP: C20000
2026-07-28 15:01:24,231 INFO AVS_ZohoIntegration.Program - * Procesando resultado: 5 *
2026-07-28 15:01:24,231 INFO AVS_ZohoIntegration.Program - id: 4
2026-07-28 15:01:24,234 INFO AVS_ZohoIntegration.Program - Cliente_SAP: C23900
2026-07-28 15:01:24,234 INFO AVS_ZohoIntegration.Program - * Procesando resultado: 6 *
2026-07-28 15:01:24,234 INFO AVS_ZohoIntegration.Program - id: 1
2026-07-28 15:01:24,234 INFO AVS_ZohoIntegration.Program - Cliente_SAP: C25000
2026-07-28 15:01:24,235 INFO AVS_ZohoIntegration.Program - * Procesando resultado: 7 *
2026-07-28 15:01:24,235 INFO AVS_ZohoIntegration.Program - id: 1
2026-07-28 15:01:24,236 INFO AVS_ZohoIntegration.Program - Cliente_SAP: C26000
2026-07-28 15:01:24,236 INFO AVS_ZohoIntegration.Program - * Procesando resultado: 8 *
2026-07-28 15:01:24,236 INFO AVS_ZohoIntegration.Program - id: 2
2026-07-28 15:01:24,236 INFO AVS_ZohoIntegration.Program - Cliente_SAP: C30000
2026-07-28 15:01:24,236 INFO AVS_ZohoIntegration.Program - * Procesando resultado: 9 *
2026-07-28 15:01:24,237 INFO AVS_ZohoIntegration.Program - id: 3
2026-07-28 15:01:24,237 INFO AVS_ZohoIntegration.Program - Cliente_SAP: C40000
2026-07-28 15:01:24,237 INFO AVS_ZohoIntegration.Program - * Procesando resultado: 10 *
2026-07-28 15:01:24,237 INFO AVS_ZohoIntegration.Program - id: 5
2026-07-28 15:01:24,239 INFO AVS_ZohoIntegration.Program - Cliente_SAP: C42000
2026-07-28 15:01:24,239 INFO AVS_ZohoIntegration.Program - * Procesando resultado: 11 *
2026-07-28 15:01:24,240 INFO AVS_ZohoIntegration.Program - id: 2
2026-07-28 15:01:24,240 INFO AVS_ZohoIntegration.Program - Cliente_SAP: C50000
2026-07-28 15:01:24,240 INFO AVS_ZohoIntegration.Program - * Procesando resultado: 12 *
2026-07-28 15:01:24,241 INFO AVS_ZohoIntegration.Program - id: 5
2026-07-28 15:01:24,241 INFO AVS_ZohoIntegration.Program - Cliente_SAP: C60000
2026-07-28 15:01:24,241 INFO AVS_ZohoIntegration.Program - * Procesando resultado: 13 *
2026-07-28 15:01:24,242 INFO AVS_ZohoIntegration.Program - id: 4
2026-07-28 15:01:24,242 INFO AVS_ZohoIntegration.Program - Cliente_SAP: C70000
2026-07-28 15:01:24,242 INFO AVS_ZohoIntegration.Program - * Procesando resultado: 14 *
2026-07-28 15:01:24,243 INFO AVS_ZohoIntegration.Program - id: 1
2026-07-28 15:01:24,243 INFO AVS_ZohoIntegration.Program - Cliente_SAP: C99998
2026-07-28 15:01:24,244 INFO AVS_ZohoIntegration.Program - * Procesando resultado: 15 *
2026-07-28 15:01:24,244 INFO AVS_ZohoIntegration.Program - id: -1
2026-07-28 15:01:24,245 INFO AVS_ZohoIntegration.Program - Cliente_SAP: CMF0001
2026-07-28 15:01:24,245 INFO AVS_ZohoIntegration.Program - * Procesando resultado: 16 *
2026-07-28 15:01:24,245 INFO AVS_ZohoIntegration.Program - id: -1
2026-07-28 15:01:24,246 INFO AVS_ZohoIntegration.Program - Cliente_SAP: CMF0002
2026-07-28 15:01:24,246 INFO AVS_ZohoIntegration.Program - * Procesando resultado: 17 *
2026-07-28 15:01:24,246 INFO AVS_ZohoIntegration.Program - id: -1
2026-07-28 15:01:24,247 INFO AVS_ZohoIntegration.Program - Cliente_SAP: CMF0003
2026-07-28 15:01:24,247 INFO AVS_ZohoIntegration.Program - * Procesando resultado: 18 *
2026-07-28 15:01:24,247 INFO AVS_ZohoIntegration.Program - id: -1
2026-07-28 15:01:24,248 INFO AVS_ZohoIntegration.Program - Cliente_SAP: CMF0004
2026-07-28 15:01:24,248 INFO AVS_ZohoIntegration.Program - * Procesando resultado: 19 *
2026-07-28 15:01:24,249 INFO AVS_ZohoIntegration.Program - id: -1
2026-07-28 15:01:24,249 INFO AVS_ZohoIntegration.Program - Cliente_SAP: CMF0005
2026-07-28 15:01:24,249 INFO AVS_ZohoIntegration.Program - * Procesando resultado: 20 *
2026-07-28 15:01:24,250 INFO AVS_ZohoIntegration.Program - id: -1
2026-07-28 15:01:24,250 INFO AVS_ZohoIntegration.Program - Cliente_SAP: CSL0002
2026-07-28 15:01:24,251 INFO AVS_ZohoIntegration.Program - * Procesando resultado: 21 *
2026-07-28 15:01:24,251 INFO AVS_ZohoIntegration.Program - id: -1
2026-07-28 15:01:24,252 INFO AVS_ZohoIntegration.Program - Cliente_SAP: PR000336
2026-07-28 15:01:24,252 INFO AVS_ZohoIntegration.Program - * Procesando resultado: 22 *
2026-07-28 15:01:24,252 INFO AVS_ZohoIntegration.Program - id: -1
2026-07-28 15:01:24,252 INFO AVS_ZohoIntegration.Program - Cliente_SAP: PRAVS01
