2026-06-25 11:27:58,077 INFO AVS_ZohoIntegration.Program - AVS SFTPSync Version [1.0.0.0]
2026-06-25 11:27:58,086 INFO AVS_ZohoIntegration.Program - Leyendo archivo de configuracion.
2026-06-25 11:27:58,161 INFO AVS_ZohoIntegration.Program - Archivo de configuracion leido correctamente.
2026-06-25 11:27:58,162 DEBUG AVS_ZohoIntegration.Program - **************************************************************************
2026-06-25 11:27:58,163 DEBUG AVS_ZohoIntegration.Program - Ejecutando sincronizacion para: SBODemoMX
2026-06-25 11:28:01,195 DEBUG AVS_ZohoIntegration.Program - Validando licencia...
2026-06-25 11:28:01,197 INFO AVS_ZohoIntegration.Program - Licencia valida.
2026-06-25 11:28:01,198 INFO AVS_ZohoIntegration.Program - Comando recibido: SENDBUSINESSPARTNERS
2026-06-25 11:28:01,199 INFO AVS_ZohoIntegration.Program - Iniciando proceso de envío de socios de negocio...
2026-06-25 11:28:01,203 INFO AVS_ZohoIntegration.Program - *** Obteniendo información de cabecera: Socios de Negocio (OCRD) ***
2026-06-25 11:28:01,288 ERROR AVS_ZohoIntegration.Program - Error al ejecutar consulta: 1). [Microsoft][ODBC Driver 13 for SQL Server][SQL Server]Invalid column name 'U_ZohoID'.
2). [Microsoft][ODBC Driver 13 for SQL Server][SQL Server]Statement(s) could not be prepared.

2026-06-25 11:28:01,290 INFO AVS_ZohoIntegration.Program - No se encontraron resultados pendientes de procesar (OCRD).
2026-06-25 11:28:01,290 INFO AVS_ZohoIntegration.Program - ** No hay registros pendientes de OCRD para procesar.
2026-06-25 11:28:01,291 INFO AVS_ZohoIntegration.Program - Proceso finalizado.
2026-06-25 11:28:01,291 INFO AVS_ZohoIntegration.Program - Cerrando conexión con SAP
2026-06-25 11:28:03,104 INFO AVS_ZohoIntegration.Program - Conexión SAP cerrada correctamente.
2026-06-25 11:28:03,105 INFO AVS_ZohoIntegration.Program - **************************************************************************
2026-06-25 11:28:18,062 INFO AVS_ZohoIntegration.Program - AVS SFTPSync Version [1.0.0.0]
2026-06-25 11:28:18,079 INFO AVS_ZohoIntegration.Program - Leyendo archivo de configuracion.
2026-06-25 11:28:18,143 INFO AVS_ZohoIntegration.Program - Archivo de configuracion leido correctamente.
2026-06-25 11:28:18,144 DEBUG AVS_ZohoIntegration.Program - **************************************************************************
2026-06-25 11:28:18,144 DEBUG AVS_ZohoIntegration.Program - Ejecutando sincronizacion para: SBODemoMX
2026-06-25 11:28:19,528 DEBUG AVS_ZohoIntegration.Program - Validando licencia...
2026-06-25 11:28:19,529 INFO AVS_ZohoIntegration.Program - Licencia valida.
2026-06-25 11:28:19,529 INFO AVS_ZohoIntegration.Program - Comando recibido: SENDBUSINESSPARTNERS
2026-06-25 11:28:19,530 INFO AVS_ZohoIntegration.Program - Iniciando proceso de envío de socios de negocio...
2026-06-25 11:28:19,532 INFO AVS_ZohoIntegration.Program - *** Obteniendo información de cabecera: Socios de Negocio (OCRD) ***
2026-06-25 11:28:19,566 ERROR AVS_ZohoIntegration.Program - Error al ejecutar consulta: 1). [Microsoft][ODBC Driver 13 for SQL Server][SQL Server]Invalid column name 'U_ZohoID'.
2). [Microsoft][ODBC Driver 13 for SQL Server][SQL Server]Statement(s) could not be prepared.

2026-06-25 11:28:19,566 INFO AVS_ZohoIntegration.Program - No se encontraron resultados pendientes de procesar (OCRD).
2026-06-25 11:28:19,566 INFO AVS_ZohoIntegration.Program - ** No hay registros pendientes de OCRD para procesar.
2026-06-25 11:28:19,567 INFO AVS_ZohoIntegration.Program - Proceso finalizado.
2026-06-25 11:28:19,567 INFO AVS_ZohoIntegration.Program - Cerrando conexión con SAP
2026-06-25 11:28:21,885 INFO AVS_ZohoIntegration.Program - Conexión SAP cerrada correctamente.
2026-06-25 11:28:21,886 INFO AVS_ZohoIntegration.Program - **************************************************************************
2026-06-25 11:29:16,313 INFO AVS_ZohoIntegration.Program - AVS SFTPSync Version [1.0.0.0]
2026-06-25 11:29:16,324 INFO AVS_ZohoIntegration.Program - Leyendo archivo de configuracion.
2026-06-25 11:29:16,391 INFO AVS_ZohoIntegration.Program - Archivo de configuracion leido correctamente.
2026-06-25 11:29:16,392 DEBUG AVS_ZohoIntegration.Program - **************************************************************************
2026-06-25 11:29:16,392 DEBUG AVS_ZohoIntegration.Program - Ejecutando sincronizacion para: SBODemoMX
2026-06-25 11:29:18,700 DEBUG AVS_ZohoIntegration.Program - Validando licencia...
2026-06-25 11:29:18,701 INFO AVS_ZohoIntegration.Program - Licencia valida.
2026-06-25 11:29:18,702 INFO AVS_ZohoIntegration.Program - Comando recibido: SENDBUSINESSPARTNERS
2026-06-25 11:29:18,702 INFO AVS_ZohoIntegration.Program - Iniciando proceso de envío de socios de negocio...
2026-06-25 11:29:18,706 INFO AVS_ZohoIntegration.Program - *** Obteniendo información de cabecera: Socios de Negocio (OCRD) ***
2026-06-25 11:29:18,898 INFO AVS_ZohoIntegration.Program - Se han obtenido 36 resultados pendientes de procesar.
2026-06-25 11:29:18,898 INFO AVS_ZohoIntegration.Program - * Procesando resultado: 1 *
2026-06-25 11:29:18,899 INFO AVS_ZohoIntegration.Program - CardCode: C1111
2026-06-25 11:29:18,899 INFO AVS_ZohoIntegration.Program - CardName: Cliente Mostrador
2026-06-25 11:29:18,900 INFO AVS_ZohoIntegration.Program - E_Mail: 
2026-06-25 11:29:18,900 INFO AVS_ZohoIntegration.Program - Phone1: 
2026-06-25 11:29:18,901 INFO AVS_ZohoIntegration.Program - * Procesando resultado: 2 *
2026-06-25 11:29:18,901 INFO AVS_ZohoIntegration.Program - CardCode: C12345
2026-06-25 11:29:18,902 INFO AVS_ZohoIntegration.Program - CardName: Comercializadora XYZ S.A. de C.V.
2026-06-25 11:29:18,902 INFO AVS_ZohoIntegration.Program - E_Mail: contacto@comercializadoraxyz.com
2026-06-25 11:29:18,904 INFO AVS_ZohoIntegration.Program - Phone1: 
2026-06-25 11:29:18,904 INFO AVS_ZohoIntegration.Program - * Procesando resultado: 3 *
2026-06-25 11:29:18,904 INFO AVS_ZohoIntegration.Program - CardCode: C123456
2026-06-25 11:29:18,905 INFO AVS_ZohoIntegration.Program - CardName: Comercializadora XYZ S.A. de C.V.
2026-06-25 11:29:18,905 INFO AVS_ZohoIntegration.Program - E_Mail: contacto@comercializadoraxyz.com
2026-06-25 11:29:18,905 INFO AVS_ZohoIntegration.Program - Phone1: 
2026-06-25 11:29:18,905 INFO AVS_ZohoIntegration.Program - * Procesando resultado: 4 *
2026-06-25 11:29:18,906 INFO AVS_ZohoIntegration.Program - CardCode: C20000
2026-06-25 11:29:18,906 INFO AVS_ZohoIntegration.Program - CardName: Maxi-Teq
2026-06-25 11:29:18,906 INFO AVS_ZohoIntegration.Program - E_Mail: info@maxi-teq.sap.com
2026-06-25 11:29:18,907 INFO AVS_ZohoIntegration.Program - Phone1: +52 (55) 5565-9032
2026-06-25 11:29:18,907 INFO AVS_ZohoIntegration.Program - * Procesando resultado: 5 *
2026-06-25 11:29:18,908 INFO AVS_ZohoIntegration.Program - CardCode: C23900
2026-06-25 11:29:18,908 INFO AVS_ZohoIntegration.Program - CardName: Parameter Technology
2026-06-25 11:29:18,909 INFO AVS_ZohoIntegration.Program - E_Mail: info@parameter.sap.com
2026-06-25 11:29:18,909 INFO AVS_ZohoIntegration.Program - Phone1: +52 (55)  5654-7633
2026-06-25 11:29:18,910 INFO AVS_ZohoIntegration.Program - * Procesando resultado: 6 *
2026-06-25 11:29:18,910 INFO AVS_ZohoIntegration.Program - CardCode: C25000
2026-06-25 11:29:18,911 INFO AVS_ZohoIntegration.Program - CardName: Star Company
2026-06-25 11:29:18,911 INFO AVS_ZohoIntegration.Program - E_Mail: info@starcompa.eu
2026-06-25 11:29:18,912 INFO AVS_ZohoIntegration.Program - Phone1: 00421 2 582 56 33
2026-06-25 11:29:18,912 INFO AVS_ZohoIntegration.Program - * Procesando resultado: 7 *
2026-06-25 11:29:18,913 INFO AVS_ZohoIntegration.Program - CardCode: C26000
2026-06-25 11:29:18,913 INFO AVS_ZohoIntegration.Program - CardName: River Inc
2026-06-25 11:29:18,913 INFO AVS_ZohoIntegration.Program - E_Mail: info@riveri.co.uk
2026-06-25 11:29:18,914 INFO AVS_ZohoIntegration.Program - Phone1: 0044 161 869 9000
2026-06-25 11:29:18,914 INFO AVS_ZohoIntegration.Program - * Procesando resultado: 8 *
2026-06-25 11:29:18,914 INFO AVS_ZohoIntegration.Program - CardCode: C30000
2026-06-25 11:29:18,916 INFO AVS_ZohoIntegration.Program - CardName: Microchips
2026-06-25 11:29:18,916 INFO AVS_ZohoIntegration.Program - E_Mail: info@microchips.sap.com
2026-06-25 11:29:18,916 INFO AVS_ZohoIntegration.Program - Phone1: +52 (55) 5345-9000
2026-06-25 11:29:18,916 INFO AVS_ZohoIntegration.Program - * Procesando resultado: 9 *
2026-06-25 11:29:18,917 INFO AVS_ZohoIntegration.Program - CardCode: C40000
2026-06-25 11:29:18,917 INFO AVS_ZohoIntegration.Program - CardName: Earthshaker Corporation
2026-06-25 11:29:18,917 INFO AVS_ZohoIntegration.Program - E_Mail: info@earthshaker.sap.com
2026-06-25 11:29:18,917 INFO AVS_ZohoIntegration.Program - Phone1: +52 (55) 5632-3399
2026-06-25 11:29:18,918 INFO AVS_ZohoIntegration.Program - * Procesando resultado: 10 *
2026-06-25 11:29:18,918 INFO AVS_ZohoIntegration.Program - CardCode: C42000
2026-06-25 11:29:18,918 INFO AVS_ZohoIntegration.Program - CardName: Mashina Corporation
2026-06-25 11:29:18,919 INFO AVS_ZohoIntegration.Program - E_Mail: info@mashina.sap.com
2026-06-25 11:29:18,919 INFO AVS_ZohoIntegration.Program - Phone1: +52 (55) 5115-7733
2026-06-25 11:29:18,920 INFO AVS_ZohoIntegration.Program - * Procesando resultado: 11 *
2026-06-25 11:29:18,920 INFO AVS_ZohoIntegration.Program - CardCode: C50000
2026-06-25 11:29:18,920 INFO AVS_ZohoIntegration.Program - CardName: ADA Technologies
2026-06-25 11:29:18,920 INFO AVS_ZohoIntegration.Program - E_Mail: info@ada-tech.sap.com
2026-06-25 11:29:18,922 INFO AVS_ZohoIntegration.Program - Phone1: +52 (55) 5456-9000
2026-06-25 11:29:18,923 INFO AVS_ZohoIntegration.Program - * Procesando resultado: 12 *
2026-06-25 11:29:18,923 INFO AVS_ZohoIntegration.Program - CardCode: C60000
2026-06-25 11:29:18,923 INFO AVS_ZohoIntegration.Program - CardName: SG Electronics
2026-06-25 11:29:18,924 INFO AVS_ZohoIntegration.Program - E_Mail: info@sg.sap.com
2026-06-25 11:29:18,924 INFO AVS_ZohoIntegration.Program - Phone1: +52 (55) 5980-7723
2026-06-25 11:29:18,924 INFO AVS_ZohoIntegration.Program - * Procesando resultado: 13 *
2026-06-25 11:29:18,925 INFO AVS_ZohoIntegration.Program - CardCode: C70000
2026-06-25 11:29:18,925 INFO AVS_ZohoIntegration.Program - CardName: Aquent Systems
2026-06-25 11:29:18,925 INFO AVS_ZohoIntegration.Program - E_Mail: info@aquent-sys.sap.com
2026-06-25 11:29:18,926 INFO AVS_ZohoIntegration.Program - Phone1: +52 (81) 5711-6124
2026-06-25 11:29:18,926 INFO AVS_ZohoIntegration.Program - * Procesando resultado: 14 *
2026-06-25 11:29:18,926 INFO AVS_ZohoIntegration.Program - CardCode: C99998
2026-06-25 11:29:18,927 INFO AVS_ZohoIntegration.Program - CardName: Cliente Web
2026-06-25 11:29:18,927 INFO AVS_ZohoIntegration.Program - E_Mail: 
2026-06-25 11:29:18,928 INFO AVS_ZohoIntegration.Program - Phone1: 
2026-06-25 11:29:18,928 INFO AVS_ZohoIntegration.Program - * Procesando resultado: 15 *
2026-06-25 11:29:18,929 INFO AVS_ZohoIntegration.Program - CardCode: CL000066
2026-06-25 11:29:18,930 INFO AVS_ZohoIntegration.Program - CardName: Socio de beluga
2026-06-25 11:29:18,930 INFO AVS_ZohoIntegration.Program - E_Mail: 
2026-06-25 11:29:18,930 INFO AVS_ZohoIntegration.Program - Phone1: 
2026-06-25 11:29:18,931 INFO AVS_ZohoIntegration.Program - * Procesando resultado: 16 *
2026-06-25 11:29:18,931 INFO AVS_ZohoIntegration.Program - CardCode: CMF0001
2026-06-25 11:29:18,932 INFO AVS_ZohoIntegration.Program - CardName: Cliente curso SL
2026-06-25 11:29:18,932 INFO AVS_ZohoIntegration.Program - E_Mail: 
2026-06-25 11:29:18,933 INFO AVS_ZohoIntegration.Program - Phone1: 
2026-06-25 11:29:18,933 INFO AVS_ZohoIntegration.Program - * Procesando resultado: 17 *
2026-06-25 11:29:18,934 INFO AVS_ZohoIntegration.Program - CardCode: CMF0002
2026-06-25 11:29:18,934 INFO AVS_ZohoIntegration.Program - CardName: Cliente 01
2026-06-25 11:29:18,934 INFO AVS_ZohoIntegration.Program - E_Mail: luis.hernandez5325@gmail.com
2026-06-25 11:29:18,936 INFO AVS_ZohoIntegration.Program - Phone1: 
2026-06-25 11:29:18,936 INFO AVS_ZohoIntegration.Program - * Procesando resultado: 18 *
2026-06-25 11:29:18,937 INFO AVS_ZohoIntegration.Program - CardCode: CMF0003
2026-06-25 11:29:18,937 INFO AVS_ZohoIntegration.Program - CardName: Cliente Mostrador prueba
2026-06-25 11:29:18,938 INFO AVS_ZohoIntegration.Program - E_Mail: info@maxi-teq.sap.com
2026-06-25 11:29:18,938 INFO AVS_ZohoIntegration.Program - Phone1: 
2026-06-25 11:29:18,938 INFO AVS_ZohoIntegration.Program - * Procesando resultado: 19 *
2026-06-25 11:29:18,939 INFO AVS_ZohoIntegration.Program - CardCode: CMF0004
2026-06-25 11:29:18,939 INFO AVS_ZohoIntegration.Program - CardName: Empresa Ejemplo 1
2026-06-25 11:29:18,940 INFO AVS_ZohoIntegration.Program - E_Mail: contacto@empresa.com
2026-06-25 11:29:18,940 INFO AVS_ZohoIntegration.Program - Phone1: 5551234567
2026-06-25 11:29:18,941 INFO AVS_ZohoIntegration.Program - * Procesando resultado: 20 *
2026-06-25 11:29:18,941 INFO AVS_ZohoIntegration.Program - CardCode: CMF0005
2026-06-25 11:29:18,942 INFO AVS_ZohoIntegration.Program - CardName: Cliente Mostrador 2
2026-06-25 11:29:18,943 INFO AVS_ZohoIntegration.Program - E_Mail: info@maxi-teq.sap.com
2026-06-25 11:29:18,943 INFO AVS_ZohoIntegration.Program - Phone1: 
2026-06-25 11:29:18,943 INFO AVS_ZohoIntegration.Program - * Procesando resultado: 21 *
2026-06-25 11:29:18,944 INFO AVS_ZohoIntegration.Program - CardCode: CSL0002
2026-06-25 11:29:18,944 INFO AVS_ZohoIntegration.Program - CardName: Cliente curso SL
2026-06-25 11:29:18,945 INFO AVS_ZohoIntegration.Program - E_Mail: 
2026-06-25 11:29:18,945 INFO AVS_ZohoIntegration.Program - Phone1: 
2026-06-25 11:29:18,945 INFO AVS_ZohoIntegration.Program - * Procesando resultado: 22 *
2026-06-25 11:29:18,947 INFO AVS_ZohoIntegration.Program - CardCode: E00001
2026-06-25 11:29:18,947 INFO AVS_ZohoIntegration.Program - CardName: Empleado 1
2026-06-25 11:29:18,948 INFO AVS_ZohoIntegration.Program - E_Mail: 
2026-06-25 11:29:18,948 INFO AVS_ZohoIntegration.Program - Phone1: 
2026-06-25 11:29:18,949 INFO AVS_ZohoIntegration.Program - * Procesando resultado: 23 *
2026-06-25 11:29:18,949 INFO AVS_ZohoIntegration.Program - CardCode: L10001
2026-06-25 11:29:18,950 INFO AVS_ZohoIntegration.Program - CardName: Andreas Ackermann
2026-06-25 11:29:18,950 INFO AVS_ZohoIntegration.Program - E_Mail: info@ackermann.sap.com
2026-06-25 11:29:18,951 INFO AVS_ZohoIntegration.Program - Phone1: +52 (33) 5229-8176
2026-06-25 11:29:18,951 INFO AVS_ZohoIntegration.Program - * Procesando resultado: 24 *
2026-06-25 11:29:18,952 INFO AVS_ZohoIntegration.Program - CardCode: L10002
2026-06-25 11:29:18,952 INFO AVS_ZohoIntegration.Program - CardName: Werner Richter
2026-06-25 11:29:18,953 INFO AVS_ZohoIntegration.Program - E_Mail: info@werner.sap.com
2026-06-25 11:29:18,953 INFO AVS_ZohoIntegration.Program - Phone1: +52 (55) 5104-9190
2026-06-25 11:29:18,953 INFO AVS_ZohoIntegration.Program - * Procesando resultado: 25 *
2026-06-25 11:29:18,954 INFO AVS_ZohoIntegration.Program - CardCode: PR000336
2026-06-25 11:29:18,954 INFO AVS_ZohoIntegration.Program - CardName: Cliente Beluga
2026-06-25 11:29:18,954 INFO AVS_ZohoIntegration.Program - E_Mail: 
2026-06-25 11:29:18,955 INFO AVS_ZohoIntegration.Program - Phone1: 
2026-06-25 11:29:18,955 INFO AVS_ZohoIntegration.Program - * Procesando resultado: 26 *
2026-06-25 11:29:18,956 INFO AVS_ZohoIntegration.Program - CardCode: PRAVS01
2026-06-25 11:29:18,956 INFO AVS_ZohoIntegration.Program - CardName: Prueba curso SL
2026-06-25 11:29:18,957 INFO AVS_ZohoIntegration.Program - E_Mail: 
2026-06-25 11:29:18,958 INFO AVS_ZohoIntegration.Program - Phone1: 
2026-06-25 11:29:18,959 INFO AVS_ZohoIntegration.Program - * Procesando resultado: 27 *
2026-06-25 11:29:18,959 INFO AVS_ZohoIntegration.Program - CardCode: V10000
2026-06-25 11:29:18,961 INFO AVS_ZohoIntegration.Program - CardName: Acme Associates
2026-06-25 11:29:18,962 INFO AVS_ZohoIntegration.Program - E_Mail: info@acme.sap.com
2026-06-25 11:29:18,962 INFO AVS_ZohoIntegration.Program - Phone1: +52 (444) 8917-3743
2026-06-25 11:29:18,962 INFO AVS_ZohoIntegration.Program - * Procesando resultado: 28 *
2026-06-25 11:29:18,963 INFO AVS_ZohoIntegration.Program - CardCode: V1010
2026-06-25 11:29:18,964 INFO AVS_ZohoIntegration.Program - CardName: Far East Imports
2026-06-25 11:29:18,965 INFO AVS_ZohoIntegration.Program - E_Mail: info@far-east.sap.com
2026-06-25 11:29:18,965 INFO AVS_ZohoIntegration.Program - Phone1: +52 (55) 5992-7402
2026-06-25 11:29:18,966 INFO AVS_ZohoIntegration.Program - * Procesando resultado: 29 *
2026-06-25 11:29:18,966 INFO AVS_ZohoIntegration.Program - CardCode: V20000
2026-06-25 11:29:18,967 INFO AVS_ZohoIntegration.Program - CardName: Lasercom
2026-06-25 11:29:18,968 INFO AVS_ZohoIntegration.Program - E_Mail: info@lasercom.sap.com
2026-06-25 11:29:18,968 INFO AVS_ZohoIntegration.Program - Phone1: +52 (55) 5089-1023
2026-06-25 11:29:18,969 INFO AVS_ZohoIntegration.Program - * Procesando resultado: 30 *
2026-06-25 11:29:18,970 INFO AVS_ZohoIntegration.Program - CardCode: V21000
2026-06-25 11:29:18,970 INFO AVS_ZohoIntegration.Program - CardName: Sea Corp
2026-06-25 11:29:18,971 INFO AVS_ZohoIntegration.Program - E_Mail: info@seacorp.eu
2026-06-25 11:29:18,972 INFO AVS_ZohoIntegration.Program - Phone1: 00421 2 683 42 27
2026-06-25 11:29:18,972 INFO AVS_ZohoIntegration.Program - * Procesando resultado: 31 *
2026-06-25 11:29:18,972 INFO AVS_ZohoIntegration.Program - CardCode: V22000
2026-06-25 11:29:18,975 INFO AVS_ZohoIntegration.Program - CardName: Ocean Computers
2026-06-25 11:29:18,975 INFO AVS_ZohoIntegration.Program - E_Mail: info@oceancomp.co.uk
2026-06-25 11:29:18,976 INFO AVS_ZohoIntegration.Program - Phone1: 0044 161 445 1895
2026-06-25 11:29:18,976 INFO AVS_ZohoIntegration.Program - * Procesando resultado: 32 *
2026-06-25 11:29:18,977 INFO AVS_ZohoIntegration.Program - CardCode: V23000
2026-06-25 11:29:18,977 INFO AVS_ZohoIntegration.Program - CardName: Anthony Smith
2026-06-25 11:29:18,978 INFO AVS_ZohoIntegration.Program - E_Mail: info@anthony.sap.com
2026-06-25 11:29:18,978 INFO AVS_ZohoIntegration.Program - Phone1: +52 (55) 7882-4616
2026-06-25 11:29:18,979 INFO AVS_ZohoIntegration.Program - * Procesando resultado: 33 *
2026-06-25 11:29:18,980 INFO AVS_ZohoIntegration.Program - CardCode: V30000
2026-06-25 11:29:18,980 INFO AVS_ZohoIntegration.Program - CardName: Blockies Corporation
2026-06-25 11:29:18,981 INFO AVS_ZohoIntegration.Program - E_Mail: info@blockies.sap.com
2026-06-25 11:29:18,981 INFO AVS_ZohoIntegration.Program - Phone1: +52 (55) 5028-7922
2026-06-25 11:29:18,981 INFO AVS_ZohoIntegration.Program - * Procesando resultado: 34 *
2026-06-25 11:29:18,982 INFO AVS_ZohoIntegration.Program - CardCode: V50000
2026-06-25 11:29:18,982 INFO AVS_ZohoIntegration.Program - CardName: Lumarx
2026-06-25 11:29:18,983 INFO AVS_ZohoIntegration.Program - E_Mail: info@lumarx.sap.com
2026-06-25 11:29:18,983 INFO AVS_ZohoIntegration.Program - Phone1: +52 (55) 5290-3655
2026-06-25 11:29:18,984 INFO AVS_ZohoIntegration.Program - * Procesando resultado: 35 *
2026-06-25 11:29:18,984 INFO AVS_ZohoIntegration.Program - CardCode: V60000
2026-06-25 11:29:18,985 INFO AVS_ZohoIntegration.Program - CardName: OÑATE WILLY Y COMPAÑIA
2026-06-25 11:29:18,985 INFO AVS_ZohoIntegration.Program - E_Mail: info@CTI.sap.com
2026-06-25 11:29:18,986 INFO AVS_ZohoIntegration.Program - Phone1: +52 (55) 5405-2342
2026-06-25 11:29:18,987 INFO AVS_ZohoIntegration.Program - * Procesando resultado: 36 *
2026-06-25 11:29:18,987 INFO AVS_ZohoIntegration.Program - CardCode: V70000
2026-06-25 11:29:18,988 INFO AVS_ZohoIntegration.Program - CardName: SMD Technologies
2026-06-25 11:29:18,988 INFO AVS_ZohoIntegration.Program - E_Mail: info@SMD-tech.sap.com
2026-06-25 11:29:18,990 INFO AVS_ZohoIntegration.Program - Phone1: +52 (33) 5473-2234
2026-06-25 11:29:18,991 INFO AVS_ZohoIntegration.Program - * Consultando sub-entidad [Contactos] para OCRD...
2026-06-25 11:29:19,147 INFO AVS_ZohoIntegration.Program - Se han obtenido 40 resultados pendientes de procesar.
2026-06-25 11:29:19,147 INFO AVS_ZohoIntegration.Program - * Procesando resultado: 1 *
2026-06-25 11:29:19,148 INFO AVS_ZohoIntegration.Program - CardCode: C20000
2026-06-25 11:29:19,149 INFO AVS_ZohoIntegration.Program - Name: Humberto Thompson
2026-06-25 11:29:19,168 ERROR AVS_ZohoIntegration.Program - Error al construir el diccionario para el registro 1 de OCRD_Contactos: La clave proporcionada no se encontró en el diccionario.
2026-06-25 11:29:19,170 INFO AVS_ZohoIntegration.Program - * Procesando resultado: 2 *
2026-06-25 11:29:19,171 INFO AVS_ZohoIntegration.Program - CardCode: C20000
2026-06-25 11:29:19,172 INFO AVS_ZohoIntegration.Program - Name: Amanda Costner
2026-06-25 11:29:19,180 ERROR AVS_ZohoIntegration.Program - Error al construir el diccionario para el registro 2 de OCRD_Contactos: La clave proporcionada no se encontró en el diccionario.
2026-06-25 11:29:19,181 INFO AVS_ZohoIntegration.Program - * Procesando resultado: 3 *
2026-06-25 11:29:19,181 INFO AVS_ZohoIntegration.Program - CardCode: C23900
2026-06-25 11:29:19,182 INFO AVS_ZohoIntegration.Program - Name: Daniel Brown
2026-06-25 11:29:19,190 ERROR AVS_ZohoIntegration.Program - Error al construir el diccionario para el registro 3 de OCRD_Contactos: La clave proporcionada no se encontró en el diccionario.
2026-06-25 11:29:19,191 INFO AVS_ZohoIntegration.Program - * Procesando resultado: 4 *
2026-06-25 11:29:19,191 INFO AVS_ZohoIntegration.Program - CardCode: C23900
2026-06-25 11:29:19,192 INFO AVS_ZohoIntegration.Program - Name: Marta Hummel
2026-06-25 11:29:19,200 ERROR AVS_ZohoIntegration.Program - Error al construir el diccionario para el registro 4 de OCRD_Contactos: La clave proporcionada no se encontró en el diccionario.
2026-06-25 11:29:19,201 INFO AVS_ZohoIntegration.Program - * Procesando resultado: 5 *
2026-06-25 11:29:19,202 INFO AVS_ZohoIntegration.Program - CardCode: C30000
2026-06-25 11:29:19,203 INFO AVS_ZohoIntegration.Program - Name: Carolina Brown
2026-06-25 11:29:19,212 ERROR AVS_ZohoIntegration.Program - Error al construir el diccionario para el registro 5 de OCRD_Contactos: La clave proporcionada no se encontró en el diccionario.
2026-06-25 11:29:19,213 INFO AVS_ZohoIntegration.Program - * Procesando resultado: 6 *
2026-06-25 11:29:19,213 INFO AVS_ZohoIntegration.Program - CardCode: C30000
2026-06-25 11:29:19,214 INFO AVS_ZohoIntegration.Program - Name: Daniela Jubinville
2026-06-25 11:29:19,223 ERROR AVS_ZohoIntegration.Program - Error al construir el diccionario para el registro 6 de OCRD_Contactos: La clave proporcionada no se encontró en el diccionario.
2026-06-25 11:29:19,224 INFO AVS_ZohoIntegration.Program - * Procesando resultado: 7 *
2026-06-25 11:29:19,224 INFO AVS_ZohoIntegration.Program - CardCode: C40000
2026-06-25 11:29:19,225 INFO AVS_ZohoIntegration.Program - Name: Gustavo  McKensly
2026-06-25 11:29:19,234 ERROR AVS_ZohoIntegration.Program - Error al construir el diccionario para el registro 7 de OCRD_Contactos: La clave proporcionada no se encontró en el diccionario.
2026-06-25 11:29:19,235 INFO AVS_ZohoIntegration.Program - * Procesando resultado: 8 *
2026-06-25 11:29:19,235 INFO AVS_ZohoIntegration.Program - CardCode: C40000
2026-06-25 11:29:19,236 INFO AVS_ZohoIntegration.Program - Name: Soledad Powers
2026-06-25 11:29:19,243 ERROR AVS_ZohoIntegration.Program - Error al construir el diccionario para el registro 8 de OCRD_Contactos: La clave proporcionada no se encontró en el diccionario.
2026-06-25 11:29:19,244 INFO AVS_ZohoIntegration.Program - * Procesando resultado: 9 *
2026-06-25 11:29:19,245 INFO AVS_ZohoIntegration.Program - CardCode: C42000
2026-06-25 11:29:19,246 INFO AVS_ZohoIntegration.Program - Name: Julian Smith
2026-06-25 11:29:19,254 ERROR AVS_ZohoIntegration.Program - Error al construir el diccionario para el registro 9 de OCRD_Contactos: La clave proporcionada no se encontró en el diccionario.
2026-06-25 11:29:19,255 INFO AVS_ZohoIntegration.Program - * Procesando resultado: 10 *
2026-06-25 11:29:19,256 INFO AVS_ZohoIntegration.Program - CardCode: C42000
2026-06-25 11:29:19,256 INFO AVS_ZohoIntegration.Program - Name: Natalia Herren
2026-06-25 11:29:19,264 ERROR AVS_ZohoIntegration.Program - Error al construir el diccionario para el registro 10 de OCRD_Contactos: La clave proporcionada no se encontró en el diccionario.
2026-06-25 11:29:19,265 INFO AVS_ZohoIntegration.Program - * Procesando resultado: 11 *
2026-06-25 11:29:19,266 INFO AVS_ZohoIntegration.Program - CardCode: C50000
2026-06-25 11:29:19,266 INFO AVS_ZohoIntegration.Program - Name: Ana  Brown
2026-06-25 11:29:19,274 ERROR AVS_ZohoIntegration.Program - Error al construir el diccionario para el registro 11 de OCRD_Contactos: La clave proporcionada no se encontró en el diccionario.
2026-06-25 11:29:19,275 INFO AVS_ZohoIntegration.Program - * Procesando resultado: 12 *
2026-06-25 11:29:19,275 INFO AVS_ZohoIntegration.Program - CardCode: C60000
2026-06-25 11:29:19,275 INFO AVS_ZohoIntegration.Program - Name: Carlos Alexander
2026-06-25 11:29:19,283 ERROR AVS_ZohoIntegration.Program - Error al construir el diccionario para el registro 12 de OCRD_Contactos: La clave proporcionada no se encontró en el diccionario.
2026-06-25 11:29:19,284 INFO AVS_ZohoIntegration.Program - * Procesando resultado: 13 *
2026-06-25 11:29:19,284 INFO AVS_ZohoIntegration.Program - CardCode: C70000
2026-06-25 11:29:19,286 INFO AVS_ZohoIntegration.Program - Name: Guillermo Brown
2026-06-25 11:29:19,292 ERROR AVS_ZohoIntegration.Program - Error al construir el diccionario para el registro 13 de OCRD_Contactos: La clave proporcionada no se encontró en el diccionario.
2026-06-25 11:29:19,293 INFO AVS_ZohoIntegration.Program - * Procesando resultado: 14 *
2026-06-25 11:29:19,294 INFO AVS_ZohoIntegration.Program - CardCode: L10001
2026-06-25 11:29:19,294 INFO AVS_ZohoIntegration.Program - Name: Jorge Sanders
2026-06-25 11:29:19,302 ERROR AVS_ZohoIntegration.Program - Error al construir el diccionario para el registro 14 de OCRD_Contactos: La clave proporcionada no se encontró en el diccionario.
2026-06-25 11:29:19,303 INFO AVS_ZohoIntegration.Program - * Procesando resultado: 15 *
2026-06-25 11:29:19,303 INFO AVS_ZohoIntegration.Program - CardCode: L10001
2026-06-25 11:29:19,304 INFO AVS_ZohoIntegration.Program - Name: Maria Laura Breeveld
2026-06-25 11:29:19,311 ERROR AVS_ZohoIntegration.Program - Error al construir el diccionario para el registro 15 de OCRD_Contactos: La clave proporcionada no se encontró en el diccionario.
2026-06-25 11:29:19,312 INFO AVS_ZohoIntegration.Program - * Procesando resultado: 16 *
2026-06-25 11:29:19,312 INFO AVS_ZohoIntegration.Program - CardCode: L10002
2026-06-25 11:29:19,313 INFO AVS_ZohoIntegration.Program - Name: Hugo Wilfork
2026-06-25 11:29:19,321 ERROR AVS_ZohoIntegration.Program - Error al construir el diccionario para el registro 16 de OCRD_Contactos: La clave proporcionada no se encontró en el diccionario.
2026-06-25 11:29:19,322 INFO AVS_ZohoIntegration.Program - * Procesando resultado: 17 *
2026-06-25 11:29:19,322 INFO AVS_ZohoIntegration.Program - CardCode: L10002
2026-06-25 11:29:19,323 INFO AVS_ZohoIntegration.Program - Name: Camila Svensson
2026-06-25 11:29:19,329 ERROR AVS_ZohoIntegration.Program - Error al construir el diccionario para el registro 17 de OCRD_Contactos: La clave proporcionada no se encontró en el diccionario.
2026-06-25 11:29:19,330 INFO AVS_ZohoIntegration.Program - * Procesando resultado: 18 *
2026-06-25 11:29:19,331 INFO AVS_ZohoIntegration.Program - CardCode: V10000
2026-06-25 11:29:19,332 INFO AVS_ZohoIntegration.Program - Name: Luisa Kierl
2026-06-25 11:29:19,339 ERROR AVS_ZohoIntegration.Program - Error al construir el diccionario para el registro 18 de OCRD_Contactos: La clave proporcionada no se encontró en el diccionario.
2026-06-25 11:29:19,340 INFO AVS_ZohoIntegration.Program - * Procesando resultado: 19 *
2026-06-25 11:29:19,341 INFO AVS_ZohoIntegration.Program - CardCode: V10000
2026-06-25 11:29:19,341 INFO AVS_ZohoIntegration.Program - Name: Sebastian Marrazzo
2026-06-25 11:29:19,350 ERROR AVS_ZohoIntegration.Program - Error al construir el diccionario para el registro 19 de OCRD_Contactos: La clave proporcionada no se encontró en el diccionario.
2026-06-25 11:29:19,351 INFO AVS_ZohoIntegration.Program - * Procesando resultado: 20 *
2026-06-25 11:29:19,351 INFO AVS_ZohoIntegration.Program - CardCode: V1010
2026-06-25 11:29:19,352 INFO AVS_ZohoIntegration.Program - Name: Martin Miles
2026-06-25 11:29:19,358 ERROR AVS_ZohoIntegration.Program - Error al construir el diccionario para el registro 20 de OCRD_Contactos: La clave proporcionada no se encontró en el diccionario.
2026-06-25 11:29:19,359 INFO AVS_ZohoIntegration.Program - * Procesando resultado: 21 *
2026-06-25 11:29:19,360 INFO AVS_ZohoIntegration.Program - CardCode: V1010
2026-06-25 11:29:19,360 INFO AVS_ZohoIntegration.Program - Name: Juan Roman Sheppard
2026-06-25 11:29:19,368 ERROR AVS_ZohoIntegration.Program - Error al construir el diccionario para el registro 21 de OCRD_Contactos: La clave proporcionada no se encontró en el diccionario.
2026-06-25 11:29:19,369 INFO AVS_ZohoIntegration.Program - * Procesando resultado: 22 *
2026-06-25 11:29:19,370 INFO AVS_ZohoIntegration.Program - CardCode: V20000
2026-06-25 11:29:19,370 INFO AVS_ZohoIntegration.Program - Name: Juan Miller
2026-06-25 11:29:19,379 ERROR AVS_ZohoIntegration.Program - Error al construir el diccionario para el registro 22 de OCRD_Contactos: La clave proporcionada no se encontró en el diccionario.
2026-06-25 11:29:19,380 INFO AVS_ZohoIntegration.Program - * Procesando resultado: 23 *
2026-06-25 11:29:19,380 INFO AVS_ZohoIntegration.Program - CardCode: V20000
2026-06-25 11:29:19,381 INFO AVS_ZohoIntegration.Program - Name: Alejandra Wilson
2026-06-25 11:29:19,389 ERROR AVS_ZohoIntegration.Program - Error al construir el diccionario para el registro 23 de OCRD_Contactos: La clave proporcionada no se encontró en el diccionario.
2026-06-25 11:29:19,390 INFO AVS_ZohoIntegration.Program - * Procesando resultado: 24 *
2026-06-25 11:29:19,390 INFO AVS_ZohoIntegration.Program - CardCode: V23000
2026-06-25 11:29:19,391 INFO AVS_ZohoIntegration.Program - Name: Matias Spanos
2026-06-25 11:29:19,401 ERROR AVS_ZohoIntegration.Program - Error al construir el diccionario para el registro 24 de OCRD_Contactos: La clave proporcionada no se encontró en el diccionario.
2026-06-25 11:29:19,402 INFO AVS_ZohoIntegration.Program - * Procesando resultado: 25 *
2026-06-25 11:29:19,403 INFO AVS_ZohoIntegration.Program - CardCode: V30000
2026-06-25 11:29:19,403 INFO AVS_ZohoIntegration.Program - Name: Miguel Morgan
2026-06-25 11:29:19,411 ERROR AVS_ZohoIntegration.Program - Error al construir el diccionario para el registro 25 de OCRD_Contactos: La clave proporcionada no se encontró en el diccionario.
2026-06-25 11:29:19,412 INFO AVS_ZohoIntegration.Program - * Procesando resultado: 26 *
2026-06-25 11:29:19,413 INFO AVS_ZohoIntegration.Program - CardCode: V30000
2026-06-25 11:29:19,413 INFO AVS_ZohoIntegration.Program - Name: Sabrina Hanschke
2026-06-25 11:29:19,422 ERROR AVS_ZohoIntegration.Program - Error al construir el diccionario para el registro 26 de OCRD_Contactos: La clave proporcionada no se encontró en el diccionario.
2026-06-25 11:29:19,423 INFO AVS_ZohoIntegration.Program - * Procesando resultado: 27 *
2026-06-25 11:29:19,424 INFO AVS_ZohoIntegration.Program - CardCode: V50000
2026-06-25 11:29:19,425 INFO AVS_ZohoIntegration.Program - Name: Roberto Williams
2026-06-25 11:29:19,432 ERROR AVS_ZohoIntegration.Program - Error al construir el diccionario para el registro 27 de OCRD_Contactos: La clave proporcionada no se encontró en el diccionario.
2026-06-25 11:29:19,433 INFO AVS_ZohoIntegration.Program - * Procesando resultado: 28 *
2026-06-25 11:29:19,434 INFO AVS_ZohoIntegration.Program - CardCode: V50000
2026-06-25 11:29:19,434 INFO AVS_ZohoIntegration.Program - Name: Susana Klingenberg
2026-06-25 11:29:19,442 ERROR AVS_ZohoIntegration.Program - Error al construir el diccionario para el registro 28 de OCRD_Contactos: La clave proporcionada no se encontró en el diccionario.
2026-06-25 11:29:19,443 INFO AVS_ZohoIntegration.Program - * Procesando resultado: 29 *
2026-06-25 11:29:19,444 INFO AVS_ZohoIntegration.Program - CardCode: V60000
2026-06-25 11:29:19,444 INFO AVS_ZohoIntegration.Program - Name: Juan Kalil
2026-06-25 11:29:19,451 ERROR AVS_ZohoIntegration.Program - Error al construir el diccionario para el registro 29 de OCRD_Contactos: La clave proporcionada no se encontró en el diccionario.
2026-06-25 11:29:19,452 INFO AVS_ZohoIntegration.Program - * Procesando resultado: 30 *
2026-06-25 11:29:19,452 INFO AVS_ZohoIntegration.Program - CardCode: V70000
2026-06-25 11:29:19,453 INFO AVS_ZohoIntegration.Program - Name: Sara Kierl
2026-06-25 11:29:19,461 ERROR AVS_ZohoIntegration.Program - Error al construir el diccionario para el registro 30 de OCRD_Contactos: La clave proporcionada no se encontró en el diccionario.
2026-06-25 11:29:19,462 INFO AVS_ZohoIntegration.Program - * Procesando resultado: 31 *
2026-06-25 11:29:19,462 INFO AVS_ZohoIntegration.Program - CardCode: C25000
2026-06-25 11:29:19,463 INFO AVS_ZohoIntegration.Program - Name: Martina  Basalykova
2026-06-25 11:29:19,470 ERROR AVS_ZohoIntegration.Program - Error al construir el diccionario para el registro 31 de OCRD_Contactos: La clave proporcionada no se encontró en el diccionario.
2026-06-25 11:29:19,472 INFO AVS_ZohoIntegration.Program - * Procesando resultado: 32 *
2026-06-25 11:29:19,472 INFO AVS_ZohoIntegration.Program - CardCode: C25000
2026-06-25 11:29:19,473 INFO AVS_ZohoIntegration.Program - Name: Peter Nagy
2026-06-25 11:29:19,479 ERROR AVS_ZohoIntegration.Program - Error al construir el diccionario para el registro 32 de OCRD_Contactos: La clave proporcionada no se encontró en el diccionario.
2026-06-25 11:29:19,480 INFO AVS_ZohoIntegration.Program - * Procesando resultado: 33 *
2026-06-25 11:29:19,481 INFO AVS_ZohoIntegration.Program - CardCode: C26000
2026-06-25 11:29:19,482 INFO AVS_ZohoIntegration.Program - Name: Lewis Beerman
2026-06-25 11:29:19,490 ERROR AVS_ZohoIntegration.Program - Error al construir el diccionario para el registro 33 de OCRD_Contactos: La clave proporcionada no se encontró en el diccionario.
2026-06-25 11:29:19,491 INFO AVS_ZohoIntegration.Program - * Procesando resultado: 34 *
2026-06-25 11:29:19,492 INFO AVS_ZohoIntegration.Program - CardCode: C26000
2026-06-25 11:29:19,493 INFO AVS_ZohoIntegration.Program - Name: Luke Hardy
2026-06-25 11:29:19,499 ERROR AVS_ZohoIntegration.Program - Error al construir el diccionario para el registro 34 de OCRD_Contactos: La clave proporcionada no se encontró en el diccionario.
2026-06-25 11:29:19,500 INFO AVS_ZohoIntegration.Program - * Procesando resultado: 35 *
2026-06-25 11:29:19,500 INFO AVS_ZohoIntegration.Program - CardCode: V21000
2026-06-25 11:29:19,501 INFO AVS_ZohoIntegration.Program - Name: Pavol Jankovic
2026-06-25 11:29:19,508 ERROR AVS_ZohoIntegration.Program - Error al construir el diccionario para el registro 35 de OCRD_Contactos: La clave proporcionada no se encontró en el diccionario.
2026-06-25 11:29:19,509 INFO AVS_ZohoIntegration.Program - * Procesando resultado: 36 *
2026-06-25 11:29:19,510 INFO AVS_ZohoIntegration.Program - CardCode: V21000
2026-06-25 11:29:19,510 INFO AVS_ZohoIntegration.Program - Name: Dusan Palo
2026-06-25 11:29:19,518 ERROR AVS_ZohoIntegration.Program - Error al construir el diccionario para el registro 36 de OCRD_Contactos: La clave proporcionada no se encontró en el diccionario.
2026-06-25 11:29:19,520 INFO AVS_ZohoIntegration.Program - * Procesando resultado: 37 *
2026-06-25 11:29:19,521 INFO AVS_ZohoIntegration.Program - CardCode: V22000
2026-06-25 11:29:19,522 INFO AVS_ZohoIntegration.Program - Name: Joe Wilson
2026-06-25 11:29:19,528 ERROR AVS_ZohoIntegration.Program - Error al construir el diccionario para el registro 37 de OCRD_Contactos: La clave proporcionada no se encontró en el diccionario.
2026-06-25 11:29:19,529 INFO AVS_ZohoIntegration.Program - * Procesando resultado: 38 *
2026-06-25 11:29:19,529 INFO AVS_ZohoIntegration.Program - CardCode: V22000
2026-06-25 11:29:19,530 INFO AVS_ZohoIntegration.Program - Name: Andrew Francis
2026-06-25 11:29:19,538 ERROR AVS_ZohoIntegration.Program - Error al construir el diccionario para el registro 38 de OCRD_Contactos: La clave proporcionada no se encontró en el diccionario.
2026-06-25 11:29:19,539 INFO AVS_ZohoIntegration.Program - * Procesando resultado: 39 *
2026-06-25 11:29:19,539 INFO AVS_ZohoIntegration.Program - CardCode: CMF0004
2026-06-25 11:29:19,540 INFO AVS_ZohoIntegration.Program - Name: Carlos López
2026-06-25 11:29:19,548 ERROR AVS_ZohoIntegration.Program - Error al construir el diccionario para el registro 39 de OCRD_Contactos: La clave proporcionada no se encontró en el diccionario.
2026-06-25 11:29:19,549 INFO AVS_ZohoIntegration.Program - * Procesando resultado: 40 *
2026-06-25 11:29:19,550 INFO AVS_ZohoIntegration.Program - CardCode: CMF0004
2026-06-25 11:29:19,550 INFO AVS_ZohoIntegration.Program - Name: Ana Rodríguez
2026-06-25 11:29:19,558 ERROR AVS_ZohoIntegration.Program - Error al construir el diccionario para el registro 40 de OCRD_Contactos: La clave proporcionada no se encontró en el diccionario.
2026-06-25 11:29:19,559 INFO AVS_ZohoIntegration.Program - * Consultando sub-entidad [Direcciones] para OCRD...
2026-06-25 11:29:19,808 INFO AVS_ZohoIntegration.Program - Se han obtenido 59 resultados pendientes de procesar.
2026-06-25 11:29:19,809 INFO AVS_ZohoIntegration.Program - * Procesando resultado: 1 *
2026-06-25 11:29:19,809 INFO AVS_ZohoIntegration.Program - CardCode: C1111
2026-06-25 11:29:19,810 INFO AVS_ZohoIntegration.Program - Address: Entrega
2026-06-25 11:29:19,810 INFO AVS_ZohoIntegration.Program - Street: 
2026-06-25 11:29:19,812 INFO AVS_ZohoIntegration.Program - City: 
2026-06-25 11:29:19,812 INFO AVS_ZohoIntegration.Program - AdresType: S
2026-06-25 11:29:19,812 INFO AVS_ZohoIntegration.Program - * Procesando resultado: 2 *
2026-06-25 11:29:19,813 INFO AVS_ZohoIntegration.Program - CardCode: C1111
2026-06-25 11:29:19,814 INFO AVS_ZohoIntegration.Program - Address: IMP
2026-06-25 11:29:19,814 INFO AVS_ZohoIntegration.Program - Street: 
2026-06-25 11:29:19,814 INFO AVS_ZohoIntegration.Program - City: 
2026-06-25 11:29:19,814 INFO AVS_ZohoIntegration.Program - AdresType: B
2026-06-25 11:29:19,815 INFO AVS_ZohoIntegration.Program - * Procesando resultado: 3 *
2026-06-25 11:29:19,815 INFO AVS_ZohoIntegration.Program - CardCode: C12345
2026-06-25 11:29:19,815 INFO AVS_ZohoIntegration.Program - Address: Centro de Distribución
2026-06-25 11:29:19,816 INFO AVS_ZohoIntegration.Program - Street: Carretera México-Toluca
2026-06-25 11:29:19,816 INFO AVS_ZohoIntegration.Program - City: Toluca
2026-06-25 11:29:19,817 INFO AVS_ZohoIntegration.Program - AdresType: S
2026-06-25 11:29:19,817 INFO AVS_ZohoIntegration.Program - * Procesando resultado: 4 *
2026-06-25 11:29:19,817 INFO AVS_ZohoIntegration.Program - CardCode: C12345
2026-06-25 11:29:19,819 INFO AVS_ZohoIntegration.Program - Address: Sucursal Principal
2026-06-25 11:29:19,819 INFO AVS_ZohoIntegration.Program - Street: Av. Insurgentes Sur
2026-06-25 11:29:19,819 INFO AVS_ZohoIntegration.Program - City: Ciudad de México
2026-06-25 11:29:19,819 INFO AVS_ZohoIntegration.Program - AdresType: B
2026-06-25 11:29:19,821 INFO AVS_ZohoIntegration.Program - * Procesando resultado: 5 *
2026-06-25 11:29:19,821 INFO AVS_ZohoIntegration.Program - CardCode: C123456
2026-06-25 11:29:19,822 INFO AVS_ZohoIntegration.Program - Address: Centro de Distribución
2026-06-25 11:29:19,822 INFO AVS_ZohoIntegration.Program - Street: Carretera México-Toluca
2026-06-25 11:29:19,822 INFO AVS_ZohoIntegration.Program - City: Toluca
2026-06-25 11:29:19,823 INFO AVS_ZohoIntegration.Program - AdresType: S
2026-06-25 11:29:19,824 INFO AVS_ZohoIntegration.Program - * Procesando resultado: 6 *
2026-06-25 11:29:19,824 INFO AVS_ZohoIntegration.Program - CardCode: C123456
2026-06-25 11:29:19,825 INFO AVS_ZohoIntegration.Program - Address: Sucursal Principal
2026-06-25 11:29:19,825 INFO AVS_ZohoIntegration.Program - Street: Av. Insurgentes Sur
2026-06-25 11:29:19,826 INFO AVS_ZohoIntegration.Program - City: Ciudad de México
2026-06-25 11:29:19,826 INFO AVS_ZohoIntegration.Program - AdresType: B
2026-06-25 11:29:19,828 INFO AVS_ZohoIntegration.Program - * Procesando resultado: 7 *
2026-06-25 11:29:19,829 INFO AVS_ZohoIntegration.Program - CardCode: C20000
2026-06-25 11:29:19,830 INFO AVS_ZohoIntegration.Program - Address: de Despacho
2026-06-25 11:29:19,830 INFO AVS_ZohoIntegration.Program - Street: 300 Billings Drive
2026-06-25 11:29:19,831 INFO AVS_ZohoIntegration.Program - City: Mexico D.F.
2026-06-25 11:29:19,831 INFO AVS_ZohoIntegration.Program - AdresType: S
2026-06-25 11:29:19,831 INFO AVS_ZohoIntegration.Program - * Procesando resultado: 8 *
2026-06-25 11:29:19,832 INFO AVS_ZohoIntegration.Program - CardCode: C20000
2026-06-25 11:29:19,832 INFO AVS_ZohoIntegration.Program - Address: Fiscal
2026-06-25 11:29:19,833 INFO AVS_ZohoIntegration.Program - Street: 300 Billings Drive
2026-06-25 11:29:19,833 INFO AVS_ZohoIntegration.Program - City: 
2026-06-25 11:29:19,834 INFO AVS_ZohoIntegration.Program - AdresType: B
2026-06-25 11:29:19,834 INFO AVS_ZohoIntegration.Program - * Procesando resultado: 9 *
2026-06-25 11:29:19,835 INFO AVS_ZohoIntegration.Program - CardCode: C23900
2026-06-25 11:29:19,836 INFO AVS_ZohoIntegration.Program - Address: Bodega Norte
2026-06-25 11:29:19,836 INFO AVS_ZohoIntegration.Program - Street: 5th Ave
2026-06-25 11:29:19,837 INFO AVS_ZohoIntegration.Program - City: Mexico D.F.
2026-06-25 11:29:19,837 INFO AVS_ZohoIntegration.Program - AdresType: S
2026-06-25 11:29:19,838 INFO AVS_ZohoIntegration.Program - * Procesando resultado: 10 *
2026-06-25 11:29:19,838 INFO AVS_ZohoIntegration.Program - CardCode: C23900
2026-06-25 11:29:19,838 INFO AVS_ZohoIntegration.Program - Address: Bodega Principal
2026-06-25 11:29:19,840 INFO AVS_ZohoIntegration.Program - Street: 908 Darby Road
2026-06-25 11:29:19,840 INFO AVS_ZohoIntegration.Program - City: Mexico D.F.
2026-06-25 11:29:19,841 INFO AVS_ZohoIntegration.Program - AdresType: S
2026-06-25 11:29:19,841 INFO AVS_ZohoIntegration.Program - * Procesando resultado: 11 *
2026-06-25 11:29:19,842 INFO AVS_ZohoIntegration.Program - CardCode: C23900
2026-06-25 11:29:19,842 INFO AVS_ZohoIntegration.Program - Address: Bodega Sur
2026-06-25 11:29:19,842 INFO AVS_ZohoIntegration.Program - Street: 32 Eastern Blvd.
2026-06-25 11:29:19,844 INFO AVS_ZohoIntegration.Program - City: Mexico D.F.
2026-06-25 11:29:19,844 INFO AVS_ZohoIntegration.Program - AdresType: S
2026-06-25 11:29:19,845 INFO AVS_ZohoIntegration.Program - * Procesando resultado: 12 *
2026-06-25 11:29:19,845 INFO AVS_ZohoIntegration.Program - CardCode: C23900
2026-06-25 11:29:19,846 INFO AVS_ZohoIntegration.Program - Address: de Facturacion
2026-06-25 11:29:19,847 INFO AVS_ZohoIntegration.Program - Street: 908 Darby Road
2026-06-25 11:29:19,847 INFO AVS_ZohoIntegration.Program - City: Mexico D.F.
2026-06-25 11:29:19,848 INFO AVS_ZohoIntegration.Program - AdresType: B
2026-06-25 11:29:19,848 INFO AVS_ZohoIntegration.Program - * Procesando resultado: 13 *
2026-06-25 11:29:19,849 INFO AVS_ZohoIntegration.Program - CardCode: C25000
2026-06-25 11:29:19,851 INFO AVS_ZohoIntegration.Program - Address: Bill to
2026-06-25 11:29:19,851 INFO AVS_ZohoIntegration.Program - Street: Plynarenska
2026-06-25 11:29:19,851 INFO AVS_ZohoIntegration.Program - City: Bratislava
2026-06-25 11:29:19,853 INFO AVS_ZohoIntegration.Program - AdresType: B
2026-06-25 11:29:19,854 INFO AVS_ZohoIntegration.Program - * Procesando resultado: 14 *
2026-06-25 11:29:19,854 INFO AVS_ZohoIntegration.Program - CardCode: C25000
2026-06-25 11:29:19,855 INFO AVS_ZohoIntegration.Program - Address: Ship To
2026-06-25 11:29:19,855 INFO AVS_ZohoIntegration.Program - Street: Plynarenska
2026-06-25 11:29:19,855 INFO AVS_ZohoIntegration.Program - City: Bratislava
2026-06-25 11:29:19,856 INFO AVS_ZohoIntegration.Program - AdresType: S
2026-06-25 11:29:19,857 INFO AVS_ZohoIntegration.Program - * Procesando resultado: 15 *
2026-06-25 11:29:19,857 INFO AVS_ZohoIntegration.Program - CardCode: C26000
2026-06-25 11:29:19,857 INFO AVS_ZohoIntegration.Program - Address: Bill to
2026-06-25 11:29:19,858 INFO AVS_ZohoIntegration.Program - Street: United Rd
2026-06-25 11:29:19,859 INFO AVS_ZohoIntegration.Program - City: Manchester
2026-06-25 11:29:19,859 INFO AVS_ZohoIntegration.Program - AdresType: B
2026-06-25 11:29:19,860 INFO AVS_ZohoIntegration.Program - * Procesando resultado: 16 *
2026-06-25 11:29:19,860 INFO AVS_ZohoIntegration.Program - CardCode: C26000
2026-06-25 11:29:19,861 INFO AVS_ZohoIntegration.Program - Address: Ship To
2026-06-25 11:29:19,862 INFO AVS_ZohoIntegration.Program - Street: United Rd
2026-06-25 11:29:19,862 INFO AVS_ZohoIntegration.Program - City: Manchester
2026-06-25 11:29:19,862 INFO AVS_ZohoIntegration.Program - AdresType: S
2026-06-25 11:29:19,863 INFO AVS_ZohoIntegration.Program - * Procesando resultado: 17 *
2026-06-25 11:29:19,864 INFO AVS_ZohoIntegration.Program - CardCode: C30000
2026-06-25 11:29:19,864 INFO AVS_ZohoIntegration.Program - Address: Bodega Norte
2026-06-25 11:29:19,866 INFO AVS_ZohoIntegration.Program - Street: 45th Street
2026-06-25 11:29:19,866 INFO AVS_ZohoIntegration.Program - City: Mexico D.F.
2026-06-25 11:29:19,867 INFO AVS_ZohoIntegration.Program - AdresType: S
2026-06-25 11:29:19,867 INFO AVS_ZohoIntegration.Program - * Procesando resultado: 18 *
2026-06-25 11:29:19,868 INFO AVS_ZohoIntegration.Program - CardCode: C30000
2026-06-25 11:29:19,868 INFO AVS_ZohoIntegration.Program - Address: Bodega Sur
2026-06-25 11:29:19,869 INFO AVS_ZohoIntegration.Program - Street: 32 Eastern Blvd.
2026-06-25 11:29:19,869 INFO AVS_ZohoIntegration.Program - City: Mexico D.F.
2026-06-25 11:29:19,870 INFO AVS_ZohoIntegration.Program - AdresType: S
2026-06-25 11:29:19,871 INFO AVS_ZohoIntegration.Program - * Procesando resultado: 19 *
2026-06-25 11:29:19,871 INFO AVS_ZohoIntegration.Program - CardCode: C30000
2026-06-25 11:29:19,872 INFO AVS_ZohoIntegration.Program - Address: de Despacho
2026-06-25 11:29:19,872 INFO AVS_ZohoIntegration.Program - Street: 5th Ave
2026-06-25 11:29:19,873 INFO AVS_ZohoIntegration.Program - City: Mexico D.F.
2026-06-25 11:29:19,873 INFO AVS_ZohoIntegration.Program - AdresType: S
2026-06-25 11:29:19,874 INFO AVS_ZohoIntegration.Program - * Procesando resultado: 20 *
2026-06-25 11:29:19,874 INFO AVS_ZohoIntegration.Program - CardCode: C30000
2026-06-25 11:29:19,875 INFO AVS_ZohoIntegration.Program - Address: de Facturacion
2026-06-25 11:29:19,875 INFO AVS_ZohoIntegration.Program - Street: 45th Street
2026-06-25 11:29:19,876 INFO AVS_ZohoIntegration.Program - City: Mexico D.F.
2026-06-25 11:29:19,877 INFO AVS_ZohoIntegration.Program - AdresType: B
2026-06-25 11:29:19,877 INFO AVS_ZohoIntegration.Program - * Procesando resultado: 21 *
2026-06-25 11:29:19,878 INFO AVS_ZohoIntegration.Program - CardCode: C40000
2026-06-25 11:29:19,878 INFO AVS_ZohoIntegration.Program - Address: de Despacho
2026-06-25 11:29:19,878 INFO AVS_ZohoIntegration.Program - Street: 208 Hollywood Ave
2026-06-25 11:29:19,879 INFO AVS_ZohoIntegration.Program - City: Mexico D.F.
2026-06-25 11:29:19,880 INFO AVS_ZohoIntegration.Program - AdresType: S
2026-06-25 11:29:19,881 INFO AVS_ZohoIntegration.Program - * Procesando resultado: 22 *
2026-06-25 11:29:19,881 INFO AVS_ZohoIntegration.Program - CardCode: C40000
2026-06-25 11:29:19,883 INFO AVS_ZohoIntegration.Program - Address: de Facturacion
2026-06-25 11:29:19,883 INFO AVS_ZohoIntegration.Program - Street: 208 Hollywood Ave
2026-06-25 11:29:19,884 INFO AVS_ZohoIntegration.Program - City: Mexico D.F.
2026-06-25 11:29:19,884 INFO AVS_ZohoIntegration.Program - AdresType: B
2026-06-25 11:29:19,885 INFO AVS_ZohoIntegration.Program - * Procesando resultado: 23 *
2026-06-25 11:29:19,886 INFO AVS_ZohoIntegration.Program - CardCode: C42000
2026-06-25 11:29:19,887 INFO AVS_ZohoIntegration.Program - Address: de Despacho
2026-06-25 11:29:19,887 INFO AVS_ZohoIntegration.Program - Street: 400 Range Road
2026-06-25 11:29:19,888 INFO AVS_ZohoIntegration.Program - City: Mexico D.F.
2026-06-25 11:29:19,888 INFO AVS_ZohoIntegration.Program - AdresType: S
2026-06-25 11:29:19,889 INFO AVS_ZohoIntegration.Program - * Procesando resultado: 24 *
2026-06-25 11:29:19,890 INFO AVS_ZohoIntegration.Program - CardCode: C42000
2026-06-25 11:29:19,890 INFO AVS_ZohoIntegration.Program - Address: de Facturacion
2026-06-25 11:29:19,891 INFO AVS_ZohoIntegration.Program - Street: 400 Range Road
2026-06-25 11:29:19,891 INFO AVS_ZohoIntegration.Program - City: Mexico D.F.
2026-06-25 11:29:19,892 INFO AVS_ZohoIntegration.Program - AdresType: B
2026-06-25 11:29:19,892 INFO AVS_ZohoIntegration.Program - * Procesando resultado: 25 *
2026-06-25 11:29:19,893 INFO AVS_ZohoIntegration.Program - CardCode: C50000
2026-06-25 11:29:19,893 INFO AVS_ZohoIntegration.Program - Address: de Despacho
2026-06-25 11:29:19,894 INFO AVS_ZohoIntegration.Program - Street: 34 Highway 6
2026-06-25 11:29:19,895 INFO AVS_ZohoIntegration.Program - City: Mexico D.F.
2026-06-25 11:29:19,895 INFO AVS_ZohoIntegration.Program - AdresType: S
2026-06-25 11:29:19,896 INFO AVS_ZohoIntegration.Program - * Procesando resultado: 26 *
2026-06-25 11:29:19,896 INFO AVS_ZohoIntegration.Program - CardCode: C50000
2026-06-25 11:29:19,897 INFO AVS_ZohoIntegration.Program - Address: de Facturacion
2026-06-25 11:29:19,898 INFO AVS_ZohoIntegration.Program - Street: 34 Highway 6
2026-06-25 11:29:19,898 INFO AVS_ZohoIntegration.Program - City: Mexico D.F.
2026-06-25 11:29:19,899 INFO AVS_ZohoIntegration.Program - AdresType: B
2026-06-25 11:29:19,899 INFO AVS_ZohoIntegration.Program - * Procesando resultado: 27 *
2026-06-25 11:29:19,900 INFO AVS_ZohoIntegration.Program - CardCode: C60000
2026-06-25 11:29:19,901 INFO AVS_ZohoIntegration.Program - Address: de Despacho
2026-06-25 11:29:19,901 INFO AVS_ZohoIntegration.Program - Street: 67 Grant Ave
2026-06-25 11:29:19,902 INFO AVS_ZohoIntegration.Program - City: DF
2026-06-25 11:29:19,902 INFO AVS_ZohoIntegration.Program - AdresType: S
2026-06-25 11:29:19,903 INFO AVS_ZohoIntegration.Program - * Procesando resultado: 28 *
2026-06-25 11:29:19,903 INFO AVS_ZohoIntegration.Program - CardCode: C60000
2026-06-25 11:29:19,904 INFO AVS_ZohoIntegration.Program - Address: de Facturacion
2026-06-25 11:29:19,904 INFO AVS_ZohoIntegration.Program - Street: 67 Grant Ave
2026-06-25 11:29:19,905 INFO AVS_ZohoIntegration.Program - City: Toronto
2026-06-25 11:29:19,905 INFO AVS_ZohoIntegration.Program - AdresType: B
2026-06-25 11:29:19,906 INFO AVS_ZohoIntegration.Program - * Procesando resultado: 29 *
2026-06-25 11:29:19,907 INFO AVS_ZohoIntegration.Program - CardCode: C70000
2026-06-25 11:29:19,907 INFO AVS_ZohoIntegration.Program - Address: de Despacho
2026-06-25 11:29:19,908 INFO AVS_ZohoIntegration.Program - Street: 123 Kathryn Ave
2026-06-25 11:29:19,908 INFO AVS_ZohoIntegration.Program - City: Montreal
2026-06-25 11:29:19,909 INFO AVS_ZohoIntegration.Program - AdresType: S
2026-06-25 11:29:19,910 INFO AVS_ZohoIntegration.Program - * Procesando resultado: 30 *
2026-06-25 11:29:19,910 INFO AVS_ZohoIntegration.Program - CardCode: C70000
2026-06-25 11:29:19,911 INFO AVS_ZohoIntegration.Program - Address: de Facturacion
2026-06-25 11:29:19,911 INFO AVS_ZohoIntegration.Program - Street: 123 Kathryn Ave
2026-06-25 11:29:19,912 INFO AVS_ZohoIntegration.Program - City: Montreal
2026-06-25 11:29:19,913 INFO AVS_ZohoIntegration.Program - AdresType: B
2026-06-25 11:29:19,914 INFO AVS_ZohoIntegration.Program - * Procesando resultado: 31 *
2026-06-25 11:29:19,914 INFO AVS_ZohoIntegration.Program - CardCode: C99998
2026-06-25 11:29:19,914 INFO AVS_ZohoIntegration.Program - Address: Cliente Web
2026-06-25 11:29:19,915 INFO AVS_ZohoIntegration.Program - Street: 
2026-06-25 11:29:19,916 INFO AVS_ZohoIntegration.Program - City: 
2026-06-25 11:29:19,916 INFO AVS_ZohoIntegration.Program - AdresType: S
2026-06-25 11:29:19,917 INFO AVS_ZohoIntegration.Program - * Procesando resultado: 32 *
2026-06-25 11:29:19,918 INFO AVS_ZohoIntegration.Program - CardCode: CMF0002
2026-06-25 11:29:19,918 INFO AVS_ZohoIntegration.Program - Address: Fiscal
2026-06-25 11:29:19,919 INFO AVS_ZohoIntegration.Program - Street: Paseo de lo sauces
2026-06-25 11:29:19,919 INFO AVS_ZohoIntegration.Program - City: México
2026-06-25 11:29:19,919 INFO AVS_ZohoIntegration.Program - AdresType: B
2026-06-25 11:29:19,920 INFO AVS_ZohoIntegration.Program - * Procesando resultado: 33 *
2026-06-25 11:29:19,920 INFO AVS_ZohoIntegration.Program - CardCode: CMF0003
2026-06-25 11:29:19,920 INFO AVS_ZohoIntegration.Program - Address: Fiscal
2026-06-25 11:29:19,921 INFO AVS_ZohoIntegration.Program - Street: 300 Billings Drive
2026-06-25 11:29:19,922 INFO AVS_ZohoIntegration.Program - City: 
2026-06-25 11:29:19,922 INFO AVS_ZohoIntegration.Program - AdresType: B
2026-06-25 11:29:19,922 INFO AVS_ZohoIntegration.Program - * Procesando resultado: 34 *
2026-06-25 11:29:19,924 INFO AVS_ZohoIntegration.Program - CardCode: CMF0004
2026-06-25 11:29:19,924 INFO AVS_ZohoIntegration.Program - Address: Sucursal Norte
2026-06-25 11:29:19,925 INFO AVS_ZohoIntegration.Program - Street: Calle Secundaria 456
2026-06-25 11:29:19,925 INFO AVS_ZohoIntegration.Program - City: Monterrey
2026-06-25 11:29:19,926 INFO AVS_ZohoIntegration.Program - AdresType: B
2026-06-25 11:29:19,926 INFO AVS_ZohoIntegration.Program - * Procesando resultado: 35 *
2026-06-25 11:29:19,927 INFO AVS_ZohoIntegration.Program - CardCode: CMF0005
2026-06-25 11:29:19,927 INFO AVS_ZohoIntegration.Program - Address: Fiscal
2026-06-25 11:29:19,928 INFO AVS_ZohoIntegration.Program - Street: 300 Billings Drive
2026-06-25 11:29:19,929 INFO AVS_ZohoIntegration.Program - City: 
2026-06-25 11:29:19,929 INFO AVS_ZohoIntegration.Program - AdresType: B
2026-06-25 11:29:19,930 INFO AVS_ZohoIntegration.Program - * Procesando resultado: 36 *
2026-06-25 11:29:19,930 INFO AVS_ZohoIntegration.Program - CardCode: L10001
2026-06-25 11:29:19,930 INFO AVS_ZohoIntegration.Program - Address: de Despacho
2026-06-25 11:29:19,931 INFO AVS_ZohoIntegration.Program - Street: 200 Morris Drive
2026-06-25 11:29:19,931 INFO AVS_ZohoIntegration.Program - City: Mexico D.F.
2026-06-25 11:29:19,932 INFO AVS_ZohoIntegration.Program - AdresType: S
2026-06-25 11:29:19,932 INFO AVS_ZohoIntegration.Program - * Procesando resultado: 37 *
2026-06-25 11:29:19,933 INFO AVS_ZohoIntegration.Program - CardCode: L10001
2026-06-25 11:29:19,933 INFO AVS_ZohoIntegration.Program - Address: de Facturacion
2026-06-25 11:29:19,934 INFO AVS_ZohoIntegration.Program - Street: 200 Morris Drive
2026-06-25 11:29:19,934 INFO AVS_ZohoIntegration.Program - City: Mexico D.F.
2026-06-25 11:29:19,935 INFO AVS_ZohoIntegration.Program - AdresType: B
2026-06-25 11:29:19,935 INFO AVS_ZohoIntegration.Program - * Procesando resultado: 38 *
2026-06-25 11:29:19,936 INFO AVS_ZohoIntegration.Program - CardCode: L10002
2026-06-25 11:29:19,937 INFO AVS_ZohoIntegration.Program - Address: de Despacho
2026-06-25 11:29:19,938 INFO AVS_ZohoIntegration.Program - Street: 195 Blaine Blvd
2026-06-25 11:29:19,939 INFO AVS_ZohoIntegration.Program - City: Mexico D.F.
2026-06-25 11:29:19,939 INFO AVS_ZohoIntegration.Program - AdresType: S
2026-06-25 11:29:19,940 INFO AVS_ZohoIntegration.Program - * Procesando resultado: 39 *
2026-06-25 11:29:19,940 INFO AVS_ZohoIntegration.Program - CardCode: L10002
2026-06-25 11:29:19,941 INFO AVS_ZohoIntegration.Program - Address: de Facturacion
2026-06-25 11:29:19,942 INFO AVS_ZohoIntegration.Program - Street: 195 Blaine Blvd
2026-06-25 11:29:19,942 INFO AVS_ZohoIntegration.Program - City: Mexico D.F.
2026-06-25 11:29:19,943 INFO AVS_ZohoIntegration.Program - AdresType: B
2026-06-25 11:29:19,944 INFO AVS_ZohoIntegration.Program - * Procesando resultado: 40 *
2026-06-25 11:29:19,944 INFO AVS_ZohoIntegration.Program - CardCode: V10000
2026-06-25 11:29:19,945 INFO AVS_ZohoIntegration.Program - Address: de Despacho
2026-06-25 11:29:19,945 INFO AVS_ZohoIntegration.Program - Street: 600 Eastern Blvd
2026-06-25 11:29:19,945 INFO AVS_ZohoIntegration.Program - City: Mexico D.F.
2026-06-25 11:29:19,947 INFO AVS_ZohoIntegration.Program - AdresType: S
2026-06-25 11:29:19,947 INFO AVS_ZohoIntegration.Program - * Procesando resultado: 41 *
2026-06-25 11:29:19,947 INFO AVS_ZohoIntegration.Program - CardCode: V10000
2026-06-25 11:29:19,948 INFO AVS_ZohoIntegration.Program - Address: de Pago
2026-06-25 11:29:19,948 INFO AVS_ZohoIntegration.Program - Street: 600 Eastern Blvd
2026-06-25 11:29:19,949 INFO AVS_ZohoIntegration.Program - City: Mexico D.F.
2026-06-25 11:29:19,949 INFO AVS_ZohoIntegration.Program - AdresType: B
2026-06-25 11:29:19,950 INFO AVS_ZohoIntegration.Program - * Procesando resultado: 42 *
2026-06-25 11:29:19,950 INFO AVS_ZohoIntegration.Program - CardCode: V1010
2026-06-25 11:29:19,951 INFO AVS_ZohoIntegration.Program - Address: de Despacho
2026-06-25 11:29:19,951 INFO AVS_ZohoIntegration.Program - Street: 300 Elm Street
2026-06-25 11:29:19,951 INFO AVS_ZohoIntegration.Program - City: Mexico D.F.
2026-06-25 11:29:19,952 INFO AVS_ZohoIntegration.Program - AdresType: S
2026-06-25 11:29:19,952 INFO AVS_ZohoIntegration.Program - * Procesando resultado: 43 *
2026-06-25 11:29:19,953 INFO AVS_ZohoIntegration.Program - CardCode: V1010
2026-06-25 11:29:19,953 INFO AVS_ZohoIntegration.Program - Address: de Pago
2026-06-25 11:29:19,954 INFO AVS_ZohoIntegration.Program - Street: 300 Elm Street
2026-06-25 11:29:19,955 INFO AVS_ZohoIntegration.Program - City: Mexico D.F.
2026-06-25 11:29:19,955 INFO AVS_ZohoIntegration.Program - AdresType: B
2026-06-25 11:29:19,956 INFO AVS_ZohoIntegration.Program - * Procesando resultado: 44 *
2026-06-25 11:29:19,956 INFO AVS_ZohoIntegration.Program - CardCode: V20000
2026-06-25 11:29:19,957 INFO AVS_ZohoIntegration.Program - Address: de Despacho
2026-06-25 11:29:19,957 INFO AVS_ZohoIntegration.Program - Street: 800 Billings Road
2026-06-25 11:29:19,958 INFO AVS_ZohoIntegration.Program - City: Mexico D.F.
2026-06-25 11:29:19,958 INFO AVS_ZohoIntegration.Program - AdresType: S
2026-06-25 11:29:19,960 INFO AVS_ZohoIntegration.Program - * Procesando resultado: 45 *
2026-06-25 11:29:19,960 INFO AVS_ZohoIntegration.Program - CardCode: V20000
2026-06-25 11:29:19,961 INFO AVS_ZohoIntegration.Program - Address: de Facturacion
2026-06-25 11:29:19,961 INFO AVS_ZohoIntegration.Program - Street: 800 Billings Road
2026-06-25 11:29:19,961 INFO AVS_ZohoIntegration.Program - City: Mexico D.F.
2026-06-25 11:29:19,962 INFO AVS_ZohoIntegration.Program - AdresType: B
2026-06-25 11:29:19,962 INFO AVS_ZohoIntegration.Program - * Procesando resultado: 46 *
2026-06-25 11:29:19,962 INFO AVS_ZohoIntegration.Program - CardCode: V21000
2026-06-25 11:29:19,964 INFO AVS_ZohoIntegration.Program - Address: Bill to
2026-06-25 11:29:19,964 INFO AVS_ZohoIntegration.Program - Street: Okruzna
2026-06-25 11:29:19,965 INFO AVS_ZohoIntegration.Program - City: Bratislava
2026-06-25 11:29:19,965 INFO AVS_ZohoIntegration.Program - AdresType: B
2026-06-25 11:29:19,965 INFO AVS_ZohoIntegration.Program - * Procesando resultado: 47 *
2026-06-25 11:29:19,965 INFO AVS_ZohoIntegration.Program - CardCode: V21000
2026-06-25 11:29:19,966 INFO AVS_ZohoIntegration.Program - Address: Ship To
2026-06-25 11:29:19,966 INFO AVS_ZohoIntegration.Program - Street: Okruzna
2026-06-25 11:29:19,967 INFO AVS_ZohoIntegration.Program - City: Bratislava
2026-06-25 11:29:19,968 INFO AVS_ZohoIntegration.Program - AdresType: S
2026-06-25 11:29:19,968 INFO AVS_ZohoIntegration.Program - * Procesando resultado: 48 *
2026-06-25 11:29:19,969 INFO AVS_ZohoIntegration.Program - CardCode: V22000
2026-06-25 11:29:19,969 INFO AVS_ZohoIntegration.Program - Address: Bill to
2026-06-25 11:29:19,970 INFO AVS_ZohoIntegration.Program - Street: Ashton New Rd
2026-06-25 11:29:19,970 INFO AVS_ZohoIntegration.Program - City: Manchester
2026-06-25 11:29:19,971 INFO AVS_ZohoIntegration.Program - AdresType: B
2026-06-25 11:29:19,972 INFO AVS_ZohoIntegration.Program - * Procesando resultado: 49 *
2026-06-25 11:29:19,972 INFO AVS_ZohoIntegration.Program - CardCode: V22000
2026-06-25 11:29:19,974 INFO AVS_ZohoIntegration.Program - Address: Ship To
2026-06-25 11:29:19,974 INFO AVS_ZohoIntegration.Program - Street: Ashton New Rd
2026-06-25 11:29:19,974 INFO AVS_ZohoIntegration.Program - City: Manchester
2026-06-25 11:29:19,975 INFO AVS_ZohoIntegration.Program - AdresType: S
2026-06-25 11:29:19,975 INFO AVS_ZohoIntegration.Program - * Procesando resultado: 50 *
2026-06-25 11:29:19,976 INFO AVS_ZohoIntegration.Program - CardCode: V23000
2026-06-25 11:29:19,976 INFO AVS_ZohoIntegration.Program - Address: de Despacho
2026-06-25 11:29:19,977 INFO AVS_ZohoIntegration.Program - Street: 10 Blaine Drive
2026-06-25 11:29:19,977 INFO AVS_ZohoIntegration.Program - City: Mexico D.F.
2026-06-25 11:29:19,978 INFO AVS_ZohoIntegration.Program - AdresType: S
2026-06-25 11:29:19,978 INFO AVS_ZohoIntegration.Program - * Procesando resultado: 51 *
2026-06-25 11:29:19,978 INFO AVS_ZohoIntegration.Program - CardCode: V23000
2026-06-25 11:29:19,979 INFO AVS_ZohoIntegration.Program - Address: de Facturacion
2026-06-25 11:29:19,980 INFO AVS_ZohoIntegration.Program - Street: 10 Blaine Drive
2026-06-25 11:29:19,980 INFO AVS_ZohoIntegration.Program - City: Mexico D.F.
2026-06-25 11:29:19,981 INFO AVS_ZohoIntegration.Program - AdresType: B
2026-06-25 11:29:19,981 INFO AVS_ZohoIntegration.Program - * Procesando resultado: 52 *
2026-06-25 11:29:19,982 INFO AVS_ZohoIntegration.Program - CardCode: V30000
2026-06-25 11:29:19,982 INFO AVS_ZohoIntegration.Program - Address: de Despacho
2026-06-25 11:29:19,983 INFO AVS_ZohoIntegration.Program - Street: 721 45th Street
2026-06-25 11:29:19,983 INFO AVS_ZohoIntegration.Program - City: Mexico D.F.
2026-06-25 11:29:19,984 INFO AVS_ZohoIntegration.Program - AdresType: S
2026-06-25 11:29:19,984 INFO AVS_ZohoIntegration.Program - * Procesando resultado: 53 *
2026-06-25 11:29:19,984 INFO AVS_ZohoIntegration.Program - CardCode: V30000
2026-06-25 11:29:19,985 INFO AVS_ZohoIntegration.Program - Address: de Facturacion
2026-06-25 11:29:19,985 INFO AVS_ZohoIntegration.Program - Street: 721 45th Street
2026-06-25 11:29:19,986 INFO AVS_ZohoIntegration.Program - City: Mexico D.F.
2026-06-25 11:29:19,986 INFO AVS_ZohoIntegration.Program - AdresType: B
2026-06-25 11:29:19,987 INFO AVS_ZohoIntegration.Program - * Procesando resultado: 54 *
2026-06-25 11:29:19,988 INFO AVS_ZohoIntegration.Program - CardCode: V50000
2026-06-25 11:29:19,988 INFO AVS_ZohoIntegration.Program - Address: de Despacho
2026-06-25 11:29:19,988 INFO AVS_ZohoIntegration.Program - Street: 78 S. Willow St
2026-06-25 11:29:19,988 INFO AVS_ZohoIntegration.Program - City: Victoria
2026-06-25 11:29:19,990 INFO AVS_ZohoIntegration.Program - AdresType: S
2026-06-25 11:29:19,990 INFO AVS_ZohoIntegration.Program - * Procesando resultado: 55 *
2026-06-25 11:29:19,991 INFO AVS_ZohoIntegration.Program - CardCode: V50000
2026-06-25 11:29:19,991 INFO AVS_ZohoIntegration.Program - Address: de Facturacion
2026-06-25 11:29:19,991 INFO AVS_ZohoIntegration.Program - Street: 78 S. Willow St
2026-06-25 11:29:19,992 INFO AVS_ZohoIntegration.Program - City: Victoria
2026-06-25 11:29:19,992 INFO AVS_ZohoIntegration.Program - AdresType: B
2026-06-25 11:29:19,992 INFO AVS_ZohoIntegration.Program - * Procesando resultado: 56 *
2026-06-25 11:29:19,993 INFO AVS_ZohoIntegration.Program - CardCode: V60000
2026-06-25 11:29:19,993 INFO AVS_ZohoIntegration.Program - Address: de Despacho
2026-06-25 11:29:19,994 INFO AVS_ZohoIntegration.Program - Street: 536 Union Blvd
2026-06-25 11:29:19,994 INFO AVS_ZohoIntegration.Program - City: Mexico D.F.
2026-06-25 11:29:19,994 INFO AVS_ZohoIntegration.Program - AdresType: S
2026-06-25 11:29:19,994 INFO AVS_ZohoIntegration.Program - * Procesando resultado: 57 *
2026-06-25 11:29:19,995 INFO AVS_ZohoIntegration.Program - CardCode: V60000
2026-06-25 11:29:19,996 INFO AVS_ZohoIntegration.Program - Address: de Facturacion
2026-06-25 11:29:19,996 INFO AVS_ZohoIntegration.Program - Street: 536 Union Blvd
2026-06-25 11:29:19,997 INFO AVS_ZohoIntegration.Program - City: Mexico D.F.
2026-06-25 11:29:19,997 INFO AVS_ZohoIntegration.Program - AdresType: B
2026-06-25 11:29:19,997 INFO AVS_ZohoIntegration.Program - * Procesando resultado: 58 *
2026-06-25 11:29:19,998 INFO AVS_ZohoIntegration.Program - CardCode: V70000
2026-06-25 11:29:19,998 INFO AVS_ZohoIntegration.Program - Address: de Despacho
2026-06-25 11:29:20,000 INFO AVS_ZohoIntegration.Program - Street: 9 Weare Turnpike
2026-06-25 11:29:20,000 INFO AVS_ZohoIntegration.Program - City: Mexico D.F.
2026-06-25 11:29:20,000 INFO AVS_ZohoIntegration.Program - AdresType: S
2026-06-25 11:29:20,001 INFO AVS_ZohoIntegration.Program - * Procesando resultado: 59 *
2026-06-25 11:29:20,001 INFO AVS_ZohoIntegration.Program - CardCode: V70000
2026-06-25 11:29:20,002 INFO AVS_ZohoIntegration.Program - Address: de Facturacion
2026-06-25 11:29:20,002 INFO AVS_ZohoIntegration.Program - Street: 9 Weare Turnpike
2026-06-25 11:29:20,003 INFO AVS_ZohoIntegration.Program - City: Mexico D.F.
2026-06-25 11:29:20,003 INFO AVS_ZohoIntegration.Program - AdresType: B
2026-06-25 11:30:21,508 INFO AVS_ZohoIntegration.Program - AVS SFTPSync Version [1.0.0.0]
2026-06-25 11:30:21,520 INFO AVS_ZohoIntegration.Program - Leyendo archivo de configuracion.
2026-06-25 11:30:21,585 INFO AVS_ZohoIntegration.Program - Archivo de configuracion leido correctamente.
2026-06-25 11:30:21,586 DEBUG AVS_ZohoIntegration.Program - **************************************************************************
2026-06-25 11:30:21,587 DEBUG AVS_ZohoIntegration.Program - Ejecutando sincronizacion para: SBODemoMX
2026-06-25 11:30:24,027 DEBUG AVS_ZohoIntegration.Program - Validando licencia...
2026-06-25 11:30:24,028 INFO AVS_ZohoIntegration.Program - Licencia valida.
2026-06-25 11:30:24,029 INFO AVS_ZohoIntegration.Program - Comando recibido: SENDBUSINESSPARTNERS
2026-06-25 11:30:24,029 INFO AVS_ZohoIntegration.Program - Iniciando proceso de envío de socios de negocio...
2026-06-25 11:30:24,032 INFO AVS_ZohoIntegration.Program - *** Obteniendo información de cabecera: Socios de Negocio (OCRD) ***
2026-06-25 11:30:24,116 INFO AVS_ZohoIntegration.Program - Se han obtenido 36 resultados pendientes de procesar.
2026-06-25 11:30:24,117 INFO AVS_ZohoIntegration.Program - * Procesando resultado: 1 *
2026-06-25 11:30:24,118 INFO AVS_ZohoIntegration.Program - CardCode: C1111
2026-06-25 11:30:24,118 INFO AVS_ZohoIntegration.Program - CardName: Cliente Mostrador
2026-06-25 11:30:24,118 INFO AVS_ZohoIntegration.Program - E_Mail: 
2026-06-25 11:30:24,119 INFO AVS_ZohoIntegration.Program - Phone1: 
2026-06-25 11:30:24,119 INFO AVS_ZohoIntegration.Program - * Procesando resultado: 2 *
2026-06-25 11:30:24,120 INFO AVS_ZohoIntegration.Program - CardCode: C12345
2026-06-25 11:30:24,120 INFO AVS_ZohoIntegration.Program - CardName: Comercializadora XYZ S.A. de C.V.
2026-06-25 11:30:24,120 INFO AVS_ZohoIntegration.Program - E_Mail: contacto@comercializadoraxyz.com
2026-06-25 11:30:24,120 INFO AVS_ZohoIntegration.Program - Phone1: 
2026-06-25 11:30:24,121 INFO AVS_ZohoIntegration.Program - * Procesando resultado: 3 *
2026-06-25 11:30:24,121 INFO AVS_ZohoIntegration.Program - CardCode: C123456
2026-06-25 11:30:24,121 INFO AVS_ZohoIntegration.Program - CardName: Comercializadora XYZ S.A. de C.V.
2026-06-25 11:30:24,122 INFO AVS_ZohoIntegration.Program - E_Mail: contacto@comercializadoraxyz.com
2026-06-25 11:30:24,122 INFO AVS_ZohoIntegration.Program - Phone1: 
2026-06-25 11:30:24,122 INFO AVS_ZohoIntegration.Program - * Procesando resultado: 4 *
2026-06-25 11:30:24,123 INFO AVS_ZohoIntegration.Program - CardCode: C20000
2026-06-25 11:30:24,123 INFO AVS_ZohoIntegration.Program - CardName: Maxi-Teq
2026-06-25 11:30:24,123 INFO AVS_ZohoIntegration.Program - E_Mail: info@maxi-teq.sap.com
2026-06-25 11:30:24,123 INFO AVS_ZohoIntegration.Program - Phone1: +52 (55) 5565-9032
2026-06-25 11:30:24,124 INFO AVS_ZohoIntegration.Program - * Procesando resultado: 5 *
2026-06-25 11:30:24,124 INFO AVS_ZohoIntegration.Program - CardCode: C23900
2026-06-25 11:30:24,124 INFO AVS_ZohoIntegration.Program - CardName: Parameter Technology
2026-06-25 11:30:24,124 INFO AVS_ZohoIntegration.Program - E_Mail: info@parameter.sap.com
2026-06-25 11:30:24,125 INFO AVS_ZohoIntegration.Program - Phone1: +52 (55)  5654-7633
2026-06-25 11:30:24,125 INFO AVS_ZohoIntegration.Program - * Procesando resultado: 6 *
2026-06-25 11:30:24,125 INFO AVS_ZohoIntegration.Program - CardCode: C25000
2026-06-25 11:30:24,125 INFO AVS_ZohoIntegration.Program - CardName: Star Company
2026-06-25 11:30:24,125 INFO AVS_ZohoIntegration.Program - E_Mail: info@starcompa.eu
2026-06-25 11:30:24,127 INFO AVS_ZohoIntegration.Program - Phone1: 00421 2 582 56 33
2026-06-25 11:30:24,127 INFO AVS_ZohoIntegration.Program - * Procesando resultado: 7 *
2026-06-25 11:30:24,127 INFO AVS_ZohoIntegration.Program - CardCode: C26000
2026-06-25 11:30:24,127 INFO AVS_ZohoIntegration.Program - CardName: River Inc
2026-06-25 11:30:24,128 INFO AVS_ZohoIntegration.Program - E_Mail: info@riveri.co.uk
2026-06-25 11:30:24,128 INFO AVS_ZohoIntegration.Program - Phone1: 0044 161 869 9000
2026-06-25 11:30:24,128 INFO AVS_ZohoIntegration.Program - * Procesando resultado: 8 *
2026-06-25 11:30:24,128 INFO AVS_ZohoIntegration.Program - CardCode: C30000
2026-06-25 11:30:24,129 INFO AVS_ZohoIntegration.Program - CardName: Microchips
2026-06-25 11:30:24,129 INFO AVS_ZohoIntegration.Program - E_Mail: info@microchips.sap.com
2026-06-25 11:30:24,129 INFO AVS_ZohoIntegration.Program - Phone1: +52 (55) 5345-9000
2026-06-25 11:30:24,130 INFO AVS_ZohoIntegration.Program - * Procesando resultado: 9 *
2026-06-25 11:30:24,131 INFO AVS_ZohoIntegration.Program - CardCode: C40000
2026-06-25 11:30:24,131 INFO AVS_ZohoIntegration.Program - CardName: Earthshaker Corporation
2026-06-25 11:30:24,132 INFO AVS_ZohoIntegration.Program - E_Mail: info@earthshaker.sap.com
2026-06-25 11:30:24,132 INFO AVS_ZohoIntegration.Program - Phone1: +52 (55) 5632-3399
2026-06-25 11:30:24,132 INFO AVS_ZohoIntegration.Program - * Procesando resultado: 10 *
2026-06-25 11:30:24,134 INFO AVS_ZohoIntegration.Program - CardCode: C42000
2026-06-25 11:30:24,134 INFO AVS_ZohoIntegration.Program - CardName: Mashina Corporation
2026-06-25 11:30:24,135 INFO AVS_ZohoIntegration.Program - E_Mail: info@mashina.sap.com
2026-06-25 11:30:24,135 INFO AVS_ZohoIntegration.Program - Phone1: +52 (55) 5115-7733
2026-06-25 11:30:24,135 INFO AVS_ZohoIntegration.Program - * Procesando resultado: 11 *
2026-06-25 11:30:24,136 INFO AVS_ZohoIntegration.Program - CardCode: C50000
2026-06-25 11:30:24,136 INFO AVS_ZohoIntegration.Program - CardName: ADA Technologies
2026-06-25 11:30:24,136 INFO AVS_ZohoIntegration.Program - E_Mail: info@ada-tech.sap.com
2026-06-25 11:30:24,137 INFO AVS_ZohoIntegration.Program - Phone1: +52 (55) 5456-9000
2026-06-25 11:30:24,137 INFO AVS_ZohoIntegration.Program - * Procesando resultado: 12 *
2026-06-25 11:30:24,137 INFO AVS_ZohoIntegration.Program - CardCode: C60000
2026-06-25 11:30:24,138 INFO AVS_ZohoIntegration.Program - CardName: SG Electronics
2026-06-25 11:30:24,138 INFO AVS_ZohoIntegration.Program - E_Mail: info@sg.sap.com
2026-06-25 11:30:24,138 INFO AVS_ZohoIntegration.Program - Phone1: +52 (55) 5980-7723
2026-06-25 11:30:24,138 INFO AVS_ZohoIntegration.Program - * Procesando resultado: 13 *
2026-06-25 11:30:24,139 INFO AVS_ZohoIntegration.Program - CardCode: C70000
2026-06-25 11:30:24,139 INFO AVS_ZohoIntegration.Program - CardName: Aquent Systems
2026-06-25 11:30:24,139 INFO AVS_ZohoIntegration.Program - E_Mail: info@aquent-sys.sap.com
2026-06-25 11:30:24,139 INFO AVS_ZohoIntegration.Program - Phone1: +52 (81) 5711-6124
2026-06-25 11:30:24,140 INFO AVS_ZohoIntegration.Program - * Procesando resultado: 14 *
2026-06-25 11:30:24,140 INFO AVS_ZohoIntegration.Program - CardCode: C99998
2026-06-25 11:30:24,140 INFO AVS_ZohoIntegration.Program - CardName: Cliente Web
2026-06-25 11:30:24,140 INFO AVS_ZohoIntegration.Program - E_Mail: 
2026-06-25 11:30:24,141 INFO AVS_ZohoIntegration.Program - Phone1: 
2026-06-25 11:30:24,141 INFO AVS_ZohoIntegration.Program - * Procesando resultado: 15 *
2026-06-25 11:30:24,141 INFO AVS_ZohoIntegration.Program - CardCode: CL000066
2026-06-25 11:30:24,141 INFO AVS_ZohoIntegration.Program - CardName: Socio de beluga
2026-06-25 11:30:24,142 INFO AVS_ZohoIntegration.Program - E_Mail: 
2026-06-25 11:30:24,142 INFO AVS_ZohoIntegration.Program - Phone1: 
2026-06-25 11:30:24,143 INFO AVS_ZohoIntegration.Program - * Procesando resultado: 16 *
2026-06-25 11:30:24,143 INFO AVS_ZohoIntegration.Program - CardCode: CMF0001
2026-06-25 11:30:24,143 INFO AVS_ZohoIntegration.Program - CardName: Cliente curso SL
2026-06-25 11:30:24,143 INFO AVS_ZohoIntegration.Program - E_Mail: 
2026-06-25 11:30:24,144 INFO AVS_ZohoIntegration.Program - Phone1: 
2026-06-25 11:30:24,144 INFO AVS_ZohoIntegration.Program - * Procesando resultado: 17 *
2026-06-25 11:30:24,144 INFO AVS_ZohoIntegration.Program - CardCode: CMF0002
2026-06-25 11:30:24,144 INFO AVS_ZohoIntegration.Program - CardName: Cliente 01
2026-06-25 11:30:24,145 INFO AVS_ZohoIntegration.Program - E_Mail: luis.hernandez5325@gmail.com
2026-06-25 11:30:24,145 INFO AVS_ZohoIntegration.Program - Phone1: 
2026-06-25 11:30:24,145 INFO AVS_ZohoIntegration.Program - * Procesando resultado: 18 *
2026-06-25 11:30:24,145 INFO AVS_ZohoIntegration.Program - CardCode: CMF0003
2026-06-25 11:30:24,145 INFO AVS_ZohoIntegration.Program - CardName: Cliente Mostrador prueba
2026-06-25 11:30:24,147 INFO AVS_ZohoIntegration.Program - E_Mail: info@maxi-teq.sap.com
2026-06-25 11:30:24,148 INFO AVS_ZohoIntegration.Program - Phone1: 
2026-06-25 11:30:24,149 INFO AVS_ZohoIntegration.Program - * Procesando resultado: 19 *
2026-06-25 11:30:24,150 INFO AVS_ZohoIntegration.Program - CardCode: CMF0004
2026-06-25 11:30:24,151 INFO AVS_ZohoIntegration.Program - CardName: Empresa Ejemplo 1
2026-06-25 11:30:24,152 INFO AVS_ZohoIntegration.Program - E_Mail: contacto@empresa.com
2026-06-25 11:30:24,152 INFO AVS_ZohoIntegration.Program - Phone1: 5551234567
2026-06-25 11:30:24,153 INFO AVS_ZohoIntegration.Program - * Procesando resultado: 20 *
2026-06-25 11:30:24,153 INFO AVS_ZohoIntegration.Program - CardCode: CMF0005
2026-06-25 11:30:24,154 INFO AVS_ZohoIntegration.Program - CardName: Cliente Mostrador 2
2026-06-25 11:30:24,154 INFO AVS_ZohoIntegration.Program - E_Mail: info@maxi-teq.sap.com
2026-06-25 11:30:24,154 INFO AVS_ZohoIntegration.Program - Phone1: 
2026-06-25 11:30:24,155 INFO AVS_ZohoIntegration.Program - * Procesando resultado: 21 *
2026-06-25 11:30:24,155 INFO AVS_ZohoIntegration.Program - CardCode: CSL0002
2026-06-25 11:30:24,155 INFO AVS_ZohoIntegration.Program - CardName: Cliente curso SL
2026-06-25 11:30:24,156 INFO AVS_ZohoIntegration.Program - E_Mail: 
2026-06-25 11:30:24,156 INFO AVS_ZohoIntegration.Program - Phone1: 
2026-06-25 11:30:24,157 INFO AVS_ZohoIntegration.Program - * Procesando resultado: 22 *
2026-06-25 11:30:24,157 INFO AVS_ZohoIntegration.Program - CardCode: E00001
2026-06-25 11:30:24,158 INFO AVS_ZohoIntegration.Program - CardName: Empleado 1
2026-06-25 11:30:24,159 INFO AVS_ZohoIntegration.Program - E_Mail: 
2026-06-25 11:30:24,159 INFO AVS_ZohoIntegration.Program - Phone1: 
2026-06-25 11:30:24,160 INFO AVS_ZohoIntegration.Program - * Procesando resultado: 23 *
2026-06-25 11:30:24,160 INFO AVS_ZohoIntegration.Program - CardCode: L10001
2026-06-25 11:30:24,160 INFO AVS_ZohoIntegration.Program - CardName: Andreas Ackermann
2026-06-25 11:30:24,161 INFO AVS_ZohoIntegration.Program - E_Mail: info@ackermann.sap.com
2026-06-25 11:30:24,161 INFO AVS_ZohoIntegration.Program - Phone1: +52 (33) 5229-8176
2026-06-25 11:30:24,161 INFO AVS_ZohoIntegration.Program - * Procesando resultado: 24 *
2026-06-25 11:30:24,162 INFO AVS_ZohoIntegration.Program - CardCode: L10002
2026-06-25 11:30:24,162 INFO AVS_ZohoIntegration.Program - CardName: Werner Richter
2026-06-25 11:30:24,163 INFO AVS_ZohoIntegration.Program - E_Mail: info@werner.sap.com
2026-06-25 11:30:24,163 INFO AVS_ZohoIntegration.Program - Phone1: +52 (55) 5104-9190
2026-06-25 11:30:24,164 INFO AVS_ZohoIntegration.Program - * Procesando resultado: 25 *
2026-06-25 11:30:24,164 INFO AVS_ZohoIntegration.Program - CardCode: PR000336
2026-06-25 11:30:24,165 INFO AVS_ZohoIntegration.Program - CardName: Cliente Beluga
2026-06-25 11:30:24,165 INFO AVS_ZohoIntegration.Program - E_Mail: 
2026-06-25 11:30:24,165 INFO AVS_ZohoIntegration.Program - Phone1: 
2026-06-25 11:30:24,166 INFO AVS_ZohoIntegration.Program - * Procesando resultado: 26 *
2026-06-25 11:30:24,166 INFO AVS_ZohoIntegration.Program - CardCode: PRAVS01
2026-06-25 11:30:24,166 INFO AVS_ZohoIntegration.Program - CardName: Prueba curso SL
2026-06-25 11:30:24,167 INFO AVS_ZohoIntegration.Program - E_Mail: 
2026-06-25 11:30:24,167 INFO AVS_ZohoIntegration.Program - Phone1: 
2026-06-25 11:30:24,168 INFO AVS_ZohoIntegration.Program - * Procesando resultado: 27 *
2026-06-25 11:30:24,168 INFO AVS_ZohoIntegration.Program - CardCode: V10000
2026-06-25 11:30:24,169 INFO AVS_ZohoIntegration.Program - CardName: Acme Associates
2026-06-25 11:30:24,169 INFO AVS_ZohoIntegration.Program - E_Mail: info@acme.sap.com
2026-06-25 11:30:24,169 INFO AVS_ZohoIntegration.Program - Phone1: +52 (444) 8917-3743
2026-06-25 11:30:24,171 INFO AVS_ZohoIntegration.Program - * Procesando resultado: 28 *
2026-06-25 11:30:24,171 INFO AVS_ZohoIntegration.Program - CardCode: V1010
2026-06-25 11:30:24,172 INFO AVS_ZohoIntegration.Program - CardName: Far East Imports
2026-06-25 11:30:24,172 INFO AVS_ZohoIntegration.Program - E_Mail: info@far-east.sap.com
2026-06-25 11:30:24,173 INFO AVS_ZohoIntegration.Program - Phone1: +52 (55) 5992-7402
2026-06-25 11:30:24,173 INFO AVS_ZohoIntegration.Program - * Procesando resultado: 29 *
2026-06-25 11:30:24,174 INFO AVS_ZohoIntegration.Program - CardCode: V20000
2026-06-25 11:30:24,174 INFO AVS_ZohoIntegration.Program - CardName: Lasercom
2026-06-25 11:30:24,175 INFO AVS_ZohoIntegration.Program - E_Mail: info@lasercom.sap.com
2026-06-25 11:30:24,175 INFO AVS_ZohoIntegration.Program - Phone1: +52 (55) 5089-1023
2026-06-25 11:30:24,176 INFO AVS_ZohoIntegration.Program - * Procesando resultado: 30 *
2026-06-25 11:30:24,176 INFO AVS_ZohoIntegration.Program - CardCode: V21000
2026-06-25 11:30:24,177 INFO AVS_ZohoIntegration.Program - CardName: Sea Corp
2026-06-25 11:30:24,177 INFO AVS_ZohoIntegration.Program - E_Mail: info@seacorp.eu
2026-06-25 11:30:24,178 INFO AVS_ZohoIntegration.Program - Phone1: 00421 2 683 42 27
2026-06-25 11:30:24,178 INFO AVS_ZohoIntegration.Program - * Procesando resultado: 31 *
2026-06-25 11:30:24,178 INFO AVS_ZohoIntegration.Program - CardCode: V22000
2026-06-25 11:30:24,179 INFO AVS_ZohoIntegration.Program - CardName: Ocean Computers
2026-06-25 11:30:24,179 INFO AVS_ZohoIntegration.Program - E_Mail: info@oceancomp.co.uk
2026-06-25 11:30:24,179 INFO AVS_ZohoIntegration.Program - Phone1: 0044 161 445 1895
2026-06-25 11:30:24,180 INFO AVS_ZohoIntegration.Program - * Procesando resultado: 32 *
2026-06-25 11:30:24,180 INFO AVS_ZohoIntegration.Program - CardCode: V23000
2026-06-25 11:30:24,181 INFO AVS_ZohoIntegration.Program - CardName: Anthony Smith
2026-06-25 11:30:24,181 INFO AVS_ZohoIntegration.Program - E_Mail: info@anthony.sap.com
2026-06-25 11:30:24,182 INFO AVS_ZohoIntegration.Program - Phone1: +52 (55) 7882-4616
2026-06-25 11:30:24,182 INFO AVS_ZohoIntegration.Program - * Procesando resultado: 33 *
2026-06-25 11:30:24,182 INFO AVS_ZohoIntegration.Program - CardCode: V30000
2026-06-25 11:30:24,184 INFO AVS_ZohoIntegration.Program - CardName: Blockies Corporation
2026-06-25 11:30:24,184 INFO AVS_ZohoIntegration.Program - E_Mail: info@blockies.sap.com
2026-06-25 11:30:24,184 INFO AVS_ZohoIntegration.Program - Phone1: +52 (55) 5028-7922
2026-06-25 11:30:24,185 INFO AVS_ZohoIntegration.Program - * Procesando resultado: 34 *
2026-06-25 11:30:24,185 INFO AVS_ZohoIntegration.Program - CardCode: V50000
2026-06-25 11:30:24,186 INFO AVS_ZohoIntegration.Program - CardName: Lumarx
2026-06-25 11:30:24,186 INFO AVS_ZohoIntegration.Program - E_Mail: info@lumarx.sap.com
2026-06-25 11:30:24,187 INFO AVS_ZohoIntegration.Program - Phone1: +52 (55) 5290-3655
2026-06-25 11:30:24,187 INFO AVS_ZohoIntegration.Program - * Procesando resultado: 35 *
2026-06-25 11:30:24,187 INFO AVS_ZohoIntegration.Program - CardCode: V60000
2026-06-25 11:30:24,188 INFO AVS_ZohoIntegration.Program - CardName: OÑATE WILLY Y COMPAÑIA
2026-06-25 11:30:24,188 INFO AVS_ZohoIntegration.Program - E_Mail: info@CTI.sap.com
2026-06-25 11:30:24,188 INFO AVS_ZohoIntegration.Program - Phone1: +52 (55) 5405-2342
2026-06-25 11:30:24,189 INFO AVS_ZohoIntegration.Program - * Procesando resultado: 36 *
2026-06-25 11:30:24,189 INFO AVS_ZohoIntegration.Program - CardCode: V70000
2026-06-25 11:30:24,190 INFO AVS_ZohoIntegration.Program - CardName: SMD Technologies
2026-06-25 11:30:24,190 INFO AVS_ZohoIntegration.Program - E_Mail: info@SMD-tech.sap.com
2026-06-25 11:30:24,191 INFO AVS_ZohoIntegration.Program - Phone1: +52 (33) 5473-2234
2026-06-25 11:30:24,191 INFO AVS_ZohoIntegration.Program - * Consultando sub-entidad [Contactos] para OCRD...
2026-06-25 11:30:24,262 INFO AVS_ZohoIntegration.Program - Se han obtenido 40 resultados pendientes de procesar.
2026-06-25 11:30:24,263 INFO AVS_ZohoIntegration.Program - * Procesando resultado: 1 *
2026-06-25 11:30:24,263 INFO AVS_ZohoIntegration.Program - CardCode: C20000
2026-06-25 11:30:24,263 INFO AVS_ZohoIntegration.Program - Name: Humberto Thompson
2026-06-25 11:30:24,264 INFO AVS_ZohoIntegration.Program - E_MailL: norm.thompson@norm.sap.com.mx
2026-06-25 11:30:24,264 INFO AVS_ZohoIntegration.Program - * Procesando resultado: 2 *
2026-06-25 11:30:24,264 INFO AVS_ZohoIntegration.Program - CardCode: C20000
2026-06-25 11:30:24,265 INFO AVS_ZohoIntegration.Program - Name: Amanda Costner
2026-06-25 11:30:24,265 INFO AVS_ZohoIntegration.Program - E_MailL: amanda.costner@norm.sap.com.mx
2026-06-25 11:30:24,265 INFO AVS_ZohoIntegration.Program - * Procesando resultado: 3 *
2026-06-25 11:30:24,266 INFO AVS_ZohoIntegration.Program - CardCode: C23900
2026-06-25 11:30:24,266 INFO AVS_ZohoIntegration.Program - Name: Daniel Brown
2026-06-25 11:30:24,266 INFO AVS_ZohoIntegration.Program - E_MailL: daniel.brown@parameter.sap.com.mx
2026-06-25 11:30:24,267 INFO AVS_ZohoIntegration.Program - * Procesando resultado: 4 *
2026-06-25 11:30:24,267 INFO AVS_ZohoIntegration.Program - CardCode: C23900
2026-06-25 11:30:24,267 INFO AVS_ZohoIntegration.Program - Name: Marta Hummel
2026-06-25 11:30:24,268 INFO AVS_ZohoIntegration.Program - E_MailL: jodi.hummel@parameter.sap.com.mx
2026-06-25 11:30:24,268 INFO AVS_ZohoIntegration.Program - * Procesando resultado: 5 *
2026-06-25 11:30:24,269 INFO AVS_ZohoIntegration.Program - CardCode: C30000
2026-06-25 11:30:24,269 INFO AVS_ZohoIntegration.Program - Name: Carolina Brown
2026-06-25 11:30:24,269 INFO AVS_ZohoIntegration.Program - E_MailL: judy.brown@microchips.sap.com.mx
2026-06-25 11:30:24,270 INFO AVS_ZohoIntegration.Program - * Procesando resultado: 6 *
2026-06-25 11:30:24,270 INFO AVS_ZohoIntegration.Program - CardCode: C30000
2026-06-25 11:30:24,270 INFO AVS_ZohoIntegration.Program - Name: Daniela Jubinville
2026-06-25 11:30:24,270 INFO AVS_ZohoIntegration.Program - E_MailL: megan.jubinville@microchips.sap.com.mx
2026-06-25 11:30:24,271 INFO AVS_ZohoIntegration.Program - * Procesando resultado: 7 *
2026-06-25 11:30:24,271 INFO AVS_ZohoIntegration.Program - CardCode: C40000
2026-06-25 11:30:24,271 INFO AVS_ZohoIntegration.Program - Name: Gustavo  McKensly
2026-06-25 11:30:24,271 INFO AVS_ZohoIntegration.Program - E_MailL: bob.makensly@earthshaker.sap.com.mx
2026-06-25 11:30:24,272 INFO AVS_ZohoIntegration.Program - * Procesando resultado: 8 *
2026-06-25 11:30:24,272 INFO AVS_ZohoIntegration.Program - CardCode: C40000
2026-06-25 11:30:24,272 INFO AVS_ZohoIntegration.Program - Name: Soledad Powers
2026-06-25 11:30:24,272 INFO AVS_ZohoIntegration.Program - E_MailL: emily.powers@earthshaker.sap.com.mx
2026-06-25 11:30:24,272 INFO AVS_ZohoIntegration.Program - * Procesando resultado: 9 *
2026-06-25 11:30:24,273 INFO AVS_ZohoIntegration.Program - CardCode: C42000
2026-06-25 11:30:24,273 INFO AVS_ZohoIntegration.Program - Name: Julian Smith
2026-06-25 11:30:24,273 INFO AVS_ZohoIntegration.Program - E_MailL: anthony.smith@mashina.sap.com.mx
2026-06-25 11:30:24,274 INFO AVS_ZohoIntegration.Program - * Procesando resultado: 10 *
2026-06-25 11:30:24,274 INFO AVS_ZohoIntegration.Program - CardCode: C42000
2026-06-25 11:30:24,274 INFO AVS_ZohoIntegration.Program - Name: Natalia Herren
2026-06-25 11:30:24,274 INFO AVS_ZohoIntegration.Program - E_MailL: jennifer.herren@mashina.sap.com.mx
2026-06-25 11:30:24,275 INFO AVS_ZohoIntegration.Program - * Procesando resultado: 11 *
2026-06-25 11:30:24,275 INFO AVS_ZohoIntegration.Program - CardCode: C50000
2026-06-25 11:30:24,275 INFO AVS_ZohoIntegration.Program - Name: Ana  Brown
2026-06-25 11:30:24,276 INFO AVS_ZohoIntegration.Program - E_MailL: mary.brown@ada-tech.sap.com.mx
2026-06-25 11:30:24,276 INFO AVS_ZohoIntegration.Program - * Procesando resultado: 12 *
2026-06-25 11:30:24,276 INFO AVS_ZohoIntegration.Program - CardCode: C60000
2026-06-25 11:30:24,276 INFO AVS_ZohoIntegration.Program - Name: Carlos Alexander
2026-06-25 11:30:24,277 INFO AVS_ZohoIntegration.Program - E_MailL: eric.alexander@sg.sap.com.mx
2026-06-25 11:30:24,277 INFO AVS_ZohoIntegration.Program - * Procesando resultado: 13 *
2026-06-25 11:30:24,277 INFO AVS_ZohoIntegration.Program - CardCode: C70000
2026-06-25 11:30:24,277 INFO AVS_ZohoIntegration.Program - Name: Guillermo Brown
2026-06-25 11:30:24,277 INFO AVS_ZohoIntegration.Program - E_MailL: troy.brown@aquent-sys.sap.com.mx
2026-06-25 11:30:24,278 INFO AVS_ZohoIntegration.Program - * Procesando resultado: 14 *
2026-06-25 11:30:24,278 INFO AVS_ZohoIntegration.Program - CardCode: L10001
2026-06-25 11:30:24,278 INFO AVS_ZohoIntegration.Program - Name: Jorge Sanders
2026-06-25 11:30:24,278 INFO AVS_ZohoIntegration.Program - E_MailL: james.sanders@ackermann.sap.com.mx
2026-06-25 11:30:24,278 INFO AVS_ZohoIntegration.Program - * Procesando resultado: 15 *
2026-06-25 11:30:24,279 INFO AVS_ZohoIntegration.Program - CardCode: L10001
2026-06-25 11:30:24,279 INFO AVS_ZohoIntegration.Program - Name: Maria Laura Breeveld
2026-06-25 11:30:24,280 INFO AVS_ZohoIntegration.Program - E_MailL: lisa.breeveld@ackermann.sap.com.mx
2026-06-25 11:30:24,280 INFO AVS_ZohoIntegration.Program - * Procesando resultado: 16 *
2026-06-25 11:30:24,282 INFO AVS_ZohoIntegration.Program - CardCode: L10002
2026-06-25 11:30:24,282 INFO AVS_ZohoIntegration.Program - Name: Hugo Wilfork
2026-06-25 11:30:24,282 INFO AVS_ZohoIntegration.Program - E_MailL: vince.wilfork@werner.sap.com.mx
2026-06-25 11:30:24,283 INFO AVS_ZohoIntegration.Program - * Procesando resultado: 17 *
2026-06-25 11:30:24,283 INFO AVS_ZohoIntegration.Program - CardCode: L10002
2026-06-25 11:30:24,283 INFO AVS_ZohoIntegration.Program - Name: Camila Svensson
2026-06-25 11:30:24,284 INFO AVS_ZohoIntegration.Program - E_MailL: camilla.svensson@werner.sap.com.mx
2026-06-25 11:30:24,284 INFO AVS_ZohoIntegration.Program - * Procesando resultado: 18 *
2026-06-25 11:30:24,285 INFO AVS_ZohoIntegration.Program - CardCode: V10000
2026-06-25 11:30:24,285 INFO AVS_ZohoIntegration.Program - Name: Luisa Kierl
2026-06-25 11:30:24,286 INFO AVS_ZohoIntegration.Program - E_MailL: sarah.kierl@acme.sap.com.mx
2026-06-25 11:30:24,286 INFO AVS_ZohoIntegration.Program - * Procesando resultado: 19 *
2026-06-25 11:30:24,286 INFO AVS_ZohoIntegration.Program - CardCode: V10000
2026-06-25 11:30:24,287 INFO AVS_ZohoIntegration.Program - Name: Sebastian Marrazzo
2026-06-25 11:30:24,287 INFO AVS_ZohoIntegration.Program - E_MailL: rena.marrazzo@acme.sap.com.mx
2026-06-25 11:30:24,288 INFO AVS_ZohoIntegration.Program - * Procesando resultado: 20 *
2026-06-25 11:30:24,288 INFO AVS_ZohoIntegration.Program - CardCode: V1010
2026-06-25 11:30:24,289 INFO AVS_ZohoIntegration.Program - Name: Martin Miles
2026-06-25 11:30:24,289 INFO AVS_ZohoIntegration.Program - E_MailL: lawrence.miles@far-east.sap.com.mx
2026-06-25 11:30:24,289 INFO AVS_ZohoIntegration.Program - * Procesando resultado: 21 *
2026-06-25 11:30:24,289 INFO AVS_ZohoIntegration.Program - CardCode: V1010
2026-06-25 11:30:24,290 INFO AVS_ZohoIntegration.Program - Name: Juan Roman Sheppard
2026-06-25 11:30:24,290 INFO AVS_ZohoIntegration.Program - E_MailL: kere.sheppard@far-east.sap.com.mx
2026-06-25 11:30:24,290 INFO AVS_ZohoIntegration.Program - * Procesando resultado: 22 *
2026-06-25 11:30:24,291 INFO AVS_ZohoIntegration.Program - CardCode: V20000
2026-06-25 11:30:24,291 INFO AVS_ZohoIntegration.Program - Name: Juan Miller
2026-06-25 11:30:24,292 INFO AVS_ZohoIntegration.Program - E_MailL: jimmy.miller@lasersap.com.sap.com.mx
2026-06-25 11:30:24,292 INFO AVS_ZohoIntegration.Program - * Procesando resultado: 23 *
2026-06-25 11:30:24,293 INFO AVS_ZohoIntegration.Program - CardCode: V20000
2026-06-25 11:30:24,293 INFO AVS_ZohoIntegration.Program - Name: Alejandra Wilson
2026-06-25 11:30:24,293 INFO AVS_ZohoIntegration.Program - E_MailL: sydney.wilson@lasersap.com.sap.com.mx
2026-06-25 11:30:24,294 INFO AVS_ZohoIntegration.Program - * Procesando resultado: 24 *
2026-06-25 11:30:24,294 INFO AVS_ZohoIntegration.Program - CardCode: V23000
2026-06-25 11:30:24,294 INFO AVS_ZohoIntegration.Program - Name: Matias Spanos
2026-06-25 11:30:24,295 INFO AVS_ZohoIntegration.Program - E_MailL: matt.spanos@anthony.sap.com.mx
2026-06-25 11:30:24,295 INFO AVS_ZohoIntegration.Program - * Procesando resultado: 25 *
2026-06-25 11:30:24,295 INFO AVS_ZohoIntegration.Program - CardCode: V30000
2026-06-25 11:30:24,296 INFO AVS_ZohoIntegration.Program - Name: Miguel Morgan
2026-06-25 11:30:24,296 INFO AVS_ZohoIntegration.Program - E_MailL: michael.morgan@blockies.sap.com.mx
2026-06-25 11:30:24,297 INFO AVS_ZohoIntegration.Program - * Procesando resultado: 26 *
2026-06-25 11:30:24,297 INFO AVS_ZohoIntegration.Program - CardCode: V30000
2026-06-25 11:30:24,297 INFO AVS_ZohoIntegration.Program - Name: Sabrina Hanschke
2026-06-25 11:30:24,298 INFO AVS_ZohoIntegration.Program - E_MailL: sarina.hanschke@blockies.sap.com.mx
2026-06-25 11:30:24,298 INFO AVS_ZohoIntegration.Program - * Procesando resultado: 27 *
2026-06-25 11:30:24,298 INFO AVS_ZohoIntegration.Program - CardCode: V50000
2026-06-25 11:30:24,299 INFO AVS_ZohoIntegration.Program - Name: Roberto Williams
2026-06-25 11:30:24,300 INFO AVS_ZohoIntegration.Program - E_MailL: kyle.williams@lumarx.sap.com.sap.com.mx
2026-06-25 11:30:24,300 INFO AVS_ZohoIntegration.Program - * Procesando resultado: 28 *
2026-06-25 11:30:24,302 INFO AVS_ZohoIntegration.Program - CardCode: V50000
2026-06-25 11:30:24,303 INFO AVS_ZohoIntegration.Program - Name: Susana Klingenberg
2026-06-25 11:30:24,303 INFO AVS_ZohoIntegration.Program - E_MailL: lynn.klingenberg@lumarx.sap.com.mx
2026-06-25 11:30:24,303 INFO AVS_ZohoIntegration.Program - * Procesando resultado: 29 *
2026-06-25 11:30:24,303 INFO AVS_ZohoIntegration.Program - CardCode: V60000
2026-06-25 11:30:24,305 INFO AVS_ZohoIntegration.Program - Name: Juan Kalil
2026-06-25 11:30:24,305 INFO AVS_ZohoIntegration.Program - E_MailL: ryan.kalil@CTI.sap.com.mx
2026-06-25 11:30:24,305 INFO AVS_ZohoIntegration.Program - * Procesando resultado: 30 *
2026-06-25 11:30:24,305 INFO AVS_ZohoIntegration.Program - CardCode: V70000
2026-06-25 11:30:24,305 INFO AVS_ZohoIntegration.Program - Name: Sara Kierl
2026-06-25 11:30:24,307 INFO AVS_ZohoIntegration.Program - E_MailL: sarah.kierl@SMD-tech.sap.com.mx
2026-06-25 11:30:24,307 INFO AVS_ZohoIntegration.Program - * Procesando resultado: 31 *
2026-06-25 11:30:24,308 INFO AVS_ZohoIntegration.Program - CardCode: C25000
2026-06-25 11:30:24,308 INFO AVS_ZohoIntegration.Program - Name: Martina  Basalykova
2026-06-25 11:30:24,308 INFO AVS_ZohoIntegration.Program - E_MailL: martina@starcompa.eu
2026-06-25 11:30:24,309 INFO AVS_ZohoIntegration.Program - * Procesando resultado: 32 *
2026-06-25 11:30:24,309 INFO AVS_ZohoIntegration.Program - CardCode: C25000
2026-06-25 11:30:24,310 INFO AVS_ZohoIntegration.Program - Name: Peter Nagy
2026-06-25 11:30:24,310 INFO AVS_ZohoIntegration.Program - E_MailL: peter@starcompa.eu
2026-06-25 11:30:24,310 INFO AVS_ZohoIntegration.Program - * Procesando resultado: 33 *
2026-06-25 11:30:24,311 INFO AVS_ZohoIntegration.Program - CardCode: C26000
2026-06-25 11:30:24,311 INFO AVS_ZohoIntegration.Program - Name: Lewis Beerman
2026-06-25 11:30:24,311 INFO AVS_ZohoIntegration.Program - E_MailL: lewis@riveri.co.uk
2026-06-25 11:30:24,312 INFO AVS_ZohoIntegration.Program - * Procesando resultado: 34 *
2026-06-25 11:30:24,312 INFO AVS_ZohoIntegration.Program - CardCode: C26000
2026-06-25 11:30:24,312 INFO AVS_ZohoIntegration.Program - Name: Luke Hardy
2026-06-25 11:30:24,313 INFO AVS_ZohoIntegration.Program - E_MailL: luke@riveri.co.uk
2026-06-25 11:30:24,313 INFO AVS_ZohoIntegration.Program - * Procesando resultado: 35 *
2026-06-25 11:30:24,313 INFO AVS_ZohoIntegration.Program - CardCode: V21000
2026-06-25 11:30:24,314 INFO AVS_ZohoIntegration.Program - Name: Pavol Jankovic
2026-06-25 11:30:24,314 INFO AVS_ZohoIntegration.Program - E_MailL: PJankovic@seacorp.eu
2026-06-25 11:30:24,315 INFO AVS_ZohoIntegration.Program - * Procesando resultado: 36 *
2026-06-25 11:30:24,315 INFO AVS_ZohoIntegration.Program - CardCode: V21000
2026-06-25 11:30:24,316 INFO AVS_ZohoIntegration.Program - Name: Dusan Palo
2026-06-25 11:30:24,316 INFO AVS_ZohoIntegration.Program - E_MailL: DPalo@seacorp.eu
2026-06-25 11:30:24,317 INFO AVS_ZohoIntegration.Program - * Procesando resultado: 37 *
2026-06-25 11:30:24,317 INFO AVS_ZohoIntegration.Program - CardCode: V22000
2026-06-25 11:30:24,318 INFO AVS_ZohoIntegration.Program - Name: Joe Wilson
2026-06-25 11:30:24,318 INFO AVS_ZohoIntegration.Program - E_MailL: Joe@oceancomp.co.uk
2026-06-25 11:30:24,319 INFO AVS_ZohoIntegration.Program - * Procesando resultado: 38 *
2026-06-25 11:30:24,319 INFO AVS_ZohoIntegration.Program - CardCode: V22000
2026-06-25 11:30:24,319 INFO AVS_ZohoIntegration.Program - Name: Andrew Francis
2026-06-25 11:30:24,320 INFO AVS_ZohoIntegration.Program - E_MailL: Andrew@oceancomp.co.uk
2026-06-25 11:30:24,320 INFO AVS_ZohoIntegration.Program - * Procesando resultado: 39 *
2026-06-25 11:30:24,321 INFO AVS_ZohoIntegration.Program - CardCode: CMF0004
2026-06-25 11:30:24,321 INFO AVS_ZohoIntegration.Program - Name: Carlos López
2026-06-25 11:30:24,322 INFO AVS_ZohoIntegration.Program - E_MailL: carlos.lopez@empresa.com
2026-06-25 11:30:24,322 INFO AVS_ZohoIntegration.Program - * Procesando resultado: 40 *
2026-06-25 11:30:24,322 INFO AVS_ZohoIntegration.Program - CardCode: CMF0004
2026-06-25 11:30:24,324 INFO AVS_ZohoIntegration.Program - Name: Ana Rodríguez
2026-06-25 11:30:24,324 INFO AVS_ZohoIntegration.Program - E_MailL: ana.rodriguez@empresa.com
2026-06-25 11:30:24,325 INFO AVS_ZohoIntegration.Program - * Consultando sub-entidad [Direcciones] para OCRD...
2026-06-25 11:30:24,420 INFO AVS_ZohoIntegration.Program - Se han obtenido 59 resultados pendientes de procesar.
2026-06-25 11:30:24,420 INFO AVS_ZohoIntegration.Program - * Procesando resultado: 1 *
2026-06-25 11:30:24,421 INFO AVS_ZohoIntegration.Program - CardCode: C1111
2026-06-25 11:30:24,421 INFO AVS_ZohoIntegration.Program - Address: Entrega
2026-06-25 11:30:24,422 INFO AVS_ZohoIntegration.Program - Street: 
2026-06-25 11:30:24,422 INFO AVS_ZohoIntegration.Program - City: 
2026-06-25 11:30:24,422 INFO AVS_ZohoIntegration.Program - AdresType: S
2026-06-25 11:30:24,423 INFO AVS_ZohoIntegration.Program - * Procesando resultado: 2 *
2026-06-25 11:30:24,423 INFO AVS_ZohoIntegration.Program - CardCode: C1111
2026-06-25 11:30:24,423 INFO AVS_ZohoIntegration.Program - Address: IMP
2026-06-25 11:30:24,425 INFO AVS_ZohoIntegration.Program - Street: 
2026-06-25 11:30:24,425 INFO AVS_ZohoIntegration.Program - City: 
2026-06-25 11:30:24,425 INFO AVS_ZohoIntegration.Program - AdresType: B
2026-06-25 11:30:24,426 INFO AVS_ZohoIntegration.Program - * Procesando resultado: 3 *
2026-06-25 11:30:24,426 INFO AVS_ZohoIntegration.Program - CardCode: C12345
2026-06-25 11:30:24,426 INFO AVS_ZohoIntegration.Program - Address: Centro de Distribución
2026-06-25 11:30:24,427 INFO AVS_ZohoIntegration.Program - Street: Carretera México-Toluca
2026-06-25 11:30:24,427 INFO AVS_ZohoIntegration.Program - City: Toluca
2026-06-25 11:30:24,427 INFO AVS_ZohoIntegration.Program - AdresType: S
2026-06-25 11:30:24,427 INFO AVS_ZohoIntegration.Program - * Procesando resultado: 4 *
2026-06-25 11:30:24,428 INFO AVS_ZohoIntegration.Program - CardCode: C12345
2026-06-25 11:30:24,428 INFO AVS_ZohoIntegration.Program - Address: Sucursal Principal
2026-06-25 11:30:24,428 INFO AVS_ZohoIntegration.Program - Street: Av. Insurgentes Sur
2026-06-25 11:30:24,429 INFO AVS_ZohoIntegration.Program - City: Ciudad de México
2026-06-25 11:30:24,429 INFO AVS_ZohoIntegration.Program - AdresType: B
2026-06-25 11:30:24,429 INFO AVS_ZohoIntegration.Program - * Procesando resultado: 5 *
2026-06-25 11:30:24,430 INFO AVS_ZohoIntegration.Program - CardCode: C123456
2026-06-25 11:30:24,430 INFO AVS_ZohoIntegration.Program - Address: Centro de Distribución
2026-06-25 11:30:24,430 INFO AVS_ZohoIntegration.Program - Street: Carretera México-Toluca
2026-06-25 11:30:24,431 INFO AVS_ZohoIntegration.Program - City: Toluca
2026-06-25 11:30:24,432 INFO AVS_ZohoIntegration.Program - AdresType: S
2026-06-25 11:30:24,432 INFO AVS_ZohoIntegration.Program - * Procesando resultado: 6 *
2026-06-25 11:30:24,432 INFO AVS_ZohoIntegration.Program - CardCode: C123456
2026-06-25 11:30:24,433 INFO AVS_ZohoIntegration.Program - Address: Sucursal Principal
2026-06-25 11:30:24,433 INFO AVS_ZohoIntegration.Program - Street: Av. Insurgentes Sur
2026-06-25 11:30:24,434 INFO AVS_ZohoIntegration.Program - City: Ciudad de México
2026-06-25 11:30:24,434 INFO AVS_ZohoIntegration.Program - AdresType: B
2026-06-25 11:30:24,434 INFO AVS_ZohoIntegration.Program - * Procesando resultado: 7 *
2026-06-25 11:30:24,435 INFO AVS_ZohoIntegration.Program - CardCode: C20000
2026-06-25 11:30:24,435 INFO AVS_ZohoIntegration.Program - Address: de Despacho
2026-06-25 11:30:24,435 INFO AVS_ZohoIntegration.Program - Street: 300 Billings Drive
2026-06-25 11:30:24,436 INFO AVS_ZohoIntegration.Program - City: Mexico D.F.
2026-06-25 11:30:24,436 INFO AVS_ZohoIntegration.Program - AdresType: S
2026-06-25 11:30:24,438 INFO AVS_ZohoIntegration.Program - * Procesando resultado: 8 *
2026-06-25 11:30:24,438 INFO AVS_ZohoIntegration.Program - CardCode: C20000
2026-06-25 11:30:24,439 INFO AVS_ZohoIntegration.Program - Address: Fiscal
2026-06-25 11:30:24,439 INFO AVS_ZohoIntegration.Program - Street: 300 Billings Drive
2026-06-25 11:30:24,440 INFO AVS_ZohoIntegration.Program - City: 
2026-06-25 11:30:24,440 INFO AVS_ZohoIntegration.Program - AdresType: B
2026-06-25 11:30:24,440 INFO AVS_ZohoIntegration.Program - * Procesando resultado: 9 *
2026-06-25 11:30:24,440 INFO AVS_ZohoIntegration.Program - CardCode: C23900
2026-06-25 11:30:24,441 INFO AVS_ZohoIntegration.Program - Address: Bodega Norte
2026-06-25 11:30:24,441 INFO AVS_ZohoIntegration.Program - Street: 5th Ave
2026-06-25 11:30:24,441 INFO AVS_ZohoIntegration.Program - City: Mexico D.F.
2026-06-25 11:30:24,442 INFO AVS_ZohoIntegration.Program - AdresType: S
2026-06-25 11:30:24,442 INFO AVS_ZohoIntegration.Program - * Procesando resultado: 10 *
2026-06-25 11:30:24,443 INFO AVS_ZohoIntegration.Program - CardCode: C23900
2026-06-25 11:30:24,443 INFO AVS_ZohoIntegration.Program - Address: Bodega Principal
2026-06-25 11:30:24,444 INFO AVS_ZohoIntegration.Program - Street: 908 Darby Road
2026-06-25 11:30:24,444 INFO AVS_ZohoIntegration.Program - City: Mexico D.F.
2026-06-25 11:30:24,444 INFO AVS_ZohoIntegration.Program - AdresType: S
2026-06-25 11:30:24,446 INFO AVS_ZohoIntegration.Program - * Procesando resultado: 11 *
2026-06-25 11:30:24,446 INFO AVS_ZohoIntegration.Program - CardCode: C23900
2026-06-25 11:30:24,446 INFO AVS_ZohoIntegration.Program - Address: Bodega Sur
2026-06-25 11:30:24,447 INFO AVS_ZohoIntegration.Program - Street: 32 Eastern Blvd.
2026-06-25 11:30:24,447 INFO AVS_ZohoIntegration.Program - City: Mexico D.F.
2026-06-25 11:30:24,447 INFO AVS_ZohoIntegration.Program - AdresType: S
2026-06-25 11:30:24,448 INFO AVS_ZohoIntegration.Program - * Procesando resultado: 12 *
2026-06-25 11:30:24,448 INFO AVS_ZohoIntegration.Program - CardCode: C23900
2026-06-25 11:30:24,449 INFO AVS_ZohoIntegration.Program - Address: de Facturacion
2026-06-25 11:30:24,449 INFO AVS_ZohoIntegration.Program - Street: 908 Darby Road
2026-06-25 11:30:24,449 INFO AVS_ZohoIntegration.Program - City: Mexico D.F.
2026-06-25 11:30:24,450 INFO AVS_ZohoIntegration.Program - AdresType: B
2026-06-25 11:30:24,450 INFO AVS_ZohoIntegration.Program - * Procesando resultado: 13 *
2026-06-25 11:30:24,451 INFO AVS_ZohoIntegration.Program - CardCode: C25000
2026-06-25 11:30:24,451 INFO AVS_ZohoIntegration.Program - Address: Bill to
2026-06-25 11:30:24,452 INFO AVS_ZohoIntegration.Program - Street: Plynarenska
2026-06-25 11:30:24,452 INFO AVS_ZohoIntegration.Program - City: Bratislava
2026-06-25 11:30:24,452 INFO AVS_ZohoIntegration.Program - AdresType: B
2026-06-25 11:30:24,453 INFO AVS_ZohoIntegration.Program - * Procesando resultado: 14 *
2026-06-25 11:30:24,453 INFO AVS_ZohoIntegration.Program - CardCode: C25000
2026-06-25 11:30:24,453 INFO AVS_ZohoIntegration.Program - Address: Ship To
2026-06-25 11:30:24,454 INFO AVS_ZohoIntegration.Program - Street: Plynarenska
2026-06-25 11:30:24,454 INFO AVS_ZohoIntegration.Program - City: Bratislava
2026-06-25 11:30:24,455 INFO AVS_ZohoIntegration.Program - AdresType: S
2026-06-25 11:30:24,455 INFO AVS_ZohoIntegration.Program - * Procesando resultado: 15 *
2026-06-25 11:30:24,455 INFO AVS_ZohoIntegration.Program - CardCode: C26000
2026-06-25 11:30:24,456 INFO AVS_ZohoIntegration.Program - Address: Bill to
2026-06-25 11:30:24,457 INFO AVS_ZohoIntegration.Program - Street: United Rd
2026-06-25 11:30:24,458 INFO AVS_ZohoIntegration.Program - City: Manchester
2026-06-25 11:30:24,458 INFO AVS_ZohoIntegration.Program - AdresType: B
2026-06-25 11:30:24,459 INFO AVS_ZohoIntegration.Program - * Procesando resultado: 16 *
2026-06-25 11:30:24,459 INFO AVS_ZohoIntegration.Program - CardCode: C26000
2026-06-25 11:30:24,459 INFO AVS_ZohoIntegration.Program - Address: Ship To
2026-06-25 11:30:24,460 INFO AVS_ZohoIntegration.Program - Street: United Rd
2026-06-25 11:30:24,460 INFO AVS_ZohoIntegration.Program - City: Manchester
2026-06-25 11:30:24,460 INFO AVS_ZohoIntegration.Program - AdresType: S
2026-06-25 11:30:24,460 INFO AVS_ZohoIntegration.Program - * Procesando resultado: 17 *
2026-06-25 11:30:24,461 INFO AVS_ZohoIntegration.Program - CardCode: C30000
2026-06-25 11:30:24,461 INFO AVS_ZohoIntegration.Program - Address: Bodega Norte
2026-06-25 11:30:24,461 INFO AVS_ZohoIntegration.Program - Street: 45th Street
2026-06-25 11:30:24,461 INFO AVS_ZohoIntegration.Program - City: Mexico D.F.
2026-06-25 11:30:24,462 INFO AVS_ZohoIntegration.Program - AdresType: S
2026-06-25 11:30:24,462 INFO AVS_ZohoIntegration.Program - * Procesando resultado: 18 *
2026-06-25 11:30:24,463 INFO AVS_ZohoIntegration.Program - CardCode: C30000
2026-06-25 11:30:24,463 INFO AVS_ZohoIntegration.Program - Address: Bodega Sur
2026-06-25 11:30:24,464 INFO AVS_ZohoIntegration.Program - Street: 32 Eastern Blvd.
2026-06-25 11:30:24,464 INFO AVS_ZohoIntegration.Program - City: Mexico D.F.
2026-06-25 11:30:24,464 INFO AVS_ZohoIntegration.Program - AdresType: S
2026-06-25 11:30:24,465 INFO AVS_ZohoIntegration.Program - * Procesando resultado: 19 *
2026-06-25 11:30:24,465 INFO AVS_ZohoIntegration.Program - CardCode: C30000
2026-06-25 11:30:24,465 INFO AVS_ZohoIntegration.Program - Address: de Despacho
2026-06-25 11:30:24,465 INFO AVS_ZohoIntegration.Program - Street: 5th Ave
2026-06-25 11:30:24,466 INFO AVS_ZohoIntegration.Program - City: Mexico D.F.
2026-06-25 11:30:24,466 INFO AVS_ZohoIntegration.Program - AdresType: S
2026-06-25 11:30:24,466 INFO AVS_ZohoIntegration.Program - * Procesando resultado: 20 *
2026-06-25 11:30:24,467 INFO AVS_ZohoIntegration.Program - CardCode: C30000
2026-06-25 11:30:24,467 INFO AVS_ZohoIntegration.Program - Address: de Facturacion
2026-06-25 11:30:24,467 INFO AVS_ZohoIntegration.Program - Street: 45th Street
2026-06-25 11:30:24,468 INFO AVS_ZohoIntegration.Program - City: Mexico D.F.
2026-06-25 11:30:24,468 INFO AVS_ZohoIntegration.Program - AdresType: B
2026-06-25 11:30:24,469 INFO AVS_ZohoIntegration.Program - * Procesando resultado: 21 *
2026-06-25 11:30:24,469 INFO AVS_ZohoIntegration.Program - CardCode: C40000
2026-06-25 11:30:24,470 INFO AVS_ZohoIntegration.Program - Address: de Despacho
2026-06-25 11:30:24,470 INFO AVS_ZohoIntegration.Program - Street: 208 Hollywood Ave
2026-06-25 11:30:24,471 INFO AVS_ZohoIntegration.Program - City: Mexico D.F.
2026-06-25 11:30:24,471 INFO AVS_ZohoIntegration.Program - AdresType: S
2026-06-25 11:30:24,471 INFO AVS_ZohoIntegration.Program - * Procesando resultado: 22 *
2026-06-25 11:30:24,473 INFO AVS_ZohoIntegration.Program - CardCode: C40000
2026-06-25 11:30:24,474 INFO AVS_ZohoIntegration.Program - Address: de Facturacion
2026-06-25 11:30:24,474 INFO AVS_ZohoIntegration.Program - Street: 208 Hollywood Ave
2026-06-25 11:30:24,475 INFO AVS_ZohoIntegration.Program - City: Mexico D.F.
2026-06-25 11:30:24,475 INFO AVS_ZohoIntegration.Program - AdresType: B
2026-06-25 11:30:24,475 INFO AVS_ZohoIntegration.Program - * Procesando resultado: 23 *
2026-06-25 11:30:24,475 INFO AVS_ZohoIntegration.Program - CardCode: C42000
2026-06-25 11:30:24,476 INFO AVS_ZohoIntegration.Program - Address: de Despacho
2026-06-25 11:30:24,476 INFO AVS_ZohoIntegration.Program - Street: 400 Range Road
2026-06-25 11:30:24,476 INFO AVS_ZohoIntegration.Program - City: Mexico D.F.
2026-06-25 11:30:24,477 INFO AVS_ZohoIntegration.Program - AdresType: S
2026-06-25 11:30:24,477 INFO AVS_ZohoIntegration.Program - * Procesando resultado: 24 *
2026-06-25 11:30:24,477 INFO AVS_ZohoIntegration.Program - CardCode: C42000
2026-06-25 11:30:24,477 INFO AVS_ZohoIntegration.Program - Address: de Facturacion
2026-06-25 11:30:24,477 INFO AVS_ZohoIntegration.Program - Street: 400 Range Road
2026-06-25 11:30:24,478 INFO AVS_ZohoIntegration.Program - City: Mexico D.F.
2026-06-25 11:30:24,478 INFO AVS_ZohoIntegration.Program - AdresType: B
2026-06-25 11:30:24,478 INFO AVS_ZohoIntegration.Program - * Procesando resultado: 25 *
2026-06-25 11:30:24,478 INFO AVS_ZohoIntegration.Program - CardCode: C50000
2026-06-25 11:30:24,479 INFO AVS_ZohoIntegration.Program - Address: de Despacho
2026-06-25 11:30:24,479 INFO AVS_ZohoIntegration.Program - Street: 34 Highway 6
2026-06-25 11:30:24,479 INFO AVS_ZohoIntegration.Program - City: Mexico D.F.
2026-06-25 11:30:24,480 INFO AVS_ZohoIntegration.Program - AdresType: S
2026-06-25 11:30:24,480 INFO AVS_ZohoIntegration.Program - * Procesando resultado: 26 *
2026-06-25 11:30:24,481 INFO AVS_ZohoIntegration.Program - CardCode: C50000
2026-06-25 11:30:24,481 INFO AVS_ZohoIntegration.Program - Address: de Facturacion
2026-06-25 11:30:24,481 INFO AVS_ZohoIntegration.Program - Street: 34 Highway 6
2026-06-25 11:30:24,481 INFO AVS_ZohoIntegration.Program - City: Mexico D.F.
2026-06-25 11:30:24,482 INFO AVS_ZohoIntegration.Program - AdresType: B
2026-06-25 11:30:24,482 INFO AVS_ZohoIntegration.Program - * Procesando resultado: 27 *
2026-06-25 11:30:24,482 INFO AVS_ZohoIntegration.Program - CardCode: C60000
2026-06-25 11:30:24,483 INFO AVS_ZohoIntegration.Program - Address: de Despacho
2026-06-25 11:30:24,483 INFO AVS_ZohoIntegration.Program - Street: 67 Grant Ave
2026-06-25 11:30:24,484 INFO AVS_ZohoIntegration.Program - City: DF
2026-06-25 11:30:24,484 INFO AVS_ZohoIntegration.Program - AdresType: S
2026-06-25 11:30:24,485 INFO AVS_ZohoIntegration.Program - * Procesando resultado: 28 *
2026-06-25 11:30:24,485 INFO AVS_ZohoIntegration.Program - CardCode: C60000
2026-06-25 11:30:24,486 INFO AVS_ZohoIntegration.Program - Address: de Facturacion
2026-06-25 11:30:24,486 INFO AVS_ZohoIntegration.Program - Street: 67 Grant Ave
2026-06-25 11:30:24,487 INFO AVS_ZohoIntegration.Program - City: Toronto
2026-06-25 11:30:24,487 INFO AVS_ZohoIntegration.Program - AdresType: B
2026-06-25 11:30:24,488 INFO AVS_ZohoIntegration.Program - * Procesando resultado: 29 *
2026-06-25 11:30:24,488 INFO AVS_ZohoIntegration.Program - CardCode: C70000
2026-06-25 11:30:24,488 INFO AVS_ZohoIntegration.Program - Address: de Despacho
2026-06-25 11:30:24,489 INFO AVS_ZohoIntegration.Program - Street: 123 Kathryn Ave
2026-06-25 11:30:24,489 INFO AVS_ZohoIntegration.Program - City: Montreal
2026-06-25 11:30:24,489 INFO AVS_ZohoIntegration.Program - AdresType: S
2026-06-25 11:30:24,490 INFO AVS_ZohoIntegration.Program - * Procesando resultado: 30 *
2026-06-25 11:30:24,490 INFO AVS_ZohoIntegration.Program - CardCode: C70000
2026-06-25 11:30:24,491 INFO AVS_ZohoIntegration.Program - Address: de Facturacion
2026-06-25 11:30:24,491 INFO AVS_ZohoIntegration.Program - Street: 123 Kathryn Ave
2026-06-25 11:30:24,492 INFO AVS_ZohoIntegration.Program - City: Montreal
2026-06-25 11:30:24,492 INFO AVS_ZohoIntegration.Program - AdresType: B
2026-06-25 11:30:24,492 INFO AVS_ZohoIntegration.Program - * Procesando resultado: 31 *
2026-06-25 11:30:24,493 INFO AVS_ZohoIntegration.Program - CardCode: C99998
2026-06-25 11:30:24,493 INFO AVS_ZohoIntegration.Program - Address: Cliente Web
2026-06-25 11:30:24,493 INFO AVS_ZohoIntegration.Program - Street: 
2026-06-25 11:30:24,494 INFO AVS_ZohoIntegration.Program - City: 
2026-06-25 11:30:24,494 INFO AVS_ZohoIntegration.Program - AdresType: S
2026-06-25 11:30:24,494 INFO AVS_ZohoIntegration.Program - * Procesando resultado: 32 *
2026-06-25 11:30:24,494 INFO AVS_ZohoIntegration.Program - CardCode: CMF0002
2026-06-25 11:30:24,495 INFO AVS_ZohoIntegration.Program - Address: Fiscal
2026-06-25 11:30:24,495 INFO AVS_ZohoIntegration.Program - Street: Paseo de lo sauces
2026-06-25 11:30:24,495 INFO AVS_ZohoIntegration.Program - City: México
2026-06-25 11:30:24,496 INFO AVS_ZohoIntegration.Program - AdresType: B
2026-06-25 11:30:24,496 INFO AVS_ZohoIntegration.Program - * Procesando resultado: 33 *
2026-06-25 11:30:24,497 INFO AVS_ZohoIntegration.Program - CardCode: CMF0003
2026-06-25 11:30:24,497 INFO AVS_ZohoIntegration.Program - Address: Fiscal
2026-06-25 11:30:24,497 INFO AVS_ZohoIntegration.Program - Street: 300 Billings Drive
2026-06-25 11:30:24,498 INFO AVS_ZohoIntegration.Program - City: 
2026-06-25 11:30:24,498 INFO AVS_ZohoIntegration.Program - AdresType: B
2026-06-25 11:30:24,499 INFO AVS_ZohoIntegration.Program - * Procesando resultado: 34 *
2026-06-25 11:30:24,499 INFO AVS_ZohoIntegration.Program - CardCode: CMF0004
2026-06-25 11:30:24,499 INFO AVS_ZohoIntegration.Program - Address: Sucursal Norte
2026-06-25 11:30:24,501 INFO AVS_ZohoIntegration.Program - Street: Calle Secundaria 456
2026-06-25 11:30:24,501 INFO AVS_ZohoIntegration.Program - City: Monterrey
2026-06-25 11:30:24,502 INFO AVS_ZohoIntegration.Program - AdresType: B
2026-06-25 11:30:24,502 INFO AVS_ZohoIntegration.Program - * Procesando resultado: 35 *
2026-06-25 11:30:24,502 INFO AVS_ZohoIntegration.Program - CardCode: CMF0005
2026-06-25 11:30:24,503 INFO AVS_ZohoIntegration.Program - Address: Fiscal
2026-06-25 11:30:24,503 INFO AVS_ZohoIntegration.Program - Street: 300 Billings Drive
2026-06-25 11:30:24,503 INFO AVS_ZohoIntegration.Program - City: 
2026-06-25 11:30:24,504 INFO AVS_ZohoIntegration.Program - AdresType: B
2026-06-25 11:30:24,504 INFO AVS_ZohoIntegration.Program - * Procesando resultado: 36 *
2026-06-25 11:30:24,505 INFO AVS_ZohoIntegration.Program - CardCode: L10001
2026-06-25 11:30:24,505 INFO AVS_ZohoIntegration.Program - Address: de Despacho
2026-06-25 11:30:24,505 INFO AVS_ZohoIntegration.Program - Street: 200 Morris Drive
2026-06-25 11:30:24,506 INFO AVS_ZohoIntegration.Program - City: Mexico D.F.
2026-06-25 11:30:24,506 INFO AVS_ZohoIntegration.Program - AdresType: S
2026-06-25 11:30:24,506 INFO AVS_ZohoIntegration.Program - * Procesando resultado: 37 *
2026-06-25 11:30:24,507 INFO AVS_ZohoIntegration.Program - CardCode: L10001
2026-06-25 11:30:24,507 INFO AVS_ZohoIntegration.Program - Address: de Facturacion
2026-06-25 11:30:24,507 INFO AVS_ZohoIntegration.Program - Street: 200 Morris Drive
2026-06-25 11:30:24,508 INFO AVS_ZohoIntegration.Program - City: Mexico D.F.
2026-06-25 11:30:24,508 INFO AVS_ZohoIntegration.Program - AdresType: B
2026-06-25 11:30:24,509 INFO AVS_ZohoIntegration.Program - * Procesando resultado: 38 *
2026-06-25 11:30:24,509 INFO AVS_ZohoIntegration.Program - CardCode: L10002
2026-06-25 11:30:24,510 INFO AVS_ZohoIntegration.Program - Address: de Despacho
2026-06-25 11:30:24,510 INFO AVS_ZohoIntegration.Program - Street: 195 Blaine Blvd
2026-06-25 11:30:24,511 INFO AVS_ZohoIntegration.Program - City: Mexico D.F.
2026-06-25 11:30:24,511 INFO AVS_ZohoIntegration.Program - AdresType: S
2026-06-25 11:30:24,511 INFO AVS_ZohoIntegration.Program - * Procesando resultado: 39 *
2026-06-25 11:30:24,512 INFO AVS_ZohoIntegration.Program - CardCode: L10002
2026-06-25 11:30:24,512 INFO AVS_ZohoIntegration.Program - Address: de Facturacion
2026-06-25 11:30:24,512 INFO AVS_ZohoIntegration.Program - Street: 195 Blaine Blvd
2026-06-25 11:30:24,513 INFO AVS_ZohoIntegration.Program - City: Mexico D.F.
2026-06-25 11:30:24,513 INFO AVS_ZohoIntegration.Program - AdresType: B
2026-06-25 11:30:24,514 INFO AVS_ZohoIntegration.Program - * Procesando resultado: 40 *
2026-06-25 11:30:24,514 INFO AVS_ZohoIntegration.Program - CardCode: V10000
2026-06-25 11:30:24,515 INFO AVS_ZohoIntegration.Program - Address: de Despacho
2026-06-25 11:30:24,515 INFO AVS_ZohoIntegration.Program - Street: 600 Eastern Blvd
2026-06-25 11:30:24,516 INFO AVS_ZohoIntegration.Program - City: Mexico D.F.
2026-06-25 11:30:24,516 INFO AVS_ZohoIntegration.Program - AdresType: S
2026-06-25 11:30:24,516 INFO AVS_ZohoIntegration.Program - * Procesando resultado: 41 *
2026-06-25 11:30:24,517 INFO AVS_ZohoIntegration.Program - CardCode: V10000
2026-06-25 11:30:24,517 INFO AVS_ZohoIntegration.Program - Address: de Pago
2026-06-25 11:30:24,517 INFO AVS_ZohoIntegration.Program - Street: 600 Eastern Blvd
2026-06-25 11:30:24,518 INFO AVS_ZohoIntegration.Program - City: Mexico D.F.
2026-06-25 11:30:24,518 INFO AVS_ZohoIntegration.Program - AdresType: B
2026-06-25 11:30:24,519 INFO AVS_ZohoIntegration.Program - * Procesando resultado: 42 *
2026-06-25 11:30:24,519 INFO AVS_ZohoIntegration.Program - CardCode: V1010
2026-06-25 11:30:24,519 INFO AVS_ZohoIntegration.Program - Address: de Despacho
2026-06-25 11:30:24,520 INFO AVS_ZohoIntegration.Program - Street: 300 Elm Street
2026-06-25 11:30:24,520 INFO AVS_ZohoIntegration.Program - City: Mexico D.F.
2026-06-25 11:30:24,520 INFO AVS_ZohoIntegration.Program - AdresType: S
2026-06-25 11:30:24,521 INFO AVS_ZohoIntegration.Program - * Procesando resultado: 43 *
2026-06-25 11:30:24,521 INFO AVS_ZohoIntegration.Program - CardCode: V1010
2026-06-25 11:30:24,521 INFO AVS_ZohoIntegration.Program - Address: de Pago
2026-06-25 11:30:24,522 INFO AVS_ZohoIntegration.Program - Street: 300 Elm Street
2026-06-25 11:30:24,522 INFO AVS_ZohoIntegration.Program - City: Mexico D.F.
2026-06-25 11:30:24,524 INFO AVS_ZohoIntegration.Program - AdresType: B
2026-06-25 11:30:24,525 INFO AVS_ZohoIntegration.Program - * Procesando resultado: 44 *
2026-06-25 11:30:24,525 INFO AVS_ZohoIntegration.Program - CardCode: V20000
2026-06-25 11:30:24,525 INFO AVS_ZohoIntegration.Program - Address: de Despacho
2026-06-25 11:30:24,526 INFO AVS_ZohoIntegration.Program - Street: 800 Billings Road
2026-06-25 11:30:24,526 INFO AVS_ZohoIntegration.Program - City: Mexico D.F.
2026-06-25 11:30:24,527 INFO AVS_ZohoIntegration.Program - AdresType: S
2026-06-25 11:30:24,527 INFO AVS_ZohoIntegration.Program - * Procesando resultado: 45 *
2026-06-25 11:30:24,527 INFO AVS_ZohoIntegration.Program - CardCode: V20000
2026-06-25 11:30:24,528 INFO AVS_ZohoIntegration.Program - Address: de Facturacion
2026-06-25 11:30:24,528 INFO AVS_ZohoIntegration.Program - Street: 800 Billings Road
2026-06-25 11:30:24,528 INFO AVS_ZohoIntegration.Program - City: Mexico D.F.
2026-06-25 11:30:24,528 INFO AVS_ZohoIntegration.Program - AdresType: B
2026-06-25 11:30:24,529 INFO AVS_ZohoIntegration.Program - * Procesando resultado: 46 *
2026-06-25 11:30:24,529 INFO AVS_ZohoIntegration.Program - CardCode: V21000
2026-06-25 11:30:24,529 INFO AVS_ZohoIntegration.Program - Address: Bill to
2026-06-25 11:30:24,529 INFO AVS_ZohoIntegration.Program - Street: Okruzna
2026-06-25 11:30:24,530 INFO AVS_ZohoIntegration.Program - City: Bratislava
2026-06-25 11:30:24,531 INFO AVS_ZohoIntegration.Program - AdresType: B
2026-06-25 11:30:24,532 INFO AVS_ZohoIntegration.Program - * Procesando resultado: 47 *
2026-06-25 11:30:24,532 INFO AVS_ZohoIntegration.Program - CardCode: V21000
2026-06-25 11:30:24,532 INFO AVS_ZohoIntegration.Program - Address: Ship To
2026-06-25 11:30:24,533 INFO AVS_ZohoIntegration.Program - Street: Okruzna
2026-06-25 11:30:24,533 INFO AVS_ZohoIntegration.Program - City: Bratislava
2026-06-25 11:30:24,533 INFO AVS_ZohoIntegration.Program - AdresType: S
2026-06-25 11:30:24,534 INFO AVS_ZohoIntegration.Program - * Procesando resultado: 48 *
2026-06-25 11:30:24,534 INFO AVS_ZohoIntegration.Program - CardCode: V22000
2026-06-25 11:30:24,535 INFO AVS_ZohoIntegration.Program - Address: Bill to
2026-06-25 11:30:24,535 INFO AVS_ZohoIntegration.Program - Street: Ashton New Rd
2026-06-25 11:30:24,536 INFO AVS_ZohoIntegration.Program - City: Manchester
2026-06-25 11:30:24,536 INFO AVS_ZohoIntegration.Program - AdresType: B
2026-06-25 11:30:24,536 INFO AVS_ZohoIntegration.Program - * Procesando resultado: 49 *
2026-06-25 11:30:24,537 INFO AVS_ZohoIntegration.Program - CardCode: V22000
2026-06-25 11:30:24,537 INFO AVS_ZohoIntegration.Program - Address: Ship To
2026-06-25 11:30:24,538 INFO AVS_ZohoIntegration.Program - Street: Ashton New Rd
2026-06-25 11:30:24,538 INFO AVS_ZohoIntegration.Program - City: Manchester
2026-06-25 11:30:24,538 INFO AVS_ZohoIntegration.Program - AdresType: S
2026-06-25 11:30:24,539 INFO AVS_ZohoIntegration.Program - * Procesando resultado: 50 *
2026-06-25 11:30:24,539 INFO AVS_ZohoIntegration.Program - CardCode: V23000
2026-06-25 11:30:24,540 INFO AVS_ZohoIntegration.Program - Address: de Despacho
2026-06-25 11:30:24,540 INFO AVS_ZohoIntegration.Program - Street: 10 Blaine Drive
2026-06-25 11:30:24,541 INFO AVS_ZohoIntegration.Program - City: Mexico D.F.
2026-06-25 11:30:24,541 INFO AVS_ZohoIntegration.Program - AdresType: S
2026-06-25 11:30:24,542 INFO AVS_ZohoIntegration.Program - * Procesando resultado: 51 *
2026-06-25 11:30:24,542 INFO AVS_ZohoIntegration.Program - CardCode: V23000
2026-06-25 11:30:24,542 INFO AVS_ZohoIntegration.Program - Address: de Facturacion
2026-06-25 11:30:24,543 INFO AVS_ZohoIntegration.Program - Street: 10 Blaine Drive
2026-06-25 11:30:24,543 INFO AVS_ZohoIntegration.Program - City: Mexico D.F.
2026-06-25 11:30:24,544 INFO AVS_ZohoIntegration.Program - AdresType: B
2026-06-25 11:30:24,544 INFO AVS_ZohoIntegration.Program - * Procesando resultado: 52 *
2026-06-25 11:30:24,544 INFO AVS_ZohoIntegration.Program - CardCode: V30000
2026-06-25 11:30:24,544 INFO AVS_ZohoIntegration.Program - Address: de Despacho
2026-06-25 11:30:24,545 INFO AVS_ZohoIntegration.Program - Street: 721 45th Street
2026-06-25 11:30:24,545 INFO AVS_ZohoIntegration.Program - City: Mexico D.F.
2026-06-25 11:30:24,546 INFO AVS_ZohoIntegration.Program - AdresType: S
2026-06-25 11:30:24,546 INFO AVS_ZohoIntegration.Program - * Procesando resultado: 53 *
2026-06-25 11:30:24,546 INFO AVS_ZohoIntegration.Program - CardCode: V30000
2026-06-25 11:30:24,547 INFO AVS_ZohoIntegration.Program - Address: de Facturacion
2026-06-25 11:30:24,547 INFO AVS_ZohoIntegration.Program - Street: 721 45th Street
2026-06-25 11:30:24,548 INFO AVS_ZohoIntegration.Program - City: Mexico D.F.
2026-06-25 11:30:24,548 INFO AVS_ZohoIntegration.Program - AdresType: B
2026-06-25 11:30:24,549 INFO AVS_ZohoIntegration.Program - * Procesando resultado: 54 *
2026-06-25 11:30:24,549 INFO AVS_ZohoIntegration.Program - CardCode: V50000
2026-06-25 11:30:24,550 INFO AVS_ZohoIntegration.Program - Address: de Despacho
2026-06-25 11:30:24,550 INFO AVS_ZohoIntegration.Program - Street: 78 S. Willow St
2026-06-25 11:30:24,551 INFO AVS_ZohoIntegration.Program - City: Victoria
2026-06-25 11:30:24,551 INFO AVS_ZohoIntegration.Program - AdresType: S
2026-06-25 11:30:24,552 INFO AVS_ZohoIntegration.Program - * Procesando resultado: 55 *
2026-06-25 11:30:24,552 INFO AVS_ZohoIntegration.Program - CardCode: V50000
2026-06-25 11:30:24,553 INFO AVS_ZohoIntegration.Program - Address: de Facturacion
2026-06-25 11:30:24,553 INFO AVS_ZohoIntegration.Program - Street: 78 S. Willow St
2026-06-25 11:30:24,553 INFO AVS_ZohoIntegration.Program - City: Victoria
2026-06-25 11:30:24,554 INFO AVS_ZohoIntegration.Program - AdresType: B
2026-06-25 11:30:24,554 INFO AVS_ZohoIntegration.Program - * Procesando resultado: 56 *
2026-06-25 11:30:24,554 INFO AVS_ZohoIntegration.Program - CardCode: V60000
2026-06-25 11:30:24,554 INFO AVS_ZohoIntegration.Program - Address: de Despacho
2026-06-25 11:30:24,556 INFO AVS_ZohoIntegration.Program - Street: 536 Union Blvd
2026-06-25 11:30:24,556 INFO AVS_ZohoIntegration.Program - City: Mexico D.F.
2026-06-25 11:30:24,556 INFO AVS_ZohoIntegration.Program - AdresType: S
2026-06-25 11:30:24,557 INFO AVS_ZohoIntegration.Program - * Procesando resultado: 57 *
2026-06-25 11:30:24,558 INFO AVS_ZohoIntegration.Program - CardCode: V60000
2026-06-25 11:30:24,559 INFO AVS_ZohoIntegration.Program - Address: de Facturacion
2026-06-25 11:30:24,559 INFO AVS_ZohoIntegration.Program - Street: 536 Union Blvd
2026-06-25 11:30:24,560 INFO AVS_ZohoIntegration.Program - City: Mexico D.F.
2026-06-25 11:30:24,560 INFO AVS_ZohoIntegration.Program - AdresType: B
2026-06-25 11:30:24,561 INFO AVS_ZohoIntegration.Program - * Procesando resultado: 58 *
2026-06-25 11:30:24,561 INFO AVS_ZohoIntegration.Program - CardCode: V70000
2026-06-25 11:30:24,561 INFO AVS_ZohoIntegration.Program - Address: de Despacho
2026-06-25 11:30:24,562 INFO AVS_ZohoIntegration.Program - Street: 9 Weare Turnpike
2026-06-25 11:30:24,562 INFO AVS_ZohoIntegration.Program - City: Mexico D.F.
2026-06-25 11:30:24,562 INFO AVS_ZohoIntegration.Program - AdresType: S
2026-06-25 11:30:24,563 INFO AVS_ZohoIntegration.Program - * Procesando resultado: 59 *
2026-06-25 11:30:24,563 INFO AVS_ZohoIntegration.Program - CardCode: V70000
2026-06-25 11:30:24,563 INFO AVS_ZohoIntegration.Program - Address: de Facturacion
2026-06-25 11:30:24,565 INFO AVS_ZohoIntegration.Program - Street: 9 Weare Turnpike
2026-06-25 11:30:24,565 INFO AVS_ZohoIntegration.Program - City: Mexico D.F.
2026-06-25 11:30:24,566 INFO AVS_ZohoIntegration.Program - AdresType: B
2026-06-25 12:01:17,468 INFO AVS_ZohoIntegration.Program - AVS SFTPSync Version [1.0.0.0]
2026-06-25 12:01:17,482 INFO AVS_ZohoIntegration.Program - Leyendo archivo de configuracion.
2026-06-25 12:01:17,538 INFO AVS_ZohoIntegration.Program - Archivo de configuracion leido correctamente.
2026-06-25 12:01:17,539 DEBUG AVS_ZohoIntegration.Program - **************************************************************************
2026-06-25 12:01:17,540 DEBUG AVS_ZohoIntegration.Program - Ejecutando sincronizacion para: SBODemoMX
2026-06-25 12:01:20,519 DEBUG AVS_ZohoIntegration.Program - Validando licencia...
2026-06-25 12:01:20,520 INFO AVS_ZohoIntegration.Program - Licencia valida.
2026-06-25 12:01:20,521 INFO AVS_ZohoIntegration.Program - Comando recibido: SENDBUSINESSPARTNERS
2026-06-25 12:01:20,522 INFO AVS_ZohoIntegration.Program - Iniciando proceso de envío de socios de negocio...
2026-06-25 12:01:20,525 INFO AVS_ZohoIntegration.Program - *** Obteniendo información de cabecera: Socios de Negocio (OCRD) ***
2026-06-25 12:01:20,632 INFO AVS_ZohoIntegration.Program - Se han obtenido 36 resultados pendientes de procesar.
2026-06-25 12:01:20,633 INFO AVS_ZohoIntegration.Program - * Procesando resultado: 1 *
2026-06-25 12:01:20,633 INFO AVS_ZohoIntegration.Program - CardCode: C1111
2026-06-25 12:01:20,633 INFO AVS_ZohoIntegration.Program - CardName: Cliente Mostrador
2026-06-25 12:01:20,633 INFO AVS_ZohoIntegration.Program - E_Mail: 
2026-06-25 12:01:20,634 INFO AVS_ZohoIntegration.Program - Phone1: 
2026-06-25 12:01:20,634 INFO AVS_ZohoIntegration.Program - * Procesando resultado: 2 *
2026-06-25 12:01:20,635 INFO AVS_ZohoIntegration.Program - CardCode: C12345
2026-06-25 12:01:20,635 INFO AVS_ZohoIntegration.Program - CardName: Comercializadora XYZ S.A. de C.V.
2026-06-25 12:01:20,635 INFO AVS_ZohoIntegration.Program - E_Mail: contacto@comercializadoraxyz.com
2026-06-25 12:01:20,636 INFO AVS_ZohoIntegration.Program - Phone1: 
2026-06-25 12:01:20,636 INFO AVS_ZohoIntegration.Program - * Procesando resultado: 3 *
2026-06-25 12:01:20,636 INFO AVS_ZohoIntegration.Program - CardCode: C123456
2026-06-25 12:01:20,636 INFO AVS_ZohoIntegration.Program - CardName: Comercializadora XYZ S.A. de C.V.
2026-06-25 12:01:20,637 INFO AVS_ZohoIntegration.Program - E_Mail: contacto@comercializadoraxyz.com
2026-06-25 12:01:20,637 INFO AVS_ZohoIntegration.Program - Phone1: 
2026-06-25 12:01:20,637 INFO AVS_ZohoIntegration.Program - * Procesando resultado: 4 *
2026-06-25 12:01:20,637 INFO AVS_ZohoIntegration.Program - CardCode: C20000
2026-06-25 12:01:20,638 INFO AVS_ZohoIntegration.Program - CardName: Maxi-Teq
2026-06-25 12:01:20,638 INFO AVS_ZohoIntegration.Program - E_Mail: info@maxi-teq.sap.com
2026-06-25 12:01:20,639 INFO AVS_ZohoIntegration.Program - Phone1: +52 (55) 5565-9032
2026-06-25 12:01:20,639 INFO AVS_ZohoIntegration.Program - * Procesando resultado: 5 *
2026-06-25 12:01:20,639 INFO AVS_ZohoIntegration.Program - CardCode: C23900
2026-06-25 12:01:20,639 INFO AVS_ZohoIntegration.Program - CardName: Parameter Technology
2026-06-25 12:01:20,640 INFO AVS_ZohoIntegration.Program - E_Mail: info@parameter.sap.com
2026-06-25 12:01:20,640 INFO AVS_ZohoIntegration.Program - Phone1: +52 (55)  5654-7633
2026-06-25 12:01:20,641 INFO AVS_ZohoIntegration.Program - * Procesando resultado: 6 *
2026-06-25 12:01:20,641 INFO AVS_ZohoIntegration.Program - CardCode: C25000
2026-06-25 12:01:20,643 INFO AVS_ZohoIntegration.Program - CardName: Star Company
2026-06-25 12:01:20,643 INFO AVS_ZohoIntegration.Program - E_Mail: info@starcompa.eu
2026-06-25 12:01:20,643 INFO AVS_ZohoIntegration.Program - Phone1: 00421 2 582 56 33
2026-06-25 12:01:20,644 INFO AVS_ZohoIntegration.Program - * Procesando resultado: 7 *
2026-06-25 12:01:20,644 INFO AVS_ZohoIntegration.Program - CardCode: C26000
2026-06-25 12:01:20,644 INFO AVS_ZohoIntegration.Program - CardName: River Inc
2026-06-25 12:01:20,644 INFO AVS_ZohoIntegration.Program - E_Mail: info@riveri.co.uk
2026-06-25 12:01:20,645 INFO AVS_ZohoIntegration.Program - Phone1: 0044 161 869 9000
2026-06-25 12:01:20,645 INFO AVS_ZohoIntegration.Program - * Procesando resultado: 8 *
2026-06-25 12:01:20,645 INFO AVS_ZohoIntegration.Program - CardCode: C30000
2026-06-25 12:01:20,646 INFO AVS_ZohoIntegration.Program - CardName: Microchips
2026-06-25 12:01:20,646 INFO AVS_ZohoIntegration.Program - E_Mail: info@microchips.sap.com
2026-06-25 12:01:20,646 INFO AVS_ZohoIntegration.Program - Phone1: +52 (55) 5345-9000
2026-06-25 12:01:20,647 INFO AVS_ZohoIntegration.Program - * Procesando resultado: 9 *
2026-06-25 12:01:20,647 INFO AVS_ZohoIntegration.Program - CardCode: C40000
2026-06-25 12:01:20,648 INFO AVS_ZohoIntegration.Program - CardName: Earthshaker Corporation
2026-06-25 12:01:20,648 INFO AVS_ZohoIntegration.Program - E_Mail: info@earthshaker.sap.com
2026-06-25 12:01:20,649 INFO AVS_ZohoIntegration.Program - Phone1: +52 (55) 5632-3399
2026-06-25 12:01:20,649 INFO AVS_ZohoIntegration.Program - * Procesando resultado: 10 *
2026-06-25 12:01:20,650 INFO AVS_ZohoIntegration.Program - CardCode: C42000
2026-06-25 12:01:20,650 INFO AVS_ZohoIntegration.Program - CardName: Mashina Corporation
2026-06-25 12:01:20,650 INFO AVS_ZohoIntegration.Program - E_Mail: info@mashina.sap.com
2026-06-25 12:01:20,651 INFO AVS_ZohoIntegration.Program - Phone1: +52 (55) 5115-7733
2026-06-25 12:01:20,651 INFO AVS_ZohoIntegration.Program - * Procesando resultado: 11 *
2026-06-25 12:01:20,651 INFO AVS_ZohoIntegration.Program - CardCode: C50000
2026-06-25 12:01:20,651 INFO AVS_ZohoIntegration.Program - CardName: ADA Technologies
2026-06-25 12:01:20,652 INFO AVS_ZohoIntegration.Program - E_Mail: info@ada-tech.sap.com
2026-06-25 12:01:20,652 INFO AVS_ZohoIntegration.Program - Phone1: +52 (55) 5456-9000
2026-06-25 12:01:20,652 INFO AVS_ZohoIntegration.Program - * Procesando resultado: 12 *
2026-06-25 12:01:20,652 INFO AVS_ZohoIntegration.Program - CardCode: C60000
2026-06-25 12:01:20,653 INFO AVS_ZohoIntegration.Program - CardName: SG Electronics
2026-06-25 12:01:20,653 INFO AVS_ZohoIntegration.Program - E_Mail: info@sg.sap.com
2026-06-25 12:01:20,653 INFO AVS_ZohoIntegration.Program - Phone1: +52 (55) 5980-7723
2026-06-25 12:01:20,653 INFO AVS_ZohoIntegration.Program - * Procesando resultado: 13 *
2026-06-25 12:01:20,653 INFO AVS_ZohoIntegration.Program - CardCode: C70000
2026-06-25 12:01:20,654 INFO AVS_ZohoIntegration.Program - CardName: Aquent Systems
2026-06-25 12:01:20,654 INFO AVS_ZohoIntegration.Program - E_Mail: info@aquent-sys.sap.com
2026-06-25 12:01:20,654 INFO AVS_ZohoIntegration.Program - Phone1: +52 (81) 5711-6124
2026-06-25 12:01:20,655 INFO AVS_ZohoIntegration.Program - * Procesando resultado: 14 *
2026-06-25 12:01:20,655 INFO AVS_ZohoIntegration.Program - CardCode: C99998
2026-06-25 12:01:20,656 INFO AVS_ZohoIntegration.Program - CardName: Cliente Web
2026-06-25 12:01:20,656 INFO AVS_ZohoIntegration.Program - E_Mail: 
2026-06-25 12:01:20,656 INFO AVS_ZohoIntegration.Program - Phone1: 
2026-06-25 12:01:20,656 INFO AVS_ZohoIntegration.Program - * Procesando resultado: 15 *
2026-06-25 12:01:20,658 INFO AVS_ZohoIntegration.Program - CardCode: CL000066
2026-06-25 12:01:20,658 INFO AVS_ZohoIntegration.Program - CardName: Socio de beluga
2026-06-25 12:01:20,658 INFO AVS_ZohoIntegration.Program - E_Mail: 
2026-06-25 12:01:20,659 INFO AVS_ZohoIntegration.Program - Phone1: 
2026-06-25 12:01:20,659 INFO AVS_ZohoIntegration.Program - * Procesando resultado: 16 *
2026-06-25 12:01:20,660 INFO AVS_ZohoIntegration.Program - CardCode: CMF0001
2026-06-25 12:01:20,660 INFO AVS_ZohoIntegration.Program - CardName: Cliente curso SL
2026-06-25 12:01:20,660 INFO AVS_ZohoIntegration.Program - E_Mail: 
2026-06-25 12:01:20,660 INFO AVS_ZohoIntegration.Program - Phone1: 
2026-06-25 12:01:20,661 INFO AVS_ZohoIntegration.Program - * Procesando resultado: 17 *
2026-06-25 12:01:20,661 INFO AVS_ZohoIntegration.Program - CardCode: CMF0002
2026-06-25 12:01:20,661 INFO AVS_ZohoIntegration.Program - CardName: Cliente 01
2026-06-25 12:01:20,661 INFO AVS_ZohoIntegration.Program - E_Mail: luis.hernandez5325@gmail.com
2026-06-25 12:01:20,661 INFO AVS_ZohoIntegration.Program - Phone1: 
2026-06-25 12:01:20,663 INFO AVS_ZohoIntegration.Program - * Procesando resultado: 18 *
2026-06-25 12:01:20,663 INFO AVS_ZohoIntegration.Program - CardCode: CMF0003
2026-06-25 12:01:20,663 INFO AVS_ZohoIntegration.Program - CardName: Cliente Mostrador prueba
2026-06-25 12:01:20,664 INFO AVS_ZohoIntegration.Program - E_Mail: info@maxi-teq.sap.com
2026-06-25 12:01:20,664 INFO AVS_ZohoIntegration.Program - Phone1: 
2026-06-25 12:01:20,664 INFO AVS_ZohoIntegration.Program - * Procesando resultado: 19 *
2026-06-25 12:01:20,665 INFO AVS_ZohoIntegration.Program - CardCode: CMF0004
2026-06-25 12:01:20,665 INFO AVS_ZohoIntegration.Program - CardName: Empresa Ejemplo 1
2026-06-25 12:01:20,665 INFO AVS_ZohoIntegration.Program - E_Mail: contacto@empresa.com
2026-06-25 12:01:20,665 INFO AVS_ZohoIntegration.Program - Phone1: 5551234567
2026-06-25 12:01:20,667 INFO AVS_ZohoIntegration.Program - * Procesando resultado: 20 *
2026-06-25 12:01:20,667 INFO AVS_ZohoIntegration.Program - CardCode: CMF0005
2026-06-25 12:01:20,667 INFO AVS_ZohoIntegration.Program - CardName: Cliente Mostrador 2
2026-06-25 12:01:20,668 INFO AVS_ZohoIntegration.Program - E_Mail: info@maxi-teq.sap.com
2026-06-25 12:01:20,668 INFO AVS_ZohoIntegration.Program - Phone1: 
2026-06-25 12:01:20,668 INFO AVS_ZohoIntegration.Program - * Procesando resultado: 21 *
2026-06-25 12:01:20,668 INFO AVS_ZohoIntegration.Program - CardCode: CSL0002
2026-06-25 12:01:20,669 INFO AVS_ZohoIntegration.Program - CardName: Cliente curso SL
2026-06-25 12:01:20,670 INFO AVS_ZohoIntegration.Program - E_Mail: 
2026-06-25 12:01:20,671 INFO AVS_ZohoIntegration.Program - Phone1: 
2026-06-25 12:01:20,672 INFO AVS_ZohoIntegration.Program - * Procesando resultado: 22 *
2026-06-25 12:01:20,672 INFO AVS_ZohoIntegration.Program - CardCode: E00001
2026-06-25 12:01:20,673 INFO AVS_ZohoIntegration.Program - CardName: Empleado 1
2026-06-25 12:01:20,673 INFO AVS_ZohoIntegration.Program - E_Mail: 
2026-06-25 12:01:20,673 INFO AVS_ZohoIntegration.Program - Phone1: 
2026-06-25 12:01:20,675 INFO AVS_ZohoIntegration.Program - * Procesando resultado: 23 *
2026-06-25 12:01:20,675 INFO AVS_ZohoIntegration.Program - CardCode: L10001
2026-06-25 12:01:20,675 INFO AVS_ZohoIntegration.Program - CardName: Andreas Ackermann
2026-06-25 12:01:20,676 INFO AVS_ZohoIntegration.Program - E_Mail: info@ackermann.sap.com
2026-06-25 12:01:20,676 INFO AVS_ZohoIntegration.Program - Phone1: +52 (33) 5229-8176
2026-06-25 12:01:20,677 INFO AVS_ZohoIntegration.Program - * Procesando resultado: 24 *
2026-06-25 12:01:20,677 INFO AVS_ZohoIntegration.Program - CardCode: L10002
2026-06-25 12:01:20,678 INFO AVS_ZohoIntegration.Program - CardName: Werner Richter
2026-06-25 12:01:20,678 INFO AVS_ZohoIntegration.Program - E_Mail: info@werner.sap.com
2026-06-25 12:01:20,678 INFO AVS_ZohoIntegration.Program - Phone1: +52 (55) 5104-9190
2026-06-25 12:01:20,679 INFO AVS_ZohoIntegration.Program - * Procesando resultado: 25 *
2026-06-25 12:01:20,679 INFO AVS_ZohoIntegration.Program - CardCode: PR000336
2026-06-25 12:01:20,679 INFO AVS_ZohoIntegration.Program - CardName: Cliente Beluga
2026-06-25 12:01:20,680 INFO AVS_ZohoIntegration.Program - E_Mail: 
2026-06-25 12:01:20,680 INFO AVS_ZohoIntegration.Program - Phone1: 
2026-06-25 12:01:20,680 INFO AVS_ZohoIntegration.Program - * Procesando resultado: 26 *
2026-06-25 12:01:20,680 INFO AVS_ZohoIntegration.Program - CardCode: PRAVS01
2026-06-25 12:01:20,680 INFO AVS_ZohoIntegration.Program - CardName: Prueba curso SL
2026-06-25 12:01:20,681 INFO AVS_ZohoIntegration.Program - E_Mail: 
2026-06-25 12:01:20,681 INFO AVS_ZohoIntegration.Program - Phone1: 
2026-06-25 12:01:20,681 INFO AVS_ZohoIntegration.Program - * Procesando resultado: 27 *
2026-06-25 12:01:20,682 INFO AVS_ZohoIntegration.Program - CardCode: V10000
2026-06-25 12:01:20,682 INFO AVS_ZohoIntegration.Program - CardName: Acme Associates
2026-06-25 12:01:20,682 INFO AVS_ZohoIntegration.Program - E_Mail: info@acme.sap.com
2026-06-25 12:01:20,683 INFO AVS_ZohoIntegration.Program - Phone1: +52 (444) 8917-3743
2026-06-25 12:01:20,683 INFO AVS_ZohoIntegration.Program - * Procesando resultado: 28 *
2026-06-25 12:01:20,684 INFO AVS_ZohoIntegration.Program - CardCode: V1010
2026-06-25 12:01:20,684 INFO AVS_ZohoIntegration.Program - CardName: Far East Imports
2026-06-25 12:01:20,684 INFO AVS_ZohoIntegration.Program - E_Mail: info@far-east.sap.com
2026-06-25 12:01:20,685 INFO AVS_ZohoIntegration.Program - Phone1: +52 (55) 5992-7402
2026-06-25 12:01:20,686 INFO AVS_ZohoIntegration.Program - * Procesando resultado: 29 *
2026-06-25 12:01:20,686 INFO AVS_ZohoIntegration.Program - CardCode: V20000
2026-06-25 12:01:20,686 INFO AVS_ZohoIntegration.Program - CardName: Lasercom
2026-06-25 12:01:20,687 INFO AVS_ZohoIntegration.Program - E_Mail: info@lasercom.sap.com
2026-06-25 12:01:20,687 INFO AVS_ZohoIntegration.Program - Phone1: +52 (55) 5089-1023
2026-06-25 12:01:20,687 INFO AVS_ZohoIntegration.Program - * Procesando resultado: 30 *
2026-06-25 12:01:20,688 INFO AVS_ZohoIntegration.Program - CardCode: V21000
2026-06-25 12:01:20,688 INFO AVS_ZohoIntegration.Program - CardName: Sea Corp
2026-06-25 12:01:20,688 INFO AVS_ZohoIntegration.Program - E_Mail: info@seacorp.eu
2026-06-25 12:01:20,688 INFO AVS_ZohoIntegration.Program - Phone1: 00421 2 683 42 27
2026-06-25 12:01:20,689 INFO AVS_ZohoIntegration.Program - * Procesando resultado: 31 *
2026-06-25 12:01:20,689 INFO AVS_ZohoIntegration.Program - CardCode: V22000
2026-06-25 12:01:20,689 INFO AVS_ZohoIntegration.Program - CardName: Ocean Computers
2026-06-25 12:01:20,689 INFO AVS_ZohoIntegration.Program - E_Mail: info@oceancomp.co.uk
2026-06-25 12:01:20,690 INFO AVS_ZohoIntegration.Program - Phone1: 0044 161 445 1895
2026-06-25 12:01:20,690 INFO AVS_ZohoIntegration.Program - * Procesando resultado: 32 *
2026-06-25 12:01:20,691 INFO AVS_ZohoIntegration.Program - CardCode: V23000
2026-06-25 12:01:20,691 INFO AVS_ZohoIntegration.Program - CardName: Anthony Smith
2026-06-25 12:01:20,691 INFO AVS_ZohoIntegration.Program - E_Mail: info@anthony.sap.com
2026-06-25 12:01:20,692 INFO AVS_ZohoIntegration.Program - Phone1: +52 (55) 7882-4616
2026-06-25 12:01:20,692 INFO AVS_ZohoIntegration.Program - * Procesando resultado: 33 *
2026-06-25 12:01:20,693 INFO AVS_ZohoIntegration.Program - CardCode: V30000
2026-06-25 12:01:20,693 INFO AVS_ZohoIntegration.Program - CardName: Blockies Corporation
2026-06-25 12:01:20,693 INFO AVS_ZohoIntegration.Program - E_Mail: info@blockies.sap.com
2026-06-25 12:01:20,694 INFO AVS_ZohoIntegration.Program - Phone1: +52 (55) 5028-7922
2026-06-25 12:01:20,694 INFO AVS_ZohoIntegration.Program - * Procesando resultado: 34 *
2026-06-25 12:01:20,694 INFO AVS_ZohoIntegration.Program - CardCode: V50000
2026-06-25 12:01:20,695 INFO AVS_ZohoIntegration.Program - CardName: Lumarx
2026-06-25 12:01:20,695 INFO AVS_ZohoIntegration.Program - E_Mail: info@lumarx.sap.com
2026-06-25 12:01:20,695 INFO AVS_ZohoIntegration.Program - Phone1: +52 (55) 5290-3655
2026-06-25 12:01:20,696 INFO AVS_ZohoIntegration.Program - * Procesando resultado: 35 *
2026-06-25 12:01:20,696 INFO AVS_ZohoIntegration.Program - CardCode: V60000
2026-06-25 12:01:20,697 INFO AVS_ZohoIntegration.Program - CardName: OÑATE WILLY Y COMPAÑIA
2026-06-25 12:01:20,697 INFO AVS_ZohoIntegration.Program - E_Mail: info@CTI.sap.com
2026-06-25 12:01:20,697 INFO AVS_ZohoIntegration.Program - Phone1: +52 (55) 5405-2342
2026-06-25 12:01:20,698 INFO AVS_ZohoIntegration.Program - * Procesando resultado: 36 *
2026-06-25 12:01:20,698 INFO AVS_ZohoIntegration.Program - CardCode: V70000
2026-06-25 12:01:20,698 INFO AVS_ZohoIntegration.Program - CardName: SMD Technologies
2026-06-25 12:01:20,699 INFO AVS_ZohoIntegration.Program - E_Mail: info@SMD-tech.sap.com
2026-06-25 12:01:20,699 INFO AVS_ZohoIntegration.Program - Phone1: +52 (33) 5473-2234
2026-06-25 12:01:20,699 INFO AVS_ZohoIntegration.Program - * Consultando sub-entidad [Contactos] para OCRD...
2026-06-25 12:01:20,778 INFO AVS_ZohoIntegration.Program - Se han obtenido 40 resultados pendientes de procesar.
2026-06-25 12:01:20,779 INFO AVS_ZohoIntegration.Program - * Procesando resultado: 1 *
2026-06-25 12:01:20,779 INFO AVS_ZohoIntegration.Program - CardCode: C20000
2026-06-25 12:01:20,780 INFO AVS_ZohoIntegration.Program - Name: Humberto Thompson
2026-06-25 12:01:20,780 INFO AVS_ZohoIntegration.Program - E_MailL: norm.thompson@norm.sap.com.mx
2026-06-25 12:01:20,780 INFO AVS_ZohoIntegration.Program - * Procesando resultado: 2 *
2026-06-25 12:01:20,781 INFO AVS_ZohoIntegration.Program - CardCode: C20000
2026-06-25 12:01:20,781 INFO AVS_ZohoIntegration.Program - Name: Amanda Costner
2026-06-25 12:01:20,781 INFO AVS_ZohoIntegration.Program - E_MailL: amanda.costner@norm.sap.com.mx
2026-06-25 12:01:20,782 INFO AVS_ZohoIntegration.Program - * Procesando resultado: 3 *
2026-06-25 12:01:20,782 INFO AVS_ZohoIntegration.Program - CardCode: C23900
2026-06-25 12:01:20,782 INFO AVS_ZohoIntegration.Program - Name: Daniel Brown
2026-06-25 12:01:20,782 INFO AVS_ZohoIntegration.Program - E_MailL: daniel.brown@parameter.sap.com.mx
2026-06-25 12:01:20,783 INFO AVS_ZohoIntegration.Program - * Procesando resultado: 4 *
2026-06-25 12:01:20,783 INFO AVS_ZohoIntegration.Program - CardCode: C23900
2026-06-25 12:01:20,783 INFO AVS_ZohoIntegration.Program - Name: Marta Hummel
2026-06-25 12:01:20,783 INFO AVS_ZohoIntegration.Program - E_MailL: jodi.hummel@parameter.sap.com.mx
2026-06-25 12:01:20,784 INFO AVS_ZohoIntegration.Program - * Procesando resultado: 5 *
2026-06-25 12:01:20,784 INFO AVS_ZohoIntegration.Program - CardCode: C30000
2026-06-25 12:01:20,784 INFO AVS_ZohoIntegration.Program - Name: Carolina Brown
2026-06-25 12:01:20,784 INFO AVS_ZohoIntegration.Program - E_MailL: judy.brown@microchips.sap.com.mx
2026-06-25 12:01:20,784 INFO AVS_ZohoIntegration.Program - * Procesando resultado: 6 *
2026-06-25 12:01:20,784 INFO AVS_ZohoIntegration.Program - CardCode: C30000
2026-06-25 12:01:20,785 INFO AVS_ZohoIntegration.Program - Name: Daniela Jubinville
2026-06-25 12:01:20,785 INFO AVS_ZohoIntegration.Program - E_MailL: megan.jubinville@microchips.sap.com.mx
2026-06-25 12:01:20,785 INFO AVS_ZohoIntegration.Program - * Procesando resultado: 7 *
2026-06-25 12:01:20,785 INFO AVS_ZohoIntegration.Program - CardCode: C40000
2026-06-25 12:01:20,786 INFO AVS_ZohoIntegration.Program - Name: Gustavo  McKensly
2026-06-25 12:01:20,786 INFO AVS_ZohoIntegration.Program - E_MailL: bob.makensly@earthshaker.sap.com.mx
2026-06-25 12:01:20,786 INFO AVS_ZohoIntegration.Program - * Procesando resultado: 8 *
2026-06-25 12:01:20,786 INFO AVS_ZohoIntegration.Program - CardCode: C40000
2026-06-25 12:01:20,786 INFO AVS_ZohoIntegration.Program - Name: Soledad Powers
2026-06-25 12:01:20,787 INFO AVS_ZohoIntegration.Program - E_MailL: emily.powers@earthshaker.sap.com.mx
2026-06-25 12:01:20,787 INFO AVS_ZohoIntegration.Program - * Procesando resultado: 9 *
2026-06-25 12:01:20,787 INFO AVS_ZohoIntegration.Program - CardCode: C42000
2026-06-25 12:01:20,787 INFO AVS_ZohoIntegration.Program - Name: Julian Smith
2026-06-25 12:01:20,788 INFO AVS_ZohoIntegration.Program - E_MailL: anthony.smith@mashina.sap.com.mx
2026-06-25 12:01:20,788 INFO AVS_ZohoIntegration.Program - * Procesando resultado: 10 *
2026-06-25 12:01:20,788 INFO AVS_ZohoIntegration.Program - CardCode: C42000
2026-06-25 12:01:20,788 INFO AVS_ZohoIntegration.Program - Name: Natalia Herren
2026-06-25 12:01:20,788 INFO AVS_ZohoIntegration.Program - E_MailL: jennifer.herren@mashina.sap.com.mx
2026-06-25 12:01:20,788 INFO AVS_ZohoIntegration.Program - * Procesando resultado: 11 *
2026-06-25 12:01:20,790 INFO AVS_ZohoIntegration.Program - CardCode: C50000
2026-06-25 12:01:20,790 INFO AVS_ZohoIntegration.Program - Name: Ana  Brown
2026-06-25 12:01:20,790 INFO AVS_ZohoIntegration.Program - E_MailL: mary.brown@ada-tech.sap.com.mx
2026-06-25 12:01:20,790 INFO AVS_ZohoIntegration.Program - * Procesando resultado: 12 *
2026-06-25 12:01:20,791 INFO AVS_ZohoIntegration.Program - CardCode: C60000
2026-06-25 12:01:20,791 INFO AVS_ZohoIntegration.Program - Name: Carlos Alexander
2026-06-25 12:01:20,792 INFO AVS_ZohoIntegration.Program - E_MailL: eric.alexander@sg.sap.com.mx
2026-06-25 12:01:20,792 INFO AVS_ZohoIntegration.Program - * Procesando resultado: 13 *
2026-06-25 12:01:20,792 INFO AVS_ZohoIntegration.Program - CardCode: C70000
2026-06-25 12:01:20,793 INFO AVS_ZohoIntegration.Program - Name: Guillermo Brown
2026-06-25 12:01:20,793 INFO AVS_ZohoIntegration.Program - E_MailL: troy.brown@aquent-sys.sap.com.mx
2026-06-25 12:01:20,793 INFO AVS_ZohoIntegration.Program - * Procesando resultado: 14 *
2026-06-25 12:01:20,793 INFO AVS_ZohoIntegration.Program - CardCode: L10001
2026-06-25 12:01:20,794 INFO AVS_ZohoIntegration.Program - Name: Jorge Sanders
2026-06-25 12:01:20,794 INFO AVS_ZohoIntegration.Program - E_MailL: james.sanders@ackermann.sap.com.mx
2026-06-25 12:01:20,795 INFO AVS_ZohoIntegration.Program - * Procesando resultado: 15 *
2026-06-25 12:01:20,795 INFO AVS_ZohoIntegration.Program - CardCode: L10001
2026-06-25 12:01:20,795 INFO AVS_ZohoIntegration.Program - Name: Maria Laura Breeveld
2026-06-25 12:01:20,796 INFO AVS_ZohoIntegration.Program - E_MailL: lisa.breeveld@ackermann.sap.com.mx
2026-06-25 12:01:20,796 INFO AVS_ZohoIntegration.Program - * Procesando resultado: 16 *
2026-06-25 12:01:20,796 INFO AVS_ZohoIntegration.Program - CardCode: L10002
2026-06-25 12:01:20,797 INFO AVS_ZohoIntegration.Program - Name: Hugo Wilfork
2026-06-25 12:01:20,797 INFO AVS_ZohoIntegration.Program - E_MailL: vince.wilfork@werner.sap.com.mx
2026-06-25 12:01:20,797 INFO AVS_ZohoIntegration.Program - * Procesando resultado: 17 *
2026-06-25 12:01:20,798 INFO AVS_ZohoIntegration.Program - CardCode: L10002
2026-06-25 12:01:20,798 INFO AVS_ZohoIntegration.Program - Name: Camila Svensson
2026-06-25 12:01:20,798 INFO AVS_ZohoIntegration.Program - E_MailL: camilla.svensson@werner.sap.com.mx
2026-06-25 12:01:20,798 INFO AVS_ZohoIntegration.Program - * Procesando resultado: 18 *
2026-06-25 12:01:20,799 INFO AVS_ZohoIntegration.Program - CardCode: V10000
2026-06-25 12:01:20,799 INFO AVS_ZohoIntegration.Program - Name: Luisa Kierl
2026-06-25 12:01:20,799 INFO AVS_ZohoIntegration.Program - E_MailL: sarah.kierl@acme.sap.com.mx
2026-06-25 12:01:20,799 INFO AVS_ZohoIntegration.Program - * Procesando resultado: 19 *
2026-06-25 12:01:20,799 INFO AVS_ZohoIntegration.Program - CardCode: V10000
2026-06-25 12:01:20,800 INFO AVS_ZohoIntegration.Program - Name: Sebastian Marrazzo
2026-06-25 12:01:20,800 INFO AVS_ZohoIntegration.Program - E_MailL: rena.marrazzo@acme.sap.com.mx
2026-06-25 12:01:20,800 INFO AVS_ZohoIntegration.Program - * Procesando resultado: 20 *
2026-06-25 12:01:20,800 INFO AVS_ZohoIntegration.Program - CardCode: V1010
2026-06-25 12:01:20,800 INFO AVS_ZohoIntegration.Program - Name: Martin Miles
2026-06-25 12:01:20,801 INFO AVS_ZohoIntegration.Program - E_MailL: lawrence.miles@far-east.sap.com.mx
2026-06-25 12:01:20,801 INFO AVS_ZohoIntegration.Program - * Procesando resultado: 21 *
2026-06-25 12:01:20,801 INFO AVS_ZohoIntegration.Program - CardCode: V1010
2026-06-25 12:01:20,801 INFO AVS_ZohoIntegration.Program - Name: Juan Roman Sheppard
2026-06-25 12:01:20,801 INFO AVS_ZohoIntegration.Program - E_MailL: kere.sheppard@far-east.sap.com.mx
2026-06-25 12:01:20,802 INFO AVS_ZohoIntegration.Program - * Procesando resultado: 22 *
2026-06-25 12:01:20,802 INFO AVS_ZohoIntegration.Program - CardCode: V20000
2026-06-25 12:01:20,802 INFO AVS_ZohoIntegration.Program - Name: Juan Miller
2026-06-25 12:01:20,802 INFO AVS_ZohoIntegration.Program - E_MailL: jimmy.miller@lasersap.com.sap.com.mx
2026-06-25 12:01:20,802 INFO AVS_ZohoIntegration.Program - * Procesando resultado: 23 *
2026-06-25 12:01:20,803 INFO AVS_ZohoIntegration.Program - CardCode: V20000
2026-06-25 12:01:20,803 INFO AVS_ZohoIntegration.Program - Name: Alejandra Wilson
2026-06-25 12:01:20,803 INFO AVS_ZohoIntegration.Program - E_MailL: sydney.wilson@lasersap.com.sap.com.mx
2026-06-25 12:01:20,803 INFO AVS_ZohoIntegration.Program - * Procesando resultado: 24 *
2026-06-25 12:01:20,803 INFO AVS_ZohoIntegration.Program - CardCode: V23000
2026-06-25 12:01:20,804 INFO AVS_ZohoIntegration.Program - Name: Matias Spanos
2026-06-25 12:01:20,804 INFO AVS_ZohoIntegration.Program - E_MailL: matt.spanos@anthony.sap.com.mx
2026-06-25 12:01:20,804 INFO AVS_ZohoIntegration.Program - * Procesando resultado: 25 *
2026-06-25 12:01:20,804 INFO AVS_ZohoIntegration.Program - CardCode: V30000
2026-06-25 12:01:20,805 INFO AVS_ZohoIntegration.Program - Name: Miguel Morgan
2026-06-25 12:01:20,805 INFO AVS_ZohoIntegration.Program - E_MailL: michael.morgan@blockies.sap.com.mx
2026-06-25 12:01:20,805 INFO AVS_ZohoIntegration.Program - * Procesando resultado: 26 *
2026-06-25 12:01:20,805 INFO AVS_ZohoIntegration.Program - CardCode: V30000
2026-06-25 12:01:20,805 INFO AVS_ZohoIntegration.Program - Name: Sabrina Hanschke
2026-06-25 12:01:20,806 INFO AVS_ZohoIntegration.Program - E_MailL: sarina.hanschke@blockies.sap.com.mx
2026-06-25 12:01:20,806 INFO AVS_ZohoIntegration.Program - * Procesando resultado: 27 *
2026-06-25 12:01:20,806 INFO AVS_ZohoIntegration.Program - CardCode: V50000
2026-06-25 12:01:20,806 INFO AVS_ZohoIntegration.Program - Name: Roberto Williams
2026-06-25 12:01:20,806 INFO AVS_ZohoIntegration.Program - E_MailL: kyle.williams@lumarx.sap.com.sap.com.mx
2026-06-25 12:01:20,807 INFO AVS_ZohoIntegration.Program - * Procesando resultado: 28 *
2026-06-25 12:01:20,808 INFO AVS_ZohoIntegration.Program - CardCode: V50000
2026-06-25 12:01:20,808 INFO AVS_ZohoIntegration.Program - Name: Susana Klingenberg
2026-06-25 12:01:20,808 INFO AVS_ZohoIntegration.Program - E_MailL: lynn.klingenberg@lumarx.sap.com.mx
2026-06-25 12:01:20,809 INFO AVS_ZohoIntegration.Program - * Procesando resultado: 29 *
2026-06-25 12:01:20,809 INFO AVS_ZohoIntegration.Program - CardCode: V60000
2026-06-25 12:01:20,809 INFO AVS_ZohoIntegration.Program - Name: Juan Kalil
2026-06-25 12:01:20,810 INFO AVS_ZohoIntegration.Program - E_MailL: ryan.kalil@CTI.sap.com.mx
2026-06-25 12:01:20,810 INFO AVS_ZohoIntegration.Program - * Procesando resultado: 30 *
2026-06-25 12:01:20,810 INFO AVS_ZohoIntegration.Program - CardCode: V70000
2026-06-25 12:01:20,811 INFO AVS_ZohoIntegration.Program - Name: Sara Kierl
2026-06-25 12:01:20,811 INFO AVS_ZohoIntegration.Program - E_MailL: sarah.kierl@SMD-tech.sap.com.mx
2026-06-25 12:01:20,811 INFO AVS_ZohoIntegration.Program - * Procesando resultado: 31 *
2026-06-25 12:01:20,811 INFO AVS_ZohoIntegration.Program - CardCode: C25000
2026-06-25 12:01:20,812 INFO AVS_ZohoIntegration.Program - Name: Martina  Basalykova
2026-06-25 12:01:20,812 INFO AVS_ZohoIntegration.Program - E_MailL: martina@starcompa.eu
2026-06-25 12:01:20,812 INFO AVS_ZohoIntegration.Program - * Procesando resultado: 32 *
2026-06-25 12:01:20,813 INFO AVS_ZohoIntegration.Program - CardCode: C25000
2026-06-25 12:01:20,813 INFO AVS_ZohoIntegration.Program - Name: Peter Nagy
2026-06-25 12:01:20,813 INFO AVS_ZohoIntegration.Program - E_MailL: peter@starcompa.eu
2026-06-25 12:01:20,813 INFO AVS_ZohoIntegration.Program - * Procesando resultado: 33 *
2026-06-25 12:01:20,814 INFO AVS_ZohoIntegration.Program - CardCode: C26000
2026-06-25 12:01:20,814 INFO AVS_ZohoIntegration.Program - Name: Lewis Beerman
2026-06-25 12:01:20,814 INFO AVS_ZohoIntegration.Program - E_MailL: lewis@riveri.co.uk
2026-06-25 12:01:20,814 INFO AVS_ZohoIntegration.Program - * Procesando resultado: 34 *
2026-06-25 12:01:20,815 INFO AVS_ZohoIntegration.Program - CardCode: C26000
2026-06-25 12:01:20,815 INFO AVS_ZohoIntegration.Program - Name: Luke Hardy
2026-06-25 12:01:20,815 INFO AVS_ZohoIntegration.Program - E_MailL: luke@riveri.co.uk
2026-06-25 12:01:20,815 INFO AVS_ZohoIntegration.Program - * Procesando resultado: 35 *
2026-06-25 12:01:20,816 INFO AVS_ZohoIntegration.Program - CardCode: V21000
2026-06-25 12:01:20,817 INFO AVS_ZohoIntegration.Program - Name: Pavol Jankovic
2026-06-25 12:01:20,817 INFO AVS_ZohoIntegration.Program - E_MailL: PJankovic@seacorp.eu
2026-06-25 12:01:20,818 INFO AVS_ZohoIntegration.Program - * Procesando resultado: 36 *
2026-06-25 12:01:20,818 INFO AVS_ZohoIntegration.Program - CardCode: V21000
2026-06-25 12:01:20,818 INFO AVS_ZohoIntegration.Program - Name: Dusan Palo
2026-06-25 12:01:20,819 INFO AVS_ZohoIntegration.Program - E_MailL: DPalo@seacorp.eu
2026-06-25 12:01:20,819 INFO AVS_ZohoIntegration.Program - * Procesando resultado: 37 *
2026-06-25 12:01:20,819 INFO AVS_ZohoIntegration.Program - CardCode: V22000
2026-06-25 12:01:20,819 INFO AVS_ZohoIntegration.Program - Name: Joe Wilson
2026-06-25 12:01:20,820 INFO AVS_ZohoIntegration.Program - E_MailL: Joe@oceancomp.co.uk
2026-06-25 12:01:20,820 INFO AVS_ZohoIntegration.Program - * Procesando resultado: 38 *
2026-06-25 12:01:20,820 INFO AVS_ZohoIntegration.Program - CardCode: V22000
2026-06-25 12:01:20,820 INFO AVS_ZohoIntegration.Program - Name: Andrew Francis
2026-06-25 12:01:20,821 INFO AVS_ZohoIntegration.Program - E_MailL: Andrew@oceancomp.co.uk
2026-06-25 12:01:20,821 INFO AVS_ZohoIntegration.Program - * Procesando resultado: 39 *
2026-06-25 12:01:20,821 INFO AVS_ZohoIntegration.Program - CardCode: CMF0004
2026-06-25 12:01:20,821 INFO AVS_ZohoIntegration.Program - Name: Carlos López
2026-06-25 12:01:20,821 INFO AVS_ZohoIntegration.Program - E_MailL: carlos.lopez@empresa.com
2026-06-25 12:01:20,822 INFO AVS_ZohoIntegration.Program - * Procesando resultado: 40 *
2026-06-25 12:01:20,822 INFO AVS_ZohoIntegration.Program - CardCode: CMF0004
2026-06-25 12:01:20,822 INFO AVS_ZohoIntegration.Program - Name: Ana Rodríguez
2026-06-25 12:01:20,824 INFO AVS_ZohoIntegration.Program - E_MailL: ana.rodriguez@empresa.com
2026-06-25 12:01:20,825 INFO AVS_ZohoIntegration.Program - * Consultando sub-entidad [Direcciones] para OCRD...
2026-06-25 12:01:20,932 INFO AVS_ZohoIntegration.Program - Se han obtenido 59 resultados pendientes de procesar.
2026-06-25 12:01:20,932 INFO AVS_ZohoIntegration.Program - * Procesando resultado: 1 *
2026-06-25 12:01:20,933 INFO AVS_ZohoIntegration.Program - CardCode: C1111
2026-06-25 12:01:20,933 INFO AVS_ZohoIntegration.Program - Address: Entrega
2026-06-25 12:01:20,933 INFO AVS_ZohoIntegration.Program - Street: 
2026-06-25 12:01:20,934 INFO AVS_ZohoIntegration.Program - City: 
2026-06-25 12:01:20,934 INFO AVS_ZohoIntegration.Program - AdresType: S
2026-06-25 12:01:20,934 INFO AVS_ZohoIntegration.Program - * Procesando resultado: 2 *
2026-06-25 12:01:20,934 INFO AVS_ZohoIntegration.Program - CardCode: C1111
2026-06-25 12:01:20,934 INFO AVS_ZohoIntegration.Program - Address: IMP
2026-06-25 12:01:20,935 INFO AVS_ZohoIntegration.Program - Street: 
2026-06-25 12:01:20,935 INFO AVS_ZohoIntegration.Program - City: 
2026-06-25 12:01:20,935 INFO AVS_ZohoIntegration.Program - AdresType: B
2026-06-25 12:01:20,935 INFO AVS_ZohoIntegration.Program - * Procesando resultado: 3 *
2026-06-25 12:01:20,936 INFO AVS_ZohoIntegration.Program - CardCode: C12345
2026-06-25 12:01:20,936 INFO AVS_ZohoIntegration.Program - Address: Centro de Distribución
2026-06-25 12:01:20,936 INFO AVS_ZohoIntegration.Program - Street: Carretera México-Toluca
2026-06-25 12:01:20,936 INFO AVS_ZohoIntegration.Program - City: Toluca
2026-06-25 12:01:20,937 INFO AVS_ZohoIntegration.Program - AdresType: S
2026-06-25 12:01:20,937 INFO AVS_ZohoIntegration.Program - * Procesando resultado: 4 *
2026-06-25 12:01:20,937 INFO AVS_ZohoIntegration.Program - CardCode: C12345
2026-06-25 12:01:20,937 INFO AVS_ZohoIntegration.Program - Address: Sucursal Principal
2026-06-25 12:01:20,937 INFO AVS_ZohoIntegration.Program - Street: Av. Insurgentes Sur
2026-06-25 12:01:20,938 INFO AVS_ZohoIntegration.Program - City: Ciudad de México
2026-06-25 12:01:20,938 INFO AVS_ZohoIntegration.Program - AdresType: B
2026-06-25 12:01:20,938 INFO AVS_ZohoIntegration.Program - * Procesando resultado: 5 *
2026-06-25 12:01:20,938 INFO AVS_ZohoIntegration.Program - CardCode: C123456
2026-06-25 12:01:20,938 INFO AVS_ZohoIntegration.Program - Address: Centro de Distribución
2026-06-25 12:01:20,939 INFO AVS_ZohoIntegration.Program - Street: Carretera México-Toluca
2026-06-25 12:01:20,939 INFO AVS_ZohoIntegration.Program - City: Toluca
2026-06-25 12:01:20,939 INFO AVS_ZohoIntegration.Program - AdresType: S
2026-06-25 12:01:20,939 INFO AVS_ZohoIntegration.Program - * Procesando resultado: 6 *
2026-06-25 12:01:20,940 INFO AVS_ZohoIntegration.Program - CardCode: C123456
2026-06-25 12:01:20,940 INFO AVS_ZohoIntegration.Program - Address: Sucursal Principal
2026-06-25 12:01:20,940 INFO AVS_ZohoIntegration.Program - Street: Av. Insurgentes Sur
2026-06-25 12:01:20,940 INFO AVS_ZohoIntegration.Program - City: Ciudad de México
2026-06-25 12:01:20,940 INFO AVS_ZohoIntegration.Program - AdresType: B
2026-06-25 12:01:20,941 INFO AVS_ZohoIntegration.Program - * Procesando resultado: 7 *
2026-06-25 12:01:20,941 INFO AVS_ZohoIntegration.Program - CardCode: C20000
2026-06-25 12:01:20,941 INFO AVS_ZohoIntegration.Program - Address: de Despacho
2026-06-25 12:01:20,943 INFO AVS_ZohoIntegration.Program - Street: 300 Billings Drive
2026-06-25 12:01:20,943 INFO AVS_ZohoIntegration.Program - City: Mexico D.F.
2026-06-25 12:01:20,943 INFO AVS_ZohoIntegration.Program - AdresType: S
2026-06-25 12:01:20,944 INFO AVS_ZohoIntegration.Program - * Procesando resultado: 8 *
2026-06-25 12:01:20,945 INFO AVS_ZohoIntegration.Program - CardCode: C20000
2026-06-25 12:01:20,945 INFO AVS_ZohoIntegration.Program - Address: Fiscal
2026-06-25 12:01:20,945 INFO AVS_ZohoIntegration.Program - Street: 300 Billings Drive
2026-06-25 12:01:20,946 INFO AVS_ZohoIntegration.Program - City: 
2026-06-25 12:01:20,946 INFO AVS_ZohoIntegration.Program - AdresType: B
2026-06-25 12:01:20,946 INFO AVS_ZohoIntegration.Program - * Procesando resultado: 9 *
2026-06-25 12:01:20,948 INFO AVS_ZohoIntegration.Program - CardCode: C23900
2026-06-25 12:01:20,948 INFO AVS_ZohoIntegration.Program - Address: Bodega Norte
2026-06-25 12:01:20,949 INFO AVS_ZohoIntegration.Program - Street: 5th Ave
2026-06-25 12:01:20,949 INFO AVS_ZohoIntegration.Program - City: Mexico D.F.
2026-06-25 12:01:20,949 INFO AVS_ZohoIntegration.Program - AdresType: S
2026-06-25 12:01:20,949 INFO AVS_ZohoIntegration.Program - * Procesando resultado: 10 *
2026-06-25 12:01:20,949 INFO AVS_ZohoIntegration.Program - CardCode: C23900
2026-06-25 12:01:20,950 INFO AVS_ZohoIntegration.Program - Address: Bodega Principal
2026-06-25 12:01:20,950 INFO AVS_ZohoIntegration.Program - Street: 908 Darby Road
2026-06-25 12:01:20,950 INFO AVS_ZohoIntegration.Program - City: Mexico D.F.
2026-06-25 12:01:20,951 INFO AVS_ZohoIntegration.Program - AdresType: S
2026-06-25 12:01:20,951 INFO AVS_ZohoIntegration.Program - * Procesando resultado: 11 *
2026-06-25 12:01:20,951 INFO AVS_ZohoIntegration.Program - CardCode: C23900
2026-06-25 12:01:20,951 INFO AVS_ZohoIntegration.Program - Address: Bodega Sur
2026-06-25 12:01:20,952 INFO AVS_ZohoIntegration.Program - Street: 32 Eastern Blvd.
2026-06-25 12:01:20,952 INFO AVS_ZohoIntegration.Program - City: Mexico D.F.
2026-06-25 12:01:20,952 INFO AVS_ZohoIntegration.Program - AdresType: S
2026-06-25 12:01:20,952 INFO AVS_ZohoIntegration.Program - * Procesando resultado: 12 *
2026-06-25 12:01:20,954 INFO AVS_ZohoIntegration.Program - CardCode: C23900
2026-06-25 12:01:20,954 INFO AVS_ZohoIntegration.Program - Address: de Facturacion
2026-06-25 12:01:20,954 INFO AVS_ZohoIntegration.Program - Street: 908 Darby Road
2026-06-25 12:01:20,955 INFO AVS_ZohoIntegration.Program - City: Mexico D.F.
2026-06-25 12:01:20,955 INFO AVS_ZohoIntegration.Program - AdresType: B
2026-06-25 12:01:20,955 INFO AVS_ZohoIntegration.Program - * Procesando resultado: 13 *
2026-06-25 12:01:20,956 INFO AVS_ZohoIntegration.Program - CardCode: C25000
2026-06-25 12:01:20,956 INFO AVS_ZohoIntegration.Program - Address: Bill to
2026-06-25 12:01:20,956 INFO AVS_ZohoIntegration.Program - Street: Plynarenska
2026-06-25 12:01:20,956 INFO AVS_ZohoIntegration.Program - City: Bratislava
2026-06-25 12:01:20,956 INFO AVS_ZohoIntegration.Program - AdresType: B
2026-06-25 12:01:20,957 INFO AVS_ZohoIntegration.Program - * Procesando resultado: 14 *
2026-06-25 12:01:20,957 INFO AVS_ZohoIntegration.Program - CardCode: C25000
2026-06-25 12:01:20,957 INFO AVS_ZohoIntegration.Program - Address: Ship To
2026-06-25 12:01:20,958 INFO AVS_ZohoIntegration.Program - Street: Plynarenska
2026-06-25 12:01:20,959 INFO AVS_ZohoIntegration.Program - City: Bratislava
2026-06-25 12:01:20,959 INFO AVS_ZohoIntegration.Program - AdresType: S
2026-06-25 12:01:20,959 INFO AVS_ZohoIntegration.Program - * Procesando resultado: 15 *
2026-06-25 12:01:20,960 INFO AVS_ZohoIntegration.Program - CardCode: C26000
2026-06-25 12:01:20,961 INFO AVS_ZohoIntegration.Program - Address: Bill to
2026-06-25 12:01:20,961 INFO AVS_ZohoIntegration.Program - Street: United Rd
2026-06-25 12:01:20,961 INFO AVS_ZohoIntegration.Program - City: Manchester
2026-06-25 12:01:20,962 INFO AVS_ZohoIntegration.Program - AdresType: B
2026-06-25 12:01:20,962 INFO AVS_ZohoIntegration.Program - * Procesando resultado: 16 *
2026-06-25 12:01:20,962 INFO AVS_ZohoIntegration.Program - CardCode: C26000
2026-06-25 12:01:20,963 INFO AVS_ZohoIntegration.Program - Address: Ship To
2026-06-25 12:01:20,963 INFO AVS_ZohoIntegration.Program - Street: United Rd
2026-06-25 12:01:20,963 INFO AVS_ZohoIntegration.Program - City: Manchester
2026-06-25 12:01:20,964 INFO AVS_ZohoIntegration.Program - AdresType: S
2026-06-25 12:01:20,964 INFO AVS_ZohoIntegration.Program - * Procesando resultado: 17 *
2026-06-25 12:01:20,964 INFO AVS_ZohoIntegration.Program - CardCode: C30000
2026-06-25 12:01:20,964 INFO AVS_ZohoIntegration.Program - Address: Bodega Norte
2026-06-25 12:01:20,965 INFO AVS_ZohoIntegration.Program - Street: 45th Street
2026-06-25 12:01:20,965 INFO AVS_ZohoIntegration.Program - City: Mexico D.F.
2026-06-25 12:01:20,965 INFO AVS_ZohoIntegration.Program - AdresType: S
2026-06-25 12:01:20,966 INFO AVS_ZohoIntegration.Program - * Procesando resultado: 18 *
2026-06-25 12:01:20,966 INFO AVS_ZohoIntegration.Program - CardCode: C30000
2026-06-25 12:01:20,967 INFO AVS_ZohoIntegration.Program - Address: Bodega Sur
2026-06-25 12:01:20,968 INFO AVS_ZohoIntegration.Program - Street: 32 Eastern Blvd.
2026-06-25 12:01:20,968 INFO AVS_ZohoIntegration.Program - City: Mexico D.F.
2026-06-25 12:01:20,969 INFO AVS_ZohoIntegration.Program - AdresType: S
2026-06-25 12:01:20,969 INFO AVS_ZohoIntegration.Program - * Procesando resultado: 19 *
2026-06-25 12:01:20,969 INFO AVS_ZohoIntegration.Program - CardCode: C30000
2026-06-25 12:01:20,970 INFO AVS_ZohoIntegration.Program - Address: de Despacho
2026-06-25 12:01:20,970 INFO AVS_ZohoIntegration.Program - Street: 5th Ave
2026-06-25 12:01:20,970 INFO AVS_ZohoIntegration.Program - City: Mexico D.F.
2026-06-25 12:01:20,970 INFO AVS_ZohoIntegration.Program - AdresType: S
2026-06-25 12:01:20,970 INFO AVS_ZohoIntegration.Program - * Procesando resultado: 20 *
2026-06-25 12:01:20,971 INFO AVS_ZohoIntegration.Program - CardCode: C30000
2026-06-25 12:01:20,971 INFO AVS_ZohoIntegration.Program - Address: de Facturacion
2026-06-25 12:01:20,971 INFO AVS_ZohoIntegration.Program - Street: 45th Street
2026-06-25 12:01:20,971 INFO AVS_ZohoIntegration.Program - City: Mexico D.F.
2026-06-25 12:01:20,971 INFO AVS_ZohoIntegration.Program - AdresType: B
2026-06-25 12:01:20,972 INFO AVS_ZohoIntegration.Program - * Procesando resultado: 21 *
2026-06-25 12:01:20,972 INFO AVS_ZohoIntegration.Program - CardCode: C40000
2026-06-25 12:01:20,972 INFO AVS_ZohoIntegration.Program - Address: de Despacho
2026-06-25 12:01:20,972 INFO AVS_ZohoIntegration.Program - Street: 208 Hollywood Ave
2026-06-25 12:01:20,972 INFO AVS_ZohoIntegration.Program - City: Mexico D.F.
2026-06-25 12:01:20,974 INFO AVS_ZohoIntegration.Program - AdresType: S
2026-06-25 12:01:20,974 INFO AVS_ZohoIntegration.Program - * Procesando resultado: 22 *
2026-06-25 12:01:20,974 INFO AVS_ZohoIntegration.Program - CardCode: C40000
2026-06-25 12:01:20,975 INFO AVS_ZohoIntegration.Program - Address: de Facturacion
2026-06-25 12:01:20,975 INFO AVS_ZohoIntegration.Program - Street: 208 Hollywood Ave
2026-06-25 12:01:20,976 INFO AVS_ZohoIntegration.Program - City: Mexico D.F.
2026-06-25 12:01:20,977 INFO AVS_ZohoIntegration.Program - AdresType: B
2026-06-25 12:01:20,977 INFO AVS_ZohoIntegration.Program - * Procesando resultado: 23 *
2026-06-25 12:01:20,978 INFO AVS_ZohoIntegration.Program - CardCode: C42000
2026-06-25 12:01:20,979 INFO AVS_ZohoIntegration.Program - Address: de Despacho
2026-06-25 12:01:20,979 INFO AVS_ZohoIntegration.Program - Street: 400 Range Road
2026-06-25 12:01:20,979 INFO AVS_ZohoIntegration.Program - City: Mexico D.F.
2026-06-25 12:01:20,979 INFO AVS_ZohoIntegration.Program - AdresType: S
2026-06-25 12:01:20,980 INFO AVS_ZohoIntegration.Program - * Procesando resultado: 24 *
2026-06-25 12:01:20,980 INFO AVS_ZohoIntegration.Program - CardCode: C42000
2026-06-25 12:01:20,981 INFO AVS_ZohoIntegration.Program - Address: de Facturacion
2026-06-25 12:01:20,981 INFO AVS_ZohoIntegration.Program - Street: 400 Range Road
2026-06-25 12:01:20,981 INFO AVS_ZohoIntegration.Program - City: Mexico D.F.
2026-06-25 12:01:20,981 INFO AVS_ZohoIntegration.Program - AdresType: B
2026-06-25 12:01:20,982 INFO AVS_ZohoIntegration.Program - * Procesando resultado: 25 *
2026-06-25 12:01:20,982 INFO AVS_ZohoIntegration.Program - CardCode: C50000
2026-06-25 12:01:20,982 INFO AVS_ZohoIntegration.Program - Address: de Despacho
2026-06-25 12:01:20,983 INFO AVS_ZohoIntegration.Program - Street: 34 Highway 6
2026-06-25 12:01:20,983 INFO AVS_ZohoIntegration.Program - City: Mexico D.F.
2026-06-25 12:01:20,983 INFO AVS_ZohoIntegration.Program - AdresType: S
2026-06-25 12:01:20,983 INFO AVS_ZohoIntegration.Program - * Procesando resultado: 26 *
2026-06-25 12:01:20,984 INFO AVS_ZohoIntegration.Program - CardCode: C50000
2026-06-25 12:01:20,985 INFO AVS_ZohoIntegration.Program - Address: de Facturacion
2026-06-25 12:01:20,985 INFO AVS_ZohoIntegration.Program - Street: 34 Highway 6
2026-06-25 12:01:20,985 INFO AVS_ZohoIntegration.Program - City: Mexico D.F.
2026-06-25 12:01:20,986 INFO AVS_ZohoIntegration.Program - AdresType: B
2026-06-25 12:01:20,986 INFO AVS_ZohoIntegration.Program - * Procesando resultado: 27 *
2026-06-25 12:01:20,986 INFO AVS_ZohoIntegration.Program - CardCode: C60000
2026-06-25 12:01:20,987 INFO AVS_ZohoIntegration.Program - Address: de Despacho
2026-06-25 12:01:20,987 INFO AVS_ZohoIntegration.Program - Street: 67 Grant Ave
2026-06-25 12:01:20,987 INFO AVS_ZohoIntegration.Program - City: DF
2026-06-25 12:01:20,987 INFO AVS_ZohoIntegration.Program - AdresType: S
2026-06-25 12:01:20,988 INFO AVS_ZohoIntegration.Program - * Procesando resultado: 28 *
2026-06-25 12:01:20,988 INFO AVS_ZohoIntegration.Program - CardCode: C60000
2026-06-25 12:01:20,988 INFO AVS_ZohoIntegration.Program - Address: de Facturacion
2026-06-25 12:01:20,988 INFO AVS_ZohoIntegration.Program - Street: 67 Grant Ave
2026-06-25 12:01:20,988 INFO AVS_ZohoIntegration.Program - City: Toronto
2026-06-25 12:01:20,989 INFO AVS_ZohoIntegration.Program - AdresType: B
2026-06-25 12:01:20,989 INFO AVS_ZohoIntegration.Program - * Procesando resultado: 29 *
2026-06-25 12:01:20,989 INFO AVS_ZohoIntegration.Program - CardCode: C70000
2026-06-25 12:01:20,989 INFO AVS_ZohoIntegration.Program - Address: de Despacho
2026-06-25 12:01:20,989 INFO AVS_ZohoIntegration.Program - Street: 123 Kathryn Ave
2026-06-25 12:01:20,990 INFO AVS_ZohoIntegration.Program - City: Montreal
2026-06-25 12:01:20,990 INFO AVS_ZohoIntegration.Program - AdresType: S
2026-06-25 12:01:20,991 INFO AVS_ZohoIntegration.Program - * Procesando resultado: 30 *
2026-06-25 12:01:20,992 INFO AVS_ZohoIntegration.Program - CardCode: C70000
2026-06-25 12:01:20,992 INFO AVS_ZohoIntegration.Program - Address: de Facturacion
2026-06-25 12:01:20,993 INFO AVS_ZohoIntegration.Program - Street: 123 Kathryn Ave
2026-06-25 12:01:20,993 INFO AVS_ZohoIntegration.Program - City: Montreal
2026-06-25 12:01:20,993 INFO AVS_ZohoIntegration.Program - AdresType: B
2026-06-25 12:01:20,994 INFO AVS_ZohoIntegration.Program - * Procesando resultado: 31 *
2026-06-25 12:01:20,994 INFO AVS_ZohoIntegration.Program - CardCode: C99998
2026-06-25 12:01:20,994 INFO AVS_ZohoIntegration.Program - Address: Cliente Web
2026-06-25 12:01:20,995 INFO AVS_ZohoIntegration.Program - Street: 
2026-06-25 12:01:20,995 INFO AVS_ZohoIntegration.Program - City: 
2026-06-25 12:01:20,995 INFO AVS_ZohoIntegration.Program - AdresType: S
2026-06-25 12:01:20,996 INFO AVS_ZohoIntegration.Program - * Procesando resultado: 32 *
2026-06-25 12:01:20,996 INFO AVS_ZohoIntegration.Program - CardCode: CMF0002
2026-06-25 12:01:20,996 INFO AVS_ZohoIntegration.Program - Address: Fiscal
2026-06-25 12:01:20,996 INFO AVS_ZohoIntegration.Program - Street: Paseo de lo sauces
2026-06-25 12:01:20,997 INFO AVS_ZohoIntegration.Program - City: México
2026-06-25 12:01:20,997 INFO AVS_ZohoIntegration.Program - AdresType: B
2026-06-25 12:01:20,997 INFO AVS_ZohoIntegration.Program - * Procesando resultado: 33 *
2026-06-25 12:01:20,997 INFO AVS_ZohoIntegration.Program - CardCode: CMF0003
2026-06-25 12:01:20,998 INFO AVS_ZohoIntegration.Program - Address: Fiscal
2026-06-25 12:01:20,998 INFO AVS_ZohoIntegration.Program - Street: 300 Billings Drive
2026-06-25 12:01:20,998 INFO AVS_ZohoIntegration.Program - City: 
2026-06-25 12:01:20,998 INFO AVS_ZohoIntegration.Program - AdresType: B
2026-06-25 12:01:20,999 INFO AVS_ZohoIntegration.Program - * Procesando resultado: 34 *
2026-06-25 12:01:20,999 INFO AVS_ZohoIntegration.Program - CardCode: CMF0004
2026-06-25 12:01:20,999 INFO AVS_ZohoIntegration.Program - Address: Sucursal Norte
2026-06-25 12:01:21,000 INFO AVS_ZohoIntegration.Program - Street: Calle Secundaria 456
2026-06-25 12:01:21,000 INFO AVS_ZohoIntegration.Program - City: Monterrey
2026-06-25 12:01:21,001 INFO AVS_ZohoIntegration.Program - AdresType: B
2026-06-25 12:01:21,001 INFO AVS_ZohoIntegration.Program - * Procesando resultado: 35 *
2026-06-25 12:01:21,002 INFO AVS_ZohoIntegration.Program - CardCode: CMF0005
2026-06-25 12:01:21,002 INFO AVS_ZohoIntegration.Program - Address: Fiscal
2026-06-25 12:01:21,002 INFO AVS_ZohoIntegration.Program - Street: 300 Billings Drive
2026-06-25 12:01:21,003 INFO AVS_ZohoIntegration.Program - City: 
2026-06-25 12:01:21,003 INFO AVS_ZohoIntegration.Program - AdresType: B
2026-06-25 12:01:21,003 INFO AVS_ZohoIntegration.Program - * Procesando resultado: 36 *
2026-06-25 12:01:21,003 INFO AVS_ZohoIntegration.Program - CardCode: L10001
2026-06-25 12:01:21,003 INFO AVS_ZohoIntegration.Program - Address: de Despacho
2026-06-25 12:01:21,004 INFO AVS_ZohoIntegration.Program - Street: 200 Morris Drive
2026-06-25 12:01:21,004 INFO AVS_ZohoIntegration.Program - City: Mexico D.F.
2026-06-25 12:01:21,004 INFO AVS_ZohoIntegration.Program - AdresType: S
2026-06-25 12:01:21,004 INFO AVS_ZohoIntegration.Program - * Procesando resultado: 37 *
2026-06-25 12:01:21,004 INFO AVS_ZohoIntegration.Program - CardCode: L10001
2026-06-25 12:01:21,005 INFO AVS_ZohoIntegration.Program - Address: de Facturacion
2026-06-25 12:01:21,005 INFO AVS_ZohoIntegration.Program - Street: 200 Morris Drive
2026-06-25 12:01:21,005 INFO AVS_ZohoIntegration.Program - City: Mexico D.F.
2026-06-25 12:01:21,005 INFO AVS_ZohoIntegration.Program - AdresType: B
2026-06-25 12:01:21,006 INFO AVS_ZohoIntegration.Program - * Procesando resultado: 38 *
2026-06-25 12:01:21,006 INFO AVS_ZohoIntegration.Program - CardCode: L10002
2026-06-25 12:01:21,007 INFO AVS_ZohoIntegration.Program - Address: de Despacho
2026-06-25 12:01:21,007 INFO AVS_ZohoIntegration.Program - Street: 195 Blaine Blvd
2026-06-25 12:01:21,007 INFO AVS_ZohoIntegration.Program - City: Mexico D.F.
2026-06-25 12:01:21,007 INFO AVS_ZohoIntegration.Program - AdresType: S
2026-06-25 12:01:21,009 INFO AVS_ZohoIntegration.Program - * Procesando resultado: 39 *
2026-06-25 12:01:21,009 INFO AVS_ZohoIntegration.Program - CardCode: L10002
2026-06-25 12:01:21,009 INFO AVS_ZohoIntegration.Program - Address: de Facturacion
2026-06-25 12:01:21,010 INFO AVS_ZohoIntegration.Program - Street: 195 Blaine Blvd
2026-06-25 12:01:21,010 INFO AVS_ZohoIntegration.Program - City: Mexico D.F.
2026-06-25 12:01:21,010 INFO AVS_ZohoIntegration.Program - AdresType: B
2026-06-25 12:01:21,010 INFO AVS_ZohoIntegration.Program - * Procesando resultado: 40 *
2026-06-25 12:01:21,011 INFO AVS_ZohoIntegration.Program - CardCode: V10000
2026-06-25 12:01:21,011 INFO AVS_ZohoIntegration.Program - Address: de Despacho
2026-06-25 12:01:21,011 INFO AVS_ZohoIntegration.Program - Street: 600 Eastern Blvd
2026-06-25 12:01:21,012 INFO AVS_ZohoIntegration.Program - City: Mexico D.F.
2026-06-25 12:01:21,012 INFO AVS_ZohoIntegration.Program - AdresType: S
2026-06-25 12:01:21,012 INFO AVS_ZohoIntegration.Program - * Procesando resultado: 41 *
2026-06-25 12:01:21,013 INFO AVS_ZohoIntegration.Program - CardCode: V10000
2026-06-25 12:01:21,013 INFO AVS_ZohoIntegration.Program - Address: de Pago
2026-06-25 12:01:21,013 INFO AVS_ZohoIntegration.Program - Street: 600 Eastern Blvd
2026-06-25 12:01:21,013 INFO AVS_ZohoIntegration.Program - City: Mexico D.F.
2026-06-25 12:01:21,013 INFO AVS_ZohoIntegration.Program - AdresType: B
2026-06-25 12:01:21,014 INFO AVS_ZohoIntegration.Program - * Procesando resultado: 42 *
2026-06-25 12:01:21,014 INFO AVS_ZohoIntegration.Program - CardCode: V1010
2026-06-25 12:01:21,014 INFO AVS_ZohoIntegration.Program - Address: de Despacho
2026-06-25 12:01:21,014 INFO AVS_ZohoIntegration.Program - Street: 300 Elm Street
2026-06-25 12:01:21,015 INFO AVS_ZohoIntegration.Program - City: Mexico D.F.
2026-06-25 12:01:21,015 INFO AVS_ZohoIntegration.Program - AdresType: S
2026-06-25 12:01:21,015 INFO AVS_ZohoIntegration.Program - * Procesando resultado: 43 *
2026-06-25 12:01:21,015 INFO AVS_ZohoIntegration.Program - CardCode: V1010
2026-06-25 12:01:21,016 INFO AVS_ZohoIntegration.Program - Address: de Pago
2026-06-25 12:01:21,016 INFO AVS_ZohoIntegration.Program - Street: 300 Elm Street
2026-06-25 12:01:21,017 INFO AVS_ZohoIntegration.Program - City: Mexico D.F.
2026-06-25 12:01:21,017 INFO AVS_ZohoIntegration.Program - AdresType: B
2026-06-25 12:01:21,018 INFO AVS_ZohoIntegration.Program - * Procesando resultado: 44 *
2026-06-25 12:01:21,019 INFO AVS_ZohoIntegration.Program - CardCode: V20000
2026-06-25 12:01:21,019 INFO AVS_ZohoIntegration.Program - Address: de Despacho
2026-06-25 12:01:21,019 INFO AVS_ZohoIntegration.Program - Street: 800 Billings Road
2026-06-25 12:01:21,020 INFO AVS_ZohoIntegration.Program - City: Mexico D.F.
2026-06-25 12:01:21,020 INFO AVS_ZohoIntegration.Program - AdresType: S
2026-06-25 12:01:21,020 INFO AVS_ZohoIntegration.Program - * Procesando resultado: 45 *
2026-06-25 12:01:21,021 INFO AVS_ZohoIntegration.Program - CardCode: V20000
2026-06-25 12:01:21,021 INFO AVS_ZohoIntegration.Program - Address: de Facturacion
2026-06-25 12:01:21,021 INFO AVS_ZohoIntegration.Program - Street: 800 Billings Road
2026-06-25 12:01:21,021 INFO AVS_ZohoIntegration.Program - City: Mexico D.F.
2026-06-25 12:01:21,023 INFO AVS_ZohoIntegration.Program - AdresType: B
2026-06-25 12:01:21,023 INFO AVS_ZohoIntegration.Program - * Procesando resultado: 46 *
2026-06-25 12:01:21,024 INFO AVS_ZohoIntegration.Program - CardCode: V21000
2026-06-25 12:01:21,024 INFO AVS_ZohoIntegration.Program - Address: Bill to
2026-06-25 12:01:21,024 INFO AVS_ZohoIntegration.Program - Street: Okruzna
2026-06-25 12:01:21,024 INFO AVS_ZohoIntegration.Program - City: Bratislava
2026-06-25 12:01:21,025 INFO AVS_ZohoIntegration.Program - AdresType: B
2026-06-25 12:01:21,025 INFO AVS_ZohoIntegration.Program - * Procesando resultado: 47 *
2026-06-25 12:01:21,026 INFO AVS_ZohoIntegration.Program - CardCode: V21000
2026-06-25 12:01:21,026 INFO AVS_ZohoIntegration.Program - Address: Ship To
2026-06-25 12:01:21,027 INFO AVS_ZohoIntegration.Program - Street: Okruzna
2026-06-25 12:01:21,027 INFO AVS_ZohoIntegration.Program - City: Bratislava
2026-06-25 12:01:21,028 INFO AVS_ZohoIntegration.Program - AdresType: S
2026-06-25 12:01:21,028 INFO AVS_ZohoIntegration.Program - * Procesando resultado: 48 *
2026-06-25 12:01:21,029 INFO AVS_ZohoIntegration.Program - CardCode: V22000
2026-06-25 12:01:21,029 INFO AVS_ZohoIntegration.Program - Address: Bill to
2026-06-25 12:01:21,029 INFO AVS_ZohoIntegration.Program - Street: Ashton New Rd
2026-06-25 12:01:21,029 INFO AVS_ZohoIntegration.Program - City: Manchester
2026-06-25 12:01:21,030 INFO AVS_ZohoIntegration.Program - AdresType: B
2026-06-25 12:01:21,030 INFO AVS_ZohoIntegration.Program - * Procesando resultado: 49 *
2026-06-25 12:01:21,030 INFO AVS_ZohoIntegration.Program - CardCode: V22000
2026-06-25 12:01:21,030 INFO AVS_ZohoIntegration.Program - Address: Ship To
2026-06-25 12:01:21,030 INFO AVS_ZohoIntegration.Program - Street: Ashton New Rd
2026-06-25 12:01:21,031 INFO AVS_ZohoIntegration.Program - City: Manchester
2026-06-25 12:01:21,031 INFO AVS_ZohoIntegration.Program - AdresType: S
2026-06-25 12:01:21,031 INFO AVS_ZohoIntegration.Program - * Procesando resultado: 50 *
2026-06-25 12:01:21,031 INFO AVS_ZohoIntegration.Program - CardCode: V23000
2026-06-25 12:01:21,032 INFO AVS_ZohoIntegration.Program - Address: de Despacho
2026-06-25 12:01:21,032 INFO AVS_ZohoIntegration.Program - Street: 10 Blaine Drive
2026-06-25 12:01:21,032 INFO AVS_ZohoIntegration.Program - City: Mexico D.F.
2026-06-25 12:01:21,032 INFO AVS_ZohoIntegration.Program - AdresType: S
2026-06-25 12:01:21,033 INFO AVS_ZohoIntegration.Program - * Procesando resultado: 51 *
2026-06-25 12:01:21,033 INFO AVS_ZohoIntegration.Program - CardCode: V23000
2026-06-25 12:01:21,035 INFO AVS_ZohoIntegration.Program - Address: de Facturacion
2026-06-25 12:01:21,035 INFO AVS_ZohoIntegration.Program - Street: 10 Blaine Drive
2026-06-25 12:01:21,036 INFO AVS_ZohoIntegration.Program - City: Mexico D.F.
2026-06-25 12:01:21,036 INFO AVS_ZohoIntegration.Program - AdresType: B
2026-06-25 12:01:21,036 INFO AVS_ZohoIntegration.Program - * Procesando resultado: 52 *
2026-06-25 12:01:21,036 INFO AVS_ZohoIntegration.Program - CardCode: V30000
2026-06-25 12:01:21,037 INFO AVS_ZohoIntegration.Program - Address: de Despacho
2026-06-25 12:01:21,037 INFO AVS_ZohoIntegration.Program - Street: 721 45th Street
2026-06-25 12:01:21,037 INFO AVS_ZohoIntegration.Program - City: Mexico D.F.
2026-06-25 12:01:21,037 INFO AVS_ZohoIntegration.Program - AdresType: S
2026-06-25 12:01:21,038 INFO AVS_ZohoIntegration.Program - * Procesando resultado: 53 *
2026-06-25 12:01:21,038 INFO AVS_ZohoIntegration.Program - CardCode: V30000
2026-06-25 12:01:21,038 INFO AVS_ZohoIntegration.Program - Address: de Facturacion
2026-06-25 12:01:21,038 INFO AVS_ZohoIntegration.Program - Street: 721 45th Street
2026-06-25 12:01:21,039 INFO AVS_ZohoIntegration.Program - City: Mexico D.F.
2026-06-25 12:01:21,039 INFO AVS_ZohoIntegration.Program - AdresType: B
2026-06-25 12:01:21,039 INFO AVS_ZohoIntegration.Program - * Procesando resultado: 54 *
2026-06-25 12:01:21,039 INFO AVS_ZohoIntegration.Program - CardCode: V50000
2026-06-25 12:01:21,039 INFO AVS_ZohoIntegration.Program - Address: de Despacho
2026-06-25 12:01:21,040 INFO AVS_ZohoIntegration.Program - Street: 78 S. Willow St
2026-06-25 12:01:21,040 INFO AVS_ZohoIntegration.Program - City: Victoria
2026-06-25 12:01:21,040 INFO AVS_ZohoIntegration.Program - AdresType: S
2026-06-25 12:01:21,040 INFO AVS_ZohoIntegration.Program - * Procesando resultado: 55 *
2026-06-25 12:01:21,041 INFO AVS_ZohoIntegration.Program - CardCode: V50000
2026-06-25 12:01:21,041 INFO AVS_ZohoIntegration.Program - Address: de Facturacion
2026-06-25 12:01:21,042 INFO AVS_ZohoIntegration.Program - Street: 78 S. Willow St
2026-06-25 12:01:21,042 INFO AVS_ZohoIntegration.Program - City: Victoria
2026-06-25 12:01:21,044 INFO AVS_ZohoIntegration.Program - AdresType: B
2026-06-25 12:01:21,044 INFO AVS_ZohoIntegration.Program - * Procesando resultado: 56 *
2026-06-25 12:01:21,044 INFO AVS_ZohoIntegration.Program - CardCode: V60000
2026-06-25 12:01:21,044 INFO AVS_ZohoIntegration.Program - Address: de Despacho
2026-06-25 12:01:21,045 INFO AVS_ZohoIntegration.Program - Street: 536 Union Blvd
2026-06-25 12:01:21,045 INFO AVS_ZohoIntegration.Program - City: Mexico D.F.
2026-06-25 12:01:21,045 INFO AVS_ZohoIntegration.Program - AdresType: S
2026-06-25 12:01:21,046 INFO AVS_ZohoIntegration.Program - * Procesando resultado: 57 *
2026-06-25 12:01:21,046 INFO AVS_ZohoIntegration.Program - CardCode: V60000
2026-06-25 12:01:21,047 INFO AVS_ZohoIntegration.Program - Address: de Facturacion
2026-06-25 12:01:21,047 INFO AVS_ZohoIntegration.Program - Street: 536 Union Blvd
2026-06-25 12:01:21,047 INFO AVS_ZohoIntegration.Program - City: Mexico D.F.
2026-06-25 12:01:21,047 INFO AVS_ZohoIntegration.Program - AdresType: B
2026-06-25 12:01:21,048 INFO AVS_ZohoIntegration.Program - * Procesando resultado: 58 *
2026-06-25 12:01:21,048 INFO AVS_ZohoIntegration.Program - CardCode: V70000
2026-06-25 12:01:21,048 INFO AVS_ZohoIntegration.Program - Address: de Despacho
2026-06-25 12:01:21,048 INFO AVS_ZohoIntegration.Program - Street: 9 Weare Turnpike
2026-06-25 12:01:21,049 INFO AVS_ZohoIntegration.Program - City: Mexico D.F.
2026-06-25 12:01:21,049 INFO AVS_ZohoIntegration.Program - AdresType: S
2026-06-25 12:01:21,049 INFO AVS_ZohoIntegration.Program - * Procesando resultado: 59 *
2026-06-25 12:01:21,050 INFO AVS_ZohoIntegration.Program - CardCode: V70000
2026-06-25 12:01:21,050 INFO AVS_ZohoIntegration.Program - Address: de Facturacion
2026-06-25 12:01:21,051 INFO AVS_ZohoIntegration.Program - Street: 9 Weare Turnpike
2026-06-25 12:01:21,051 INFO AVS_ZohoIntegration.Program - City: Mexico D.F.
2026-06-25 12:01:21,051 INFO AVS_ZohoIntegration.Program - AdresType: B
